sample_id,status,num_nodes,num_edges
46d03565b9ef531a6677fd128cbe711ad5c0538d,ok,512,1773
91204f1e203540000edcc0299f7d2180086a18e5,ok,512,1870
25b0e70ba52d8b97d2e20c44a782afcf3f1c2dac,ok,221,800
c32a3b785a79fa92ce36a60fc7e5cf80acc4a1ce,ok,469,1696
015f1f1c1742ac9fafb84bf1939bb8f6d06414e3,ok,25,78
193ab81f7604f97c1e80d8d1ed1946e057d28d8f,ok,92,318
fffac57f2dbb83de8560cd4513cd1d0f694dd25e,ok,256,910
fd6fc0e5c4af2104523340cefecb037f86a7b467,ok,512,1830
643f0a06a73cf25b14d5ae1dc7eff062b6c279c2,ok,512,1804
968b3c7ccfcdcce3f87faa4011d940fa97de35fc,ok,20,60
cd755105fdf2974844ba43939e15915ff26a5ffe,ok,512,1852
3ccb809e0ae062e55197d127a1e6c4a7678c9fd3,ok,434,1569
2ae1a0676adf349360e33aaff833440fddd3b619,ok,512,1848
f597aa56276442c9b442fd77adf22bbb36464032,ok,512,1819
2307f374ea6cdfe568ddbd4c2f159a354c5ce4f3,ok,512,1836
7728fac6cae10bac7895bc61738f9f6551af5974,ok,512,1909
79ae9dc5695c0a26b545d5c90cc2fb0c411d6fea,ok,99,338
be8eec45cf7883ae03182630208dec44fe38f3fa,ok,164,574
58e3e90d2e7053b8cffe634eb384b119b880fdb1,ok,512,1836
c0fe4c871466ca73e47ac2f554cb99e16c87ebb2,ok,512,1882
ed974b88c3b2d8fc0c251e8390f345fb087f7484,ok,512,1807
a50e6f85e6a73492435fa23eb8746c5a9a22f1bf,ok,26,82
0263088c5e0a469da223d2f40de6a83d0b068f25,ok,219,730
0e74e57a8209b3c087426b568c3c54d42a018aa2,ok,512,1756
7cf159d6ba2c4c205048c97e44afaa559aa4392b,ok,268,964
a9414c34fc3e56577c9a06cf637daf28a49d793c,ok,29,88
c94f998a5284d4899241e3c92026f3156efbfe8e,ok,29,90
9230c0898f1aa272199bd4045969b9241808a994,ok,54,180
c8d2d949b44170c825882a02c834e1ce21d0580e,ok,512,1766
20611104da6ed10d2def57e2fe46dc98707de02c,ok,512,1810
a86d5c9c351d034d124f345f64dccc84d038eb16,ok,512,1804
8d0d80168063bb8579198486e494f397e88a99f5,ok,512,1793
6219448067aa939cb0b3a62c85bb66b32cd7a68c,ok,271,965
b41289cc2575cb976d1913bf349e01383cdab480,ok,512,1914
7c2c593f56ed03b2992281dbd86ecfae1753906f,ok,512,1883
8fe94bf252b330ed534be8657fbaab1d9242dc83,ok,114,388
3dd71766abd26ff7e83c08a65fa9fe8706dc9ccb,ok,512,1778
0939afb454407c35d5e2df942cd7066d441c190a,ok,99,362
eef1c378ae14fd16b1fb521ac29b2e5cc17f7aad,ok,449,1614
d463b83bd16ab256c6013f1c3dbacf29ba775fcb,ok,217,752
48a50868419085cf32308d8eeca6a5eec3fbdade,ok,66,216
576e52271275a23e03f0272a04fd1f7a0673baa2,ok,293,1042
4ab53e2e36807534b1ddcac3ffccac5a3a6c3dd4,ok,512,1788
13874df598350cd8a2fbfd6b620e7d6310680d14,ok,506,1810
743d1b5a5382f86d0933b33b3c299ba4ac50bfb3,ok,11,30
69afd02991147998a72de6057d2e7324a14c43a7,ok,512,1792
80087adcb6a1a951ed377e82bf7f94b43d4a1b60,ok,233,850
fa1cbd1dcea22b4e8ee78bab444f91b1adda0c57,ok,61,224
c038cf87b28dddfed4eb7e6e13ae3bc7215a3ad0,ok,238,846
d268c2efe23d87ebbd679d18cdc5506feac735e5,ok,323,1186
03ef93de9c1608f203cb1bc27a19baf39629f814,ok,406,1488
6d80980ccf673868b3f6bad08574110bd9fe5e23,ok,109,384
f9f042bdc005dbf3392539a0b3c3695ee00ef629,ok,512,1857
aa4e7f62c835697c1837b01ad9cd325c9a77a6da,ok,512,1760
25753d769d2b68475be906f59df83a159afb6ef4,ok,512,1828
d76e0cf59f3a14b3967c25ba2079f792d18d08e1,ok,25,76
3e168570f2c02a69c65df2d71ca88cb82eaeffd0,ok,512,1876
d4d4090babbad6cefe13a6a11520021a42902806,ok,512,1743
93674a6c59642a18e9dfa2cd08a1c2c2a1e7af2b,ok,512,1812
8fa781856810b08ad9acdacc5fef00418cfbca29,ok,134,476
1636fdbe49eef2bc38b9876c7496778d11981595,ok,375,1386
773f48d8aab6bd966bdda8e20e3859930aada6e0,ok,335,1152
b9b50d1f590a6534eed8acade7ea4c29ecc87e0f,ok,13,36
959343af712eb2aaf503c5c3d8b650bb23330cfd,ok,57,182
132183897259044c58f109fa0a696eac56d18c92,ok,512,1896
ebc0748aedf1273b578b4f1fe77f3c9c88fcb8ed,ok,87,294
9b9631cf9771d50a9fd35eca3659baba47c26866,ok,512,1806
a122f9618e29bcb810bf21ee50ab328d508b006c,ok,445,1648
ca43ce88e86c2f22a729eb8c6565fb0a2e9aef73,ok,30,92
17224cfb7c8b2afc9baff4eb5dda5485e247f6aa,ok,512,1815
3794b43154a3798996ccb1d0be1e0a547a80ec43,ok,512,1836
bace21167ca68bb1051f71be4559a9d7faefb2ae,ok,512,1868
c7d218c93fb72ace04e7c27fac08ac554fc89e2f,ok,346,1222
8b4f4e89416c4bc6154849b7677af8ef313d4a73,ok,512,1807
c6dea0ff0cc78faab761a74b97c04448850910b3,ok,512,1800
b6cf78c50b539d442a3e294badde10854d609313,ok,398,1397
afe826f6d804829d8a7d7e284c5c404f3f0a03a6,ok,323,1151
91df6fba4f6234493402415aa5ee6becdff29223,ok,224,802
ea0a71e9cd82d3cf3287c2201adf1c1c62810f94,ok,512,1810
f27de2992057b45f39010c74d42732b2f230b63c,ok,512,1717
4da541cae71bfebbcb52520f51d01a607266fda1,ok,512,1778
d859a1ae7d0a4241309370f7399b42755a4e382a,ok,107,370
3d035e3c8d870c773b2c6dc9bb25dad6989c0d77,ok,512,1866
ff0596302c40f783bc38560af1780d153e6dc855,ok,289,1010
2ce9ae6702d7bae5919817d3fd10289017cebe90,ok,418,1492
bc41fc53c8d97166ffa3483b21425e07df26a389,ok,233,810
6342139e56fab6baff4a64d2c75af23b5a2f01dd,ok,82,282
c7902f6e72f78da8b2c18d7a5b72446bfc2cc227,ok,28,88
5e507a1d1509739c6a3f15317e3c7753056b59c2,ok,159,551
b871e6332043bcc362499c646e70db0605c264df,ok,129,450
97a89ff85fa7ce28ca4d058714ca48463bede487,ok,17,52
bec525b39276b3fa1aa54a9bc4e554baa54ff907,ok,512,1742
ba9d52d651c0b872fb936b415407b558b649aa4f,ok,512,1832
77883b3e9750e8b47f7948c100a7da58e75d2cfc,ok,401,1431
be0bd251ca0330f08274bdbf488b856e2715136a,ok,93,302
b6eb990a22a5a976602566017b6fe9d192d204e8,ok,512,1835
d42bd9af77b83f4e7a3e5cd208ac1415363db445,ok,369,1332
fcaad44f3b3d8e1f95a902144b810dabc170e44b,ok,25,80
09f8b49c1b081f90794085d1d85c6aa4647f7d34,ok,35,110
481c6ddfa2fff89e78ce37dd153c66b2d95e599d,ok,37,120
f3ddae7be4a8d278753a3bcc96a5074f11678f33,ok,148,506
bd8979432f9b21d06970c13419a3ce194c298963,ok,512,1836
1869962852dbf145cfee121df7bfcd2f422ceed6,ok,512,1840
6c24c5c4ebb53d03454c857c363f05861ade9dd8,ok,49,158
e2cce1d50161f05859642dbfcbd0ca270e712669,ok,512,1883
5201b337ba5dacc42328eedb6f02f30ddce5a57a,ok,512,1752
4dcb2f60f9047c6c074a61c7641389864b4831dc,ok,33,100
22a933b8b433de85de87615fc8a2e6cfca6dedf4,ok,13,38
9e99eeb1fc35986e92d9bdb6663f9e7160aff812,ok,149,518
7088eeff4915e5ddfb1687be3366ddbf0db36a2a,ok,16,48
36508ad0183623b8cd0dfa01276f7fe63d322426,ok,512,1807
37b338561899be2a5f1660e4edef10c9f9de6fc3,ok,512,1864
17474aca3ded4dd7b08d015f61acc21c69e9eb24,ok,498,1870
bab76207ae4dc685eb480cb56944ed202e40a592,ok,366,1268
dd3f6bb20ed4ae264fc0185bff2dd0a8934bc2d5,ok,75,246
d91393886d43605f3c51f8d8fb4d16e9c6d6e862,ok,430,1532
f732a81c8de03d9d3fdb614b4a87082b706f551c,ok,512,1827
3f9abaae82c8396270822dd70b738595670dec12,ok,250,884
ede798be7a811c0db877cd8828df3c92818f38b5,ok,246,862
698491df1f6d1e2bbc3a8715a23ae9f8f05b19c9,ok,225,782
aadd960eee61f3e911e92db7b289f209f8f72a7b,ok,512,1789
386ab875656f2f135485ad565aa204e8b0d6e390,ok,106,356
29f22b101f16a6f838377989c03cd389e1e92b99,ok,512,1842
ab8c001a8433b0cbecef2de3eac92b26cbe74517,ok,327,1139
b20823383b3ab51b3b2e305d967868e09949526b,ok,379,1345
d4ef13662ac00d4ce4cda2d59a3df0e876b09685,ok,19,58
cac5b453bfef2ff623b4549572a7cbd5a260f21a,ok,512,1795
82e7a73bfe54e07d2ec3aba7d89d5ed77556004f,ok,59,204
89d7f23c31ef3e800b992ad106c892ea4920d971,ok,512,1837
9876c41c6abdac295fb795049d855524fb85de0f,ok,512,1834
2ca6a875d9369a16c30cf999ffced442e1761618,ok,139,456
27285df19966e58b8e657064333793f7548ef574,ok,512,1928
b0abb6dde6908caf515c9b293a468f1c1df8555a,ok,257,910
35cd99a4aa4df3f035a3469b830cbcbd49a6bc96,ok,512,1790
ca5c09943b9ca392d9aa28ae4c44718013f57cc9,ok,46,146
60619dee05307f2354019e1c39c18900d97a5a40,ok,512,1843
46b200ff2dbe633128376423c69ca52f2e8c18f1,ok,278,1046
9e4c6747149003447925ad970783ed4d1c574a03,ok,512,1892
c7189d12e82d767d708a5f97eb17dc43ca366e7a,ok,426,1577
dab5abcf76198d632299d3a654012b943cf35666,ok,512,1877
94adccb9a192d5a152b5ba3b099fe43374d710c9,ok,258,850
32304385944ed0ebe3d42b43cdfa9495e6a2e480,ok,261,949
3f05ebb61e715c7786e47c7cf935c56cdeeaf196,ok,512,1787
e5120699a6d0b1363078a278cd14efce1c13aca2,ok,379,1338
c9475918ac1ea86f6f93e0914cbd24570e9defa5,ok,25,78
be47d47f0d0c081e067234b7dc38f5d3b7174306,ok,512,1840
bccc0d21971f1cac29af2bcb549d05db115f9051,ok,512,1754
8546bc7013d84305a95c80f1febe7bc25e40af7a,ok,452,1610
b6cc871fadf8ee9a98e4582e8ca2db512c7b0e4e,ok,512,1856
731a262821d515e1a538512cefa410befd12e01e,ok,512,1815
b6526ece6b6977d7253e69abbcba81e63bda3ff6,ok,436,1528
df47766114cae8938f07015706904304c9864c63,ok,512,1874
16998548005a221afd9f9d2f257a41c42fba1a3a,ok,124,440
3c31bcecc428ac568d1193d47b97994994ea2478,ok,408,1496
0d246e84421c5722a329923b6598bfcb64578b89,ok,512,1792
ffd26184cb49dbc52f24c5fa4839f94e7146b169,ok,512,1848
ee4d0ce3fe202249a7ceb579c80abd32680fe57c,ok,512,1842
fb3cf88f440e4ee057d3ebe79a6e4090c47fbddf,ok,241,822
240eda5b8cf602ec8a34bf924e0b792868a13745,ok,512,1860
3fe825aaeb61053e9c570dff52ee3de6c9c4e4c8,ok,512,1834
fb9b4cedab39cc227c1522faed6867c8d585cea5,ok,184,640
8bbda237a63005da7922193c982713f975f0021a,ok,512,1887
4d4b02055b394e9be591ee34db336e942de17496,ok,79,270
8fcc0fff94185093412cd953ea3aeffd0ccc1d98,ok,512,1848
efeec78af1ca82173f4b2867762b040ca5ff75bc,ok,408,1496
691c62803c24dad1cd6da13aeb995d9f24a4b667,ok,498,1759
91cdec62b16c1d74595da1807b88289e4c7f6318,ok,464,1636
37c8e78565ba8536dde258d8ec91c2df6a155045,ok,168,590
8f60c4e32e3e99575943dbde1bfa0b1d370a7f4f,ok,35,112
44c5fc38700468f72c851c52b1c2b335a399f9ba,ok,21,64
724367a094d648c6e54060f47097d45d79de9b6e,ok,512,1820
d886ac08bc6573d72ab63e29bb95a68f8f43d0f3,ok,45,144
4bfeaefd3aca6d8285a8ec6e6bd6b3e0dc32e2e9,ok,140,498
365834ac7b452f8d3a978355961b824a70cb426d,ok,240,808
9868fd7a21846a21dbd8a793e710897fd54e237e,ok,118,412
f5f21d21dc6c7af87572f53097dcd079ff852336,ok,396,1412
e4c0952c6162ddaebcd5e19aeaadaf377499cf1d,ok,213,726
b957b87f2eb2ed0437e22a7d3275e328b53ffcf6,ok,512,1762
8a653c20eee2354411ba13fd80129a2a21e7dc85,ok,512,1883
c63a1ff5ad81c5c4277b07e276c845e37806a018,ok,241,866
ac120c4d51fc49ad1924e4df1d798297b0c2d34d,ok,512,1868
8e493be93eb1c6a841542d1b31cdfc59579facf7,ok,512,1950
89b6695e77cb47908bec05f0e45044ba1d45a135,ok,155,538
9a8da5169a922da1a07b2e43629e328a9a37cf20,ok,512,1938
f940a55c5a5c4abb80e656189433d64cf25e83d9,ok,172,613
8160cc698e2e56cde32bf2f12408a2a6fdf57841,ok,12,34
ceeacb4c2e65a7a32d804798aa9d2794084ea0c4,ok,364,1330
cd8b6ce87cc497ece3789848640c49b521ebe2f4,ok,512,1858
d1097891da04b7749c94dc7814ae1c881acc5054,ok,297,988
b7ab667287178f99905ddbaad1aef74fdad098c7,ok,512,1818
736bd0706392bba83fcb07793366936f40267440,ok,512,1953
f9e78a49f13404c179fc8dcc1cb74f3dce070013,ok,283,1034
7925ed141f0d41bda68d5876cfeb3eb502334446,ok,411,1469
9e7c4a9799dce4db9f1e1b086de4be7e9a1d1bc4,ok,338,1225
4707fb80330806b20976e5bef605c9d77cb2d13a,ok,512,1813
b867879350e2752160da761cf7c15faf0ef9908b,ok,215,740
c28256455995f973f4b2037c5a0d27fd0f616c26,ok,370,1350
5acfc5a86cb970661680c58b3f37d949a4ec16d8,ok,86,295
ebce095d90aaba70a9c4b8710563c71f286a6c7a,ok,512,1841
20895224dce2bb3351160ea43480e87f4107d2ca,ok,490,1763
878a35e9ee2e3bfe483562459c94eff74f976746,ok,33,104
bba462218dcd814fc6df4fce1e354b2d0db9e5d7,ok,75,258
059c64e24a1a4577af0dd2d91ad6dd764757e870,ok,158,542
0b1a43c723c2c2b349d4cf5d47e00faa318b9532,ok,512,1745
fa50ffe5ee863b9c7332c44488b91a4accde1bdb,ok,512,1883
42b74ca6c7e0a14f39cd2f41375c566ae3864316,ok,512,1896
d6a2fe6c8d39fdbf58f120a673d5d0cb2c964960,ok,122,414
ef7004d59a19a18160cf009d391f5ef710bf6a74,ok,67,226
0d13cd84dd86ddec64c630eeee526b5683c35b5e,ok,108,366
e4832a7802f65f649f2a6499a6970624b8dea70d,ok,19,58
2ee859d4670ca554da90515b1ad1298822a26454,ok,288,1041
cef681d433d995aa0857cd7ad2d2121fd0b32ca3,ok,87,294
ab8e49ce87010587ce03a4d766bafe7328cd0ecc,ok,512,1844
05b71acd58f1bd126fdfc5a44c9bdb43da20cbb9,ok,44,136
3502df8555cedfbce461380d24936ec989eb3e05,ok,512,1833
2310713f02a04d57d526dda4be2fce2122232f9d,ok,280,946
ee8e69100d88cd15127aa24bc78f636cd7cd9917,ok,252,882
bacd198002ea5c2af86e5e0a43c69914629a7e14,ok,279,994
1ec9995ed8612b0da0e30e0727be60b53f5ef103,ok,512,1857
79137c82878cc8d8ddae462357091fdcb8a9c9e7,ok,236,830
6870f1b6c481bf0fa285ff2f681fd8839bb3e757,ok,512,1884
2ad1536880328fae26cfbd9faf3df76e28aa3901,ok,512,1886
2d670346d8bed7d33b6a1b2cb9433487b9123d1a,ok,121,417
3cd82fff777f9f93ff3cfd7c64596e72bd0d6f30,ok,22,66
b78365b33c4c18cdddec8ca419bb8ea8f59d4b93,ok,512,1794
006539d59d4c2e674af6ba6197b53fc985ae1f2e,ok,142,506
4a97af740016e141e3968251bdda12f718a0adc4,ok,452,1640
c5fc338f6b79887d3b22cd987eeea6337a421b07,ok,512,1718
865d69e0fc94c7cce1942f3e88499364eff349f7,ok,512,1841
41f9bb4dfdf7bdcac5f4227956a9a02bc94f372f,ok,512,1812
5df02ae1df9374337acf1e41eea097243197872c,ok,68,220
4f502fc15bb862db60e0541c9ae53ac77a9ddf92,ok,280,988
5d0b6b7aa28a6878896d419211608f78066dfebc,ok,63,202
cf3be33003b30d489ea42b80b9b0e1db633898a6,ok,80,266
ca22f9c9d93b2024fe2b3d16d2b06b47e2d9d597,ok,25,80
5048deb699261d70b6ca4f7e4e9c0e163d8e40e5,ok,512,1831
33dbfeb1664d7fb6ff66d6323edd49f71ace21a5,ok,512,1898
e6b1c3ddf8a1d11678d889578e2eb8517866e8e8,ok,512,1848
141c5ede05660da0736657fb9c40689406ec2a30,ok,512,1861
174d231caa0e1c6c52ae1ff18c98a08e55f70b03,ok,57,194
00a82936475203e7a1d46cb4478621f84810487a,ok,280,976
0e846e7f00a610bf89768fecf20a3d102ee0d367,ok,512,1858
702fb9a3fc468456446d01d1432d4494891f28f9,ok,209,721
dc0bc11c3e0ad9102eb9e20816ff186d3087dba2,ok,16,48
5b7a7dae9eb84d4f4431d06d75e47378866e0748,ok,512,1912
5b3aa995ea30cb3bfec08d251d33c9b99a300edb,ok,137,468
5f6c5300a1fc805c7e0faf981b1c3cd36ee39ef7,ok,512,1848
6c65a48db10f84ccb6b88c4b383980a730b88e0d,ok,351,1214
b40ae9e31527e174df018688ddbca4b1fc93fc3a,ok,222,804
3375c4e56674a9076f48a3e5ac563a43879e1384,ok,512,1790
63668d533eca102056742fa9bcdffa15c30fea54,ok,16,50
29dae57af3561e32c03741b07e1ef00da9dd7095,ok,39,124
a3a83407418869e7cb4ec4256b3c68a8a7f933d5,ok,137,472
1fcd1f01738854200a69ba3e1d716ec6fe1bc6bd,ok,417,1481
4dbe312be7ceedcb45f52ed27b28f8e5e8e8ef44,ok,512,1781
a9fe05f4342e101028ef8c75cad910ce42a903ec,ok,512,1828
0546f1bc3f485fab88e84b0dbe64f44b4ea226f4,ok,308,1065
d746ce91aec64402205b2026c83fea7c211ea71b,ok,80,278
03076bc3d2e351f104786d6cc8d0cfeca93e8872,ok,186,663
7d9e6e3dd6281eba0f2de881f10720bb7310507d,ok,512,1876
768c6af32ead8872d274c4bae6ee3949ed201d05,ok,31,96
fc2194b85be787b3d2afe92ba405e3172097a6e6,ok,512,1877
d43268f21a92e0f4f10c07e7c78e609aabb23147,ok,512,1870
8a8c0e0c8b629ffa68c65f146594d653b4af4f47,ok,512,1824
73501dfaa74a7e22dc5965fa3e532c1710292cd9,ok,512,1733
bf9bcbc5e72e0fe26771b58cce6dcd280c5d9e56,ok,512,1750
c4b2e48a76e1ad39c22df83371f6d7d67b8b5b36,ok,55,180
98da29a503c613c171bb8b46f60133ee4cd767cc,ok,245,852
3b4a5fede9440cd568bc58dd9f9d435c39b64e5e,ok,512,1795
194f50aed3831a7733e7e73a484a790527bb652d,ok,512,1830
d1daed25aad74f4280ec65070f2d5fc3e1402c1d,ok,34,106
077f50ea0a51d4f174b8e77b597beec6fa194962,ok,320,1130
c3e04b8c38e28fbc53f5490fd4d2e0d4ebfffd0f,ok,512,1788
fa7dd7ce257901882b4a91f06414bb4e6555ee7d,ok,512,1796
b060e081c0d2731c62561cfa5267b3edbe0644e7,ok,277,960
c0df5d771320ae1e9b95852bc155463eaed78a27,ok,512,1802
0238a0477b8d750b7b214fd8c29acf1012231a70,ok,37,118
3e75a13617ad837b9249955fa57b5c5112da6df6,ok,14,42
7b1bfd424ccaec17b4f8d0cac0b747ccea75aa96,ok,512,1878
ae5e944d15084f56ee85248b13e7ef29b435a991,ok,33,106
0d1045c348c48f6512061e311409c29634d84d30,ok,512,1835
96bd7b1022cd3cfd4dba8d6831983930c06d58d5,ok,79,262
107b3b9e6c8d9e41f0ef0e3c2a5df4ce688b414a,ok,214,729
df63db9d58402518d88da1013140c915543d7577,ok,346,1250
85b02cae555112c38c9ff4960534bcd5acc2316b,ok,96,324
cda5fc5bced41b9a733830baac4223b30e5eb93c,ok,302,1073
9a71a729367a4eb078e7ce14d2462be04799d3ad,ok,446,1641
df22d274c2135684edd93966d6c9d5d68593c7de,ok,512,1866
7ab088b338687578fc7b633726737e9c8688debc,ok,209,742
c82441cd4f63a35a6ac1806d4a1fae01120a0aec,ok,188,678
2aeaf756b9d66f1c7c53ace8c1286e27624673c6,ok,461,1653
fb3fd0550943d42c9c05e8b614ad90e34dec2cc1,ok,512,1919
1882ddcd79e238aa9dc408d5c0b7e39c10f19826,ok,233,837
206b809ce19ea974a155d81633d6f294e19503e1,ok,512,1722
a451024f2dd737a32fd4779d7ba6d63da3550bfd,ok,14,40
b90c3b6a39d0a735370f9e416eb6457f81765c9e,ok,512,1843
cf59ae77947718504e8f811cc22fa02f24b63c46,ok,512,1778
4677b6b0816d8cbce3df73c7b812a4b1e4a3f9c8,ok,47,146
3420d8142dda935c81c48381b7dd977bf0dcdbf8,ok,512,1825
6a37f7e3714d2cd127255448a81eab5c1b9cf496,ok,304,1101
b580583dad74483c08d6c3f0065c429a4ec9dda8,ok,151,536
1d33649d726a4db59739ec5eda8dde5f22c2b940,ok,512,1874
8d3bbb43af09443262fef154b7251b12b1056d5b,ok,16,50
e6469f820bccfd28cb4364bd7fb821b3d833e2a6,ok,512,1740
123426a05754f96356de196d92c659f0a710499b,ok,254,886
288504210dcad30d9383d73853c38653af70d336,ok,35,110
4d4cad7d83a6dc01c52c3c3287a022939222c055,ok,512,1895
c58524af337a22980c32a089dd12ccc23258ac14,ok,512,1828
35cafa81e247859d1a0106d20107e3f959d7d226,ok,512,1831
123343aea52396553ca520af2b10176bba307d43,ok,512,1942
8eccdf2bf525f29c8b5227a0920582dadbe1369f,ok,185,596
aa4a36232f1daf2df1baaa73fa9de28310a24896,ok,512,1834
43262ed014cecdf6fd7e362513c570b5be6976c6,ok,185,651
d2f979d2eca4c80b70d14d97ab1c2024865b8f0b,ok,512,1818
d0619ac6c1dab595b38faec7b6375bfff5e5ffc8,ok,28,88
386c2bcc60313887a8517772e6ba6b8974145d54,ok,512,1752
f51286ec1ee4cbe5b983a1e94da6aeb9d5d4e62f,ok,203,696
0ab377f2617fd154bee7e6aac6bfe6fae52943ab,ok,396,1387
0f5b9455293f4fba316a43479c76b51573fdb858,ok,94,330
c8c2f204eb1ddee637c1137bf82a8295b5cf8f3f,ok,107,382
f4cbf8cc71fbc07a4e201ef899e454c10b615c3d,ok,512,1838
2a7b7ffdc1a398898cda3a78b4bf8e851c7823e9,ok,512,1845
0320b0d998f9c0f02b5d6c0e8a743db3700aff0b,ok,10,28
273d3d47d12cfbe6d4f4e516602cf96fe34d5b15,ok,512,1818
4f460719829c5683320f2f3fe15e38f3b48e3175,ok,512,1828
3dbf8f433d9bf183a888ac449e5ca238bcf5a6fe,ok,266,937
9812495ef263e6342d51ac5fea6606958fae0e6b,ok,512,1852
33476a4560fcda3a07529b41c907334feb632693,ok,77,256
4d7a7b4e41690628c429b102bfd474071e1f3af0,ok,172,598
ee6f9e099ba10461cc28820c36ff9e9789fa2482,ok,512,1838
2ed0fc8bc9567455b9d8baa5b8b2ce15ddd59b10,ok,512,1820
4165230c418e2b14d53362312457f89456c60e8c,ok,512,1863
ba568ca6efb3bcef2d5a41a887278ab9c3ed1649,ok,314,1090
b35b894d176bf849e849eda84d6eccd5509980b6,ok,356,1242
7f7f06433255a5117b5f39a194a72e0dc4a01bd8,ok,64,210
ccee122d2e9219891a829ae9fc0a0c4f5efe0420,ok,512,1856
b76af151c841c250b21464f08ef73bf59b5b3b3d,ok,512,1726
dffac3bc93f667ce8155209bc2e8816bdf1a3d2c,ok,512,1809
79f53b5771084e6acc91389ff2cc10df41cc9c11,ok,112,392
d603ee707e34a906da389ff214d59eeff3f89a43,ok,512,1850
1c6f48d533515e958c832a054bbd94417c6b4b86,ok,366,1308
a698633c7730eb57daa1deeb7b953de3d863be73,ok,512,1778
4d9e1fd32d45c39783c8f779c6010800442ff302,ok,512,1841
4d3ce43b185cc97156327b413dbcc938db886aa4,ok,480,1763
bc0930c07ec79ac6473ea67828fbbb5abcac72af,ok,399,1430
b1d508edfa305d70d40705c954b5102c83338ad9,ok,260,892
6344f014a48d3e70a80106c951716cae6cc950b4,ok,512,1886
01f60899988620911dad68ef1d39981ba9a7c273,ok,512,1850
82354ba5275a94e0961a552566315ad17e728dba,ok,512,1835
5a4081d3200164fb1f4abbcd8fbfe63728a189d2,ok,124,417
49fdbeea47bbbdf57da75907296f2d9b1a3a8c3f,ok,262,910
51e990a76adceb17fa13a0ca00f4c48a9d332bbc,ok,512,1835
7330f603540465cbe1a2112a39fd503232d18521,ok,309,1097
6aba26cf0e535ae4f84a2c66943d2127dc615e32,ok,114,402
5f15c4e626198dfc75bb0bb5f3b13cb67e0333d8,ok,293,1062
bf03e00c601982b45c739f629187dee3cbfbddff,ok,512,1830
dbacfdadfb09db967c1568bc1be79f9ed1d1ace6,ok,283,984
6a9a29f3126f7fa7474d62202035aa4582dd4f3a,ok,63,216
6d6c2f3f175364e6043b6caa6b496ec8431fbcd0,ok,230,785
1eeb8e99e945d218bea65d59d4ece22643740101,ok,165,582
ae2b7c95035fcb2dbfc71d68c020eaaec434d97a,ok,323,1162
5fb965cd4b5c9086626ee12c3cce5052c49865fd,ok,41,132
389ddfd70c5195c92c7dfcd6a640faf47dd47922,ok,226,793
2d36ca8598816c897b1a707807925d3940873afd,ok,512,1846
4fb9e6ffb3e44c8a3434e18cb32f83756a67751e,ok,279,1002
1c7cf77617710e5cc9147d99defb7cd7a78999fc,ok,60,196
ef4de2ba883613cdac178b9ee10d39b66472784a,ok,85,300
450a990b8663f3200e5470f6ae7fad9d0d7911e2,ok,186,633
2bed7c8d51503c89e93eda07785f1746dcf6ad45,ok,512,1804
ad163b8fab6e87c18ec6d16ef7603f147ebaf252,ok,332,1178
61887636005e30885f83dc90526783d136995301,ok,20,62
e0d3380fe18d360604caf138b32bcff408ed748f,ok,90,302
7db51e9056fe58f0291f6c6ccf155be499eadd24,ok,512,1817
bf74d400bc35578acc4a9ad15877b0b316e7271f,ok,114,400
ba979f4914811b985946559c460ba651f5636b7d,ok,512,1834
e9395d74e82a2b3f3ad6d4838ca83d0a51c76f97,ok,512,1874
55a3fea28cee3de711595d725c8a28386b7d2a2e,ok,19,56
7eaf16a7697a44c43ccb869879af603161903fad,ok,512,1806
698b653ea5d87f39ec362e59a16e8d4ce2b915dc,ok,51,168
9efd081ada4690dad58dc6460406e40e6d76799f,ok,73,242
9b615c50cb2a4a1fb62dbec1418d6a4c738135cc,ok,81,280
51e4109ad540e3939f5d8ce33a156e1a296e79ea,ok,42,140
6d6c41dc43c398c88005351737423ff26fe5e5e2,ok,126,439
9b8cd3f0971702103e723c6daf45346f19bab474,ok,82,284
62b94f03562ac59b675efc8c4d7516f5ba2e7ce2,ok,512,1825
f52387986d484c67a34e81cc50f0f67b798db9b2,ok,512,1704
dc0f6bf570c4c10608ba5e089b7c75a2826b3c57,ok,227,798
c9699c8f3c5d6c05022cd601d779cfe7a08f6f82,ok,512,1864
28266b366a12ba8d95d0f1af4841dcaed50e1e1d,ok,392,1421
cc47ff2db9d0908e3ec7fda10d5f179ba163f14a,ok,219,744
5c92bfde136ac5332de22cf3c10ebd8fb5d1a046,ok,34,106
d9539e099868d75a5f464f8643627495dd460e4f,ok,209,760
350517eaba6ea7b9e9b0f3a0b63bcf458e2a2cb4,ok,282,997
464d9d54442c72c8ac21e49078a29dd2579e6a71,ok,129,450
c4a61774530db83836dd972d35cf07093b39d082,ok,89,292
857c14fb756e6170671459d94b18d05569bc8e89,ok,169,598
dacacffadef8de796a96303e1d807eda4aff0230,ok,118,416
2a7f8233a3d6a4699bbdf57192f1a05972f25af0,ok,443,1578
18a25b16a345e41f3df8013f1c0421f7a78a575b,ok,162,568
a588686a1533f8c889a136b24171f0e55c70c05b,ok,396,1406
384be5de3e56088c9139e4644ecd82c748639a1c,ok,512,1770
c5d54e85f7e07a232505c904d2e7aeb315d6ee2c,ok,512,1826
4763b1e4c76247f2ff9729300c940f00cc902a8e,ok,512,1856
0a274961b0be435081735552e856c5d77c1461ca,ok,512,1819
2c62ca43cd8f563bdb14012f311e9d81dbe76090,ok,22,66
72bc9797a4bcfb8d7796b57d399704024c24cbbc,ok,335,1174
6a8914d026f337e93f3bc9ad9aa3fcff62ddb550,ok,221,774
733a0adc8ddaa610a17551b46913544a8f299fcd,ok,512,1819
e0b2a2a16977514014741758b11d3cbefaa4ec43,ok,113,394
cba4ae9c30ea2e8728c9ea06806802ca2971d546,ok,512,1828
7a3707ac6486ce5f2b04103fe70df1479be826a3,ok,512,1788
dd87119fa91cb65a1ee1ce9b3c802f4694c90440,ok,16,46
0bd2e468c31b9d4897c2352aba807be3d39452a4,ok,175,576
95e45d81b169e770d426c046e0e8f2832a299102,ok,98,330
3935ea7f9205c8244f2b5ed1426d5d4d426d2a00,ok,512,1842
9e4dde506e008e8531687fc8f775d8eb37bf2b80,ok,23,68
f485c42eeec83fdb069758345a6f2f2593d7d42e,ok,419,1505
ec3740561663055f22e07ca762863a98f336b717,ok,512,1920
5543a8bcf5bd42e602d498c62fa17daeb6a7aadf,ok,512,1837
5f949488f48cd6cec2bfad5b58cec95f367f8e08,ok,204,704
20ac79b8f29b557b9bebfab7680cf2948c23045b,ok,159,574
297d990207777e243c5e0a813aabecef9afa5d9d,ok,512,1782
32f304467bd9bc802493a79e5a62c4382c2e3b6a,ok,512,1928
1b7e8705114225469f2964c1d0640c6ad28dfa2f,ok,31,98
82d1f6b337d02b5f1c2606d7a56cab19dc7120db,ok,512,1786
59331156612e603545dd7024b73721cc49e74ba5,ok,512,1872
0798b93a649e4aab37101203681ecfa7cf462673,ok,129,450
11b292cc1037e5b36b2d537a2740923de8100454,ok,375,1325
67d8a77334a23f52279b9a3d186cb22c87581198,ok,285,1026
30b3fe950a0163c8a31e60e6f5397f4c24543766,ok,512,1826
1b9ed588ad2def323d6058ecb50da76d9f4fddb9,ok,129,436
69b3157d693f78b9ab6fb05e8ce7d4d5352c0885,ok,199,732
7e0b13d8bacba643d34f4aa2f7e921b56cd7aa15,ok,512,1762
c04937b9d45e19d2b3bab86fd37ee7aaaa178c1b,ok,512,1766
bdaeb55455a26497196332c4161223bed11e37f4,ok,512,1833
ca8286148210bdc86723bbc006d922a8083fc49d,ok,512,1766
4f8dea83eb52de1dbeb10a76bb4fea9f63cab00f,ok,512,1910
bb9c986b443174ae8a93e32181f855d718b98a1e,ok,72,240
a7d00d8d257ad5fdba6dddc532921c386f9d3da3,ok,512,1765
e59553b66930267f5c6489fca50ddd385e34e588,ok,512,1822
779afe22d7ecbaa5ef818e82fcbfac21cf3cd38a,ok,512,1809
b3ed9fda330c307895a69aa5a79ea559136a6ad6,ok,322,1118
08158b8de81a3108043da12c2199644add4d21c5,ok,411,1484
41d4bd122be53b593c8e3fb0fa1152c0cf2c9edd,ok,153,531
04f5acf46d298592ca4568613e958c80a3288e39,ok,138,454
8b1aca2682fd703f3e935ffc3482ead66b88f691,ok,400,1462
8c7f75719c3531c729933893b1220eec97d62c12,ok,242,866
6c71809d8cf2dd9c6cf4d534924ed5d0cd68fff2,ok,71,240
8dfc33bb44c70efd906797263a7983464043c872,ok,87,300
0c9076c9f2e84f26c995c861b8aa514c8fd459fb,ok,512,1868
6e784d8fcaec3b4394bd42eb92e92612bffac20c,ok,512,1922
dd92e9b8db0ccf9b912405e54130b67a48902bb0,ok,123,438
72c788ef5d420dba5cb784e2811b97f6460a038a,ok,25,78
e0fa0976c8b7014a9e8d82059172c83549454677,ok,272,994
de843f6330c185163b463c2d440d3bdd6b359d9f,ok,35,110
91d121c3f01b87eafecee35f9f7333301cf7827a,ok,512,1814
99f633deb662c5e3e4d9b9d5f5c6028b65800605,ok,512,1783
3dcec8cf2f778b173526085287788ab969d0eebf,ok,512,1773
39c1c9f8e0205089c7dc4176706dbd0da99397e8,ok,460,1758
64dfb204ed445cec97af21f27db1cd4184121d75,ok,35,110
6344ca810cee5d1d176779e4b1ad4eb47e6f2404,ok,112,376
b6a3f4e9b57fa54c729d455ea3df7aa1886e0755,ok,392,1396
012f28b0ce224994d56c1c9b30a856ed13ffdc57,ok,512,1808
9da816a42aec3cca727837f991ebd245294d7335,ok,77,258
4587b34f7eccce956df6d5d8ff84f91fc66a8ebc,ok,512,1874
2961fce8e06b510696484c71c5da05e13abfd3f0,ok,115,388
d8eddd5211f6c04f0776f93c4733605a0cdf372d,ok,512,1777
076a83aa3de869fece89a315ee2ae533030a67bd,ok,40,136
573b5f7ccbe12703471de94492b1260a82561325,ok,410,1403
c20f32b5fbafc1552620589da07e9f97b97d4d84,ok,512,1829
646c5de10fcae4c72df8e5aa8717a6891319ecde,ok,512,1810
0b63cac2116be4f39a7837cd31e3e582309c9ce1,ok,120,418
6429bff9d6ed01fc8a25b148afcda07904ee99c5,ok,512,1809
418ba4765b92ef4be659df28eef89558321a2c3f,ok,512,1817
4bdd391d41f2f7a8241dc4a291537aa16465dd89,ok,512,1840
b1cc4fcd583527d80b73569ca517bb5cbc8567d9,ok,75,261
b9db1d9a719aded1d123b6abda8d04f1ea8d3408,ok,242,864
a6d222d70952d1d3e0190cf35d310001c6207634,ok,109,376
7c46e01e3fee2f79f4aa7d13699bc6c8b11f7b48,ok,230,825
8a17e53fefce0f461fc1bcc28b0f4c63fc315e7d,ok,512,1821
35116c90439bed9db7e3a3f320aabe38ddee79e4,ok,29,92
1909554e27dcab830afde36f223d721885df75c4,ok,246,879
b8854ab83271800a8fc403d5567dfaa19d216a3e,ok,38,124
6f39fe78fcc7fb47fb2dc241900afe03c3228098,ok,53,182
9b8bba0c3fad60c8dd0a2ee41c469ce699bdfd13,ok,512,1945
281bf64582bb58595e2da373abd859accadc8d24,ok,262,900
f7dd603f5717334732376e61a451e61b414ed166,ok,16,50
7cd08a0c42ec5240d931cf8443d5337d76859793,ok,35,110
7a3ffab57cd7008d09bb30745a1c637d37242c33,ok,77,256
ea3d2b4ba117e291d34016ad7005d667b3e4cda6,ok,38,118
945a9818f04ba80936c2cc57fb06d3d4648c2bf9,ok,174,614
abdb705241b20237c8a6dd4759e5b1b5aac2296f,ok,312,1146
27ecf17f8658728871af4b96e6b293468fddcd07,ok,512,1769
4e22ed6cbee151ecd46398a0a33a774e54913c61,ok,512,1822
36b6f4ee925a242af73d0ebda7ff21ec86353da5,ok,512,1812
7ea8fc7665d30d65a1d4ff083a6813ed0b818107,ok,259,906
4932007734a237f804f29d613c04fb7d879ddbba,ok,512,1846
97019428677cbd1d51263744ee9aed0ce15cacc2,ok,512,1864
639c4248bd23b2fe43af13b43bb3401cb0f06486,ok,37,118
41144025355b4ca7f60d9f5b7e4343bff06043c7,ok,366,1302
efe2a8a3caff04fa0ee2675999a3c84595d8172c,ok,418,1450
fc76409371af3474e5dfeac7d642423229d59360,ok,428,1515
beb4d0440141bc4d7c3a7b1584781059e7046e83,ok,512,1854
4eb7604ad2de21dce603c98e3e273fb7938c4712,ok,512,1818
9a291f277c1352d89907359d4799bf7dc4798bb6,ok,242,845
9d423ed14d541f7a11df77a6680a6f40ba64d340,ok,264,948
c45f37b72e1116ddaf07c4dfb9c8aa5683c8351c,ok,424,1526
c179ee51f56949bfd307bf5350ae0b279e29a0b4,ok,373,1370
253c74a1867e110e27c9e7ae7a6d65da94500a59,ok,512,1841
04b2ec0b610312996ad0effafd27af49fc087eab,ok,76,254
04325dfe82260b26c06fa7e057f0435e49830a96,ok,35,110
c5a0934374ae11da99a9a807f4d3bae78779d550,ok,512,1850
c75caec21b9d7c03b35c637f075e2c549c95d6aa,ok,235,826
f98ca6832cb524aaf2baee74b62e1b287fa781e9,ok,512,1803
96067d556c86a72cba0ec86da8d7fc2feba36a40,ok,512,1786
088fc7e3efddfdce5673a4d55cb971551e335adf,ok,107,360
b5a9ac336c98cd567610bf9022cb2525b8f06bf9,ok,430,1497
0ce4289d206568447a1929630199be44becabed6,ok,512,1817
01d20f285c1a07951a61c037b78501e574c95b6f,ok,70,230
fe76bc30d5e0cad7a34fbb68c650ac12e4914a13,ok,512,1868
9f9090aca059d24dd7542bf7730e91e516de46b8,ok,92,322
322e08af07794ab091fe7b8944630599793e7e5c,ok,512,1840
7592af9f2890f7f0540a28880d9f54e23a3bf4e5,ok,512,1789
c9af717403c750bc71d76657397dd9a89cd2e727,ok,512,1864
19b06da8103df3b11dfa4ab391d77afbb66a029d,ok,325,1153
1f430d3659868435c4ef564613c36b1b38bad5bb,ok,184,637
b073c7609ee89a0b26cb9743faf6ae2eacf12b52,ok,512,1830
9586ccb0f5f76d1377b43b0e9da292926edd413c,ok,36,122
be3261cf4f2d8fb8c9a748c6c10d6ea53ea786e2,ok,512,1846
abdd2b9db10926e2a3b714b460df4698747f3dd0,ok,260,926
853c0fd1405416dcd890cd81876439988ee3a54b,ok,512,1847
8f7e8d1fe97a838ef834e3e38d3d7e75885e306a,ok,512,1832
c3db5eac5bb74beec20775278d67e1069bb38efb,ok,13,36
30fb533dcdf3a3dfcac1b1741edda3d81d252916,ok,247,892
8a1bc0db457938c0b39d106c5cf1ad601304ac61,ok,26,78
c137a36929105b06d1817c69ed463a945bdf4f2e,ok,153,528
22a474cea7de8b3cc3109b2789d045b8cb00ec2e,ok,148,526
c4e2177ea909fb337f9eca929e71966955045861,ok,282,965
c125a0a1c733a3df948e3d438b106ece507a5032,ok,512,1826
e0b9acd08cf46a340d699259c4174faebac361ed,ok,337,1266
c0cf80d61523175d00298a5051deac0a47c1890f,ok,512,1962
67daeac28f41b86d6389cc679c240209401468cd,ok,33,106
8989b61bf0cfa9e84b683c4f37242e709d779367,ok,134,454
31b5e8c827e49f8beb0841ca1565143547247627,ok,468,1710
3ad662dc9d51393553a6852dad41115c46c4a04f,ok,258,917
567f0fca64b80aa55023d1dd1d538692b09e96f0,ok,25,76
22e445a5460e05683b8756f63414ee523ee0de62,ok,37,116
611e45c2d911526d73f319dcb071c58063feacb8,ok,512,1823
210cacb2c9b4ed36db45bc623a05ff213c24e099,ok,512,1838
85c6e48f2a29664672b683e0f11f5defdf3748e2,ok,512,1796
20ab57e6da31d1a5a56625fd7079eef2a5aca3b0,ok,210,760
02d9e0c5273d2e41d04709637e85e4be60a9fa45,ok,180,654
7700ecd7eff8b799daa421629f7b0d1f7a2ea14a,ok,46,146
d258aa3eef18a8199750ee2a1b02a275e91e9146,ok,512,1918
51f5160166724de430fdddf86a85c77700de726d,ok,467,1663
bae60cf50751842f5df5accf8366428661e072cc,ok,155,530
6b2c3e6acc07916e3108967e9137c10379b9982f,ok,166,596
c922e895f409498c73596f284d95fc5f40197e0b,ok,512,1839
e05e52f0e5c51b91602e0ca3ebf03a89d00d15b4,ok,481,1760
7b336bf269c6c5f72230c612a153710edf77527f,ok,512,1864
3dda594fcb1fcfd351ecc6eae99dff81f1edd4b5,ok,224,794
5f8e278b00a9633e61f427ae8713b30868b3ad8d,ok,457,1678
fd9361a49ca9a47228b3cf87f889f505a6697764,ok,224,802
5d51b3a57ba3a8fe397b25721c88ecb7f132f22b,ok,512,1876
13c5d08f969c5d00c4ebf9271503e2089df46d68,ok,134,458
f452e35de6b450bf9f9efd0bd7370ef21d215a75,ok,146,546
cca7817c17cec4c83a9a400e31befa50282f6d0b,ok,193,659
f626b07d9be4aeb116441531ceda727b3f6061ee,ok,512,1865
c1db694a745fb28a84ebb5b9f112dd22b2a83518,ok,256,912
f2d5f9ca429060020ec2e69ef0581d4c5e4e354d,ok,49,166
71b46ed36a6430a8ec79d20e5bfd56b35402111b,ok,51,170
01e42018290f395aa7a08e040dac028e18953be9,ok,253,924
dabf0cfa328ae58b6f288250d72b861caf52fa0e,ok,512,1834
7b8c9d898311222fea7232cb0050d5e652ad8fb9,ok,16,50
930f8c31524d164f78e917129c4eea9e1139146d,ok,512,1774
945e721756bf1aca70287178374d631efb3b3a16,ok,359,1272
6ba8acfb393a333c7e15000c4366db650ddf6685,ok,512,1834
cbee3fe329d706805293185b58e2e547a62f9e6f,ok,512,1778
f6fca6dcbdd8461ace2216ed23a6455be0965003,ok,512,1863
6832dd5ee03c931759d084eda33c267e9ec0228c,ok,120,412
539db8306059f4a2b38d1a659f59350583ecff74,ok,56,184
e63518f24094a17fb30f4f5d77bec57646bb1532,ok,335,1204
2b11877e8af7a7654ccddc1e9b4d9edb581c350f,ok,512,1843
e52d91c06f47cb50f217bbdb88b83955298432ae,ok,454,1632
a7074bf80acc71fee56a4464f33d96a8cd32ead6,ok,512,1785
7e149fd26759c9cff4b6fa6d639463f39455f823,ok,34,106
468ce8fea785263912deaeceef94f718c09e2307,ok,512,1877
1dc98ff41e6a3ede9eb07429de2497e8c6d6b69c,ok,286,1052
3adeb23c53edbda99acb3712e008674af9f69841,ok,512,1872
a63c773409e8b417d0159f74e9eb5bbf8044dda4,ok,290,1048
5fa7a6107553d42c934f4b74378151ea81c68959,ok,512,1982
5e24f6f4878a7d76e3c0717feefd9c119e05a1d4,ok,126,434
714b4f13641677f5652dee5488716cc18b30d392,ok,512,1793
e5732254a022aa3a57b51098c3cc55f93bca0ea5,ok,337,1194
73dc021ba94d468fe36e36a1a3c730b10d73ddf5,ok,23,72
27990c340b4dffd52aeb8246175fa6e408e8ee60,ok,206,742
f7943f8642a5f48505b7c27ba210a2131ad3e906,ok,63,214
4e281a38bf7bd5711afdcb467c1a629e8b4f13d1,ok,512,1869
c0c66688eacd4e04629bb8ac29828708c57df16c,ok,119,407
b8b1d7f1e94c7d32e7606680a8373c1ddf2ed9d3,ok,266,934
7208f1036ac15c44bc12686065eab75987a224c5,ok,333,1175
c204a3538b48d353f7bf5a62b390cd644ff20eb3,ok,63,210
542fd72db73d975a55e9d9411d1d095288fb47b8,ok,512,1783
987c113d8bb9238f2a2eec38fce62d373a2b8eb2,ok,512,1789
381d7b55ebfaeb4cd27272146bfe7799f8910309,ok,512,1838
12ff30c89a83b3c48fbc3cf99a1c6321fc0e04c7,ok,512,1885
4b392ff64fda93581b96642eed43e18a0551e100,ok,512,1835
d420d9ce9a2a8388e8ac14b223fc83847d7bc7a1,ok,473,1725
90deb2516ad73b2b11af1fabea003bdc8218dbfd,ok,20,62
133b6d7dcda5a09b9b8e14f3ba9d61a8652b7cf5,ok,139,491
8cb3756895c754df1c4919b11250cd4dac35fcc9,ok,204,704
163044872f69042103b066b990f83892a2ab3957,ok,172,588
a5b20f2685136d1797f604768ac4677258f326df,ok,34,106
430e09305a28fb430a04104587a2a2edfded6544,ok,512,1812
0fa90f9b6195cceda14cd8745c57680fbbc5a295,ok,512,1784
d6f17cf64a7bc93cde29839bfb3b89be8a450331,ok,148,522
dd2d396ed777e071156319bf10e516f1e9c801da,ok,512,1774
ea98e5a1fa2d754984f6419220db467e4f583b87,ok,512,1800
9b4806dafd964a88310d33ff2f2344bcd98ff5c4,ok,135,448
30453c329ccf720113eb49dac43cd57a82c42d0a,ok,512,1870
ddcab2f713fb902da46fb016fb607ecf0190d127,ok,94,310
3d76cc8e9797f809bfb1623e8a4e292264f6d411,ok,194,684
331aa49f5a547b10359e618e1bf385d5bcd7f896,ok,70,234
c36853fad6b3ba295dddc74a6ca71905f6a7a325,ok,512,1788
9e5db660418fec00d3842da599bcbc873142361b,ok,512,1781
bb2bbc00e2348f244d6fe3f73ecb82d5b2ed2f29,ok,93,326
d3cf1611d9b3bff126e23b6dde925f53e3d43ab9,ok,140,470
83fcf4ab7694db8898805b7fe0cceb45f1d8f1ab,ok,34,112
4f755ebcba5f39ab53c43284935b91b0b3ce4cf9,ok,32,102
e8384773823dd62bf80d0822c23c103bcd02bd6e,ok,69,232
200ba8a2f91a2f5469c40fd0c311d906430b1930,ok,512,1779
39dd658ea3a3c43664941bb1d7841cd8665e9e12,ok,230,826
4ca641911584cce8716b49be9153392f560d29c5,ok,512,1799
a2f82df1a69b5b8d2632684bcd30808d65d036af,ok,512,1856
bd748d5890f1301dec34ed88ef5983f8882e0e86,ok,371,1318
5eefa4af9f4b4b6dbc0109cb80ff8b4b586f5295,ok,236,837
2d01fc60525405804efaa4e84e52bfede6eb93a4,ok,423,1522
b0f4465e09381c113473b615a2f03f142a13be6a,ok,512,1798
7fc26de1f344fe1a72c65f195ebed8d9945d3107,ok,375,1341
6ea7d58d853fe5bac191125f0ab5572a80652c80,ok,512,1870
2538f68c9f9ab7130e587540e982013e7bdf870d,ok,43,136
286ad11faa63434cac9530a8085e3dfc79e0c5ef,ok,117,388
06fa48202eb464582771c591b9170575fcf331e0,ok,512,1926
59965ed1666e6baaad67d32b5e066037a7d29e81,ok,385,1290
2fe553d4362ad692fd84313e7e3ee1a14be2cdf4,ok,119,416
1c8c7f135ae09ca6361b9b6282c0da9b4991b6f0,ok,65,218
d6f7bcf29712f7fa4d4ba44bdac8571d977c7556,ok,296,1102
ca144b26f8e4839170cdfecb5a4c4849d49a6677,ok,512,1740
2ef2d922e47a46b884c14598f1db2003b2c3ef04,ok,512,1856
e68f713a11433498ae14ae7ee210ee87844ab8c5,ok,512,1877
baf4b59198bb908f43429e0115e497266984156f,ok,512,1821
98d77d31bba31767450379e6738ce99c1dcccb27,ok,512,1855
daf7f40ff9f1b5ee5882d44dc5853e1a82dc07da,ok,10,28
33c7a964c66319386ba5e7d6bf33b00c314818a9,ok,512,1801
b085e93ddc1e7fde9f8cd37d09c7a358410b43ee,ok,30,92
9846d3f972996f6758dfb3c8e4d800e966651802,ok,96,337
2d66894d93111bc58252645cdc5938d75d84937a,ok,512,1816
a4a05b766a291dcaa2b7966cc1d0cb524f5e46b9,ok,512,1824
2be7eccf609d320cc21ca022855fd20d6ba2de91,ok,512,1754
cd77ec767813d7c8cff5393c80facf2e693b257b,ok,82,260
183c6715bde3f3f4d02664596901aa2b170559eb,ok,257,916
ebfe1f319668b8007974b5cdb43e6e1e655f9fd8,ok,248,854
63782bf677ba7d124cfd0b942380e845782f9940,ok,512,1925
ef9c768d0aae0f98ab492423005269b3f443b3e9,ok,512,1820
95a71a30353e599545cf02f4fa4ce0f09dcad94e,ok,25,78
180b13198472be457e594965d385e8e47bb27815,ok,512,1820
eba0d97507860b6e69daa3a0c031f5b10d96beef,ok,45,148
cd2fca52cc15f90cc9223dae1b250be218de9eb3,ok,512,1747
cdc94edde02016b6cddc35d6c632779a22af125b,ok,284,1037
38a3a87f6b765f58b4b17569be9be09b437f82b3,ok,198,674
315c5d4b0a2617fbc4e5ef07e19011d3748cc161,ok,95,326
39fd45882ea28420bc33288c2fbb90f58ef30c6a,ok,27,84
90c068afed953fd5e9ba835741942669d8684e8e,ok,312,1130
337f3e22a57d50aa93d93d4e3b3e1fc6e8a963ff,ok,23,72
e7e0b25cad6de124b2af92ff15916a8cd26f7817,ok,476,1755
8f752795d9f90211bcf21b720cbe4def1db7af09,ok,512,1889
3a436b5e4cc483d2e5b9e970409899afaff7737f,ok,327,1222
7a43a4bf3dab1d2763ab76a25c1e220d07ad539e,ok,512,1856
64b19afccce500a5f20eab41e03002c21125d4bd,ok,512,1902
75df145efb5278b3864c74cea6c47ea49c8e81a5,ok,512,1767
c4912012fa08ecfa1485c09f003e98c740bda743,ok,70,224
6f7fda9211884ccb2399ecc18993cb22deb713f1,ok,266,935
f824ede61b911ec4da0012dd86e658376ea7d514,ok,89,298
11aaefb6a1da925b7e404875cb989cd9745deb26,ok,192,664
46fca7bea45b8cd7b65d878d6d630a8e53edfa9d,ok,436,1562
0f3c63e7f445c0d6d5c8b367880dfd2a5c77cdcc,ok,174,607
a3ea7af60012d1e367f5af0cae345b44ab561001,ok,512,1800
d6dbc168a6ac0585f56c266bab8b22ab71883f57,ok,512,1804
9859366e2767ed2b7f1bce6ab31109b44bcc119f,ok,512,1771
bedbe2b8fd255d2f2e3495cb5134c75e80be73a7,ok,286,1009
39863d8c7f52875d967b6a14eb2171c312c59dd4,ok,512,1848
5781be87ffb4aa0359608cbd60c6af7a6a4c7a8f,ok,512,1852
dbe4f53b7bf5f53205fcbcf17c51eae3b2f56778,ok,512,1791
4f916c329f968938fed68c399e5c74072bb960de,ok,512,1802
f7dbac88b10367282e2cb18d3afbf29224259355,ok,512,1802
fdaff91ebe97e9a3f94fad4cdec4096039c52757,ok,512,1852
ca4c1ffdf2e131d0293fdcd55aab05c5a2b0fca9,ok,47,150
3b169ef504761a889f0c430230090708c3dd5881,ok,512,1800
f5616172670840fdae094d3d6a2c67e6c0cd41d2,ok,182,652
8d8c0800bedf80382ba3da844aa58b0ed29e1de0,ok,512,1876
53391a6a3b89e6778ca4a9fdace4583c2f881b0b,ok,512,1839
4a2b1873ad6e446323bbbb0e00127af4dfc683c0,ok,512,1796
981b84afe1f54c78dae7f16c7bbba8c0b0f9faa6,ok,235,856
5d75248a400b431ee2fc78d9616b22d0d810db5c,ok,71,246
c8725552882cda4bd1575b56a60e018e3060357f,ok,24,74
82407ab828d5f0449b8eb616ef4c01a705db16cb,ok,20,62
7bf343b7d767f00895497ced88d29a2a7607a3f8,ok,512,1860
ebfeae35c088ea94e23116cc5f21f8f7bfd9a601,ok,33,102
28a851405a904dc0d15a623b47ef5fef1a8ee6ae,ok,512,1882
b6d710a86a246f66b07f8a09f29daa4d59ef7604,ok,24,72
0c7caddce7d15c29aeb80f51143e1fd370a8ae1b,ok,91,318
d7b21a7a0f420e0e8d8f303985049b5e51d8de8a,ok,512,1781
ff9ed09aa627b7d16a8344e6ed0525158582e905,ok,168,592
9c38a1fca93aa586b88b82ba207eb6120d0aee4f,ok,275,992
531fc108b5f5daa173022560f8c42e566b23d909,ok,114,392
583e33e9e1daf5ac00d9e7668ab1f8553b8b12c6,ok,67,218
91da4f2c34b6aa223d910d213c4ad7e7f613d8c0,ok,107,356
2163323258bc5af64ab7cfe2f7516969200f2766,ok,35,106
7f9fabcda129a171446efd9933b8af10b6068d32,ok,512,1882
d7f020dabf9ce3f2fa8cc6f799593184e4194b17,ok,129,442
667c289a6226a90067c93b811ce421a9a5281c35,ok,512,1783
e3b28ef7072aafac72318cf9e23218c265d6b422,ok,199,694
5f9639a0076ea42ef7e109766aaf4a357905dabc,ok,512,1876
bcd93fa7ddc77ee5b722d8ac7c29d1d939b34308,ok,512,1834
3c582b38893bca6e87f4e7bcd6d75d9881a6127a,ok,275,966
57ff9796e6b71fef42acf8f9329e9c35df929ba6,ok,252,924
4fcb9d1e36dd247ff65f02af2bb5d0152bb134b1,ok,512,1816
82c6b134aa575d9c5029e8477afbd6928bda93b2,ok,512,1880
a72f5d0eded14017faa8a29d54beaccb67dfee0d,ok,512,1823
09a7385bec15bb0333e7fe57d9b1734e4601da5b,ok,512,1762
4c326154d1ef384ee4a50126749bc91d3b2ac275,ok,512,1789
e5f2f8f6490a21b735e1da1790d0bfa5bfc0bba0,ok,33,106
e1158b4a2ca7bc70170548892554784720e52aaa,ok,512,1849
366f1fcfc911948e65643276f77f2afcfbf7c2d2,ok,512,1895
8188399dc2b1ea458d23018bad20fce888e4f5aa,ok,44,142
0940a92b71f7d18a70bbe952214aab7926c2441b,ok,78,268
e5c86e48f4cbd218b240fe9ce45fab241be38541,ok,512,1856
20fcdc3a4271a8292eca9bfcdf6a7c4353d6f3ae,ok,385,1381
31e53fe22089fde53d21ca0086ab70c81c223543,ok,512,1810
6f61aec38f208d81fecb94b92678562446ee5350,ok,315,1134
a7c19040c652969cf46886b2a611fac88bb1a6f5,ok,497,1834
daf8caa38abfe4ee242d71cd17faab524eaaf6d9,ok,400,1401
51952bb2d4305285bd0876f44cada77bae787689,ok,512,1802
8634895d27e2d89dbc17afedfca62ae374ff51c5,ok,437,1586
c20f9fb2d51c0efb14e11607c6048235944b64e0,ok,28,90
a7cd99b606467faf0685e6c6ef021cad9cc1d011,ok,512,1755
69c4795887eae021bd2c28b0d1a4507c671daf7c,ok,512,1912
fffcd6e11cfde2b2990b8b006ca08363146fdb34,ok,24,74
7b8f3d31828040035107e3f1716e695f346111a2,ok,119,425
3fd9fdfbb7b33a6d91b5edd883ab7c689a87ff72,ok,42,136
dba69ca7abe0417192ce9836c2ad652d6844dbc2,ok,512,1798
7977721ac0273efb7b74427aa6ddd83901b49661,ok,512,1842
abe18dcf91b5e4cd34df62c19500e18bd31a8e26,ok,512,1764
d00f34e121fbea419c7bce08e01f9a31cb2e0f0f,ok,68,230
47ad3d24efa842b31796eaceaec8f94a5495d376,ok,92,304
f75139ec58466f430efb296046d045d825727ca7,ok,60,194
8d318eb73bca7d754ddc8b92c82102ff167286db,ok,50,156
2fb6ad81fce9f716aad8d56b2d3a14ca61c72c10,ok,512,1828
7c1a8fef806bf99890ce88a8bddeb85fb41f92c8,ok,25,78
0ca9e1f87ab7d0f3e89754ccda8fee66a5f0f8fe,ok,512,1808
e497b6dd8e12da4d170263a22cde9236c7888011,ok,129,450
1ee8030edc53a855883756dde53a84deeb611197,ok,512,1797
77e5611011be439cc5936f40b16bb4b16f56801c,ok,512,1810
0d3e33913591dd63cbcd5dca8acd659932aa4c88,ok,512,1738
8eff73a25083f598141a9b8be23fee7aa2e86454,ok,497,1762
1834c07021663a98d3f1a4549cda15b42f955d16,ok,180,640
b240b71b0fda11aaae57d5da3fa47e2b37519cb0,ok,512,1748
cdf8f8a1d6c84a40025af9aac56623841505dbfd,ok,105,376
3fe9f510f2445e53f89db4b7a003ba47d4011524,ok,512,1831
85eef36bc4114a560248091f3b0faddfbf3cebaa,ok,401,1442
f68af94d4c54addfa9483c93aeb1dfaba7d6bc74,ok,449,1632
e53654653bf4473af38df40bd3a836f7cf091672,ok,512,1878
2ff7d480d6ed37a457578666174673a58bdd3d2a,ok,27,86
a046012a602cf7a5a4d37639129e56b0353d86d7,ok,512,1818
df4b6098f18f9fabfc278d6e5100dcc3f3dca0e7,ok,512,1815
bf4fd798158fb09ff191677a71e269d76bdd4493,ok,512,1864
3db0c6f2e6d3542b6a369e8ff2abfc21cfaaecd0,ok,10,28
5d3805a59e569674e6e2d0f7f1c1a66ef35f53d3,ok,50,164
ca7ba92f49132a1f379220acc3dd977d17babd85,ok,512,1816
84c4d0f6cd66e3c5b90d813dd967d35c052afc20,ok,29,90
3b3b61350653f5806eed78647800237865aaf159,ok,512,1720
58d7d12978961ebd46337de89c186ad520fe5153,ok,36,118
38732bc907be6e35adcb7d8a46376fc7802ac124,ok,73,242
84e34fd5210c1d7bd468269bbbd13270526d1e6a,ok,129,450
1ddf53c1fc4306059d0f331fec4a338ff7472af9,ok,512,1797
849622911c18048d0c7a4a83d6a169ea61109e52,ok,512,1823
cd0674a5acaac2644f89815f6f846355deb647fa,ok,25,78
e13bc418685cdd7e437d6c6740329973e4114e66,ok,512,1786
461e442a0935921fe479fa3f015476be1b133ff5,ok,512,1874
8ec5a850c308de1236941e2a44ece07862392f00,ok,512,1861
03c20ade8feccaabe6846b4877997954a24516c6,ok,512,1831
070f1c31d3185efb8906c445f0fa1dbd82fd68da,ok,512,1821
cca417b27104f0fdcdb05f438ea7d204f6d0026f,ok,319,1161
b9646975eaffcd25afaa3da56e6679a7266f6819,ok,512,1822
779740036709500e21163fc692325bc88bb4fb1d,ok,512,1813
b853efc47564f6f92d0c3876a7c50d47388d6bca,ok,144,506
e499b56f97de03b714ab61aa3e19604fed6fb6f2,ok,512,1882
af184e3a7d0c05452dece498fad9fa98f2faddf5,ok,288,1000
356ad62e7d22a92523cd1303fe8a02b1185b12f0,ok,512,1761
9dde540f48a8252793ab5e822e4b94bf1fe120d1,ok,512,1847
4e4b211a1688d7c2eb54bac4a835c066ff531549,ok,166,592
a0c3975c6f744620a444bb51e44b4e8c392b0a63,ok,512,1830
f5ca352973f68f712cbb2dceb24504d89bba8da7,ok,195,664
e4a2ea81f36d3948752866dbdca9217c865482f9,ok,103,356
13b92f8efd58c94e765cb275d576909690fdc141,ok,512,1873
66c227a1d7885420744dbff1810df1f93f9b01c6,ok,512,1793
a4799ae99cddc4d2cd34f9914e880329f5fe9375,ok,398,1440
53e9cd4612084453fd1265c588949a002d3644f1,ok,428,1559
ee7401aabe8b4aab22cae832b30acde973e83eaa,ok,512,1849
555241284d36d736c63948c2552de2b43eceeaa9,ok,65,216
d26f2e2d8460ad07c021de854ce32e16086f5b9f,ok,44,140
f3e68bbd70c0f0229368bf0d7e722c850adfca6e,ok,411,1481
d659d651cc0b817397730bf17cbc10c28502b334,ok,512,1768
70df863b49c3333f4aa39ce9c2e1f68a4676bfce,ok,48,160
9d98470911ff9f869eebbd3dc2e7dfae3c9b89e9,ok,512,1766
3703cfb4b0e4d07b41d67615d54b1955cba35f1d,ok,512,1836
3cf09c462d285d4ba46f828da357e3c64646036f,ok,260,900
c49036bbdc84745717c37dca0c438b12182d477d,ok,512,1837
dedf1444664c35c4dc66f889056b5bf98d604452,ok,439,1584
45cd466671fdea6d6c5e521161b267d4367e27ea,ok,210,723
3fc596ce4d0d38b77963d4914ae22006f2e3fbea,ok,512,1908
d680eda91c567c30576d126f33bb222963d8a8c1,ok,512,1861
9b9ce8273fb86dff5d8509804b122596f19677a0,ok,225,836
12e458e4c1e2feb7f4d9cc764c2bd47d2d5a8005,ok,257,884
c6dfea9ab8c9631bd2eea0b23edc3d13c71d0dd4,ok,512,1868
de0e764dbd70468d525cacae1796f150990e55ab,ok,70,242
cf5df3d4d60e6d8bb1e0956d0a2b2cfd72f87cba,ok,512,1830
1a42a51e2270fdf6e3cac8f7115c39bb0b9265f5,ok,160,540
edbfac1db20b5674c426ba5dfcc1f3a54556bde5,ok,153,534
4d4849c15424527d94b59c4b08d4143fed52c95c,ok,512,1842
50ce03d2f0edc48e4a4007c6d692dc7d9d0394be,ok,41,132
dabc0966d9ef5562450df38eff368954fca4ba97,ok,512,1876
568453daedbbea5e80020b85e0035e660d932580,ok,512,1856
17cab81d4c42dd2be9dd8d0d72b9e618901d67c6,ok,512,1889
27790463d2278aab9e734825f5eec8dbf0aefbda,ok,117,394
b7bbdf00fc4eaca0963d364676219b6c079da6cd,ok,512,1798
ef9ee4c2683abc64dae22e7f60c020f43f6bda71,ok,512,1853
3de681a19b2346e6b5e7decb168d9d7e608a426c,ok,90,300
c29ff705e315abdbda6e3c28a46593a23412607c,ok,189,680
9bfba3566a1bfadf132760477234ee67582e1a35,ok,415,1478
58f09aa1e6db017990bfac61069e863e5a1607e6,ok,32,102
02e95bf2618b8094191e764d8bfd3406f422691a,ok,512,1906
a146a34914786f7a247c989c63e15422f46a50bb,ok,512,1849
8eca3d88752966ea7c42da74dc3b97ed4e0c373e,ok,512,1757
e2a542143d8721514e663f0d7453db7ff5498dae,ok,512,1826
78c130428ad27271c5445530a2e8ec2807704c01,ok,512,1912
9b14e67127b48c021b5da60d6b90f4eca83f8a43,ok,445,1604
bb6d26e0a17b93e890d1811ec246e94fa966049e,ok,262,936
c624c154b6e5650f73c750a82849904d10a1ec57,ok,512,1855
17577add5977b770569f6957bf7419dbc1bc159b,ok,512,1861
11abae5c83ad5f8bf3701bb68471feeb0dff114a,ok,49,160
b9f5242bb58fd14c4406412dde3d4a683a8bc97e,ok,436,1539
57e86670e5d2936a4fe07a96d9a9df225e3b484e,ok,217,766
bbba892e80742531d6d4b24f65dc83ecbf9c3fc8,ok,44,146
a3c64446ae54da2c850599057730898cae2197fb,ok,512,1873
b0f8fc85ff350ce068dd8a3b78e8445a92b24c08,ok,245,852
9ff223ae2be05495823553be8ca0c03b1d7fb527,ok,512,1848
07a9686af0868f1d26279ebc70d13c06a778f674,ok,135,492
6eb15dd7cd099d24d20283b601f0c3126372aaac,ok,78,262
f68167d379aca9d0fed692a4608d36ca1a0ba41e,ok,512,1909
0604b2bab3659a7468d035de09651674f5bbf975,ok,512,1864
aaf38afdd87418527e8aec78f0f07f5a628d086f,ok,56,186
46d9ff7214dad6bfe723bba674b32a0cc1d18c02,ok,168,593
387dc2c1441c7c2a29b55642c58f4c446533c60f,ok,439,1682
84a60848a2f9f44ed2ba7205e32b6141df7ac024,ok,512,1757
44a7b22826f44be7bafa789422503ce680aefe80,ok,512,1804
e04211c2ad242070691ff294a9365247e6913fca,ok,48,152
04103885f90a5669e0f12f2c8b3e0f20ee7ae008,ok,211,694
c997ed5209eff69b6ab0ea589e3266ce8164a70d,ok,512,1886
46ed04c436703c61252b96dfb14632b835ee1973,ok,39,122
9b2e3a8228590f51a4ac32e23ccfde16b5895be7,ok,512,1826
a0eb7204f05ff16b190c451894b3811bdd10f6c9,ok,512,1811
8544e1006542c0535cc05fbd2956e7ea047e2e41,ok,165,586
b632a75b03d6fa5a3c84cf140bcf5929ac9a685c,ok,512,1892
7ef9b71ed4db1245b6276abf836c4b9e9e5db053,ok,121,410
9bf5d1cc5acb48119021414024d4d8a4f003f1fb,ok,162,558
e08f3ca65e4efbfee4f6561f8141cf66aa47901a,ok,70,242
86d1c388dcec483fd954ce03a28a40a54864ac7a,ok,512,1898
284a4cc78b0a01791d3fb38a199afe718832110b,ok,80,266
e169d266e68aec64fa3059e43b647d93e6074566,ok,512,1704
75156033e833f0988a3627dfb6e1e7546e8e0103,ok,512,1885
2b34b58edd0e920d75f9e5ac2513452d939dd69d,ok,512,1849
b48d0f813a26f0dbdf055851a528dd212fa91b5f,ok,512,1826
8c05c1b84121c2eaea35e0032ecffe8fc5c227d6,ok,38,128
3828ed83f97577151c621cbb548fc3d329b78fa3,ok,65,222
aa346d0551433fd0820abda2e11a4f174a3a9a67,ok,394,1456
2d0d551921d4be933c25fc5adca31b640558e905,ok,467,1602
c950aec0633f5693bddd03f8b0b4fb8966d52fd6,ok,512,1820
fc31c0dc6427a1ff41da7e6ff6d519a69bd48d6f,ok,259,890
042703af7d6d9a24a0573df296bb6902e204cdab,ok,512,1890
d43b43e9b4ad1176f986655045cf129eaae626ce,ok,512,1813
655a72caa700fd9baa4d7e9d5dc9f2dd5d592616,ok,512,1821
d1b91a5d8e33f160ebc59046a47825b6721ce008,ok,477,1673
76e67a4e3ae7e5f88b81fded111d45e4273529be,ok,512,1826
61a04677ba8a40ab1e48d1666005ba8098d14b4c,ok,512,1850
175273485bcffed11f9a0914298e16f30873ff9b,ok,512,1868
6cc7cd3bece8e26dcf218f23d6caf66c212d790c,ok,512,1872
6b882611c8ca5fd51e0d093dae78a9186153f4aa,ok,472,1604
14e503b0bc5162719239a7d2b803ebb5e7553e3b,ok,34,108
fcc9d5f41193d3e6a477f05124ee6b765e70d6cf,ok,512,1824
aadfe2fdb87f964f6028b5dc0c08b5b9369779a1,ok,29,94
b734421d6c106ff786592a46a9ded2ca64e09385,ok,57,180
c98a7c2b909d9c7499d494fc96f7211b78a387e6,ok,512,1784
ed1c3f653fea57422ad845422b28376dbe490995,ok,207,710
18015fc29691c34f60705233a90585c0549fca6a,ok,100,340
59b7ffe4ce5ebc067e7730595615b9f3ecbe8863,ok,512,1800
787cba5de07dee0d6f7c47ca4a9d4147d44576a0,ok,512,1792
74cdb46f25cf8fa8b613dd1c470a5e5c0022ac4c,ok,305,1063
f08395a5a608f791780ceedaba74af747b4811bb,ok,512,1850
7a40d7ed91bf68ab4e18e5eb8d8818c24b956cb1,ok,127,443
4c385985057891c7d776a1a9135c22fd21ed5f1c,ok,498,1815
00c5de8350dcef2709dd2a73c47d048c70e1039f,ok,512,1896
22f7144a4f8ec802452a3f4a5021100fa4a92184,ok,512,1820
4811ab0ea23698a708b7bb4d752ffc4d83dd9560,ok,512,1930
aded826c60dff653105309645bab5cc5a4e9271b,ok,512,1840
f1bc2726fad0726593fa66b7c1c3e6a223d3ee56,ok,512,1778
357c5998332a1d06d3e3bd7b4322a4d20bafc225,ok,512,1980
4d812c93c6bf4b2b7e3c678ab92db5faf538e1b5,ok,105,350
5dc533afe30a1cb6773c9db62162bd2f8aa24952,ok,338,1228
222b18130564a5dfe1d8017d41ac1dfd06cada41,ok,294,1016
002e69e84888ee8077933f03cccf6ec3d0a29655,ok,30,94
4c7a6a4143ee33c0ec41e7434512f24d612abafc,ok,512,1819
80014e1d6dddda72f9f2d0af3f4d0e123048fc88,ok,512,1823
ac7116bcab9ed853098786602ea1c72f7e38ae35,ok,512,1790
202a773c03cf83e3865a625d0a741a7d18e86a62,ok,65,222
f6e924c54a16d0dbe8f1d15cf2130ada9ac13dab,ok,72,246
f132366d8e3110dc5521254cc1fa96e6181dcebb,ok,512,1824
5235fe7085753c6c6956a0366d95b5cda4d9de4a,ok,512,1808
cace2c0493a98f621433a2b805b3db059e416d9b,ok,20,62
835cb0c9d0dd6da8a3f8d318e3a8e0310565ab6d,ok,512,1936
2570a92bc1291bead2dd382882050694ee01222b,ok,441,1582
d3a534e394347bd53e27e42b5ed382505ed2fa2e,ok,28,88
8bd3d8f4a2c0635167ce36d36838a11546496991,ok,264,964
ceae6227f9cbc5c586f984568e0ef307304d2282,ok,512,1866
ae11a9654a0c3888f84087d033dcc4e68814a4e6,ok,512,1834
f23778083d86cfbde40cf55814d43ff97e83adb7,ok,91,312
072a37fd52fd4a9b818da8147973af26ad3ae76a,ok,387,1378
ff2cfaac00f76a71facaa0c4b9218d7b7bb768d6,ok,438,1576
7f58ab51d27540292f283cdcfc0df7fb1fed9696,ok,512,1873
475c2e62603d0ce8abdf983eab2314d52df7ce83,ok,398,1479
be59084b159ebef9447be358747ebacaec0e8235,ok,512,1838
30f7d5ebb0ef14d61f80fd83b092dabeb543dc8e,ok,512,1821
68a03e913cc6943bd4cfc132c0efcf93200540ce,ok,512,1838
b77eff672511964f74c7d01469fea385dd7fcf07,ok,37,118
c863812290e6b19069413ce252d3ffdbd64849fa,ok,234,822
df3a52af09b1167a8a92c757e3ea542a2caeac5c,ok,367,1308
47c419e829db4be912de69df8a2a0eec3ce1285b,ok,35,110
0b7a377cd291cefed2e25e58becfc3295e581a89,ok,512,1737
a82451f3c81eb3e0c2daf3dfae723e90910d2c98,ok,512,1949
43e0e80d57cc6b33e8cd18d1b3c9044e10784007,ok,26,82
2e5d73cfa75ebda4c796d084d39d520cbf1ab09f,ok,109,376
94c0b11f92b41993e7941bf868e99a8f852bc5a5,ok,488,1780
8e628c1513457c36ba0c46b27428e6e4d69abac4,ok,167,564
96c28364f63c81112baf605f7233b0e0744dee50,ok,71,236
21610f21cdfa5eb8cf0727f1ff6914f244adc802,ok,266,941
a1c4d02155988ad143ad40b8546d3757c973e3cd,ok,417,1527
e1ef752b2f90990e0adc03d806939102a8d907ba,ok,512,1838
d59a921ff65abb7bd63c3e75bbc8ffe7a1727e2c,ok,264,950
8200934d8fee281ca81ec1ab9f1f805f7a0a1d3b,ok,512,1812
0935e9677ea0f2109af87de214fb0357383ff0c0,ok,485,1765
edfd7f3dffe2ccf5f67049acc12cfbc31a4e9962,ok,151,538
4e15e693f30e8531ae1b96cc41d426bcd390f5dc,ok,106,364
51ec02900e43e408145308214ad07933c6af6db6,ok,512,1772
8fb6683452115d6026b399b0411f981e09abf6f1,ok,512,1865
126fe5499eabfcb7a1b85dfacdba37b03156635b,ok,109,374
a847b0ea8f85781d38eb9ee7188a76656a61df6e,ok,204,716
2881eea44f50997188af996955bc606288324e8a,ok,512,1769
0f6f8d05d096af93c9649dd73d8136f434c1ae16,ok,96,316
7361c8ef37d77bf148c076fbb58048ab2d90cbcd,ok,512,1942
21e4027fb64885f58f75d9d02e5eccd0fb392ccf,ok,159,552
ee4cae562adceb233556ec125115432fb3b9c495,ok,512,1864
76d5de5c481a022e603cc4216952eda70f842f4e,ok,512,1824
67d7947ac776ccbd14208eeca7fcc18f85f81ed9,ok,512,1788
616755d9d9402d7df630ea0e54d168600c419a2d,ok,512,1706
f2a5d420d0899ffaf16ce49050e48204ceb9b963,ok,13,36
4369d59b2ceb8d6ffa93437dfe2f9a598d2dfea6,ok,27,86
39b98be7072673be264386e4a5b9dce1aad4f679,ok,512,1716
ca0d61cc78d22afaa44a41f2cb53145f6dc37c80,ok,512,1835
9ca485cf85c0d82b07c7fee4caa9755aee8e864e,ok,512,1752
70bbda5931ac33661d8c330661666e71ea91f47d,ok,351,1230
104905ec38eab89b5b6ca8f9815127e8e3a7b1dd,ok,435,1521
6f87020f7f99b89efa5e04a294e31e6ffa87cac6,ok,121,418
c24ff76287324240472aaa59961902c07257a3e9,ok,512,1822
ed1dc4ef200aaa1fb25710f41c8425e35b270e68,ok,181,620
2f1b235d5897bdf30d7bb9a17afa1d64d33ec35d,ok,35,110
c2c7e50361e513d88fdb0333140f716cba738d7f,ok,474,1722
aceb7ff5c5793c0d7c79c950e70b446bf5bb3f71,ok,512,1898
01ed1b4cc208313a74c29525823f2343b03a1e79,ok,512,1846
6034fe6a434a67deb79db7e81b3de7a0d3a668a5,ok,144,499
a54f8a18c6c7fcd545c989f9c213eb786f36418e,ok,61,194
0f42e84f615833202260277cd4cddb9e83543085,ok,40,132
e82927a61db690481917ed89535f3cc38c26b94a,ok,122,430
fd092ac01f2d2fa9cc63438a87319bf6320ad802,ok,180,664
21ab75ed15f9501ac762cf4fe9c4c31581731706,ok,237,822
16fb5b49bcf9c3a1c2ae998e9bac9d6f31816624,ok,512,1870
85bc0545b460fd04ec5795a34b7ff0516b4785fe,ok,114,392
b7538a4f9276adf8316a415d98e71e153c6d9091,ok,512,1845
66617c4bd1aebded0822488e592c13007e27f4b3,ok,512,1743
ee56695853fb1a8c73200bf8bd29ec439ec737fa,ok,512,1775
d292311ba9dfefc01ef74f881bc00f6ab2efbc19,ok,20,62
4a24d85e491a28a09555a29999ebee9dd9117087,ok,330,1167
d21ecc35f278578f574ff5be1246dc8b1d8adb37,ok,512,1884
5d4475f22c301f060df09255d9df57caf4548381,ok,512,1827
2ce185657477f9079a21eea5a7300c374061eda0,ok,512,1850
5aca8d9b1a6dd1fa2706efe37a2e7c488c3ea1a6,ok,512,1846
d2f408c8f855c51d1e7d30da66566b83c6074193,ok,64,222
4bc430362a2d391d166c2b1b513bd7933ec6b57d,ok,512,1835
8d791882c63954d01aefd062f26db03c23fe1ac4,ok,122,408
51437f10d35cc43f5d6a5b430137896f47c37e6f,ok,147,506
1869435f96ad87a5f97349b3d4a2be78c886834b,ok,512,1816
c4ad505a25839a340fd4ffd21c1930df73ebd437,ok,512,1823
89bd7d204600bfcf93ca169301608f64d294eee8,ok,512,1766
549e03cbc05053f97de81492d2b9fc253b9aaefe,ok,424,1486
c84d51b6723f046e1f467a438dcfa9e8b0d1182f,ok,97,340
e69ce2981b5269dee356ae47c24d0585b700a1b2,ok,512,1865
1b9a33903a2abe96c76e939d7f7e97cfba23b900,ok,512,1827
89e4346ca7874d3243e4e33fa2ecef4c114f0f9a,ok,512,1812
ef0984afec9e0f2c2fecc1af8354da2c21e11ba7,ok,27,86
70648e0b6e2c445240a74cdecec61ad823b31cca,ok,512,1815
8320f7a8112c5f3a78ecbedb8e7492aeaf6e1be9,ok,312,1164
65d343652f6b53b1f623297fed36afbd9d2d3ac7,ok,190,676
619d4635d1a5b35ef79c7d7e0ed95897ab12de9c,ok,512,1790
86ecbcf40f7da70bdd919fdb23b4f61f165b1dcf,ok,221,771
2cedfe7e915998234a6b628386a16990564d6494,ok,512,1821
8275954dcb293740c902d2c7c6d8bb8e71751147,ok,512,1827
de7aad991b9414843f641fbaf2d6bba0c4f8ab58,ok,418,1518
e920e697b0694ea102fce1a29cdb149d5b063fae,ok,512,1818
75adf6f9a4a7dbb2f49f888dc480de468eac0618,ok,512,1820
290a2eafed886e009bb83b989025c89879b490fa,ok,64,216
ef8d5867df951291709308ab30a1938024a9dc66,ok,512,1821
4ddb144269a8ab9cb5ece5436fde1f12f36b26ae,ok,512,1834
9fbf44c4a5bcbe9b686552b935294244b72891db,ok,512,1795
043a49ff04b8f3439d46e19fc314ce43a69d0442,ok,512,1890
086af589062bfd760547fa41e52458e81ce2ab45,ok,74,252
4e0484fe07f9c717d9cc7228cc64c540526c6aa5,ok,512,1790
15638543c233c4144fa6089cef62c3f244b2e16e,ok,512,1866
c9ac8eaa560c72872c1f3b2dcca36b7ed0a13ccd,ok,38,124
e3e68325f381e334f63506f913790026f8921161,ok,508,1855
4c087d608b585e2b2562d26e58c1444d32f188ef,ok,512,1852
93fe7110187662ef1ece2ec35864b44d85908a32,ok,88,301
3e5956ec00019309cedb203c6382c65997fa7917,ok,87,292
8145ee35afc89fa7d44c1bba9125b0ac77fb6247,ok,102,346
846f47df11573aa01b9760b3345aab886ae22b26,ok,206,740
ace673913edf8f966c1468fd90a1a45345904288,ok,512,1832
68654d6814b1e4670493acc2a6a90b1dd497df7a,ok,512,1805
55f80526a36bfe805e00516bdcb4564141fb95f6,ok,395,1432
141aa5b1ad86096a23cf46178f39629bd0b6fc44,ok,512,1808
a582cfc083245f6552fb2b0e284d80af19b6c437,ok,13,38
20d7905187e2a8a19b15c2dad83ba938d770b870,ok,236,814
4a0d240dd82ca46531705c03e2450b91dc009f19,ok,512,1837
e436ca1e556ce737535dd419270c065cffb0f5b1,ok,25,78
6a07578c11e9acf9e8be43785e6a409e88185fa9,ok,512,1746
59e523a1d53cd7bca749533dc28b4cf7345bf79c,ok,512,1806
72f6f3fdf400a27cd3486459d9a49f8d46ded209,ok,512,1823
4c0b62e07374f4d1b6d46a3e50bcfc326dcf850a,ok,512,1866
0b41ad6bc8bf5ac113e761adcc5d63d749e6e8c3,ok,178,633
00d4eca11e67108f19237041fa2e42f74430ae9a,ok,512,1914
e87cb638354eb9232265b7977215096f5f48e58f,ok,512,1889
a9851f8542565577e2e9101eea55690bfebdb875,ok,32,102
0fd52d57b3d22835f8f5b8e29c9f43cc057e49e3,ok,453,1576
83ccb6bcc476f169c2519d58fe6e4a865414d92b,ok,91,312
6f49dae1c5385c64f4746ea86057b5e4b92acc5c,ok,291,1022
9ec62686809da8b24bbb082a6ba53869338437ff,ok,304,1092
73910576f2a0e063572db8622ab06f819d3c6aee,ok,512,1848
1de2a055751fe0200571c1cf17cc96bc7855c799,ok,512,1866
a00b3294a20f86cdfb9c1a34c08d04ed132feb12,ok,159,568
136d2a5f48ced190bff304af43ca4524534c759b,ok,512,1944
6c26e6a8d08c78c2a8ecfee0117e20752bc572e6,ok,100,322
695f5b0833ede2c3211405b4fb5d7c811514d6d5,ok,512,1930
1f93e54a0a419e528e622b3d5b5aca6944d178ba,ok,76,252
1f4b0ec01fc6ce7f11b90745873e4706a2e2dcc4,ok,512,1834
efd6b2846f0274554d424eeb3f30405a3e0ed037,ok,187,664
ae576eabc054216e989390a341f55e1e3b415e94,ok,88,312
ba6b8268e45580f3247d1dd5e8add95f6d74009b,ok,375,1234
e757e1abb963d48bed9b2ccaa5911ea7a035bb0d,ok,286,1016
954d162411feffa632b5644d62922dd5fab13ee9,ok,512,1803
ccddbd84fa775cb1ce0b042f56f107198d0206fa,ok,122,426
2222e5bee698d1a72bba065c4f9a2404527408a4,ok,512,1757
041c6d272bb88f97647007e63bdf1d2bdb9552e4,ok,512,1881
6b56a556e78f2f357e93d748ea23787fdc7fc030,ok,24,74
8fd1ce8240abcca930fd07d68d048a2629a898ba,ok,512,1806
57382a66b6fd1d8d853808142c1c3fe7336123b8,ok,14,40
fe86e20abc00e44978fe02e1b107272dc90709a9,ok,512,1833
7c626c8d06dd27dd1f5b4c8758c6f47e4de8f329,ok,512,1746
7d0190cbad64afa5b6e2b8d7bcecffbfbc303cf3,ok,512,1738
3e47464982d5f79dfb3f2329ef130709a29a86c4,ok,38,120
f3282afc74cbe0764dbb55e4531efbc1dbae0edb,ok,34,106
174f161a2ad0a6c316f8d7485b3c08bcb9ee934a,ok,285,984
0841bff389c6a7000c676d56e69bce8c4a8757eb,ok,512,1848
5442fa622943ea1f0e25a4c674cd5fcadb95c1d1,ok,512,1854
d8d7cf65857f6340a9bd88bc4b91a8bcc8735491,ok,512,1784
c4a52b0d77666faec9e174793fc1b90f99d16a14,ok,512,1792
7bdaa4db5970c5c95903262d832b57d64471241d,ok,35,110
40a8baf63b95f33b96f41105d56ea18ad9d9c91a,ok,405,1494
d7435031d0601706b1612e744f8caa81683fbc98,ok,199,708
1f96e99e11a76ae0a75d9f280d8f72bdd2b55c02,ok,512,1838
5ce778d1f822653724c2200c70e01689af7ffef1,ok,380,1351
f42f8fa0e7025264acee1e94672bc39881470dee,ok,512,1818
285666fb03d8360197d0fe41cf31ee1742d9fadd,ok,145,499
b5e51df4ac1ca2362687368043a805c2ba255014,ok,512,1814
568510389e502ab1f99647762c9fa2bf9f9a72e4,ok,82,264
1129556805521324743662ccd6087adecf1944d1,ok,403,1410
621ab490a2f90023c0b0950da73ec78e9bceeb9c,ok,217,771
7c0674588885b98b8e07939eb1a039c7c8d479e0,ok,512,1827
4abb8b7e04cf8340c89e1d016fb9a8cf878db8db,ok,512,1798
de62e963b054bbf36acd06248f288620d00345b8,ok,512,1760
312fc512d08d2afede9d4bdf7bbb3964c588716e,ok,264,920
cfb8b3ee8ce6f2b3bbc16e3cce63a2ff3436cc9c,ok,507,1864
b6e5871d3c38c63d5a3909edb30962f333c8f5c5,ok,512,1846
756c6861b180129abe208151b77f319bfcb080cf,ok,512,1794
2911e6b0bef29fa10ba301e1dfebeb86f64e5f91,ok,10,28
0cf27891fef864db676c32c9eea1a8bcd91d5641,ok,512,1880
bfa59812767ad8d57a803ebb48397dbb91993293,ok,512,1828
697cbef3bac990a38e8f3cb74f7aba244eae0ea7,ok,59,198
ab93055dd33f02df045ca06eee5fd322aa7b3994,ok,512,1860
29b2faa7f7b555c78205d2005049dc9903ee5eb4,ok,512,1860
965239ef11c1ee75bc90b63115bf3830d69668b4,ok,419,1467
0358f5ef692d9bf6edfd440ebf1b227f9d99d6f6,ok,164,573
cdf6696c3e23ea3512ab902dbb4d92d3f751ddc9,ok,32,100
80b43d93bc335e6f9fcae010c50f05db1d02d169,ok,512,1842
d5a7e792e23767b2223ad473005ccc74deb077ea,ok,74,252
b50e11bb5571f72874213de6e7a030928a73dd5d,ok,126,426
da602e8e661250ec0264ad138284a37d7d2cbc9e,ok,116,398
c2ec58445c06bd40d425e767d4c89c1140695741,ok,120,424
08cd2ee5d288982568f6424e38dc8c10e51a2c99,ok,315,1112
bd1dae71aa99ec28966c2692baa185d1e40e928f,ok,102,361
96437d4dd7bb6fb768646debacc474fe63851212,ok,512,1810
e1e95982d5d9bdd17526e74792161b4e2a54161c,ok,512,1836
257cd24bb3e309dfb7018bf280ce3c7a5fe44769,ok,422,1524
546dfae22d659fbaa06c4aa4f1d413fb665dd3ad,ok,512,1760
5119ce2d98062d17f9c83b14847b84e9aaddb19c,ok,302,1063
0099714f36bb272053247df3a6b7e8d25d26b271,ok,512,1810
6c3e9d47150709a33bd7f9866148935ac1b27d8e,ok,512,1806
5aebd2de8561c5c552c52483c58c2f7997a73475,ok,512,1790
07dace062d84ab5c7b995e7d5178da47121aa2b7,ok,512,1848
cc45baad1e53a11e9a36e3d3d8133a224289a1a9,ok,430,1571
2c2504efbe6a9355a33528b2cfb370c3d4787b74,ok,512,1886
25f4970557423232774b58b11d02d8765d870804,ok,134,462
3ee807fd87fade78c484a76b66c3e44e2a86974f,ok,25,78
048727efd9dc820fd696592d0a9f9ad3cd8dfebd,ok,512,1862
00c450cb27910a71483cff3826cc86327b4de4a9,ok,512,1843
615aea88cc815dc5076efca76b1822cad21d2191,ok,512,1812
5955cdfb6adbb4c889d5f30f91f9e1fc65c1832b,ok,62,204
93278536f36a1adcb92d1e1f915d4c1464709373,ok,512,1777
6a999c66998f8bae151ba7f2e344dbe61709aed6,ok,252,890
629b3268555010ce81e900cec4c286711f9d6eb2,ok,512,1812
0a9fee2bacfdaab2e23af3e81448d987c6337473,ok,512,1832
40a408f147d9e22c63ff7112b2faa03c97941118,ok,337,1195
6811312a0dc313314112e3853408657e508db94d,ok,253,908
68c5c68dcc3496bca6ce38711d1e86912e20a9e3,ok,202,711
906a3ceb6fb5eb359a1a9e5af33fe1da52b55d36,ok,512,1844
fc22ec0640e30f3f05fea098e637363f47efadc9,ok,206,710
639f10bfdfb57a5894a94e6cd819e0ad864ddec0,ok,213,752
e836ee1531916a9cba3c32a4f7d50bba04a5ba5c,ok,289,1046
39dee30d6f83e3977abde4f00fe9f640ec6f6cb9,ok,9,24
a7f139f1d8ca2ee959e5a959271e2515c7c3d00e,ok,180,639
04b3d2fd43d611b8e3fa5ffb47e50738575df96e,ok,175,608
d2fc9dcf28c3b5072c35b808a53fdf8c9897a461,ok,313,1092
e7a923c3f6ea1c6d80c82b532789e04cb0e329f0,ok,512,1822
77f7f70c7b167fc1377cf0b6815734998f74657d,ok,365,1363
bb454ba5b3ad4cb501052e182521fcbfe5e68d3d,ok,35,110
a5dae18cee1fbc71ef3e39f0024eac32097279e7,ok,144,490
a0cf09636f83959838c37358dea64b032bb78472,ok,102,354
37a2d6c52e2f19f0a6a3d2c1e71bd7741c6c0c1f,ok,512,1788
3fc4fff24d18ec81a2d111bac7592dc889cc9d81,ok,202,688
9daec2fafaad918dc955747e67732c7ee74e2d1c,ok,420,1534
98f1d9893695a073790ba87a6cb4f4d346cef3c0,ok,485,1733
f1033da0872889aa7e78dc8d3b243b7e556bf8ce,ok,30,92
7def55d7e0af87c0277c93f60924ecea6849301a,ok,253,894
d70cb677a015472e7dd60f0190b78a91b3570a2a,ok,35,110
280cd1a82ecfddc00615de7ffc89f1419bf3fe0d,ok,512,1674
eaac6a4ca54aac79dcc1b59cac56f03a06e592e6,ok,59,198
81186dd842140e947a05563c1f6e58384a23d70a,ok,31,100
7ee6491891297b102f82a3bd772217591f599654,ok,512,1930
13c4b067f73649005d225d53b31c198432c585ba,ok,61,200
904a62a8344559b004e9cb7d2bd09f85b695fd71,ok,129,440
a514b8114035a1de7139eb830aee6f463ebc1f4e,ok,195,691
39d789d565535e35d1a8e37ef784b671ad7928b0,ok,183,616
a0f3df2050de80adf5f447b9787c42ebf68b5fe3,ok,512,1859
1e2378296ed0b8e29d5c04cbed5b6c8bacb08fb5,ok,325,1124
e487cf123628e5aad6aea21e5fc2b59f905c886b,ok,512,1820
6f293dbeefc683544c947549067ff87fa8405d45,ok,512,1844
bf13e7e39eb1e1450f10969b8e2c0413254acc64,ok,227,808
4e7cf5b52c073afc3b32a42d7ec7087d046e040d,ok,512,1878
0d957a9cd99793b36b2444c8e809cbffd40df153,ok,33,102
cb524edc4779bf2bff5006d6cd5a7cc87705519b,ok,512,1918
61aaa25bc2870a45034865be127a82fc8d4e9665,ok,184,655
7d6471485740cea74529e5252de14c3dc2dbe088,ok,512,1806
15521b455f682bb1a070402f80bbe086de2207af,ok,23,72
21d46ae7aaaaebe8879b704f91d4afb828ecb192,ok,512,1849
4bb4879c9a157a6b3eda4643fa5fdb99dd9ad357,ok,308,1090
1e21b858bf5fc150970f1502d919ac40df7e953c,ok,512,1842
544182ea8e5fb3ab4bc1b7dc1e3452d69cedcbd8,ok,512,1878
4d09562d1f73940e15fe22cb96928f8879c918c4,ok,512,1833
eb20be1a6546ecd7a3b978e4d6d87d8ebaeeee5b,ok,451,1580
9e74266e79abcf437d787bfc7916679bef9a13fc,ok,512,1768
d3c4b1a94542b0b5174cd54b170ae18defa25d32,ok,202,688
71cad0791e3d609b48da67c0fcb728db322db287,ok,512,1798
efbb89e4b85389350fc952865c9a17eabc79fc6e,ok,512,1844
eba56c3902a69e8a30b6d697f68606f10649fc0d,ok,512,1864
fe0c58dd7144c93996f84a81a531b7c172ab5822,ok,107,374
c63cfff6f8a602def8b8392f970fc896c9c27e5f,ok,512,1788
c803e09392db98c19849b04bedfa17f2b45990c0,ok,512,1868
6156b07ac2c40edfb7f732e382e70ce927e64b9e,ok,512,1782
75b301e41922d55d8715fb2de2f63f356942716b,ok,512,1785
99b9436d1bf0cd88bf4f28412a80fb404abdac3b,ok,258,934
54a088f97c554730ea7415451289a05ebc133763,ok,512,1813
0380d8964453967ae8cb083d53637f3914dc01b4,ok,512,1801
481c7112fb197cb855d6c0a37fd94886bc7f3a8c,ok,87,293
2f175457884392380b16ab00e1e277a0e95177ba,ok,512,1833
004fa428d77c415d940faea3f4919a013d241f78,ok,459,1631
6c533013acdb54dacc862f2d7476e4d09062ca1b,ok,512,1810
c9e8f1babbc802af867303c9a017d76d933b5f01,ok,308,1090
36b148bc8cc5382c255d685f34e01a4711486371,ok,39,130
85eca5ca978492699006a5370ca218e36ba287b6,ok,512,1766
bd70e3efb477dd94fe9bf3acd0b62b40cb99c27f,ok,512,1844
63a5d85c08179d29920af736f228aa93a8cf5a8a,ok,512,1800
6d0105ed8a630b76703a864e8be9eed9e31abd81,ok,512,1872
5ce11b142c24225409d341243e9bcb84f7bd276d,ok,512,1820
6c7fc6fd57c53abde4429c27b060527bade831a4,ok,512,1795
ecef42192a55a345b09f0aa06109e610c473955f,ok,512,1804
96a8b0d0d7aedcee8a3f0369a47a596bb95f687e,ok,512,1858
fceb9b794beea4f278dc35a2430f35cc1ca77e0d,ok,512,1844
bdd46d20be78bb2dbbd08f21af790958f672ab7a,ok,45,148
3f369b07c07bad06030f0a547af6aeb5c8634247,ok,512,1866
955b7475a774211019187b4a1579dd13c11f4c03,ok,512,1810
1e04fd60c15559ec043bfceef388e17d7d8b8095,ok,512,1850
1a6ea77c3e1e54c5a780bc85d3d2211181845c4c,ok,175,590
4d300d053b18ca1dbb25487636016b806cdb6adc,ok,36,114
1993ba920fcdd33c03779c1195da701d527641a3,ok,499,1801
8eb272c2f7f4422c2bf2fcf3dc16943fc54abce9,ok,265,982
8eba0f8b50693d73d63526b68fc657ad0cd840d7,ok,512,1836
e2173acfd19aab3f4a0593b9bc0a1e834616284d,ok,84,282
5dad0344f50e30365aa71d02328e0d7cbc3dcb12,ok,512,1834
ba112ef9e74dcdfb6cd6d33292e93d6d7f86e13f,ok,223,808
a0405643712dc27e0f45d1ea308a8d2a632b0787,ok,301,1129
84664585953164ec5ce5b0151d1ea106c4cc3e77,ok,435,1595
cc93958a464392eaec5076163543d5d90fb44ff7,ok,74,242
a75cb7d2725cb54eeb4c5c69bf626463a38e1276,ok,155,562
124960ef038724f0fa76c0ad42b58160fa8dc27a,ok,512,1788
584c7cbf02c38213943552cbf9882bcde0bb5d31,ok,512,1854
72174466b907f451df42d43c04f2424438b01db5,ok,251,905
d8490868f355907b3f8ffdd8bbd14d7fe04a202f,ok,512,1837
931416a9f1de7c1ce6a2e39056234119da298b5f,ok,512,1846
ea123364563a108fbe2dc7304a04a392c8ca3f1a,ok,512,1812
deebdbb339e7b87bf51a74d99f01fdbe6203aa54,ok,229,818
1da33bd0078c464ea738e09cfaba5320c29db559,ok,21,64
a69d22c53d7501d133ecfe54a13bb82476b1605c,ok,512,1830
c2d47a741f9b7625bf910e8c8ab6366bf800a17b,ok,167,577
94e45a06aed8bbde6c9a4579f8a1ad5d03e1c65c,ok,512,1910
30ff660eaa2f7f7d5166b66087c914fb707707bd,ok,129,450
14851fbf876f94f54d80abb5da1605dd9319061c,ok,311,1068
4650096309e35cb00979c3ed8fa8e9cc8f7afb24,ok,512,1795
3e937cd62c021e3deb4ba8e2aee1b59344ec7959,ok,425,1510
51e66cc3ad38ab4815e0f1fa5f5580c5c242ab83,ok,512,1814
27ffbc5a876c274b8323ba410a3233d4499dfbde,ok,512,1788
ca406d342de3167ac7b50efabd21787e36c0f870,ok,512,1760
404fe479615c9ecb56e87b4c31ba00ae3d3e18ed,ok,496,1806
04185355a4568fe01c548f1de51633bc69f9af80,ok,512,1656
5f7a468b5db97ef61f10ed43ae099799f827cb39,ok,512,1836
e73ca12933f3630843bf5ceb1ec5446e85314824,ok,54,190
ec946cce5a24c5672218f1b9ce23e773c4b5c227,ok,512,1870
eec10a9cba0280c4dfe544b6c206a51954c6c8cf,ok,51,170
36554b6f313cc625eaee9d770b5dddcbef0c09b1,ok,512,1780
d9db1478de4bcf4722977b5fc454a8aa210bbd59,ok,427,1534
f85e5e46fa9f029ce805a5e8b27d46201e0515c5,ok,108,356
e4415eaddb93bcbb5ef35cd5a58b7c7d29165596,ok,512,1889
a0590521bb8b2ee5e67d4b84f56262b916ea2997,ok,78,270
2210dd7ab67c96fac664f0c37da69b0a331fed61,ok,379,1340
9f9a1fcad73a93ccaf4369ec6ed84f37545303f4,ok,126,434
0d6284e13110016442ad4ad35f4ef599c60f17a0,ok,512,1879
b82c0077edf48e0cd5a1cb6befda4edcd74de8a9,ok,31,100
f050fb7a2f88ee9333af2969fd951d5b75d0b8d6,ok,512,1888
ada23add4c54c089876c4f3d39a08cf715462ea2,ok,512,1882
c1210f5146810288c9726b5f081d15816cd71695,ok,503,1758
51743b364d3b2f205d71ccd91eeeadec506117e9,ok,21,66
b6a25704b42f303180f19ca14f09e252bb1ef160,ok,358,1308
36640690babcd8c96c61cace6a7fd40fc2e56073,ok,512,1850
c0c6b999798d826514fcbeeb2c7e3c5e6ee7d23d,ok,21,66
fd8f17529e433353b4c3cd8e2d2bd87e95370508,ok,396,1416
7880a2edba26772cb9003e5012b3ec9391a1f4ab,ok,512,1850
39f9ab7405774c96247a221fa1d8742186cbdc96,ok,512,1818
73533e7e7e26c28a53d0359b850e71c5a17a1ea5,ok,512,1869
b5b8a8f07efab3589ace1a15a4972c4099b445d8,ok,512,1785
602c496be8180fa9fa8697b4911e2a733364ba38,ok,496,1763
c56cfbb81a040ae0981a5e1a55eb3e0dc6560d8b,ok,512,1772
b61087d9c84bdce0980f320f0df3b5cb9cdfea8f,ok,512,1860
a75f8f4ae9fa0608f6c09cce0d9001d908766e02,ok,149,550
1b69e77adc44c476f4e2e5a96b407907fc56cefa,ok,92,316
76b4822ca315b9c1215130da6d1c6cf439d29664,ok,140,490
dda54ca0c60d56d7a8189f4631b2fe425be57d8e,ok,360,1283
4b8952d99a24b0da9004344bcea8a7179ab0df1e,ok,512,1829
b2d4dc0765668ed6c7118b5121d634c92c91ab2d,ok,59,192
9e33594252011d45401012c4f8aee190eb6ef00a,ok,512,1800
3bb44e71c22d25d2da418338a07a829ebe1bb4c4,ok,393,1384
d3b0afc3cbfa77f8cfd56e99f23acb5c37c3a388,ok,512,1868
9cd2614f493e1c4e2a0f9ef067969e6d0f72f628,ok,512,1852
3ee9cf46feddf2cdda983cc7710c1304dabfe636,ok,512,1841
ecc4d6f786d264fcdd698b1ad0cc1ad8d6a621aa,ok,142,517
8445455b5439511c3579a1e79e5f65c6cb25040e,ok,512,1802
2c03c359f5058153401f2863fafef68570bd4914,ok,512,1859
2f5b0537386ce0c0a72694d73519ad1bd45e1609,ok,204,736
576303ad67786f84504256bacbc0f6b10a16f2a1,ok,512,1734
c8fa829382cdc8cbf84c5bd79b0ef597d972f8ee,ok,181,623
d1ac8ab6f93d588f01271f208212ebd0ed8af8e1,ok,35,110
fed68a203740ec530b782441d200e38f7fdecad5,ok,237,812
b4ae2ad706d3dab77d3897df6bfd36bc9d6516cf,ok,95,326
78cb9d04f5e7d3dc6779a3cc16a976d8ff4d47df,ok,55,176
4450f24f22c664d35163d1157887f47ec147a403,ok,448,1636
03ace9b973516dbfe022570cf69a66af0cd5be4e,ok,512,1838
502d8636b77241801a629073de297f0bc2e0f5a7,ok,85,288
522f10fd33ef22d68e9d970963ba385905b8f256,ok,69,222
5b03d4aab24f203cdb17c233c9dc3e75c484230e,ok,436,1528
4e786b7d2ff5e5656fa74d5baa583384679499b2,ok,512,1824
f5926c0cbee1834f0826bee063a99df3aa5f9e05,ok,512,1792
fe747bf2869d549d9adebd884408ee6222bd3882,ok,219,753
e38132f49cdb064cdb828d0d21958251523e7e84,ok,512,1771
215a99c4681e8d3e2bc6c43825d88cc403ff68a2,ok,512,1824
2cc43c01b245dc4c17482fcbc8f6841a89440756,ok,512,1800
f458a0be4dbefdb97a12c98ea1b23330282bd9ea,ok,121,412
6cb3097791d3cc75cc62a19bd983ed897f362f42,ok,220,748
73f4222b741d08fcbafc0f0fb0ef2c74fab85169,ok,512,1823
eac69c10ae63b8d03b51507993c14b0982435000,ok,512,1800
90f2f4494383e81d6ceb66fd5b8c29d0a3ac460e,ok,512,1796
818a94c5a503aeae7f4aa7742928cce9fc22e8bf,ok,512,1844
4e3079f38921fed112cf5aed971050909e145f2b,ok,284,974
dc9f1c6161dae0a85f1831036d77b649f399611b,ok,32,104
b0d08d20a865e65bfc1d40b621a2259f2cd12dc8,ok,512,1876
8945130ca7773d0c3f9588d0566593057d3c1b29,ok,512,1804
0963c2fb5bcd923f39eccbff9dfe2ef3d0c836b9,ok,392,1377
54fe95139e7790e2bc9f10badd841dd0ea780eff,ok,512,1819
e65d46d3de6223656e4a2902bf7d161860c6ebf7,ok,281,998
7c55eef94d2c4c65e11e3fac658e1603a0a13624,ok,175,608
cffb47ac43e785cb27f1352b2827214a7918a46c,ok,130,444
5e3df9660714c56ea7ba1b374229e3cb7d2e6610,ok,400,1489
860348ca89ec293b80f8754f3ad2ebd786ccb71c,ok,512,1796
1da20c03940c3f24afcd440849324d5d3e78b0b0,ok,512,1847
b991f03e1e649f9d6e7365981f9c0a70c31caa4f,ok,46,146
35b748124be4873d489d6ae099da30a5f58b3edf,ok,512,1838
d1be76062c383986dfa53b1b3ab885f38d923e56,ok,70,230
ddbfbea4828689cd68ba4978f199724748c74e4b,ok,512,1819
d5046b29c7ada4ec4610185729bc192ad05497e8,ok,512,1888
9e1627ee8810a29cbd93edde4a127c6f7629bfc2,ok,138,468
973499497a13533b8a0f7429b706502a9b70efbe,ok,38,122
20042a8647865eee6fa2adb902e65b8798fe48a3,ok,512,1734
3d6fcc451083b4637e551bd612327f78e2ae1c57,ok,375,1327
ebcbab16f7302261afdad592fc90eb320a84e533,ok,38,122
c508009035da376a41ecf57d99e950428599aadc,ok,59,202
79406ab723627cf663ccb66ac48c69a2e55d1336,ok,512,1873
7a347d8ddceb2f661ec363ccea55a5d1bca240e7,ok,512,1784
ff37ac69fc3d73f07b817248520b69ad09a1c1a6,ok,512,1743
8b465d11e32d210357d2bf13d14f885ff7f26d2f,ok,413,1508
424607b3cd63b4e84450215260d8c81cfa23607a,ok,26,82
72057f0c24377c489cf7ec6dc7ac63113535f2fc,ok,461,1572
ef5a6be64e0b77b6a0b961e1e0b06712a335a466,ok,129,450
1ee0487899f3ce504caa37a36db39b0d62ec051b,ok,512,1843
fbbca6d025963ead4653c574d97fe86638f0e1ce,ok,512,1854
4f5f17a5d85b97c1397df2ac22a3109c8126d6b9,ok,512,1803
c5b139dcf5d4a90c164c9843745975269f22376c,ok,512,1814
c32b8bdf2998d712272f24f742e4d3f38c48c797,ok,145,520
6cd878953dd57b67d88dcb65862ebfee9f45e0c5,ok,80,272
be1bcf448115c3c7b90fd7f00030b700b4649ee1,ok,512,1787
e0a0fc58b7e23659797a4c13ec684beb5d5be0eb,ok,512,1826
53cb6133448daf2dcc7a1076ebc464d8a2704646,ok,512,1815
ab85f055552ab2d899358ef920a6bea491b948d2,ok,465,1694
3ff5e4b08fa78d357c182113bef53616e0a4d60e,ok,171,592
5354ded0745cc8729b26297b20d7ec355c37295e,ok,103,348
b086b331d014e5a3b3d12b644308b56200be35f6,ok,512,1770
7a153c399364e1b8a7ac6b4d48b64d63aa11b2b0,ok,260,912
96ed9a5efc33629f3af7965041662eda46a0fd76,ok,34,106
0d6a2b95df92472de003a6b2d8960b962749148c,ok,200,702
76596d54a9bf129f459c00ef8f17a6f1f28d2475,ok,257,944
d582bbc35c99f67b0aa8753499033aac637df709,ok,512,1771
d149f33ca33537eb59fb00991544d70c2c6e2ebb,ok,187,638
ea10114333afc0a74f36d45e3f57c6ec115e345c,ok,512,1806
490c751438d37e9f058e0984905add3882cdd66f,ok,512,1908
310520d13e665b7cc157fdf4a691f7c04644a68e,ok,268,926
100bae5536df0530957f05b33d3f0b86637094f3,ok,21,64
6870de05ba77fe3cb0b1c7d9b224f8c5c72c1266,ok,11,30
1e84ef061cf0df35648ccebb3661fb5bbc2c19b0,ok,23,70
2b1f016bb1f2451f42bcea591798d158a74e28a7,ok,47,158
92a0bff995788fd1f9cd0313deee693160fca9fb,ok,512,1874
084412067189fec465e801dfbcfc03de5452de6b,ok,450,1643
25b8cdd471d7c82d27002b687aad0175aab7484d,ok,512,1811
387b801ab52d776ae8b18e72316fab8b59f737ac,ok,512,1856
c95fdccb7e9a4c5dd56e844ae06845d2ebe1ff5e,ok,38,124
b1f64c0998a26f789626787fa9559ab568ce8367,ok,25,78
e5cabcf76f9a2e9d6eebb9e72610e3d8fcbdf4b6,ok,116,408
6197a735294c2ef3e1bea49affde15961e044a76,ok,512,1857
99ad9b6124db18db7b379921b780dd061ade1be2,ok,40,130
4a34e04810e624753155ee2c9cad5b9fb6f776f7,ok,512,1878
10e79cec7a797cb86824733372582e163d5151a2,ok,63,206
f03f58d43ebb78e3d5266ffe07ea09751bfc4ee9,ok,512,1883
b30fd571e7ca863705f2bc07e775991761f20d5c,ok,196,697
48409a4ab206fc36ed607c535f0d4dd4ecd3da12,ok,42,140
714c7b7fac3309135c16c451126c8ea57a036c0a,ok,110,387
a239129006b1758f953b08edc2433d3858f5e48e,ok,317,1112
d4bc7acba7ae90decabe36cdb928ab51acf0fc06,ok,512,1836
a91a7c76f47fb2f75daa80d91367d7c61daeda4b,ok,231,842
001157c9da9cb74a25e775571fd6307b3b7e89a6,ok,39,120
a93846e6cda366a9e3bcf86a6c569dd064216524,ok,512,1850
901835c4b3272d3bf8c0c40750ac62c06d597145,ok,512,1162
c6b3e6f27827d84ba817c0cb48b10838b8bba2a3,ok,65,214
6c9cd55ba1a60da51246aa8d19cc4e9b4c9ff00d,ok,512,1873
a692e43e34f323111339d02f6c2958824202aa27,ok,352,1270
f0d99a2ae282e4aef4406cb41599aa48854a80bd,ok,512,1838
b1cd8575229b7bb7add7e5217448831d8028102f,ok,512,1872
c11f5342277c26cde819521692892b7cb48d8a6b,ok,245,826
310a269332e489f00f7af76f5a858df581871381,ok,512,1818
15c028ab1069c7e858513ce36d56452f4241f7a9,ok,512,1754
c4c740c7236ddb5a661950ca3e6a64196ccb0109,ok,244,835
cf0c03bd6be9e53a7f2f5e0e49f0ddb8659567eb,ok,239,818
9eb626a6045b749aba503336cf972a245abb3582,ok,512,1811
32f2bfa584a3fab59f2736310d74d3b6d9368e26,ok,34,108
b81d66c4cfc97017cab6dd93e74bcce147e68263,ok,215,770
40354ecaece7387d993e51fb64e56338efbad748,ok,512,1844
4144ebdc616af1b38d41207541a5644847a5fc79,ok,512,1830
3fb5587e9d5cd4b9d6d02114f64077547a24aa13,ok,512,1850
c9601651461e165d86068b0022f10979423feb5c,ok,512,1898
28ab90109dcb18129f322c0330bf715d6588effe,ok,512,1731
9d5ae1fceb7140e95a90053abf0e44e8e91efb14,ok,512,1758
e196884226f59c467b6579ff9b58f36a2dd57d7d,ok,150,522
2467156bc769fed504987d35d8e33c56d86a875e,ok,173,594
875f1632b05d41a6007aa6a1d87c3bbd2e6882d2,ok,291,1034
5e3026733be8341ba7df85c136a43737d418c2b0,ok,512,1924
2c0edf485810de2b32ed351760e3e39be1bfecfd,ok,373,1322
cfd9e015b19440b7b6ef0723e363ccef2721a2ff,ok,25,78
2ef67e3eecfa26e8d3e752e380c457734ece315f,ok,512,1805
5ded7a8cf3c975bf56a48e34e4be7820903c73c2,ok,54,184
0540f2e92b98de58d74c3c61f8e0e438d5454d20,ok,512,1764
efe325c4d479d65b36d722cc635d1f8d37f4fea0,ok,31,98
3e7e01379173161fa95811f9f7870d7c2f27962e,ok,512,1796
42e40d3d4d203c3751cc7cddcb4155bf7a071417,ok,164,578
62d56b4659726af8fdf656346141326dd3ac76fa,ok,52,184
a112a3d335027e445c640404fbeb495b81f9ec01,ok,129,450
2d1c253864c57d6e52072edb4ccd18086c9aea0c,ok,120,408
dadb1bac66b48b077290d4802b5594472c563004,ok,416,1533
075a354752d952f2bd9e2854bb95f94c98f2c88c,ok,349,1244
7dc627e75eaa56714027f890e2b746f962104425,ok,512,1795
d202007e6f82f4116c39e9a70091ad084119a355,ok,512,1826
c3f7d013caf82b4998da219cd7aad379261d4725,ok,512,1805
692c16704394af3bb983060329f425a4a11a25d0,ok,138,469
166c92449aabaa54f0bf928b4c5efba53c076b14,ok,273,980
f86220e9a8dc97c8536d3af572512627c9319169,ok,105,358
10c2e2af7f9101382bc171aca912015722fb60e3,ok,512,1810
e214b5025ee8ded7daf4b1b23489282d160291d4,ok,361,1314
b79e3935ec5a5dbfce21c0cbe4d4dab27faced05,ok,129,450
619a5224a7b09fd9440042fafda8b39774b98dc9,ok,512,1785
a6b5209ebdae552142c223aa5d8cadf0985f2ee9,ok,512,1801
9bc7a70f48d76281eaa49f81265481a8237e8e44,ok,144,498
1d9eef81129d88c31cfd8421c88818c5c399bf0d,ok,379,1399
0c44f2ccc5184be66ed2e708845bf1839877e3fd,ok,512,1881
5e1153a934998048b1da4d0918a55dff46334fde,ok,512,1850
31677d6d36b322fe2fd7e16eece6bab6cd861b54,ok,512,1838
0e977c06f587e5f984b7ccdb02a4267d04882f26,ok,512,1864
fd8f219475c1807e78ca6e71e2e45ecaf4d8533f,ok,14,40
dbc126c32d759504a147c4a5478ec7d75b2335d6,ok,512,1814
fea8cb2a532b56035eacb1a52c142129c484bffe,ok,484,1818
d290f2499f41c662ec1a4f53bdfd3a7091453946,ok,469,1638
7a3815b0049f767ce6716c211e49b0b21ddbd87a,ok,90,302
4f5c9872e4119592dbb078a380d05385a02f47dd,ok,53,180
a9a41be2e4b558618632cc0b9856600a41654bf0,ok,501,1768
ee33636eb18b505fae1b1e330f6aaf2854f1ed85,ok,198,676
13d75ce92fa29e02b8b08065edba80f3c0ba27b0,ok,512,1847
e862ce7e46eec9c41cb206a5b521c1693cbb880c,ok,332,1176
6afb2ad2121c7e99a90937c9e91f5f39d0bb172c,ok,489,1792
6cd7053ee5887e67bdf57177cea36d81c2028a47,ok,512,1810
74c08684b752d9ec604757f137ff4c014ca4d46a,ok,129,450
35601852c63e3c2a918559b5375b245b90afd7e4,ok,512,1818
d6c28ab814a082a603927ee270290e4c9e4c2058,ok,54,180
24e7a374ea5c3934b491f9f5e10814d1cea8823f,ok,512,1815
d1edb580d98e3789fb65680b128662ef1bf45617,ok,512,1879
6cb1b53534e92741cfb5fcbde6b78ebc1833d541,ok,512,1815
9e7dcd8aea02ee6a5b993258d9344b8e2916eb12,ok,318,1133
8c1d8380a43965e82e208b4b702c7918c8f64b17,ok,276,970
66d02590a97ed211a36335ad5d74370aa8315092,ok,512,1807
924401c108322200f8fe126a8cbf9faa91340948,ok,512,1768
d7f63c5ca571f4eab555c9949182dd05efd3d431,ok,186,642
2b9791d122605dcd972c569511370211f88da491,ok,201,714
032a6b1d2016c52b1e1e5239f4589cb5967f3cbb,ok,100,344
11b1986c23ddeb671e1ae138753f64635b02165d,ok,169,588
eaf58c95c2cc391987bcec53c401cde24da348d4,ok,512,1824
d6463f92be53d55bc6433f5f276dceb274c873f9,ok,63,204
d2188f16f53ce04014abfbbcc92d232f996e039f,ok,77,265
e8b1eef7080485bc5bd746d95fd888bf36cfb7f0,ok,512,1874
c54db4f16deb1c5d0f23964185be7f6531a32409,ok,35,110
c6e2e1cb07a83716711cc57725ebe4525a0f67e8,ok,512,1830
b53d465518d02fc4ece4d16384eec1159e84f433,ok,280,1000
128e7f62560e61e9b0f3e181566034e00dfc5123,ok,58,202
12b183de3647fed2e7db0c60adf81085e05a4d8f,ok,88,306
64e3d2117cddafdc0ccace487937f91c010c059f,ok,512,1805
bb44f4be292e769c9e9171a2976c1227b6d98afd,ok,502,1860
f56bfa570d7289ff2a773465e98d07e800a963e0,ok,152,526
84c6a19823c019a6f8200b3bd603cced82c9f464,ok,347,1199
64fff7a2ac99163359d6332bdf9437e1ece006af,ok,113,395
49439aaa16451df10d361bcc1ec556706797003e,ok,512,1876
af31899c2b013ddee70e7b463c1fc110d5ba0f58,ok,512,1850
c0c94ec045ed716f3ac76c9e617d578655149a25,ok,512,1782
83a7a14dbfa85b6b9689460818cbd0b6f3bc7e9c,ok,40,136
db01d3a2720c8203bb8e7b622eb6118cc14d8b7b,ok,512,1894
c3a81e917bbae5a48753dafa2c5071c05f45f2ff,ok,512,1750
e562be181c0f428cc1bfc4af3d32f0ceb54227d3,ok,129,434
47f42f6d880f3d2592f67f132bbc781e41744d46,ok,44,142
06a96016cb10d285f92575271c0e0269a08b9aca,ok,98,344
618bf157cb971f4c6cf2a2479fe40ac9a30056c4,ok,214,745
3f0ee925120c00d151472a831db87679c1d122ce,ok,96,328
9b2637c0bb77666724bab6b0433637d88ab01c4f,ok,512,1824
007d2f30c5444c42e453be4efc84d19b292c0f5d,ok,512,1870
f5f719cc4a53a79bc43acbe40df371a1e395357e,ok,512,1838
5cefeb72ed5ae8287479c0413c5f89896524d3a9,ok,445,1619
b11518375ab9917c2f263f8bdc611a4ccd55c812,ok,512,1824
793540eb8d18c661e065374b67fc1df15a8b3c52,ok,512,1860
dfef0c3b7fec61081353b04835083da927ac7385,ok,512,1743
b626f8219a892948bda838181e43019dadb24bfa,ok,58,198
9b4a0ff59dd7b405c0cae3b6a2281549bb373b77,ok,265,967
0ef2c54e9458c49b2e57495860aca16a82df6daf,ok,34,110
33f0e8a9698e20a353baed7d601154ceb024e5e8,ok,115,394
a1dabdaac1f3f618e01f6132a76d8d0f0211445a,ok,51,164
b89c2678a1b379238eb9c938096683dc28df5424,ok,512,1943
13b883e6bf74f2043da74dff0ffe52417fa5328b,ok,512,1747
867fa16fcbeb29fd6085b94c4404e25bd156e65f,ok,80,266
50b30d51aefa259daa57717bc3187fd76e45c88f,ok,490,1832
c038bb74515a5b0169a42892c9aaaf2ddf05a18b,ok,387,1389
7e1b421f5207207dca53ef4899f8f611a7f90124,ok,512,1893
b4d39ed25f7bd803dec003469ea5d003232d78cb,ok,512,1943
8406e629a300ff81e2dbaa2e3630eca03be94f01,ok,512,1770
59e3688b430ce72239bba4f5a56c120313661d9d,ok,464,1690
9b2ea6f43a0ddb9b6f8df99075d034e887124337,ok,512,1768
22f6f697273ac4f0af9b6b5247e17c9ecc4bdbc3,ok,512,1821
0cd87297202566474aa074ec70b043694a576250,ok,512,1754
b4b406e267942e2eff7a6ff154b4492a2745ba9b,ok,25,76
19a58091a88897f7f74b0369928a3ae749fe20bc,ok,512,1796
eccf763cc827912445a5be198652e3b4059b6a2f,ok,95,337
02e5364f32325fd435cf95461fb28b1dab0c45d8,ok,214,763
a9668a92e9b46136d9ec743f277b17254fac02fa,ok,512,1866
5fbaae31e57f58224922536a7330a5e8df7341af,ok,164,556
f32f46dde28267b2b0b81e19457578a213495854,ok,512,1862
f04533912d4e30908ef8d0d91f8fe7af1955bc0b,ok,385,1337
8c7585896687a36ff6746e6c791196ef5e164f3a,ok,193,680
03b46112cce113084d47dc320b7cf774cc528806,ok,512,1785
0aa41e7a1d9d4b00398590fb48a273dae3a48281,ok,512,1824
27b1f56b0b9fecec53698b882ba8c1cc52e4308b,ok,442,1529
3ba8646f3b509f5323b69febe3992562053dc68d,ok,512,1766
4f158c6bd241cdcc4ade2b10a083f634c3350e51,ok,209,734
44f38efc8906dc4eb25837c5f82582b71077525c,ok,39,126
43231d2c4542665117eaa3b5f0f14291d3be59c7,ok,230,816
edd90dd5d4bb6ff17a859a8c7dbfcd7159171309,ok,47,148
dc83bc6fbd7ceba0a030c3f6bd8fc7c4540f1cd0,ok,512,1830
199b9e4aad969f3adde87bfa8ad02fe7ab374bcb,ok,112,392
7f5156e0a554f3faf80257a9c7541677564144c0,ok,251,872
a3625c63bb17e352c0bf638fbedea5a42855ca41,ok,512,1755
0e2ffed690f510990e6c99be1c29a80ad89b562d,ok,512,1758
2bd43d3165f8bf818ea9b6ae4feefa9d456346e0,ok,512,1813
c9ca723b2b6c762b6d11e0aa603a33373ad22366,ok,512,1714
334065868c47a41cea017c7cdcf6fb4ae017a3f7,ok,322,1151
e72540c16936096824d3c64c1e7930dc4e1de908,ok,512,1889
115ba51a31495cfb4621a08c1caefffd7aaaa003,ok,326,1166
11dc1d9fab374816b61c12b630e0dad8fd7b64b8,ok,512,1792
fbbaf08a4c46cfbdcd644f407e0e07b90f7b38b4,ok,481,1780
1c6b895c0f5f56a50913fd46240888d1b0d1d5f5,ok,512,1904
a158489e9cf5333b2e5c64396485cc5424ba802b,ok,342,1174
2e9e866c1462f954ef082f132eaa9af6afcc236a,ok,284,995
987d13a0cc4539b75c477d52cc091dd0a0d3c311,ok,512,1835
43cd73ec7653684321ac4f5562ca1c94a70f9dc8,ok,13,38
fe8ec773e3069c3cfcfef9ddf3b61c87f5604e96,ok,98,344
bade10df0297db08a5f14a695258ede41af4fda7,ok,512,1868
d9747cd36e1521215a2e57eccb9facbb24bea0e7,ok,51,164
43249108a97cb8888c2b93d3c842631e78a8529f,ok,269,958
0d052687d7ce848c66548a7259b511d276e56796,ok,512,1846
e5d23d4fe88866d9fb9be374c2f4045f3feb535c,ok,402,1437
fb5e47c5f2f3f5f538caa4122fa7b197c729b1c1,ok,512,1910
08299214a995cc172422e37576895ae09ca501c8,ok,142,502
af49cb4788d0ebeb45893c14e1008272163fb83a,ok,412,1494
9e79f17ab1affca3ebc18ef9c94ab91996d19450,ok,25,78
7dca0becd32eb035abf255ae286e57cd9f5ede8d,ok,83,274
ccce4176dc9146e957878a4592d758f08e5312d9,ok,187,660
1a980cd75ab28a27e345dc23fb28f56a3b4f0f69,ok,512,1744
cfeaaa7cc044838070b38ebe621ae236074b6fc7,ok,86,296
77eeca5c018f4e685c463b791a7faea34c40685a,ok,512,1756
33197b855bbbbb98e9b8d1a4f9b0bdfa60fff0c7,ok,216,761
b0453f57f530ca4a34ebb035225435d41df53c1c,ok,512,1807
e20a19ea24e29228b4f9bf0927ee41dd3e5bac1a,ok,411,1447
e32bfb7c15c9584a1a432735faecb0d2d961d82e,ok,399,1394
ba4622ec560f20528e70868172f52e9de7516c61,ok,512,1814
87e596d88a786d8d13dd85b97d7863244410f2ee,ok,512,1846
28ed8b3fb3057d2b75d34731b9f619f67e7c2f32,ok,512,1809
f9b7d9e3c14247c53e68a9b86a2bd6e5dea97206,ok,25,78
74cb24658e0b5e01d0a4316e6f440f199c909b85,ok,512,1775
5931a265422e3ed3299a3148e57600f144c4a524,ok,512,1918
b47f606c89120e21da236423824fdeb8e64ba3ca,ok,56,182
e74523304452c6801d091bab2df9f2f9042b0295,ok,25,78
bae0ef3338f4ae5f698a61bef9ae0cf2092e92bb,ok,24,74
5d03ed41a9350fa8eabcd3e64519a6a49d31b245,ok,512,1784
8d855d03073ab38bc60e21859e1ecd8dd409d32c,ok,512,1962
63e5aebfbd02acfead428dd01eb5d9e8039bf9ff,ok,512,1818
6d446fa6e3d2f799e197ee78251c1fced04e00bc,ok,235,822
350a692c8cca3e9d46a2f31390f045b3f9d6fcc2,ok,214,745
9332dfe921e30c93f76e00e903e909299387c34b,ok,205,736
b54332348e29f736ec0144a9bccad2f6a95149ae,ok,108,368
e72e4bce6492dd0950fd45d28146de936c197638,ok,163,564
bd16f2bb876c9e9a7b2f3abb3ec969686ea9eb75,ok,116,410
991d6649ac89c3116b57acc619ccec072e8a52be,ok,512,1833
8fa4f3ba292bb93bd2d2be32f162bd39d6b97305,ok,47,154
f49f0112066b371b88ae0f23eb27f6593fbb367d,ok,253,840
2e545bf176d02c641a67598fff008d487e65546d,ok,274,934
62501438454f12917425557d5a4c2a67f07ccb86,ok,512,1825
12b029704fb8720d0d59ca92acaf30f7acc819b0,ok,234,970
2d1fac07eab4129a61c1aeb04cf7def88b20d021,ok,512,1822
1830fcb66517714692fd71d5f635f96a9cde2c8b,ok,36,112
2b74fb19b3e21e7cddc9ef3b34b2e85be4ce7736,ok,512,1864
9f4ceacfc2bd2a1a7a8132ede10f802f807509c9,ok,427,1498
93810cd7c6c74e87a34d52a0ba9711309bf34b1c,ok,22,68
55cf7169db41d23cb9bf6d24ccf1f09fc47ec694,ok,38,124
94d5b67af285f2732d6c5eda3ffc0d7183f562a9,ok,149,524
ad9e421333dc07bbb41a51ca6619fe9fdcbcd77d,ok,512,1838
ff31056ee4d8bdd78b6c64375c45c3545929db36,ok,168,566
d9f64f5e0674acfe2b8235d500ddba320c015146,ok,512,1807
62be09c41351111d6d7baa6ce409071533d4cd24,ok,483,1664
16db00f363d8533f38f0990b1980d3ef34237662,ok,512,1829
c4c894e3a5447f2870e0e8c7502678b7375aef48,ok,512,1832
7f7727ec463a8153fe68a4bea2b102cfcfff8229,ok,512,1680
23a1b05163ffc3f84848b3764dec25515c66f024,ok,441,1700
2122d354f522f4bd82cc22f1cdee80ebe4b664f4,ok,80,264
374c8f5108ed584fcd05f355132c79394377608d,ok,40,132
cc727d1cb025ff9110cf9893024e2d536133f548,ok,84,284
8075e7d4c3ce88689acde8e941735d20a850ba03,ok,512,1850
39001eb42111923cde6ad34f05074ef204e6eb9f,ok,512,1810
027a931910f6cfb7df2c89307f5616174c6fed77,ok,354,1238
1e51ded610e72cb05c1a080375dc62f57e8a1fc4,ok,354,1240
954bbf4a370a03673729382e9a29f6dda1cf8c3a,ok,47,148
6208eb2981e9c31972f8c52690d85156b557f7ec,ok,33,104
537c4284cf17d45398900b9941f02aafde021f7c,ok,394,1433
80f35b5ee9f4c84d06e3fd575d493ba9770431f8,ok,80,272
d552a9a7a8ce58e910df22d70939436da72704a5,ok,185,656
b5125f8d45496eda7b4e900126de2338d136d4ac,ok,369,1319
bb79821934c63cfb168fd512fe0ad444903f14ed,ok,512,1794
cfdcb8d71997789eb7a700802523b931b85bdce0,ok,334,1207
88650d32a594bba222eb915b8327116be3eca149,ok,120,426
77394b1e1b235c8cfdd693319704909650bbc100,ok,63,208
452cb1129bed3f31f56444c804f2cabc6d4833bb,ok,102,332
a2b47660e2dd8ca11209f3c206597cebca7636b9,ok,111,371
302483e10df5dab41b27a4f741f201774cd89bbf,ok,512,1860
7035e37c08ce7d45624985b7a78d98290ecf5649,ok,512,1775
a3e35a2d450c3b6493fa70c3501a8c6d355065a3,ok,430,1506
6790728e3d88d705382d236a8feef8b392ca1ecf,ok,249,875
78ae40ef5ca92f012817b73d94275c750ab7c594,ok,512,1829
68f69807ee83e5ff20a2529105834f8f463a1559,ok,512,1858
6b295d48dc85d0320ed811a840e7cccf3e561081,ok,512,1845
bdaca8b438f86d97ccc35b6135f852c4178b8f81,ok,512,1816
568ea74bdda0e2f6689ba2b10a802be65a46919c,ok,34,106
8864bf29e9067fc5d8d907e1cc195d0616a902a1,ok,512,1806
14262430a125f5bef26ffefa0980af06e4be4a43,ok,512,1956
e276d878077cd34caf1f79e2cb5c1bd10eb5fb44,ok,152,529
2a1a1f357991e4da3390e90f1e1d17ebae0d6601,ok,226,776
6573368cb6a294c4e85ed2dd66fafb628d8c55f0,ok,326,1183
cc0e5af9ba37f87af5102d2a500f19dcb94e722a,ok,512,1778
676bc4dee6f75ec985c6482cf34db809494556aa,ok,49,158
3edf2aa1a38f1e49921312ac3f8143b87b26185d,ok,512,1806
2570944acda45d6225618b04fe36390ab22832f0,ok,512,1804
5ada26ac4c9fcf50b094143b4a8129157847a6ad,ok,287,1018
d2932bc66ba0e78f15920c48e0f08371f5fdc6e2,ok,44,142
376dc2519cfb87659d56e7681098d52cfcd12757,ok,399,1429
5df05dc913cccc5a967b3afd4db7ec7fcf4a2972,ok,512,1870
49e6a2a4720db4a985fc562e1dbd47fe1eda5806,ok,512,1834
6303dccd6123fd51640ca32ccb064bdf9fb4c5cd,ok,397,1402
741a118a17dede18a4523cd4cb30cedc6276f6c2,ok,109,372
fc89a1c3ca3b0edd639a25041706a39435b80091,ok,512,1818
498234729914e6666611c1b1765fd2992374bab2,ok,67,220
da060c16609df63c50257525ee04a9e332d5064b,ok,512,1805
0b05e2c461a7e235dd1cd82044622f2be1793e10,ok,512,1801
7d46f49675faa15cfb26207d758857d975c2d89b,ok,53,178
e866ea6acd2a9ad5c86fa1b729446cc5de0a8176,ok,19,58
0c06fff448e33806c7e815c36a45055191b4447e,ok,57,184
f38074e90d3d79a0b2d54498f6b216adf0ef09a8,ok,294,1048
17128b881ac3546825e9e734340db200035004e6,ok,504,1788
2655d15b5ac3f468ff8938b4580214d6a80eb4ac,ok,364,1314
4f0355413d0b7c98b527e9315a23e6e9e8c160e0,ok,512,1820
4faaaaf8bd06797b5fcc035fe1299ab45430510f,ok,512,1821
6f11fb2bde372630c4800382bea653f0cff1a7de,ok,213,742
80acb4f5f7b853a4ee21430259cf28814aae5ecb,ok,512,1778
bfde7f2e6f4180cca6b1cbc3343699219dfc5168,ok,132,466
7f965b8f42e91534b0b648c4d9d1bfba439808ca,ok,24,72
1b542b3120666d0e38a97a461f371acdeda16e6a,ok,116,400
8544cf6a99160decc040317cccc1f899514c21c4,ok,512,1806
b8c9efe44d6609b8b4d4150a46d23b62df2fa292,ok,424,1554
cabffcbfd1fffb4dad55c1b902d116dc68cb826f,ok,30,98
8177480d75cf2627d3f68cb9b537e35c4c2a070c,ok,348,1246
0704f7d47915b7e92f224395cee39f64b4e7c277,ok,512,1836
3c5bc2107b1f8993bda402c07e75b17817e2b68a,ok,131,438
492cf896a3d8a9596451fd559cad57462e139aac,ok,49,160
4e5aa2658c7636511c0b4067a697ded0fc14c92f,ok,508,1808
8348fea1cca0fe6fdcf560e692761b00adb3692c,ok,512,1889
47d9fc6e16f212c1b5792edeb8044f24d9dd2f71,ok,20,60
e6fc7e2702776e9a3798999b364252bf56bd9251,ok,123,444
3b3240b93ab3a7a56356dda14e9093ab46d712eb,ok,187,652
eb185bea0050fd0fdaf6125611edd8fb76ab7ffe,ok,483,1726
e7ca585c6504ffcef06687d21c88c61b08f47707,ok,97,328
158412f8669c0153bb426fd9d6c4be2e4bd823b0,ok,132,462
35af272f84380ffd28a749d020af0a1d8383a6c2,ok,512,1843
033fc6dc8f34db07280fe380ca2d96d8e9fe6f7d,ok,512,1828
6af2f7dbc8a41d71196ebc5e414ea36b85529d14,ok,512,1820
40faa86862657f74751eacb6054e47a6393b7db4,ok,512,1800
aa596f13f05a312093edda5c3c8f83b1715e3f3b,ok,512,1917
d9378bd855ee057b8a216c477d09007846af414c,ok,129,428
040db4cafad8d452cffc488a5d6291299d385ef1,ok,20,58
d917c187a5eaead229261e607a7be06b1426fa7f,ok,512,1866
f6ea76e9ae2929b827914447a7e3908c6b9ddbd0,ok,25,78
7ed2957ffb22ec0a5d65ca65519db3874170c213,ok,512,1970
20cddb90cff4fe2e7f9650387c1296c1aa063b08,ok,187,642
db440b74a7269ed66b62da153178a086272737d1,ok,60,196
2888b188553f1bda4ad8b44155a3eb3e5f09340e,ok,309,1108
2bbab80bb8108b068fca6524353fff25ede4b314,ok,512,1920
744e3dd30bd516375b7cf0300693e08d92fc3c60,ok,512,1773
ad55599a6aa8ca2fa86f0ad715585e7ba968a00c,ok,184,660
cd7a002c523c4049c1ad2b2436c5138cdb6e61cf,ok,509,1762
6742a208762cf4128908b5c3b0420a8f8ca3fb16,ok,61,204
8fe14e77c3502b13ff7c9448067352160496c66a,ok,512,1803
584163fa02c75613f074aa45758aef9833ff6ff1,ok,512,1904
72e3e1e53d1904981d6e76309041c045861eb155,ok,173,612
a5cbc9b06faba44f7a54ddbe4926c64818d2bfd2,ok,512,1816
83191fba292d5e69defabb975d73c5c6d63029a6,ok,449,1622
99343a6499c62e56f10b3e4c8e9a605c25636cb1,ok,512,1770
9d6004fd3ab2530aa1085bd1585a7cd3f44f1761,ok,54,176
23489cb405a2c864a1532cc00432871283d9a9d0,ok,96,326
97fc4142707a4b93c557409a5be10c69cb28663e,ok,155,546
066492b80a99c285fd7becf9c3f0778108fd747d,ok,114,388
2c281d0c1468e1325ceb671a0e73b936c4204960,ok,512,1886
8f0013ed48c4098c77d25e57995e49a84e003982,ok,452,1622
14a7328860310299fc78d9aa85ccb2251911ff01,ok,57,198
27a45605faf1469d08a163d2cc5a7c155cd6838b,ok,186,660
c82ff553c570e6389ced2e63928a34041b3da45b,ok,512,1868
dc9ce080c9ef09e8bb34c4958afac3b60a9bf8f3,ok,512,1818
cba064d4560db95bd118e98e50cb49d560de11ad,ok,31,98
35ca366bb02a622360c7780bebbc100fb0e4ddfd,ok,89,302
ec878a485469351b68f6eedfe9f43f32c0159d7e,ok,512,1838
e3ccef232f2aff17ac5da5912366c69b18560c39,ok,42,142
8a7b192929348c112e70d4c84154d49959a4d8b7,ok,63,206
88b233cdb76369c1d0b8dc80bc8063860602897a,ok,512,1820
cbd5c3e37818d57fa9d9dc890bcc0d7e47c4d1db,ok,100,361
106e53508320f7563725ac836b49176caf153d2f,ok,161,566
18f789962ee8f1041ed3aec659db9b06f0e916e4,ok,512,1882
2c61b61249ac31af61921e505a6f8298224cb404,ok,512,1807
24ea1dc6c6cf34ec0aa5a65380d6a42b6827a27d,ok,79,270
8e259c4c305cbb995a1232d8a62e4d205f26bd8b,ok,512,1864
0ae24b978f633f86825430aa25c7700d2d4ad608,ok,257,917
0c7066b17f233a225a1973ded75fb3718e1731f4,ok,456,1594
e89427b3550716de1146388aa6e70428b8b43b41,ok,44,138
73def8a0a7d89a7b774cbf110e36d83c35ed2d3d,ok,512,1870
179d0ceade7dd7831cae313eaa6b5139dae10904,ok,140,490
62eb710850ecbbaabb1e56ee5b442c018ad9e8eb,ok,90,298
690b31783fc6f05851952db4c9f403ffb6f7a17e,ok,512,1862
995aef340a2bc22a5e9dfce70156d6dce655a513,ok,247,876
020cf2a67a01c47bd71a246a6c429afa0a899126,ok,400,1440
1bb4adaa98d4da3abbcf26897ec21c438547bff6,ok,512,1775
986dcd6fa27697f436fc7e50d61190705fa9a94a,ok,192,684
c3e15b397ffd3e811cc98f3d117bed10e48823f9,ok,58,194
20fe5c186ac18e9211a950fc2e3042d44de6752b,ok,512,1920
9e60743b4c8863a98c82f08dc146bdd6af724596,ok,20,60
ae09afc98705906bd1dbf920dc038f64883561e5,ok,512,1759
ff992b4a05c1c952a29a5e00ca9817ac6e3a3ffa,ok,512,1868
c99fc3b9188fd50d3e7a5a5ab97d54ae4ac095bd,ok,14,40
7005a61e2be8da546afdbf0fb4eef4532f68bfb0,ok,512,1759
dc20d7443c8c55c28a1f9a74c76eb5cc298c8c3d,ok,94,322
402a8a2ff158a31d9361dcf92dc6f078ae102155,ok,512,1868
406cbcbd54624cf4b36f779de4999f11f7960eec,ok,317,1170
ee40efa7c57098c782662c8f28aaaaa0b583889b,ok,140,476
d73677dc708a4daf75f3b691e2c297b77f7333f3,ok,317,1152
a125dd1da34f286a05633c60fc45f8360d75124c,ok,512,1770
a49c00d28b1acb93ec38be6729eac2b9deb83116,ok,266,928
3bfa305965e6cad78a50744cd16fe3b9bb289c90,ok,512,1819
d2604e4f40f9cc9d0223741a0753dd227b6c69d9,ok,139,478
ccf8b73120f3fb2d64586a3d6372e76727788884,ok,512,1940
2e8ed126a53fad8680eb0467eb518b60753ed32c,ok,60,208
d84d53da42c34151c716c895d186ee46c22d5b28,ok,74,256
2b6c5d31b77b1a1e339db80bd5eb225470c1e8bc,ok,512,1886
47fd2cc43bc5071e49d9ee4dd9d5a7f53cdc24e5,ok,512,1840
c9c33c320ba0208c3276ac7d9d53c440ebdca233,ok,512,1804
bbcced3576a18508b820ff8d11b35eee2fedb0f9,ok,512,1873
5ae2cb8b0b92a3d714f977d4f315920a1c987e31,ok,368,1318
b611953b6fcbc173052a66e9436d3eb54ee49463,ok,29,90
47a7bb3d3fe1855870e5a68482f85ef49678793d,ok,252,896
83fc84000550a9fbdf828f8bcefdcfb54c1290ed,ok,64,218
bf23560e7350f6d9fe78016d6d90a38a93e61707,ok,383,1351
45dcfc115e5006632e5cbbdc5592ddd8e7e91c9e,ok,512,1794
84758ea67184eda723add053b0c09c39fdcffb8e,ok,38,120
2573089814f337f8a9d3b23cc3ab6b3bbb642eb1,ok,512,1814
f0be198ca52ae173bf74c7c185d8beaa5bfcb539,ok,512,1862
0fd4492dd9b2a355a0b5a2e25c7b65f50570b0d1,ok,80,268
40d9b6cb0a324391f5f036f1b2966fb109dddc9f,ok,170,596
72f3cc29da13c99cff2df254e914cff1d1b20706,ok,512,1780
47e2efbe51eb0fe45387c8bdb0cef94ef9928616,ok,67,218
99ca29bb6aa3030b126ee7f96db7d08dbcc1f45b,ok,131,464
f9f9d3d7fe06d7864f209c6c6ec69f329dd825fb,ok,28,88
dabcc2bdfd8cbc7e9a27f00898d9f3a959b78745,ok,129,450
5413df919b457928ab5033a3b2deb1e2603e56a9,ok,106,361
d19ca17a96e226d1c20fe9d26c45efaff73dea37,ok,165,582
c06168e671dc2f2e7361c01593f767e26eb363f0,ok,512,1833
c7fe26eecbbb7773b776879b737a72de9a2d50e5,ok,512,1805
2358c99f120c5b147322fac816b3d4917d9662d5,ok,512,1812
14ef495612be05e63da1ca4531e19143f275803c,ok,435,1560
d7d749eb3731bcc0ffdc9845e42f834930115bee,ok,35,110
b8705c5b6ed8c7eb9ea6ef6417d0beaa6eeff23d,ok,512,1838
3bfa7ddeb951325f25baad8671258f9f2376e53c,ok,512,1886
b1f12100b705b9907361b88e0e6b36494e41c8db,ok,421,1526
5198d3af3ff014f756bdf00e5f8e8566b91c045c,ok,74,258
c8ca1d7b237494d3372e34f86e33bd155c04bb8a,ok,512,1780
de6607d2b94bf5321328de171e3e0310804252c5,ok,44,142
b3e4ecfe7a66ba894d12689cad179fd731d096ee,ok,512,1837
51cb7179d5bb3b2768e72ca0a43df52903568ced,ok,512,1892
0791796bd40df422d5139d95e07808f6d4d4a366,ok,512,1840
ccfeecbd6cbb3cdc652ec9e6f45ee99e87c9e223,ok,50,162
0b79660ba3ee451d526ecf5185d3b3fcba83b96c,ok,512,1839
9762c44ea97050e98e84ebb4ef49b3e11df47471,ok,248,843
45fae878fd45764b7fda3ebc298bdd1e0c022d28,ok,281,988
7357aa770b5de721d14c4e3b303b7bc17b1c8a08,ok,512,1934
e4e2a49efc1c7011fdcd381fbe85667b344f8250,ok,83,280
5e751d516e8014e79f15200ea220621b60d7ceb1,ok,512,1866
33bb677c9b415b85002dbde8062091eaa212eccb,ok,39,126
19fe2b717138abeb118a520aac419faf9a7fc278,ok,366,1307
b087c64281cc5435bbdceb1ac540a5d5d5f3d57e,ok,512,1786
0750f2d588e3e08df32ed787d46fb3897b430845,ok,388,1388
9c8ac20f436c8ab2351284d1bc3339607a0fca18,ok,301,1078
5b9f11db77dfbd13064c06bb4246535193656c8b,ok,512,1839
815a3f29faf0b77cdfe80de8a788b9fbe5cb6c5f,ok,512,1852
6a45e85f56eee583039c66f035242ae7b72197af,ok,26,82
8031bf584518f2d9f3b470d1aca06bb122297801,ok,512,1752
275039cbe16ea9d02d9e37e586376477b12be01a,ok,512,1834
62857731fb4003927c2172330d039bdcb9a68920,ok,512,1850
8c54ab8f5dabfe558869cb8394f76116ab336193,ok,120,412
6f6e6dbdbb116c569275fda473c284bccdde7faa,ok,29,90
03cd9566fb64c32b21144c8afb8442b43fb14bc8,ok,296,1032
0004b9ad56a01bad16e942bd7cb660327d2ba007,ok,512,1800
9d38eb15561d871703f4e4e5bd4a79c5d05e65b2,ok,512,1772
3c880ea53fd6bcb64657684a950bc9407549da9e,ok,231,815
15d0431f672b7e75fe107f0d197bb70f27c14c26,ok,512,1849
33a63bbd9a7552a00d32debc65ab3a060bd45b62,ok,307,1117
9acbcf53df5fc69e2cb73d80fdd551abd443b339,ok,352,1253
1225e852eaaff6c3754681faa973f5ce6edd6b74,ok,156,539
655b028a6964c1c05c4e174ddb313176fd2742da,ok,512,1836
3f08690762e8744087e26af6a3b28cb9762aa64b,ok,115,396
b4257fda98fc2322c3e5780cdf906f42c651447a,ok,66,228
0aaeeedcf0dd3feb7076eb1e6816f6026b81dd4a,ok,74,256
3f8051e4eeb1207c68d853ed5858290dba4849f9,ok,74,248
e189f705f663ef6e9044affe1fec76fc9bfdbcef,ok,244,854
07e32c684cf112a3badbb798351c1183c971fc68,ok,512,1836
b05d94a3f656e9de43770a5b6f7eaf1e8c2798f0,ok,50,166
81a28b8a10db070816ab595426233fc453a2c986,ok,98,358
de7727027cea9ccfdb14e86cf19fc3da33d3b2cf,ok,475,1768
dd4250e604e45622812726abf636506aee3988c7,ok,256,920
658cb5cca3bd21e3edaf239daefa3dab92efc614,ok,512,1789
05d6aff53387c549c2988fbd8a11c4c3d5413f7a,ok,329,1120
d1ef20a8998ea918a91b4a143b5197bf635120e9,ok,512,1840
fd658ef16ce81a11152f749da0bad2477158ac3c,ok,25,78
fb04f1ccfba94fec76532dfab0781dfff0122b32,ok,512,1848
19d83568bef43fef86ff211af14ac7694063e0a4,ok,512,1786
f8e991c7f0c468be97ece30971cbc612213ca759,ok,425,1525
43a1efbee044c4f90b2a0183575a4068b5339beb,ok,23,72
c7cad5051bac07f1cbcbbbf63bb205502f9ea5f3,ok,22,68
5b9e2b525658886858a0bd41cfe62ca83037f5e6,ok,512,1832
0cb8c197dd83bb0fed07d2370dd5c9016741e839,ok,512,1903
7346d173aa78294cedc4cf8b6c7e49ceb206d58e,ok,81,286
f5e359069e72890f771bab0982d4fb4719784a7a,ok,512,1831
60602d3a55229421917863c556e29c9a9f9ef270,ok,286,940
b58368288bf583f6db3e6fa0f1fe7ed183e3122c,ok,512,1870
40476101ab5afc56d0eb7fe0301c72f532c256c7,ok,512,1838
a3d1988d5e962c152a81773903b505e7594b02ff,ok,181,645
75b8fc0b72c34bd839cc988df7535ebcc8689fee,ok,87,292
6ded7bba49b981d8e08291be5f5019a3665600ca,ok,17,50
4df2881c7b118db2550acc1b7e27ea981e1dc5c2,ok,512,1786
373cbf40760f6b614453f95d567dfe95c7a65b7b,ok,49,162
5497adc05954c15c53e466c58a9198cb57081535,ok,512,1826
cc1d97c1151f9e20e76b01931970d593beea6694,ok,512,1848
593373f6ef604c2e6877c074194bbc24665005fb,ok,67,218
5d48c2c174d794a8adaf24758e61f384e3992f45,ok,22,68
51e2b7b2953270f4a21bdca438da5e227cb05698,ok,117,404
147e0e760cf67741f2b00dd6fd6f556f4514e9af,ok,327,1142
ff4f56d001ff0073580798b69d618f4d01d493db,ok,495,1765
ab36409f6732e814a434d25957506e50689b8012,ok,422,1525
95c3a8f9fc6035293238b6fa0413bb90c6510431,ok,220,785
160d065d17acf7fcbe03780d769c2713697f8b48,ok,512,1722
a793e4059ea38a6bc9eff74eaf4c5126a67cbf38,ok,13,38
01736f1ad4eaf90e5de34244b32f5d262c7455ef,ok,512,1806
403399b2469bfda723e7403603d6e8272c91ad69,ok,512,1821
2836172d91f11c8db1d59c86643b15a8f8b239f1,ok,512,1851
e32416e971e34a23f00d7a85abbb383709bbed90,ok,67,220
2f8cb80754faee2b1f055a0bbbd9db4b7dbbd221,ok,437,1567
773f377f6c7c35414827610d8664c561fa49222d,ok,512,1844
03c43872587751703ec39a13c37d26c8e163a1f3,ok,512,1786
14f8c952411a29090240f5cd9061fb1acdb9f9a7,ok,51,166
f7a94e3474694d523c9f6d6c11aac4ce15d4704c,ok,17,50
622f445b440e46ea9902d8a4341eb0ef40ddc807,ok,512,1837
3ecb1d9d9969f7182ab5b036af155e99230f756f,ok,24,76
15706fa00daffbc597288a6528d6e2ee4585977d,ok,512,1876
d6c09daad311dce389e374a009ebda749141caf9,ok,374,1310
0d68d416561d43f566ffdd88848c851b74014cf0,ok,512,1813
1400344f4cab461cf9de2f33842ebe14675976d3,ok,512,1864
45756e47e49f6c86469d45ad751596e2859fc166,ok,151,528
7f916906c138f61c197c4dc93539d43ae909f352,ok,394,1440
23f430eaca287953fed6ab7f2432acb1d3f37be5,ok,161,558
0a958b65555a5c581c0e8341d5cea21b64525edf,ok,512,1791
08f16f26c8052a9d0aafede6032bdfe62301238b,ok,510,1817
f3ec0a98415c0e4927875ac40e7c3e30692ab479,ok,512,1820
5c3b0d549c48b6575a5e6113329cb38ec5314679,ok,512,1822
ddd0f79481c188b154f5817849eb2d09ed9c55b6,ok,512,1788
c1a375fb89521564fb97344f5a83574751af0f3d,ok,512,1803
5e6fc9b6d58878b7b6e936cfa171bccd545d30a3,ok,45,148
b18356c77086ae5c3a6b80cc72476325ba5778d6,ok,129,452
bf99ae437e211a2096e8247d80a84c2466007bc3,ok,69,224
6ecd37a307e53f89e9cdd130703956ca2b92c7a1,ok,48,164
c1e6a790a4bdafc3b6623c61b5f05c2cd90530da,ok,512,1850
94f38fbf9be983a0504076e7b86aaae36d7db7d2,ok,512,1872
0040f3c4df04607b43274094365f70d30f45f785,ok,512,1851
71fa0bce08fd4d5d663f3a8117083c36013d12c4,ok,512,1853
7be3f7ee9a10278bdaaf14ab45006acd28e3d7ca,ok,512,1807
e055762ce2573d5b031eba5c2a6857c0320ba1dd,ok,512,1798
4dedf9bf668ebb135b9ffa5e556fb42e6554d819,ok,512,1817
294e26e7fa2b34f87c32cc2e072c3fd2a6e8cd1c,ok,53,176
5f28b8b966e3f7a980b8ff0e6ffd3b41989e678d,ok,512,1774
ed4b0676825c2c0c03eadecc12ba506ef00d1056,ok,512,1802
54ebee6e76a147dc8ff60b3037562292ea0b9c7e,ok,486,1745
2dbaa3628e51f8320cd56c03a2e7c9873c6745bf,ok,73,240
93f6ea0ced9b52648ad619eb32566fc316b58aef,ok,21,64
2499d3955ddf5adba850fd402becb605d1788e1b,ok,17,50
8f6d1f5ba5e7d589f14bf72cdeead21acb01b8cc,ok,312,1132
7dbec7b2f47a5c461c896fcd5e204d4788d97c8b,ok,43,136
42d9c175c4fe68b13e5ba31de4155a2187a582ae,ok,473,1720
13be96d83a5e5c6bf0a99ce0126c682a1ba3284d,ok,512,1806
5256418ae1ca98f820106fd5ed120db688efe9fa,ok,155,524
475629d503ef94f5925b0ec0efa184b880c7ef6a,ok,167,598
efd767ff1e528b97c0d1b94ababea2fdf1e84d4d,ok,146,506
e07cd310e4148b11df1bee30ba4f8af4b9357b18,ok,215,764
305a627d928295fee327e83e1af793c9d1e21583,ok,353,1296
c5a03cdd1a009004dca2b833c3fdb6b81aaf7df1,ok,512,1896
86faf00c895e043a4be871310372736a190ea5d3,ok,385,1384
6a2c3699aa381baa0c6db9de7d48a4f045cc8e3e,ok,30,96
f6e64c431c4f8975a743c65a61a6f17893fa15f9,ok,252,923
f5068e6a860e058c62e08872316487132bd65738,ok,512,1860
8de28c488a47d20eef4ac3ec2acece4b1d40c235,ok,124,440
b4670dbbac52c484164c88ab9a9d66ed5dcbabb2,ok,372,1353
047a5b83e815abbb5ad0e0a2d210641956af9a19,ok,512,1858
ecd16c373ec52cd5e5f5cf71acc5fa6986506438,ok,23,72
383bfd5be47a8c66d327c5c9b00b6b0a4dd2525e,ok,336,1220
87cf5e0f083e6b88be7a3aacd1374cf68f35d0f4,ok,512,1846
5b524e8a990e865f867be045352506b061ceb393,ok,22,68
ee6af28e2697c9b832f3b98a2effec8295192f94,ok,316,1132
a71d3a7df99b52872070c8bf7c5a93907c6db3f0,ok,512,1862
3fba4fb5e92ce13ed4662f9e4a0d6c6a8707781d,ok,512,1806
32e0933e5c58ff2365161e3d8fc2633d68a112be,ok,76,258
b571aa3a810fb84c2755714986fefa38a3b34dcb,ok,95,329
f6596ea69aa1b06b0951e9134e028e31e5101373,ok,369,1174
c41d3d3a5204079f1a4381d55bdfa66f02d3b55a,ok,113,392
64be30ffb32ba06de917adbbe9738d7524d620f7,ok,512,1784
ded1abb0730dd5ac5fc42136959f968c89297fe8,ok,86,294
13629b0120986f25d7f59f752b726d227768a6bc,ok,512,1867
11099ee35388b702c16730f4d3382fe7569906ca,ok,282,976
5cb2f7a44b1600c6c02cfa54d50025006ad23b3e,ok,76,250
c6d56f6f50415a8161ee51181744cb075cf6ed30,ok,512,1847
1717ce73c47a7740a7af6c369ae104c3fbab7ea1,ok,85,298
5ac79ba44f3c80f271ae4d80eea2d9fbcf68bfb6,ok,512,1793
816f53ad0e864ce8e9185f1e213a729c5584ade4,ok,363,1318
985cc11b07134d531b6df6ad598c0d6f41e42120,ok,140,495
29b7bbca98a6b84effdddbf9ae5da3ae1b40e9b2,ok,512,1970
8b0d454ec926f1b708d38174924936e0d589d25c,ok,512,1848
761feafddb060c897a54ea86529a8e868cdccbae,ok,512,1892
8aef0fbe059fe10c0eff80bb404f3e9920dd5b5f,ok,512,1834
1af5805fb95cac5ed2ac03c7b5d7a4b2ffe47f46,ok,512,1839
acef495eb75f45899f18354c60f77476ee2cd190,ok,53,176
e1f401819be7f8dfa5896a6c071dddbcbaf1696b,ok,512,1833
3a6029cecdcb0ca392a8138ac923fc60ea0c9416,ok,201,715
a21122a3691ee46670a6feb688cf590f41b8a3a7,ok,512,1811
0f64d12b7631de490214c4b6626e549e7d81ae9a,ok,91,318
3f44fcdee82fd34fc0e5df87e4e1ab5c79741415,ok,360,1282
2613b7d1c40a5f5b606ee99e1cdc647543289cd6,ok,512,1750
bc83c3def24a015ec4cc36f29338d1f00a43a5fc,ok,512,1837
58f7218a30d717fc31658f0701e510ed60fba86b,ok,129,450
44efd776a8be07e161211dc66df38c70921a02c7,ok,512,1812
81a2451bf5aef4099e7d9e79084aa0b6fa117e19,ok,512,1832
fd316961715e926dd8b07496008214fcb1e591d7,ok,157,534
a157a486df38a700c4e3302ddaecf797a464705e,ok,237,854
7009b866fa1be9d33723299274fe58f35179a128,ok,234,814
c325c580ef0da0128b75b7ea12112dacb2393364,ok,512,1822
e50a74df5ab73b053de9c2a037ab8bbd48af3ee6,ok,512,1791
c04fcf4c3880544dd7b79367e8d3d0da43eeda93,ok,512,1799
d243e290569fb77a703dc4014a988854675491c8,ok,187,618
3ada8b61ae61f8393a90dca895944adeb49a92c4,ok,147,486
69fe148aeeea6f7ee9f9a611ea8a5ef769c3b2c4,ok,112,394
988137853a029c48b499bbabc08c70d05183153f,ok,512,1758
c45904d77b1b7bdf943dbbe11994ea0f5159167e,ok,512,1856
98800069c3bcc8ee770a8f49a7253fb3f29b7f16,ok,406,1448
9bb6125591826ca9352c86a09e8ea07f6ae1b31a,ok,44,144
96e7a9b980aa3b9341e6e6f5e2ee656bd6193fd2,ok,512,1851
b1b96fad965cd63ffdb3a1dadeac5b8cf04f518b,ok,244,866
372711816a8d8819b11aeafff1132ed41416fc65,ok,512,1814
b250825b8ee75954016ca22e16ba3db6e8db16f8,ok,13,38
a66b8b33fd661a5ad536bb9b97304eadea0e6cea,ok,54,174
36e4ac8274ebccf0a3b765ddd6efcffe491a63b6,ok,34,108
07045ba834ba3048ca6a6c59c7201caaa780ab08,ok,512,1770
5cd70a606cf7bb5fb8a73442bb715c954705b357,ok,154,525
d6a6a10904495818ad14dc98de1b91945da09822,ok,262,920
d1285f0e747232c8da2a2079d0df37625dae3c13,ok,446,1636
6514aa88a76be9455db59c1c8b93f22661726b39,ok,41,132
f1dfb0234498dafbda7b8d9225704d64ae3df818,ok,167,586
acdfe7d1a33c897a5ac9d4a5c15eae81bb0f9922,ok,512,1678
4aeec4aa09972a8d4c38f87c2d0609f595824ddb,ok,131,460
da239e24321767a7217a33e162ddd321c1579db7,ok,512,1824
9b31b5ef81ab1c7c8d749d70372cb613791a9826,ok,512,1776
bc90879b4be6ff78a13d0b5c8fc0fa70650caf95,ok,122,429
f00197996f65f4c992b330c191295c2908b8bf17,ok,512,1835
be503bb7c68704cef072ed2d12d5de8a0aa2f396,ok,198,676
b85a00f3aef879b348a21476e2b2a27802ab2be9,ok,289,1024
dfdf1a440337f5cb334c32ffb7da201ec68a94c1,ok,512,1826
21faf02d135975a1bed607a769c85f11f400d004,ok,512,1854
9c04184f45cce7eae126ecabe491b764dc6816c4,ok,512,1853
cfb9967baa6c8f0d875e22b276de7a45d02cc1cf,ok,512,1786
c91e927af445ae5a1c1199e1037fb2c454fe000f,ok,316,1147
e31d4158c194e77c1db50aa6abe001df89d679f6,ok,142,484
4a5038385b8c40fbb3e06960bbb55939f3b911a6,ok,415,1442
add7bc3080950413939c464fa534e0d2d7365192,ok,512,1836
6e349bba0871cbb88ee900e9fbfcd04f22fecc18,ok,512,1848
67b8f435396ea47df942b43f923e679c8ee26379,ok,512,1868
fdfe79690a767e3f6ca780d6cff3238598fed48e,ok,512,1822
81789512e349b7f6be20b9b014cac7a472c80e20,ok,512,1804
afd8a0b2b1c76194d861c14eab99bad82f5bf58d,ok,512,1773
29d09ddfdf2b03d1aa8f078c63392b47a89a6fdd,ok,53,172
ed74195f6f63631fca689e1a1e792e464d7e4c85,ok,23,72
de4399259a6c9e70f778bb3f4b535b1299b68544,ok,512,1816
9e09614a825f66072f7deead9d2d37998826dd9d,ok,129,442
a3ef3ca23f85de1a1893113fb550f962985984a0,ok,512,1831
41a834a18424f51c2f4543e74370552be1a3361e,ok,512,1805
4b9d1df7bfbfc4e06df0ea384a0edca9db9ca1ae,ok,512,1846
b7aef279fb8f71baa1c81d4ada9d308e819fdc6b,ok,207,696
dffc236309e3770ee9155241f89a111a6f4d6a97,ok,512,1766
1f9948a836053def66759eb1c9bf551fd47c74db,ok,35,110
e9f0e61d0f1bbf81cd4a4bb7d7066e0e8a101267,ok,73,250
4afeccee17669f6871e4dd585969bbb0c08cb071,ok,512,1863
98aec32f1034a45914bf6513100bb7ef830e57f0,ok,176,604
7cc5185b2714ac9a72fad457a3443456fbe24088,ok,19,58
d5da394ea934b53d9c358929ab728b492cdbfc03,ok,512,1782
2c3ed4ffe356a1a6f73231841e535b861b3b43de,ok,330,1230
defe69b2aad59f8e8074d58aa6c71a1249ec72a7,ok,99,338
3719f987fcac7ee9c5882195f01df31393a87398,ok,207,731
fa7855fdb06f6e5004c5c8579beb1afe04c9f326,ok,365,1315
511062fbf7082f41ee3430aba982334eb7ae6dd6,ok,97,338
88d8287b25525ac8ac597308bbef28d4c23a6e24,ok,37,118
bd4f42771274b3f5ed6c3a730cdd2d245c651eb8,ok,508,1714
0bfd05e3d1116d622a8c44b4f2b797364c29b79b,ok,512,1866
220b92713b81734e9e6a87bb29ebfc8e1fccc396,ok,512,1840
76bc36cbde2b3691ecc6205b2a90dbae4ee59fd2,ok,512,1996
d3ee5619999bc34504a15e5a8b1d1e67fa501a88,ok,512,1781
41f63df9707c4ddbc9f1c5efdb634841e032e5fd,ok,512,1876
e7a3cd6206dd40d31b3ed854f7d5bda1c8e5139f,ok,512,1781
0058ec47e72aff7a06a56e2e3cd36fcab6551db6,ok,88,298
ea75213b4500b7e3fb922771cc405d8c8142126f,ok,419,1480
95af8b439fa483fa974c75fe4323d8867d714953,ok,29,90
2aa7e1164874e9ae0a5d0469cdfcf395f36846ee,ok,238,845
de6516d4104cfc6f294a5d310c2dd1bb313e2053,ok,42,138
62b47a372290983ae0ec530cd707b0a8a4efeb23,ok,512,1942
866b81447e285f8a3596e394b8535067728ef416,ok,121,412
79c933e2fe5d6ed0e6ef8382b5a1911e3cb4f4a9,ok,377,1348
bf52d1fcffa822cc78b50a60cb1c4fd72ae1d7a7,ok,137,475
eb3d37cfb416202d347491144fc00bb262d49e86,ok,189,662
3f3a686faf53d89e51a790fa2795a9bb9986f483,ok,384,1347
3aa036a12e4a1c0b3780a736798ab176424e8b80,ok,512,1792
c1e8b78a828370a6b92d2568cef88db74cfbb709,ok,204,739
c1a06ed94fbcbc604c059d6f8bd2fc11dd974a3c,ok,512,1897
0377daaf39cfb828ccaa5cfa8c4c0d1d9510baa8,ok,512,1852
02b6c9f0b6b2e774c7e2655dbbc1cf88297ba305,ok,15,46
c722f177306a4ab7fcf16db0bc0389235098638c,ok,512,1838
d0e53c17bae6482cae14d3313629bb560bd28193,ok,356,1283
6eb48e7d5e35fd24ff275d5c023e823375388b1b,ok,288,1022
301893356b96e876b7718fe3d382824c1f4d862b,ok,195,674
fd01266eca088a61f625fb2851ed2bb5ddd4432e,ok,275,976
3144e460a2a84becec051d04c3a1c7105a41fda5,ok,28,88
3322c8b85def9696d04ba71139b91b83b60344ef,ok,151,524
cdef4d3992060984a5d0cbd5b4d641b63059d1e3,ok,512,1814
a6ccf6a3e954c7d7c0fd9fac0c56eddde113482f,ok,73,254
a340b91f4623586d7919f1c26a8e5967b3559907,ok,512,1830
61b3cd2b27f4b4c4f736c5a0d855065cc748050e,ok,512,1844
e2b1e50f9d564ee9888abf92699af963cfc21f26,ok,454,1635
b8a22f02772da6c03500ecc842e4c8f446d5840f,ok,207,738
a08f0c2be9298a80691548968a0b6df9e21aa0ac,ok,223,770
5759d6f2455d076fb8a966044d5d98f849a5d68a,ok,154,520
e057a4dfa4bfce2d387e5724fd0ab0fb6e6777a3,ok,512,1844
69f9c066348b53803d8db4c3a508f1fdf44618a9,ok,512,1808
dbb968b7d740fa61915ea78b02dab5b0cd82e916,ok,110,386
3b0002eb3d4229cf679d32714b7ae607787a2af9,ok,321,1150
5a96910d9e7a9a44c8b1c090284bd4c55a24e208,ok,512,1728
7f51e02bcd6859d34c3fbfe75a12efdd3cf2d554,ok,63,214
245aaabae1199170581ac62074d8e06153da51ea,ok,49,170
c652b3d5edaa1a9836a06a228233e7f1f7a765f2,ok,512,1864
4f2aabf450e163848f74ab59e7635d1e38a70606,ok,512,1767
90ef3d8ad2c7498396be1f0bdcce9221d5e60227,ok,512,1862
f5236a0a88301b62fc778d29a6b473479b8edcc3,ok,424,1576
55ef863fe210339d22d439275424a109fb0954d6,ok,35,110
7fda83bc45d4042bed672b56cb56fb540482025e,ok,265,922
9c28d06389b9fbab48f1a44309ce88d7e72120d8,ok,401,1445
5367ea425d39acc36285c44b49003b5485ec82ca,ok,74,244
32519345bcbafbd1c312050cda7a051abca82d60,ok,168,584
b4c79727fab12256f326efe1f4e7274f2b452fdb,ok,223,797
983d8162c7dfb1e1fb66a30eb0471d07c2411ddd,ok,96,330
1187b90a9c6386be36830ca62ad703c743f3a98d,ok,150,512
ba68c37a74395dc5da9c775102670b4c5039ce8f,ok,512,1794
a118f69e97335899dbe98f7ea7147a1333d64678,ok,240,834
2d8a521e603c26fc7a5fb426fee595a79cd81117,ok,60,202
7b55bc92c3e2e8fc538a65f7067b97559b685230,ok,95,324
179d507506050b0f17d75d364589aca0762b1eb0,ok,512,1848
63dec8eeb93c609035576e2f2cf623f52b944ad8,ok,110,377
458caf7f4ac42711c3d2a3189223a3b3d693581f,ok,512,1825
a2c7bcf57c6edf0ac44d3fd6220c98f435f11cd2,ok,512,1862
b20f84c1c986e4e959da2c02eed7540f1ed95b4c,ok,146,494
d6f631f64bd7303e287a2c436207143b95df5f92,ok,512,1668
0222c4f3498051d41cda778c74ba3571043ab264,ok,23,72
4355e26b3dca389ff57d9bb42df08a0562bbb525,ok,61,206
9da294ea85d86a12728c9cdcd0ba6c7b96fcd461,ok,512,1854
da691a63eea0279c4c62802ce9352a3298146235,ok,512,1753
2a7ce0323d681606b9abbf9883388f491a99a603,ok,436,1608
9cb3c00ccc33862ffcb34730bd0f9828d659cfe3,ok,491,1720
a936149439ca11541721d6a35cd5b7fe45ca811e,ok,37,118
453dd53727b364296767b7aba0d43009a54eb8ee,ok,512,1837
2f39006815abc12e71955cec787a52ebe1ca6cc9,ok,512,1786
79f50842cf522dae9bbe891256827e2c28a917df,ok,277,1028
c36bb1e9d74c5934e6f47980f612a1739cb6c848,ok,399,1415
6737c26f7c183ee9fc20cac66be48672af7b3518,ok,71,240
7d4c7a500b322de8902e43ac0b749942ebd27c74,ok,512,1886
52ddecd34c49f8554f9c7ce24b872b51fcdbe95e,ok,50,160
a41003e2d066f9bb9c25ef5ca7ac9d9423c9ff6c,ok,130,438
b49f86800527d84916d54f9397a664829c8eaeff,ok,466,1610
d78591a80937057c8fcb87151b4d922d024cd29a,ok,512,1870
109ce93a9e76fe38fb3adc0beba66d3465ed03bb,ok,512,1792
209cb87e2208f7c7966e490b49d526f7a82dd33f,ok,512,1730
b5d16ff40e0da81855abfc2d3ec0323be2b85226,ok,512,1807
09b5daf21d3e08034776b8ac8510474ce3be017c,ok,512,1824
2d2a2326a54ccf7409a37f9cb9f7dc38dd01d3cb,ok,16,50
600df4b7f672dfe89b872425205ed5ec3f8f9d89,ok,512,1881
19ad5bdc3d121f599ace46b25e0763dca378b4f7,ok,256,921
7cad3e6bbe830eab45a5e6db97a1aefa4e958107,ok,273,969
57cfd9f04225ea183680f7400f141b6ebcedaa0a,ok,152,540
7e0d6fc338f14168a367df6710ab8fafd40b1e7d,ok,98,324
5ff5346c8b699513de505aaf595972d74e436413,ok,512,1738
c6ceef058b46d1255cdb4bc0010fa72920d73ec9,ok,403,1395
7586a1fae4737abe9bc99e1d3b721d11aa65ea77,ok,512,1816
87f643689a4d30162fbe5136b3e6a53ea8c65c0c,ok,116,390
b7863617180781a8093ef370272ba137ad236eb8,ok,512,1863
3f8f54529053fac46df5233dbc50f0cd722f30b0,ok,512,1844
d9a2c55c4cd9190dd01d064c41f8c5ffa22559ca,ok,512,1820
33d5be75bead4a7303c3529ad6e5a7096c6dd9fd,ok,512,1846
72b73e93c9f0ee84b3259033b0636bd45a839313,ok,91,304
a127e0aefdc6ee609c33a68f81de25a1b72c8721,ok,250,935
5f2338ababf35865f98cb21f1964b467735dd00c,ok,512,1848
a6b7013d3289919e3873e71eb8655cfb11257a02,ok,154,532
19ba592cbb94c932d199760c0d06d44b70335b29,ok,512,1986
a89b2b8ec1a01b272c739a39c40bec85006e1d1e,ok,25,78
6b1fd5b7c5c18ce2afe18ce331748c0c70210b48,ok,123,418
f88dd936caaa14f8441b97b9a9f4bd8aaa747984,ok,170,606
641d25c95bca30d1e3623b6179305db154475e15,ok,49,156
bc851cedbd80811a52a7cbc268281c9bfa81fa13,ok,220,760
141b87399a7908365127e72189ee69ff5bc96a35,ok,46,146
8470aa325498eb4f6185b4aef11b09ea31137680,ok,512,1896
a5b0a8b74ae3cfa0c43017c51ef12ec6f67055bc,ok,81,266
6860e4049bed913c5bc1a61eeb9a18d75f68b994,ok,512,1801
e1d70c6f1ebfe770a1567ec2d5b649a4f162c6bb,ok,99,344
383ee945f6c1d4f40fc2872a0fa7362d79ddf5b7,ok,512,1858
d5d3a59b0c72f8f29e7d591b35d9bdfccb8f2c65,ok,471,1716
fd5add30e41c531a9fb5bd16ab9f16e25b3400ce,ok,512,1848
fa2507c0c821651ed34f284a2d04adf57577ae68,ok,133,458
0bf1ab345df481e3fe3c32a5eb68e11bdf80c23f,ok,425,1620
b703e76894a956d26590fc03c622f86d8fcaa0a4,ok,512,1859
73930ff77c3216739ed9fe76f2ea544235987e18,ok,442,1601
8a8b4a800da50ef01bbb174e50b6a07af9b73501,ok,83,284
62b0e2a3e80c70c732eb1057e337ef0354935b97,ok,399,1412
ab0783a6fb0aa07fc96927d8b038c826ecbef9ba,ok,49,160
259f5f8a0a75cb7347e73d5842facc938b39eb80,ok,512,1836
1bf3fdf4dd724ef7d9c789648f9945fe2c97a2a3,ok,512,1837
c6df26e60a466e4fa3141f6227d7179b4ba5b938,ok,281,992
03a54f0f2aa09a8f08a1bdc004af751c90551f8a,ok,182,628
f688f154a4ef7b2e5d5e7142cb0e66d7d1bb8e88,ok,34,108
21b298319f65784959397d8450c7ed168cfe29b7,ok,512,1868
9d3f7f4f4fe70db57d7c1afec6d9c7c02f5097b3,ok,512,1832
bfe5248fb671d603534c512c4ec3fd72baf112e2,ok,512,1845
24cadb9e5d67911ae8410f45314fb68aa45a0d3b,ok,40,130
add96b102b18fc11961abca17d539985a773ca7a,ok,511,1804
1ece361a35e818d213daebcbdeb258a1a8564039,ok,447,1646
fc3d5d96c43e223b5ed842d6a36dcc993b216f7c,ok,183,608
12be2b627184d3ae6dca0fefb52dfa44504b6a97,ok,512,1868
ebd907c36771b4435563dd4263a97d38c74cde98,ok,23,70
aa8fee616f561039e42d7e00f7d4ed73c74fc86d,ok,512,1770
4a37069153b26831e3149f0b46454ef2488660a5,ok,512,1828
d89ce23c87f418026936caa7a0d7c52a644795e5,ok,41,130
531359daeada73b00f30e63807114299e29874cd,ok,188,683
8fa5d13a7cd7ab2e797314a6bf3e524ffca5d0cb,ok,512,1877
5c6a8b1b9a61e4713b651e92b0060603c274fccc,ok,27,84
f75622a4bff0de0334ddc4a4c19ce724fa155695,ok,315,1160
6a71608ef41bc525cd7e8d4ce38f135ca9f7c67f,ok,512,1891
3c446c6dd795a40637c2110eb3755728071a90ab,ok,16,48
2aac72d97bf3c35606f065780c29e9b74be02948,ok,342,1276
e559083dae8b7244e1e601b24487a5982325193c,ok,329,1207
0cd3f1d8d5317a9485f599b1e02a56d428462640,ok,512,1914
799e9edea6675b23fd0a2c07ebca844eec6cbdb3,ok,77,254
82a177d1dae5e62066ff57fc31511f2aac606c57,ok,512,1879
dfb66273eceb0080dd3b9298e06ed34f5bad59d9,ok,512,1829
a935eb4c4151a50b9c3a12408748fc13f3302e09,ok,512,1892
14682e200fe6f17e70d447cd955cf7091068336e,ok,124,430
9a137b22c09d7c7e4db5760e31900450f9ab8156,ok,512,1794
2ba34708fc9b7597afb1f28d924827d0b445c7cb,ok,129,450
3200bb43570b90b013ddfd2aba64f13dda41ae7a,ok,141,493
aa8d613256288323d1457b054ccb6d4c8feb944c,ok,512,1860
14abe4b6729fa637b1243225ef536050a5635523,ok,62,210
1b10367d2c6b80ce06e2eda7766f383f730669bb,ok,512,1826
e55928a8832f3a6be20db4636c8e1854f0cd9f7f,ok,465,1646
4aa191fc01993702de57a3c18b0473d06eb65f61,ok,231,826
20dcd28840942b76a894e8a85506980af79104fa,ok,512,1843
bd973d16005c8f10c32de06385e702edb87e6010,ok,512,1829
3ad77a88a18d5c398c02333bc3cbbd924583ddaf,ok,481,1745
0da832db85fca32558d3945c41d24151163c9859,ok,474,1737
f8014376aab60477c74e1865371ab17aa177c137,ok,512,1840
286a6dbfdf73c162fd3f37095a9615ef10ce5d6e,ok,407,1466
890d3f43646a89f06e9c8a3a60afd0c76714d206,ok,56,186
acfec1173c986d135ed9658b8597bce21ccd6484,ok,21,64
cefb4e81657ebbd842e3506707b8bc38f5c2be63,ok,512,1829
80ee809a43c33db579e577181ee4536190095f11,ok,512,1814
830e16436fb850ad8c10c6f82291f31bbab5840a,ok,512,1801
b6879521305c99815962388ceb92301a563426ca,ok,225,770
3bfa15e8c054fed44cb3cfbddad4c18e04c8b400,ok,512,1810
5f90daa1e620d49c0a1399dc5d52d1cef92c561a,ok,512,1830
a0a681725035a9fe6f9326e9aa541b2ff37449a2,ok,512,1872
26c15da176f7919dc3d4767ffe303f454bd6c936,ok,512,1843
1101d0f61a5f35b89eec32ddcee8c14adb845079,ok,219,757
a158cef0c47f1923ae50be42d2d52b6cab259dd5,ok,278,975
9e014569b6021a3bbef720cc5caa7064fbb98429,ok,244,820
941e86ff7da6b825f34ee70d3574bbc4181a6425,ok,83,278
21e935aa2ab3622d55ac240c967e583fc39898dd,ok,512,1832
34d220fed58ce81dccaeaa47c086443c3f27c8e5,ok,512,1863
af16d38f8621c8edb564d9228c8ebe89ddae0640,ok,512,1905
9ec82c7e9c0d8efe0e7de0a65e2c4d3ab73dc6e8,ok,132,465
5dfe7ce3cb8d7bb83a9b98a47858e82aaac71e8d,ok,512,1802
54e89624f8a0bd4d9082cb8ea3ad8d9da01260f3,ok,120,396
58b80782913989d1c213aadd5006cd4caf8af6f6,ok,512,1854
2fe162c4984c83cdeb5d53135f9963244e910122,ok,512,1812
135b7def56de030e6a6e351fe53501d665dc0e9f,ok,512,1834
168a98fee6251170a66cf437c4202f54b3ee7b47,ok,378,1336
0bf166bc9d75f62d79dc3761b1262b113283e661,ok,168,614
88e164c53efe45746c2a47d749a0b0aa7dcf56a2,ok,512,1778
0becd2c3690ec9f2b1683d6a40428f3cd5713021,ok,512,1886
fe181e6d6614e6ad4b489705867960f16dbbf4c3,ok,512,1792
7db5ee7ed812fe1eae335f774280c0931955a6d3,ok,54,178
c12e82a924640183bfd42f8758f02dfa631c5723,ok,307,1020
2fd851a1a31fc44630af1bcba6def5f5f0521511,ok,512,1826
35c8b39b5cb5451cc73e93a5d44e95712cc28025,ok,512,1884
510d1a497e1ec166ccfd7ce2bfa274c86bcd3977,ok,92,300
c623fdd1ec3dc8b4a6f6e83f36b66cfa2ec3b560,ok,512,1834
754e19e01b1c9e8bd442ac8bb588513d9bc36e3c,ok,512,1825
0a8b35ec645605e75addd17455117a0274a7e9a7,ok,9,24
7c64ecf20929df1fff583c71c763f2025efd530a,ok,119,396
9e1c9f608506c2e13dc811b8ab3ab74e1e66333f,ok,198,718
b7d7a38941c37c1d604c24b212ce8c8f9535d33c,ok,224,802
4c0efb0b7a483e1b78308ceee3215fca3215e5db,ok,512,1815
979a3fc3d43738093d9072ce7685ff759f015c1e,ok,25,76
60220d01c9c075be39ff4129c3fd38499ca3197a,ok,512,1790
7d78030532a7e7b27660b259c92ddb1f2c552268,ok,395,1394
b1fa884665fbeb0cc52d18c70dc694c73de45588,ok,24,74
9156fe2b0f49a7d858f26ab661ab21d1f57e845a,ok,18,54
faa7d6ef71d677f2c3542b99e6c0ca42ad5ac2d9,ok,35,110
49e4900791cadff51b7267f2c53ce746489883fc,ok,198,676
3903cd352b37c1f3dc7a2099912ecb4d5a31f5d9,ok,512,1782
c12804735b701d171b87d4e444624de54cc844d5,ok,371,1295
d6d95e3045741386a9de45c98fea7410140afacf,ok,251,892
c1dfc7a9ea88ce7450093489164babccfcf777b0,ok,270,962
ec6d28a251758399bedaa426b42c74970616283c,ok,512,1861
080a3381fae210cc352e52105c111ddb43c20c3e,ok,512,1854
538fa94adfd3fc7e615f13a8c553ee3045a2be7c,ok,512,1882
3909284b5743a4666fac6a51955eb5af43c730d9,ok,466,1638
3bcb529fb64cf4c5fdaad613243e9bc092a76ae9,ok,512,1836
7055623031bd06750fe1fcf8fa15f03b3bddf3c2,ok,226,794
13c4039a7cb907da39afe2612c3affe1d3a14c7f,ok,493,1828
9754dc629f4822a7b1b458b1c491d9017a2b4b39,ok,512,1767
5c48b64f410b12a5141fabf7475ca8ce80495b10,ok,425,1550
539b490efc0ad85665bf555cf24ead9feb1b77fb,ok,34,110
018fff5a17f34a3f432958b64d9a7d3b4d25b246,ok,32,102
75367057b63477951ae8f0b55350694813657e0d,ok,512,1832
3f8ee94ab02360158e5e0eb8123394782ae3764f,ok,512,1788
68dc684cb0262d1e5ff70b9247a44b1c796341c3,ok,512,1832
51815ed9c0f6a03094c732384d77a94e72a9b444,ok,439,1636
a1c72b8904ab5b8d0c357c33ca0ad0dc035de5cd,ok,129,450
c656adaf27916c2259815d842540082b7b3236a5,ok,512,1870
8edd7f01c8810be748debaac0ea73f5017b9d16c,ok,301,1014
f19e42e3ba27343b51a6e10a3599555e954164b1,ok,508,1794
ea82d7266043474323f6d189a8a472cc2aa93885,ok,512,1862
03d0e42275b5db0a34d6cdb4cefb13c3ad7d0651,ok,18,52
e204525b32be26dce409e7807fd1c515d4b8c5be,ok,36,116
23c850ab46e53144c985526e89a6896df37645c5,ok,512,1832
8a73fd7130a2df86e51990957d61eb4fb720089a,ok,65,226
ace25a1b033cc65aa9841e9e45771832b6209cb0,ok,142,488
97eae3578e099c5a5df8f39b9ec0ffaf9d3b3a3e,ok,512,1787
ea322c9a369c2ea5368c84986185cd7d7d2dc22f,ok,62,214
585d5adff115065960e1e19c5f4d03eac18e2882,ok,27,86
e85399a1f42f8e7fe53d7b7f9aec32f8e2f36343,ok,181,638
fbec90b7bd88d363beeeab93e7ceb654880f1f40,ok,228,799
85674d783b646f022e96b8601aad4cd76752bb21,ok,512,1970
e26982d3a38a3a7ae83207e97949099ae0c0a42d,ok,172,596
f169f5ad571ea1d0969d05cb441f49358452261d,ok,237,838
a036afc006aec7215c9a0bf5c723d1a010bd24af,ok,333,1170
5601d1ee290d5485f394046ac7a354afc3587613,ok,78,266
7a97d33c52d2363a869a487a20a9bf4780a14593,ok,512,1830
cfb6bd3db1e0aa2699a3716b63304d2bde7d7249,ok,293,1102
77e85187fb68673fb784a4f1f1f47545c8249b05,ok,512,1784
a537c1d3aa55c17148f51caec13bbdfc9dd9c051,ok,512,1854
4450bad2905117602830d02625221dced9cfdd50,ok,512,1860
b7286274ca3e692dcd2292d7d6de1494183e64b1,ok,193,682
670e1549e3e28e16900bed435c0b80e484b5a57e,ok,512,1845
b344dc91b1d3484a51158e00450723e8e2b9be07,ok,512,1829
a2eb667890831022a07c387a5f913ae421a2b390,ok,103,346
3721ea2760ee9d0fbcbc64fc4db5873c7d8e5402,ok,512,1820
70674d230eed0b1176c9ac747521f74f1c92e0fc,ok,229,814
a623f6f8d30ae9160f11c3dd5c465b43a8f0b006,ok,512,1863
412a4867ac6deef54264fb14527d66b614f5cb74,ok,216,771
ad5de1a951d595f2dfd57999b080d9741a771731,ok,512,1855
14305dc62966efc2391f279cc6f9b7f576472150,ok,211,763
1408f0c32b404abf54cb3af966656966eedca3b1,ok,512,1848
cf2586932d2fc5b03937e235faa694ea3db3563f,ok,87,296
b09d5e4d6605910127b95d44f14f17fce231c73c,ok,13,38
a1e79474cec1efb6b18d7ef7933359855354fdca,ok,290,1033
c8b856430bfdcf8ff6c3ce9895ad2307c7160c70,ok,398,1428
489016d65236537e00daba6ff2c861554b2067ab,ok,512,1804
00f35019ece712dc4f609cf08d6db0d9ec64cd2f,ok,469,1696
64f3c73fc28316cc85e2f5e20bee5db543bbc6b4,ok,86,290
4eb70d82a1ce2d2599a62fc8cfe48587fe22e858,ok,512,1809
c73451806af76082e50d38f1c614e180fe65ea54,ok,43,136
6e81dabf15c5d381bd7f8325df8e5378d90b599f,ok,286,1018
9749a5aa7ad914d5329cdeca0a5911cb92991656,ok,512,1843
5efbfe4056e913d5caa505f44c5c7c2a7435ff41,ok,23,70
e84333dbb90038e74db70b0e234e9ea2b276d80a,ok,185,626
9c9da1706850220fbb3685f9795960b4dc1781d6,ok,512,1852
66f86b6e40e9f982b71e3eba7b8c2f757d996b93,ok,19,58
4292099c57c8b1f459d914a00205d3b3f2e8ee58,ok,330,1182
d7760b8fffa9415e9f3fa2786fba9f41c32786bd,ok,512,1832
1df67c6ee8ea0d36a9fcb2f2c4fb0c989b19d9c3,ok,512,1864
3b52f1fac723268af1cadd4b55280131c400cde5,ok,17,50
02d0442b2e0b25622f394e5c1371a92cb063def4,ok,272,960
fcc261cd20b36a7ce593c009040c8536aaf333ed,ok,137,460
c487356a032d27006ef2498b0613666d2d528eb9,ok,455,1593
63bfcfb117f061a22dc34dc011c71f4b254f7bca,ok,377,1404
36c1670e7b0a3368b411a08b0bec416d3f6ff98e,ok,172,618
341e32d93cfb1580ce24b46e54e57b47ba190bd2,ok,512,1780
9265f329d893127d5de6065c295a528518ef1016,ok,512,1846
b8632d704c3031b32b277d1b2ba38fa74346190d,ok,359,1336
231327b93e5842cdbe5dcc9b51e2a9783298ed00,ok,435,1525
3ddef0245bc73faa6ac60bec4d1a5460462cfe24,ok,512,1798
41c0f35699d9bc881cf1d6c5844b15de1c836ea6,ok,512,1720
7c5fbd8d7fdb55e18ff57d6bdf98ce8406ec4d89,ok,166,588
55a80d674747ee2952ed805fec1ab5b81498bb6b,ok,66,222
0e2eb636666b88da80059efc5dcede0666ff9513,ok,512,1838
dbae59d3597186b4e5d5ee275bd0f0f3b7795477,ok,512,1890
0c9c247dcaba56c307e4746b06b17f1be32d3256,ok,512,1872
3833d12956d211bafe8c812e0370293abc280b4d,ok,42,134
b4b069fe2ac3fa56b0073afaee3f8312eae9c854,ok,244,854
ed54729ba13dd38d7d47988cd3a4da4a139296cb,ok,330,1178
0f197630f991dc4f4df54782f0844efda3cceab5,ok,93,306
1b25c81992cf3d49ba6020c5347f0fd8035fb44a,ok,512,1848
9cec4192f790fd390fee670d8b0146eb2dbdd28c,ok,512,1843
18ed2d9e458a03803ae1a5fd2b67d855085ab9ef,ok,512,1836
bf0fd8fb272747f5b298e6131bc48948ff51eda6,ok,133,450
b5e829cd1a6f671ebd25b4bc8ce264681bd68ff2,ok,512,1807
4d593409a1a79603cc69da5a1a14ef270cb60a1a,ok,64,216
820dbbf3907f27d6761f980d6832ee83c65a4c1b,ok,512,1758
18ebd014bceb2ad43d0e66df39324d28fdef9dac,ok,512,1820
6e850cd2ed42c95a8a15c3bab749d1f4040ab569,ok,512,1905
3339e8afc3133aeac2e4f4f1af64183a99891656,ok,94,321
f595ef937846689f1721ad55ee8a0ef152a766b6,ok,512,1838
353e1dc8a5b7cf77f06fc6ed5d0516e6ad18bc82,ok,458,1728
08e37f69c8abc0b0dd5bc67cf454f7bbc4383a0d,ok,46,154
378c5225c2cc8a3b1d0d32f8c14c72f79deaa209,ok,113,384
1333198d20723fcfc0ae0b50af836304a63c7389,ok,512,1879
b384c31beb8e57b36e58e78949466c346ee1938d,ok,195,703
f334b87bb419a3d62108294564b85861accd539e,ok,146,502
2056850bc73481da0fd150653eead698c7ede58c,ok,512,1781
2d70678498823543252309358539f8dba27cb8c3,ok,129,450
fae747f7c62161bdaa61f7a6344cdf9b5efc9312,ok,219,775
c209c526954a30a24397712a4c27eadcc2062545,ok,46,148
805e40ebd4f0de47915ff36a94d3d81049d00fea,ok,512,1722
a2ef064142e3e9f700f0b20af400a8ec7d30a0bd,ok,199,680
12b6810b4a7b08f43ace120bc7136d7231f2e611,ok,23,72
3cbb4770bf62e994d0ced51e015e73121ec2b6dc,ok,512,1902
b93b2b37dbbe7484457cc4f7270630c182811359,ok,71,234
5322e30f40be675daf35452b8871374ed0499dd6,ok,129,450
8b64f5e1202d7fcbe403c17eb828682133716f72,ok,319,1120
84b63bf953e92b6299113b729b4b2918e29a9b18,ok,482,1745
80aa848b6fa2b57c437d95ae0f5b14051de2a649,ok,21,64
adcf06e79dbbb96cba7e715e0cbf78667af1396f,ok,99,338
aa4701311d6b121eb5308f9062a5bc87d082a74e,ok,398,1472
cd46b91f4419a795a910f89e694e93c495b5759c,ok,512,1830
f96ecb9725fb1428c69eb54b4116d03853b38917,ok,79,268
e63c432010e2d16a464cc35373ff48f8119cf4f1,ok,512,1770
e8aeb12da4758a408a3dc5ff9683c2a65af710e5,ok,34,106
eeac96e619f0733f838adb11e23b37279f4c7840,ok,512,1772
6943e4fec80a73c1cb928af19ea831861cb2b6b1,ok,153,536
1fa9a7b2c856fdb6f1131786644983ff3ab01b98,ok,43,140
308cb3849c0e346b165291f02db641b3737c6bf6,ok,512,1831
c35302838f785d282119d40968985468569d87c6,ok,512,1813
321acde52d37e0b33fa39dd32d42eb855b329e8d,ok,512,1822
748649672c315d098b797394bd2105e485bc8b08,ok,120,420
cfb588ec4072d97c70783e061a55e2d30dd73cee,ok,512,1864
f091020061b39c7895e873b2bae751c2ec1587f8,ok,178,620
0568c67220eaa4370721cf8bd10e239eaec5da4d,ok,89,300
e3b71ac19f448d2fbaa253ab9b07cf4e342aee52,ok,153,542
accf4bdbbc3a55b294f913c3f20d450b10b06935,ok,191,660
4fc84a491f61f5449f3962299e2a5e90861081b4,ok,512,1862
89c2bdc949ed1893e4625d71a493192f6ed9a875,ok,512,1798
ca22db120cb17e8963b209ad5fdcfdbeda6a0680,ok,512,1798
6395fd628867942efab361a340f0aaf6e800e57d,ok,311,1159
9a809abc3c327046790f9f1e6f14f006da550055,ok,24,76
f314fd4f9f91cbb421e85895a85170a235da33b7,ok,463,1639
6643f65057f724602a2515b245ee7288efe8578f,ok,490,1758
50e8d5268e2e942367af491a5e16f14228e1ba82,ok,198,714
3bc543033bf92a8288538574da768fc1aeec57c8,ok,512,1900
84e1a99c8e2a6baf7cc29d427535198a2a4479aa,ok,512,1812
95d05b17121c7851c0220cbc2698c254a6cb1faf,ok,107,368
cf5b6fb122a79fb4843189f64720e219c69915ab,ok,116,394
871e99805a317dfb1df7b815f784aff090dd6a7e,ok,67,214
788d682aade3084cf40a10eeadecbbb989533456,ok,18,54
56c44392fb8683600275db256a5dd552a9a87287,ok,308,1118
c5b0437b5c0f7d5ce3d92b1c7d4f2005c3bb620e,ok,20,62
87d66371f291dfc47949cce03e2874807622d3d8,ok,512,1790
cdd706ed7b9167fbdb4ef4f5c09350d79690122e,ok,225,777
3c091c53e521bb20a4851d8df86fafe080eff3fc,ok,174,598
1dc5d051836f1ba18b48e361e92f019f8aec023f,ok,93,312
dd88696e60c2555cbecd1ae5174ddd05d52e9d9a,ok,108,366
d323582df9f30694022b85d4a4b16abb05e1b9b3,ok,488,1682
a3fc655f1b906900bce04d11bf10baf9ced1009b,ok,512,1812
5f6442cf9a35fb88b0d4cefb8927e2a6571703dd,ok,71,238
a27d46794b6520ba51bc55ab2f1f7a84efd561d2,ok,95,318
bd4b2379b28773dc7c3d9577807a7fdf474b50c3,ok,298,1054
4798cc982e48989252d1db15b082b5768b4bcb29,ok,207,730
9655cb9a49af38ea792f763bb01d84f4718640a3,ok,512,1788
5de11f489e58b5bdd3a9db5755c2240c81ace2f0,ok,192,678
d8d0667e4471849e28614196dd4069dffe1694db,ok,428,1543
c21f8e5061151bb111299cb2adacc0214c72dfd5,ok,512,1844
6d96baac31745c21ca041cd82cfbe5bc6e361489,ok,512,1794
169c3b712aeb80a9fd3684a84bea1af4ae126db9,ok,387,1384
0192ec93c96511d5c909254206bb0c5f42e1ce0b,ok,512,1832
8bb2103535b5fba878b33835e52580876960a7bb,ok,289,1003
1d73c7c362fbc5e5369c229d668e9ca1302091e9,ok,48,156
ce8e4ea419552bb0d695809a871b21535f2974f7,ok,512,1844
aaff9465609599eb011adcebc924012cadb2dd49,ok,459,1661
b359336cce891ed57c99f957e5b32a8a4cb0e830,ok,512,1875
7752ffe0c8ce97662c32b8a4c85d33f5a1508264,ok,358,1244
2210d0ddeaad088c5fc8c8b2455ecf38f9a3dd38,ok,363,1252
77bb4256b4ad34079f063258477b9257c5c0f355,ok,67,218
b5a988e3c4ac36de64c2f4981e5cef73235826f1,ok,512,1750
8b4cbfc7055fa10ce3bd5ce61ac56e9b796f20a9,ok,512,1820
fd3f7ea1d500b408e1d96ecae24d699dd0b7e6b6,ok,56,190
56af6c2cb4956fed516b84aad8f336c3ea0ca53b,ok,129,450
6beb11ba08f07cb98b17e030714290d5d33015f6,ok,69,230
2f68065d2a20c3d0084f41a8420f483d713ee17e,ok,512,1808
70cdb16f9742f938bc6a5daf4ff8d4b94250bc12,ok,464,1649
54b813107bb2730b2f90bacf26e5605850f67bd8,ok,495,1766
aba7a43a1cba8875350058a4cced7c06d122fada,ok,512,1814
64a7584e99be077020a939af77d1364a0c28bebf,ok,139,502
ec0b5b6f0e4f39bbcc4ef77aaf0a35479cbe3d64,ok,512,1860
6daab18e7313b8d299dbee5a1d44b032e45dea16,ok,117,408
1a45ff38555a6df4a8a2e5524920658cfce482bc,ok,139,482
3770724f5e49d63a0588752a07573e3d5a8b868b,ok,35,110
cd16c051af3d56a1d88897d5ad12efe53915a24c,ok,512,1870
7f5eb20b9bf66e290c72070408c5895c69d2c2ea,ok,512,1861
9bbe99f88a276786a3c20e4c5817743d6673185f,ok,512,1773
715d651940757230a86a64510e3e79f5c27a8976,ok,512,1822
571f77b1410cc4dddcec122580c852c87d7b5fd2,ok,309,1077
701dc91e8ef3ce493781de15f1f4b8cdcc102254,ok,512,1897
755f57e3e8b3fa91b58753fa41f71d02fddc4d53,ok,80,266
2c6f16c2373be28cc32c1bd9c215cb021c2a2dba,ok,360,1270
cba8601469314feba4741046685f703939484ab2,ok,76,266
4efdc04d0463b25852a1589822ff7f5781acc903,ok,29,92
1e79a14f4833e5b54f78bbb7ab07fd1525f045e0,ok,276,959
30f91c19eeff55822dcc8c1a2708962a1e4f4fe2,ok,512,1886
28bfc2dd3461186aae79ad1405f43fd3532457dd,ok,152,540
aee59001343d3964bbe246684f5f83293a9260c4,ok,13,38
67f2d00381d2ba3bcc202e99bd3c9cf5493d93ed,ok,184,676
dfbea2c9c6a85d8bfe004ddd1f89a82fac142d3b,ok,512,1852
b2a3cf7b383ab581f97aa552e762382d2b84f861,ok,432,1515
ea7283c8fe0285feddb9dd654acadb82a94f6b3f,ok,399,1456
53ce8b1a808b01116b99bf85b224fdb35df24347,ok,512,1907
183983aa98ee71ffa0dccf75d75611b0741c0379,ok,512,1882
fd69b00f386bd3d57197f1e56d34eec7357ca5d4,ok,78,272
a3e8137edb123d3b5bd156a09f92cc9aa7a61518,ok,73,240
712b805c1394a293ea4f029a37294e2f5ea9f4d6,ok,512,1831
082ec8a4ba30a59716241ffb6e4365936a90910f,ok,512,1838
232a7eace58b5325ef8b779ce8c903a423da4bcb,ok,32,100
546447220e9103251fc35c9b1c2c1ed9180af20d,ok,98,336
a56498491e8a9643a770ec77744e2a675c2e0dc6,ok,512,1952
ce3bf1ed0ee812c5c432705e7405d30e45f74d29,ok,9,24
ade3f58fbea3b1d4f09a4e736ffefe45dfa517b1,ok,512,1825
8718df85f8f88837985b209d76d6a83a9f8e8a7f,ok,412,1471
d93ab5d96ef07df1b1dcd4e08394602896f56d60,ok,512,1896
a72cc2cd4be5f46e94378db1832375de0158d330,ok,512,1854
96906696c919a72a3f9f7f69778f52b9eade709c,ok,512,1790
0709dd742b0db02cc0626faf32d38a8d62ae9cd1,ok,512,1841
1a119db552237bde61e1104848ec3e2db072ee29,ok,131,452
7629c72ca96ee4115ac80c4225d7a1fec64f0de0,ok,191,672
9b4f34c3269df6af419122c8e9e3e76baadb660a,ok,30,96
4d098ffbf38fc6030dde6d0b2a4526208da5df89,ok,512,1837
3f18855959840bd9ca9bfcc1c45fc61cc754935a,ok,171,576
7a521162c1cf2d0e87b5654542fee0b38c4f46d3,ok,304,1086
100c1cc1e37286b2734215ecd86a90ae207b5f22,ok,512,1810
019e95cf1501703c6caa1f82e922ba1b798f611e,ok,225,796
0c39165e5d4743d67244c5e3136c6fb6aa3fc547,ok,41,130
0942b96eabbef393ff4b0aa176af430a81924103,ok,396,1418
e7fb121ee87afaf91421f1fe21e4ac1cc10f8cc5,ok,52,174
9e185246cb346448481d582fa13226aae0ccb418,ok,110,370
bd4b70f31a337ec44ac7f704134f01073a67f9c9,ok,512,1843
da08870eef3a77c6e0fc9335c10ab11be31a1a50,ok,226,788
c847193bff54d30ac1c59dccb6270b8d912b87d3,ok,113,384
44f4d4613b40a3e86bd1580d34c3df806a0762a6,ok,512,1869
29ddd16dbdb5555fe4506e445c53994bb21e1c01,ok,512,1818
0bc4b4c4842f177918efdde95e842d751ca1ebc2,ok,512,1863
f9ec587793b68e84975dbc378872290e240d622e,ok,181,629
bbddf5cd66316f023c17a2e388d0b396acd59289,ok,512,1810
cd6652ef0011a4bfb4d643d795a5cba539294d12,ok,25,80
2f3bda6fe302e1f18a341ad0333f2a4d73072a08,ok,33,106
585c707620ef945a9a0b3c4a621703dc12e531d6,ok,94,324
b93d17b9a1ce139802f98cf8a0575d9628c10400,ok,512,1853
99050683c715cffb35bc6bc583cfee83424b7e92,ok,512,1777
7f6f758a784f0b1cb2b309932596577dc9464ff7,ok,512,1852
69d6842125a9e363ee98bf43cdb93a688b88471b,ok,512,1766
5bebde8cd1c724031d6cb5be081cab9c1d734ad2,ok,512,1876
8ae7af792458cd3cd87311f83855ab37b632445e,ok,34,106
f411f879eadccb9b060fe7879ee667990c7fc3b2,ok,190,676
462c2896e775c888ba0c002d8985dfe72a152cb1,ok,227,810
c8f892e517737d806d58e77a4b75b900c221fca4,ok,446,1679
56c7f0cec35f8320fa351dbbc1efe9081b6e816a,ok,512,1820
123ff53a564872a17107f3c8e873ed88f14f63ee,ok,512,1931
068809d87273140a2fd9808b9d753bf237cad726,ok,183,645
bf3d956d16bb03f67d7a3292ea703d87e1b4ca9c,ok,132,450
48b0bd1638af768805a9eea8c7544d61066ba8a5,ok,512,1934
b3da1600b1fc696632920f87868f5abe338e9852,ok,34,106
5f248f5d8b327d20d871933a82909d8fe8e27abc,ok,90,302
0eb22acc91ce5f824da782dc7d2a4b720d018549,ok,512,1818
0cd83964866472e16fb0017552044618c50fcd4f,ok,204,706
4d5a7ffc5bbd8a30db73e04d6cbbbdd43145e7f2,ok,120,438
53272422034e44a3592a5a0be7448147a2aec151,ok,512,1821
97482c4e20e16bcc18c22d04b2c473e755144537,ok,512,1770
d8b851a0df1013154640f89d0af349348c2bd1e7,ok,512,1953
852b3c14e6adb93ed9ceee126c5e07c8c1f168ce,ok,23,72
cab4c24aa3051da6c28e9a0dd8efa9e2d950180b,ok,205,731
ebe417a2036653da07a259d6b7baf1aa83c48eab,ok,512,1730
d231897222eef5a699032ea0d02a48d20ce266b4,ok,220,774
7b116c06b3b3796a1670e851e3da17debf8c131f,ok,512,1992
187be91256e88af292dface1b44200bf52cadd0f,ok,357,1301
87e4f0fbb9675b0cce0f2e206f847dd7a8d95c19,ok,512,1835
94b48a0412fa6999e76bc165e7df2d95b0ad2d92,ok,512,1878
edfdc9e00265681d94627c5d82d0ab8387945b68,ok,26,80
04a28011724581a60c2b74add678f90e666418e3,ok,512,1789
e7ca42e66a831ed6d272421140b9d546acd6a1ad,ok,512,1926
633e6d3360e60f738f4b3cc005f3d11f4e02bb21,ok,336,1206
ae88070ced0067bea7931d7659096ea12dc1ec0c,ok,512,1763
4d1fefa2209134736c0dcd6f0c1b02638ac43d65,ok,243,838
2e308028c7454426a95b29d60a7617fa15b60a72,ok,373,1291
c8a108a291b44c00675d5ef2f5b25dfe2f6fb606,ok,512,1881
7b8217d55b46dfe890ef30e4ddd3481d350a7363,ok,512,1788
fdfaeb90d1804c5dce213d2b1364c1c920d19473,ok,512,1746
a0030e3132f23c6b394b1320c4c87918c723741c,ok,512,1841
8e7d8ef511665f7a0f6f2060c2596b38e98781c4,ok,58,202
9a473699b0200fc75649084e45327b35edfe899b,ok,308,1137
5406627b7a84bee845ab891cd1e84b281f849001,ok,90,302
5a978e48cc90d3dca8bb65774c2410a0b7abc115,ok,130,432
876eb5afca19db06681b9833eaf172a751a1f68a,ok,231,816
925eb1ce67661b7f04815fa698cdcf56c7284d73,ok,48,156
82ceaecef81985d6298da955b4436979b9e86363,ok,259,918
bc84bc036beab96e2f6c25c6dc972750df712e25,ok,21,66
0c5d382825563fb3b22da52dc47e0817c82d1b2f,ok,205,720
0bc49c7a7479b84fbafcd1965ea3452b7408cfdb,ok,47,156
200643d6192206d0e1159834a35bffa1407a5a36,ok,512,1861
111bf2ab700138a321b304621d08684880a3b982,ok,512,1758
3fc5359104ba920778665550b144fe33df93fc54,ok,512,1867
b3ab3ea347d66b8fff2b08d22ea57f1477ab539c,ok,432,1570
340450e9903d68af3a131aed99278e63e0b01f4b,ok,287,1026
7bfb89bac876180081f7f3b6ded20b3c87e27a65,ok,512,1810
d602afb6aef6155ecca77bc24bf3fdecc6a219db,ok,174,610
c304e20cbd38a696a492aa6efb0f2d9af663f3a7,ok,165,556
5bddfc7a3edbc81e26d4d52180e1bf2bf2100dd9,ok,512,1842
66e897676397da5a451c0d9dd2968a59227ab0eb,ok,55,186
093c5912789c6b38cc6d55dac8ea8fc8ca817f14,ok,148,504
b91546920320cdda206258f89541cf6a5c66baff,ok,512,1812
fea1e36b1d8f22818122649eecffe39530ce1022,ok,55,170
b8ebcb54325a89173de00661ce4e92ece9c5b860,ok,34,112
48661462e00d5f27fb8001739365150820588b2a,ok,94,320
1b61c91b73c5244420c282d4db125d44eeaad56f,ok,512,1815
10a184b16168690b873f5794ab729fbd3390709d,ok,264,928
5e792ad4b4012e2ced7b37c363f4a0223bfa4661,ok,77,258
798d2388e374fb202ecb39cdd5ec748da76e35f8,ok,174,610
f565785b33bbb911c1c3ba4fd0409b0fc4d90ddc,ok,512,1902
681be1d44ae4725f5600962e523535c4042c5e0b,ok,110,366
909d8fe8b0fd41c12aaa3185cf112dd617796fe8,ok,16,48
31e4b0176892afc159e3c437df48c21341a1a00e,ok,449,1604
7ff72ba3b0bdabec9d069e9555dc14171e41a1fc,ok,112,368
71381371efb57c70037c0f608c9896a26e438a9f,ok,72,248
7082b008d35a4dff89e4b5d22be1ef9212546dc3,ok,433,1585
8e6fe8030211a378509d84d0ffbab4847efaab34,ok,512,1825
0b5d6e279df72274a383e050e0659c6a5aeefe6e,ok,258,942
8d6a10b0771182d16593bbbc0f6ba779eed86349,ok,86,297
9597bb1cdc51ba75b636170c774c3ca424511509,ok,226,806
823fbe87f3a8e369f2c7aac0c1979edd34d2624f,ok,275,1013
b49b6a42cb6f241a06b8bd4cf10f6b06c876924f,ok,284,1026
707ed97cefd9ab918f01cecd159dd8835c96be30,ok,497,1859
94a3d6ea797e67f443eca91e92015031f4015695,ok,512,1795
a6398e8a42ac8a2ac40df50041be3d45e53f89d3,ok,54,176
514f15ce65ee7c0ad87edc4837005bc421dfdc63,ok,512,1836
8130bbab121c1c227dc2ad7f06343f70160df419,ok,512,1766
a0c7b13458d16862e983a09ba9b73d071713bdaa,ok,512,1822
0296c58fb2d814406a2abdf3bfc1e9faa143904d,ok,224,788
aaa6159e165df8d8ced307df7a1d42575b5d118f,ok,512,1907
7e7a62413b4cfec3bccb8ab407098734fd59c147,ok,207,724
dd202b52dcbedf9da15b1cf467fac1bb2cf5aeb9,ok,282,999
58b207d1137f01dc133970b133038f4c9423e64e,ok,512,1792
bc4708d748a4e705ddf3c4b7a29d8f46ee01874a,ok,81,274
c7ef040ad0e22e75fd191cf79df0cf530363d14e,ok,510,1811
66d16c3049a11728cb2f1403cff8e27ac543d127,ok,301,1066
01c49247baccb85e7afb1291461955296c067ed4,ok,166,570
158431feeffd65f01eeb0b620dee23d0f6943509,ok,257,910
3430239ab05afe9f0c1acd748623f0f31885de71,ok,512,1797
bd04230973aa65be812e03ac2a54574a739e8f4a,ok,512,1755
645f9767029e9c9a6be6dbf61c1470a39ced0276,ok,463,1654
cd1ee6b453aee1c8eedc07710cfa4a7e2d020e02,ok,319,1148
953e267ccb4b2c958e1898bf16d9a1631412a740,ok,112,376
89f5df1382b11fcda4a0dadcc578d816c60deec3,ok,233,828
3a104643158d7d71d7b8f8c974ae7e250c0ae2e7,ok,303,1064
f45f6203f98a8888e0786d34b059d77933315b5d,ok,367,1289
cd2bd7e44827b01fea9dbf7585d0f6e6f9057d17,ok,61,204
d3967c123a2eba9774940dc5101d4cba00d4a93a,ok,485,1727
36538a834ed49d88a219f4b1a224ca44f0011b80,ok,142,520
f250888c8f358f1b31e70d214d2f33e724e9ff03,ok,35,110
ee918a096076120c5af06bfe52027e35ee822888,ok,402,1438
da4de8100d880d02df671c7108faa1bbe101babc,ok,153,518
28d9c92e2bcc12bf418669de0cc5e380ddfb0fc2,ok,79,275
ca07b12567048e4ac7a5b4e4b0e358502bdb8d3b,ok,512,1832
5bdee2685ef060c90987e8c258e773dc40c862c4,ok,257,913
47d30df8557c46e7b155776dab00a544493eae2c,ok,45,152
0d5f694df86386e9ff03327a025619b134042b3e,ok,75,256
4f6d354054d4bee112854a595957468dabcdde9e,ok,512,1892
903c7183cb5f2bde469a92535093bd9693fe7865,ok,512,1854
95c42ed9d4984778f11f187e592fea659d0ea714,ok,512,1844
b2168f2bfef5067c09b9dfb651f9775a3d7f3d65,ok,512,1860
a0c71a8410a603b9cdc9cd127ba1428d18089ea0,ok,370,1365
1c9c4d9c342a707834a204bd87bc4870f882bdab,ok,441,1524
25ec94d764e023d81ccde4844aedcb3254a2124c,ok,512,1798
46c9f791cf29a43ca3edf63b30eb9abc092a46d9,ok,103,350
70f51a2c5b92ad3fa8ba2e451c6c03c812a788ed,ok,512,1871
e89912b562114e89dfa4caa23cfbc39aef39ed87,ok,512,1820
ee304e0dc5b1468a5a457d22afce752fc968462c,ok,512,1952
438f1442732a5cbb3c70417c16e64d990b4dcea4,ok,512,1825
dda9d270d122559fb96f6d2284be8a215073604b,ok,250,884
ac6b785036a9c582b441bd1afea9310c21e914d7,ok,512,1812
dcf0524a87d1bf903777145d2cad79d78f338c30,ok,425,1496
53cca9397f81eb8a2b0a10dfb844182e4d2506d0,ok,512,1941
2394c3e43278b2204e96bd2b010c58f0f1335bf5,ok,512,1846
dd38228f4c471da60ac7813a8ba02a929f40de70,ok,512,1938
18bb92323b1c713ea7b6579bdad7ae68be14d5af,ok,512,1768
cd303bd04d2b5961bbf2e1411c3451e32174c9da,ok,512,1799
993361d645ef12f84de018893258694aad13fa6d,ok,35,110
2d48ac5966d57d91a969e520fd737f6262c55ffe,ok,54,178
ded4e10e19a611c171c0957592ac5b3eb4b165c9,ok,35,110
9e35d21bf830b1a4079f60b48bc78ffaeacac8eb,ok,35,110
44036bab313a876b524dfb56b7becce840d4daf4,ok,216,756
e6dea54502dea190af9febce73f13480f9c6d23f,ok,103,349
37a7073c8e23053c7352d82fe2a5b8c110ec9c9a,ok,24,74
c06d1dea87c7b244ecef13b84d9cba4ed5513f33,ok,219,792
6b9bb2093edd0cb3b5a37708b4fa08a9c7a05a5b,ok,120,411
3c311a9584eb32117d4321a499e81c8e835b5541,ok,405,1448
51866ce35d8145ffaaa386662b20269e2a728bb1,ok,400,1418
0e687304433846cd41c6e5dd1f5095ffe2ee61cb,ok,72,234
0ea5942f46036074e7c3906419d05e7b7195d99c,ok,512,1883
3cdff452a8b8e3ac2f252382260fa8747c7bd09a,ok,512,1826
4582b285b2f22d6408df3d54e92798b81374c987,ok,65,216
3a586147fcf4c4e5cf6eae0717754c4edc8e1be3,ok,227,776
33dc6ee78679866c220710c3ad38d2c569f3d6a0,ok,194,682
ec52b1a9dd5e9abc447c62fbaa432ed96130db8b,ok,88,290
445d19f7f38778af8d2def6814f375c090e77368,ok,512,1976
b9af1993e9dbafebaa851ad5290e7f76d3cb7d40,ok,512,1845
d223044987c7f22d530c1e2a4232618316bd5997,ok,80,280
2a8afb6abd41ff5e4d7c357c91a5cd063b6cb5ac,ok,38,122
055371063b29405eb7ac92e02a50420f785ac865,ok,41,132
25d6ad5a3cf2547f054f1c82b19e3dabaa154205,ok,512,1840
529d1bf205b9b05c4bd4401d41613dbcf20b9a9e,ok,512,1864
1647b192e614f7afc9d316ffba63be011df21033,ok,512,1812
8ce1f565504fda2c60f58645d000d5672f39ca01,ok,416,1523
83c66238d54a7da108d3512d27dffef8b399cc5a,ok,258,929
2dffd863ad764bce64ed14bee90925f8197810a9,ok,512,1866
48a41e507ada4de8ca48350998ef2e9844f97673,ok,291,1047
fd24ea27712b948899d5564884ca4786f0a45a8c,ok,109,372
1eb72e039f37f93cca9add9202e6315df14e45a3,ok,512,1792
b2adfc46c1b287c89b3db9ecd3866f11bc3e3a4e,ok,233,837
279b03ba699cb6df1f077aad712214c60d1bb52d,ok,270,944
0b55b9aae78ec24caeb66f3e1445d57eb8a1702e,ok,157,544
533e6c372b591bfac52c132b0fb1da398637f4f7,ok,25,78
4a3491f50dd527ec15e6203017d4df6291282378,ok,362,1278
e8be2a561b193242c7763f63a3b519d82ba1944a,ok,51,174
b1510f600561693e9529cbc98f5310b6ccad86f6,ok,41,132
3014a2dca89098d17340d1645d5d1173a2893451,ok,512,1867
a136dddd7ff4c5a36149a1c8ee96cacd47d2e4e2,ok,512,1886
674b79104bb137cc65f8500941f79b959bd359c9,ok,512,1848
5e29a9e90e020c5905411803e1918139efa69a4a,ok,512,1828
30a7b797a76e130f50cbb2de3f0493ef8a141a67,ok,27,84
946c72f92405647f9af6fdadc04ad30465f0b871,ok,19,56
ccd5f93a847b119e2fe2dd4283608892dcc6cf85,ok,512,1853
2e7efd692263fba155130cb5dad03fd948faa22c,ok,512,1800
8ca4d212df155cbebb12903e2139959319f64172,ok,300,1086
a9a9ac39f7b72cbbd4152c6cf95560eb8bba1a6a,ok,512,1865
72021ecc967b1c7e4656afb50d50dfa954bf2ec3,ok,512,1895
8362b5c5c4aad6ee77daef894ede168fa71e3d56,ok,512,1846
3c813350685a3b7d7b8f00bd9cd5d48024136a70,ok,31,98
ec6fd6282983eb599424dad1e25da9995c4a51f6,ok,175,604
0a26879da2bd92a216daa5eab2fe1f9fdf711320,ok,512,1824
9ba7f30a51514410e7aca9470ba55aa3444effeb,ok,512,1870
b1c457ec896b30dd05c45b442387846d3eb59920,ok,49,160
8465826c353eff9db0ec3af270ccf6e5cfd01b6f,ok,411,1493
c214e69cd82954cc76ea08e07b158cdd2f45fec3,ok,97,334
5d595a9e7adf2947399f66fa336d886c8519abbb,ok,184,662
c6bf4286791a1559fd5df694421ab0ab6e851a1e,ok,149,520
c3e50fc5ba49fffb9a564769f7e6a22fa6abdbfd,ok,149,536
56958a8fba16d13bab049d7e85c55644c9b31936,ok,374,1314
3cc9bd76386274ddd1f8e3aa1040db5e5e78dee3,ok,73,246
cfd4c00c584d6cad477e0f47c0feb28d90070d35,ok,512,1860
f092dd44d85feb43b45437fce9fbcc132f78650c,ok,171,598
c7ccbc6dffdf86a695b3eb5b8345e04b8f488f4a,ok,512,1812
095a09dd1df6455fd2a205ff42f42f1acd0288f9,ok,333,1218
cfcb6af1ce99f144e803ab97213e34b36b6caa86,ok,512,1872
0c7780de3fb2b489640b3d056cd87eb6c914cebd,ok,43,142
3b95a05eeb5f00419cdbbf82dc2f016daa5ee85b,ok,512,1844
15dcb576de1cb8202195e0143d518a587a8ccf0a,ok,331,1226
2230aed6d1e0903b39305cc9b30650e30c68da2d,ok,439,1565
e99d4036803bcbdc93710d705836d795fafb75e9,ok,415,1495
2f2177c502d0ebacca6b9875373314b8ba37ea71,ok,475,1664
36d4e7f3c10d49f6a3a20c0ed43a2798d6858fb0,ok,50,164
af2103c89ed2e6156164e8e74bfdc277780685b4,ok,512,1861
af393f9750fc4b292983bcba0ea34097992a446d,ok,512,1808
fec20c4bf4969074dc7f17170e1041343e005263,ok,287,998
ba4f9bbc284a5880c380cbe16be5e6f94198bb3c,ok,499,1827
b2273540faa78658ccb0b31f96df3c10595c593b,ok,512,1856
9eac0d39ff6c7f148f8e537c1332c5394c0ba821,ok,512,1843
aeea5d1c131b104c21a8bd649463765c570570dd,ok,13,36
dafa3ea2717ebcdf9cdc3ab1891ac0e209f76707,ok,487,1764
959e93f7208ac5995edb904810ad90aaba252d6d,ok,512,1924
d283bc11312a353926f402df7a449c18b58469fb,ok,55,182
0eb471e76b92bf267ad7aacc98567450a8a38a05,ok,512,1762
6dc8625cd13ea3cc3f10d6c5cbd9ce4d46a3dd39,ok,197,670
3bc1f81667074b56acfcca3735b3d94f30e2b232,ok,55,180
290e3dc2c7afb6fd8fc71a533b51b472d0c84dcd,ok,14,40
2073ba1ec8bb1d1dda629debdf1519dd7fd23d46,ok,38,118
f2dd5b14639a729dd1281a32b42577db6d41b343,ok,512,1932
2212465f7314895ea7f8d0e7ecc6abd9824882a3,ok,512,1796
65266215c37d56aacc2bf21f4d93647179076bf7,ok,34,106
eaa6f2d789f11d8c3e91cfcbf7bd6aa9e72be939,ok,75,252
eccc040ccd5b8ef5605221eea1cb8045e4af3ff3,ok,204,674
0be95382cdf4e33ffb5a69073e527f48ee8996ef,ok,442,1664
74c6dff109ed1e919b58dc8d7e872e0f2a3fe6db,ok,30,98
c8d8f3585e540d4cb4fca4df3c7f71eba25e91f5,ok,245,890
218831f0e93d4ab40ec0a7dcf158fed3181fe11f,ok,502,1774
a32f18ea47fc210b3cae15ae1ac3c69cf517cf08,ok,512,1884
4a5918bf9d095f2294ec713988ae6e0dfb6ee110,ok,295,1051
9e3d3ff2e1adc3c000182837fda946a044fe04d1,ok,512,1802
a324503b3e411299cecca4f38aee3dec749ff530,ok,249,878
be7fbfc1eeac08f9af4c656031f9a7393946c4a1,ok,512,1804
ab7947c15305c108e77a0a2c66ed14b3c7f6bb7d,ok,512,1837
2570090ed910f7546a0d9c40015a70ba4a52701f,ok,512,1844
006ff594972df6aa9150d13c7ae6db12b9da642e,ok,414,1498
03b69f1f0d99e67b645406de8e45b441cfe53258,ok,512,1839
82057e33ac3c2c0669d870fca99287c18638f216,ok,512,1836
9a8cb750986d37df2ce908f547755d4f1a8d3dc1,ok,66,216
bfc757b635d93f8879988d7142c16dc1ac65dcfc,ok,512,1818
5f22cb03e0002ad30b139a15e48442416ed6e10f,ok,182,632
e83fbb40942c815c63683f5e4c145bb3ff4f9082,ok,159,544
2fbe049aa2ff560fb391969bf77015a603f33f13,ok,124,422
c4b2037825ea268e54b5f67a4616cb4f2c1d692b,ok,512,1764
f4b15f1f01283845fbc7c6b4163c0ff43dd37fb8,ok,512,1819
114b00adb43fb18c1bba16d22ef88d46ad348dd3,ok,134,464
2ebb90ed7e2c4d437eef87249e3c3bcaa1daea00,ok,372,1286
04c4c0137a2046e5c9d9fa81a3a9778d0418c831,ok,512,1900
b3b86953faee835bc295f168fb4770b3994643eb,ok,344,1234
5d0b289f9bb6f6210116618db74dff41f3d61021,ok,80,270
5c79b05bf6d8e60a83e152baa8d2dce14ea49b3c,ok,53,180
19f3c04799057ed6f1022bca9bdfcb6482d5f97f,ok,319,1092
e8b71766b93295b4c786f8bba331ebb342eb13dd,ok,308,1108
6e292ae3a1a902d05af6a9b081add6c94384d735,ok,512,1853
faa3a679330f7d9064a4b8e6a20bfb93a5ec8e34,ok,118,406
1c9f3abee418049a0693777cfbf6ae89f327eab6,ok,156,550
568147b32d3937c6b53e3421ebcd29be8af1ff37,ok,25,78
f235e4a0ade2f1570376a96a7791d124e224de35,ok,368,1344
49fbccd625e0c58e8e02b49fae26aad3d23b496d,ok,512,1776
59d9f01248c8899da48950734b13ca435af52d59,ok,245,860
7ec3384748a5252a573678fe2dc90fd39c099992,ok,147,502
dca2ab3d2d2086caf313de952bc62ed558f50e36,ok,123,420
c2a206400456ad492bcc74a720e2a7125e3f9003,ok,512,1894
b204a39e5f0415454441332d6414019970cd46e1,ok,512,1855
2e61840ccb356f34664ce0696870cdb2898c5741,ok,512,1908
b106c1f4387d2443cc89488377ed6af2fb39b000,ok,260,920
ab1636a091b58383571c2d10c8fdfd8de089d310,ok,298,1050
3e7466c3dbe51edc5a1fa1480f3db0a5b3d7c136,ok,512,1866
70df7e35ff18380ac89f3cb306baeed9fe1d344b,ok,512,1745
93a7d334c45e039f1db2c74e9c063bfd66d664de,ok,512,1918
f55be872324402d68eec5e0ce4b81d0b6ffeccfc,ok,116,400
787b51096c4ba1a11a6ab28bcc778f01ea351e9e,ok,512,1842
5676ff553283ec96232632399d2a5f986a0816e0,ok,38,120
c25d68eabdb983f8ee47a2430b7c31a799099036,ok,155,532
e85e8b5fd8f549d669bdfc124cec9643652445f4,ok,512,1817
f046357509b9a9134a74bec6d06e35349ad86672,ok,512,1749
4964e9dee5312e95a415e0311cc7426e9fd6f9ea,ok,49,158
353cdc492cbb0dd4ec70cf31d7f49262f1541670,ok,177,624
c7a05153050387115f424ae1e8c11fd4777ca729,ok,18,56
535a19fa5813cfc41625183e74c6a0bccaf6caf5,ok,512,1876
0f635df799d0d4d9dd386fd134275d2307b44918,ok,288,1056
b7954a97382447465f249bbcf5b2c299f1299e94,ok,25,78
112bc62d03f4bd0fd58ea48ec9c23b69f9536b4f,ok,94,320
ac0d9b88664f660a36779ec451bc8b784d6a7943,ok,153,542
448b6801ce2d3bbf6f1709f2e80cb1bfcc921b3f,ok,512,1855
80d3109dd5c430bd8611694a4988bcd64bc964e2,ok,512,1860
aa85cae41d4dd55e442eed5dbd900053a820d9df,ok,512,1895
935033973af9f36ed24965a662f3527c69a2af30,ok,512,1858
733a590a0f0a05534fc9d0ce2cd82f97d3ac37a2,ok,452,1635
6d757e61ad1444f79255ea77f27d8a2ff2bc5228,ok,512,1772
853e661aa4120c4ff22522edad8b41559113bece,ok,145,500
616d63636cbaeec3fdd4dcd2adfe92fa8dcce713,ok,512,1753
0e11665cd7da168049952b3191a1cfec2b32555d,ok,69,236
e8ee912be4b0e419e88a559974528c15b7b96384,ok,512,1824
18bfbace7115d5dcd3015920a8dd4ef7568be45a,ok,512,1908
359ee39a4c66116250537183b5a768c182541dfc,ok,398,1464
b202938e186e6e2b03f8946db3a40c2c2c2c9215,ok,151,512
decd0a40dd97f1f2a9b3b0d0c6492a01cf57bb5d,ok,274,977
529ffc9215a10e424953665ecbc3f7222f2a3f29,ok,512,1926
892ebf80311659e466d56cffd7b9fd0414d00760,ok,512,1768
63f5ed1874d9011cff59203dd104ecf6a8572fe2,ok,278,950
846f3452d1b8800bf2ae74e844345802b2fb7f4f,ok,512,1830
896f1d69c53ed00afc5274b63e27ced6879cff33,ok,512,1787
507cbcc79ee5e91f84d0f44d63dfc86cb2064dad,ok,512,1838
59df55b14f1ae06eac8223af5ffc73dd0496771a,ok,22,68
773aad20c04fff422b873368e59100c5f0a6b7aa,ok,335,1140
e3bc218993a4666f65b58e6a7d25e2d7af4d9bd3,ok,512,1864
dccb01798184155b8f013f6ffb896dedc49711e2,ok,120,398
eecec708ad319b11577f5b8632819e481f67c68a,ok,176,582
eb454733b2e10ef480b80856c2151062fc663109,ok,512,1826
a1a6cbc1b48f564753806e30a0b270067e15e5aa,ok,512,1790
62741cd1d6271f865c56fb330ea5c7aaf847f0bb,ok,98,328
ddd0bc0caa142d976074b33cf934cb2606c24dfd,ok,206,754
5d24a3d45ce0dc33ac8d5828b3ecbc6cbfd215f7,ok,39,128
bff70e700c87fafaf32ad1bd7dcda6062c476355,ok,512,1842
28e51f2534c2af2d1dceafd80bebb199e9d2a73a,ok,46,146
00092edd047cc0d756932cba80bfa97104fd79b3,ok,79,262
c74dec266fb46d86700d673a874b50045aa6e7b3,ok,512,1860
f0ed16f8e95cfcf74e6d72788d4c4282cf90197f,ok,512,1888
6043e759c5269d2734dfb2d73fc33c64d3def898,ok,260,888
b07ecbab35cebd83adfed2c9d1e7f2faa2377830,ok,512,1805
7c9410b7c6cac2a7fdb771285c32657618c2bc72,ok,347,1257
dc54a1ce912fa6d6843ffcebc77a3fe3cc5d07af,ok,512,1801
a5cc7645f6b850f727df00a6cbdc34f472733c83,ok,249,890
e843783674914b98c98600d95fd579ca56513cbb,ok,512,1813
6021c524aba217f04d4a5501668d4f0a986beb98,ok,512,1872
5d4c5f4b85d6f7aa67b5a3ec2a06cf3a6ea1a99a,ok,42,138
fdfafa49702e40620046b809ed67f70b5794c015,ok,512,1811
48ecbae9383a855911b955010b99fbfd6ef533f9,ok,387,1364
dc61384e2709d084616ac2811ab9de4654b4cf21,ok,97,312
863ecaba49a210c86804af4369e3ad6168af4b0c,ok,126,437
695b68cf2750ee29730665f505f01933342a8cf0,ok,34,108
5b52eb39b9423fc68a17d23e9aadb1597b391ba7,ok,419,1510
32cafc782feaa6eefd49bf08e5c6fb8f2d79c021,ok,512,1842
3c660a32680ffe78141d9c13eef2f8fb5cda076f,ok,512,1864
1b6d56569ba9f0b618c831e28bd5fe85e92d17e4,ok,512,1824
9bb7a3aeefe1dfce5736a18f97cabe3d31925553,ok,450,1659
b2884e189c29aed20384f93d978050eeecd5369f,ok,28,88
afdf4cd7239023e0e4b2e7fd6c6d1921fdaa7945,ok,28,88
dded7fe32da0abb2d8abeead8ae071b7a336c9d6,ok,85,290
bcd81b00127cedac822f262a3076df2b3bdcd885,ok,212,731
8303526c6361d9de898cfe52a6d6c3d621e5e796,ok,361,1265
398e13b1b580202dc1e7efd9ceeca7891a96c8fe,ok,512,1808
fbb274576a8160521be3af5d48f9ce70f019cb48,ok,512,1832
a4f6a4673d7cfe50ad123184e94dd3e0ad962db9,ok,512,1769
f77db9934147f421b3a71147e84ba8f2c8282856,ok,512,1788
3001e4e58776fb3313bab132ae6c6cac0628d166,ok,279,952
1ea90003822c71f3224eb86cc736376e198c51c9,ok,512,1771
b18ccd45d79b1a59f95eaf8fdfaaad885d0f4937,ok,317,1119
7751d6557325d7d9d04ffc7020045a0f79116042,ok,150,522
6d4c9fb42f5aebb275d66138b6dc4fe9b14bb7a4,ok,18,56
a7a9516eeb49febe02d081387d5074c40d7bc126,ok,152,540
e7754bac4a9291f8062d4dfefa6dac0141945deb,ok,71,242
93c545750a1a5d86991fe2727ff0435f261c9b5c,ok,25,78
2aa5b682d0a6e9a1dc7d8174295154b78576c8c7,ok,19,56
8a119ae30ae973fc60101ad56aa85131f833caea,ok,512,1870
46d3c59c745a8ee59b7e83819e4f97bead636a80,ok,413,1471
1a00c36fee67b6955bae8da08d2a2ae473fd9400,ok,38,126
97734ca891eb60390c7485201bb3d671ec37449a,ok,512,1874
49f65762dffef78b56f98d21b0e2ecbd0f568203,ok,341,1250
fe8995131c2a2a9cf47cf34ceb0db28000ce0a6b,ok,14,40
45ef9b8471ef2a98ee45a1f85d0bd7cca36935e4,ok,512,1807
a793837c5fa659d1f1bbffd6b0327374a716757d,ok,21,66
784e218b8ebf05babbcb02a3cb51f92b6f982430,ok,512,1850
235cc8fa69de4432955570ba1b098ecbc67cb1fc,ok,229,792
6d99374c3a976f7124007960b16b3de9497f5ede,ok,512,1839
25994a31ee54ac2a3c3ee13f98e9ac8b53fb9fb9,ok,170,601
9c27cf23a701a6045921c3e61a9bef0998176ba4,ok,207,712
30fb630a7e7bddd642a1dbaee0131d051ba00a14,ok,117,398
61c2ce9d0975e2286a0439348fd2cb0905774631,ok,512,1832
21eb73c05f919b3a6ea9354a852869d91d55aea4,ok,512,1844
3c0f34c585653b55776edf4d8c3a052bdb189649,ok,307,1068
2cd52381f3a042edbcb2f576320c79ba55c96da0,ok,349,1268
dcf64bde47452fe45070e00d9c7340c61ef485e1,ok,23,70
f9aab55dac1c7e81fbcae5140c34ec4c78606252,ok,350,1288
29f2ec2320627277cba8e9a91cc270ee9e9807a6,ok,9,24
68b13ff334c4cc9fbab3d6ec3810a4857e663558,ok,137,482
3523ec1a01fa26dc8f29041d108464b31f2da6c6,ok,198,676
cd9bfbd79e7e83483c231caf29f5aafc7b21dfcf,ok,512,1824
c64ad4ea3dfdb23adf1df4a86aa0d58f2a17e6a2,ok,32,100
06e409f6065bc94bd6c1beaf1c2f4d162d20196a,ok,102,350
35c1323ed7d40bf80ec8ebda8584a24eac59ecdf,ok,288,1075
34cb3bd65b336449554ca5989fa23cc37fbb7143,ok,430,1527
905918d3a141f9fba9858b57dd55ff664a5ddf58,ok,512,1860
cc7587fd900c9e765a6617803da853a4c913c1f3,ok,167,588
b7f3e0ca9705cccb3e9b6773c97917c3936d29d3,ok,39,126
df207016060bc3ed248e38315e14725da9ac162b,ok,512,1880
d2ee3e2395f2d456294b6683111406b02f2b2506,ok,512,1791
9c0252cd2b643760883ccbb8b1b0011e48e4331b,ok,346,1231
51761a8b9f0963d05541305afc297064d2f1732c,ok,158,544
d1bfc00f20e4628779fbc38cf4b4627f35096b73,ok,192,673
f82232d965b3af62f4a1b970d05f9031b0b032f3,ok,34,106
6491bf8144f09d5a9e855db96857ba53802c7b4c,ok,395,1384
0f0f74637db6bbcac20f04cb23075d78b3280c51,ok,512,1857
c4471831e2693e5cbf027431c14fb7d7b5f8a0ba,ok,512,1874
2a52bb0f211bff48bf8fe3b115d4b80508f985a5,ok,35,110
29917ea9165b9a2960574f370f08e30dfdccc777,ok,493,1744
5208b400692e659bdd57583b6799a4ef8cf15222,ok,51,166
e664a1ed5bff37e94a6223638602c8899dffc503,ok,129,442
15c1c45ab90dddab2792914b3ec0f9d3f711dab9,ok,512,1864
203e8239c8f01fb703e5e923a7ad1326be8d5fbd,ok,337,1207
af9c0f6c8b3367f7c4448c7c2d54eb9d5a545f11,ok,129,450
ebb07000a437ad2f4ed7f94c2d7769c6bccb369c,ok,512,1814
0389dbdc9f2d51cb6c64e9fb70c7cf0fbe329f66,ok,66,226
abf59c43e137c3817e2c03ef44bc2ed499d3bb8f,ok,310,1076
7649d8d5f2ffd89427ad80e69ad37abb9657f384,ok,512,1822
42b77cc673e1756e62d3f13e3f61a1d8e6eadd6f,ok,512,1886
5ded61206df34578eb7c16050ae0d50984aaa90d,ok,512,1864
dbcb7efc4edf9644c4cb9c78ef129d00aa136815,ok,213,756
8f87eaf99e7f3beeb8e6d3f462cd3be7824a1ea5,ok,512,1811
61df60b3edc7562da9aa321971ecaf1da3465ea9,ok,69,232
c265cd07a7ea22553e429f42d852fb63ed8568d0,ok,512,1790
141988e794ceb1c1138ae0887b1af379956eeea4,ok,512,1828
7f43b295ab560db964fffbdb4d6b6a4a076d0562,ok,65,228
f3e675a023800224dd5013e927b252e69df80a8d,ok,512,1844
6dcd98d513c41e14427416898887191b287248a4,ok,298,994
2f58cba8d40326c6dfff40f07520816733a21705,ok,25,78
cb53d78209ea6c75981389598824d6ff5bb9588b,ok,85,286
0371b0a3c622ed4c2367c218e8ea11516774b46a,ok,512,1746
41abb69efd79dfff96af88d8747081ccc2c73a2f,ok,503,1823
62c3b11685ec8f90818d7b8f1b6801481beb86d4,ok,512,1764
16188017efb51cd36c07ba06aa8c510025bd38a9,ok,186,669
fe5dfb146fd3c49dc8dabfa576b6840940f2220d,ok,274,958
06c92ad0a70bfa935c512466a70c05b7da184027,ok,512,1841
b47212ac24c889a6ef11a2a8910764cafdec8b6e,ok,201,712
75eb6ee3c891f7388d277224c80a7f87bd436e7f,ok,41,134
d1d76e061c4bafadcde4daaa808ad956f94a88ad,ok,46,148
0f4b63c695485775e7fd176e6fa761497085c14b,ok,146,502
b3e2423b9a6c5dd53f3d10bafa4ee44cc3f31a97,ok,512,1792
9c686be36492b307ebbe7b86922dc911542cabf6,ok,512,1860
6b5eaa81856f9dd31632be5d9f9f87086ec67a7f,ok,60,198
32df90c406a6407c8cfa2649305a4253d20cd9dd,ok,133,474
d6d74b62ababf7321bfd17c0fc580472f5327d56,ok,512,1885
06c33dc097de9027fe5fad7bbfd97e9fb2a021ac,ok,322,1112
9e09ffd73c59e141e7cda7f6baf1c281b19b6481,ok,205,720
f470534a95fef882c9f09121f782166b68d40680,ok,512,1831
8f338816976a3d5148d5124ffcb13da0ec5a9ec5,ok,512,1946
5b1dc0979220d7d5eb6ba052d0d77b251245ddbb,ok,512,1802
714bcf8ac179f5357ce50eeadab98ce0cea11845,ok,273,1006
47611a035e35326e5c72d66f62082743df075fe0,ok,206,726
fc267a99d423932a416031299e2b98c2e54e5bfd,ok,37,116
3acadf605c23dbc12f1207f838ca424ecb56e57c,ok,311,1088
433f1c531b22bca2e9bcf0f1a90fc70fdba128bb,ok,55,176
bbccb09542727d5250974cf14de06ca313ac54a0,ok,229,836
0ff347f7bde4d054d5d27a184672139ee0746c68,ok,512,1788
f1e6a9c7ff34c86f4ea8493ca88375c1120cd3ff,ok,468,1572
d24acb1b0e4a3b065fa94f01011a92728fe8b894,ok,402,1416
eaf7afb89f5166b1a817168b72ab4f0a81a5637a,ok,512,1812
4b72009b1680d6c7b8cae4977d2e8cf6528da469,ok,22,66
f2ab18e81d03bd1f8245f0b3ec17918949513a21,ok,512,1765
c7ef29a3d51683c8e45a4d230416d26e8100039a,ok,512,1904
48badd373b426adc2fc8f0a2a163073efced1f67,ok,235,850
7f49e798117e448fdf0decfba66c9d5e93302473,ok,27,86
84a6c15f07060779c24d4e3f86ea8ed36adcdddb,ok,512,1861
dbc55da37dd95b9a85b407321a7b0a1fcd75443f,ok,512,1812
4def6a34569421abcd92c550642310c1a0061eaa,ok,172,607
1b5f41ffeb33fe7e9f165489daeabc8e2ca1e480,ok,444,1599
c6830da0eb7da4507f8b0e73a2e203ca6e92c47a,ok,314,1088
0dca3d2c7620efefe14241d22d76d6242c220012,ok,512,1828
a3274c0eacae2d2bf63a801f6f8bc059f3c0d2a8,ok,16,48
081a8c64dfbbb958999d0ec5c47f5eb3c5ad8fb7,ok,512,1832
028d08b8d652f5816de0d15f49bed8791fb99f57,ok,512,1758
c2f6af02f997a424cb617d070da77eea303ac313,ok,463,1648
8a22dc8229c40a30c0472e366ef12ab5b3c533d7,ok,512,1800
30f966c85e6988c8fbacb15379289971410d0f1c,ok,512,1787
d4f127b5a978266951136e76876f9ab06a2e483c,ok,512,1794
ae7fd8980341f3ab82ad92391722ed22ade50051,ok,268,910
86581031d6c3e00bfcb8084d9fcd3b9c0b12c444,ok,397,1423
8470004164071f336748d75b3b3f3151080703af,ok,88,302
fab7ca7b84409ae208a2ab836dacab942f2dd8d3,ok,400,1450
8b545b27a446bc2c34ec7961ed77466080cd5ef0,ok,95,316
a3e29bce263ecd5fb665ff296ddd3b9226ad0af7,ok,512,1798
2e82e27c82a08c9de2facb57a3131165a4b49b9d,ok,26,82
6cced3451d22d0f87de5b591c08afa1f6e497c1c,ok,281,968
492100ec00e9bb65d4701f90838edb9d27dae9a1,ok,442,1572
44c61fb5c854befc1be4aacdf519c27c4918e1d4,ok,223,772
e8016f72e39f2d07995eed9de6c91e4d922a7118,ok,512,1838
f3476c6b80a4b94a1718361d01b2e690c1740d0e,ok,247,906
b5a28740c31281bde6fb6b6d19e044c03adc1d41,ok,512,1762
2b47ff7ac953ef7102f3032b53be41a83adec6a2,ok,512,1832
45648b6dbae21828c42fcac18925b436c502c331,ok,162,538
4f41cc0f1ad4261354c58789f103070e36a2e893,ok,85,284
007b99cbd0799257cd21730f24b05e0bc3648f1f,ok,178,630
f65657f037b2aa34268f281e062dbb50ab2bfe35,ok,129,450
716b7a67a6311103e16b88cd62fc27669db4f89f,ok,317,1102
cfaf6ce7887a60b848323f63fd2717bd4f807f66,ok,512,1818
a390af6039205923506f9746849f2e624e093e98,ok,195,685
7491d36407b21108e24e2a914390cc16eefdbba8,ok,512,1899
ba795a4cb1be54d167f2179fac3d557d56148c14,ok,58,202
e97c6a761f5b3ecd44d0fde8e02ac4d57cfcc7dc,ok,234,818
d99e0d2d20e4621dbe460e5bb54764b6881a7115,ok,39,124
e2069aef170c781a3855d38421682af357fecfdf,ok,512,1816
1192ff4aed687189ae8e7fd814aa8428c109f92f,ok,512,1811
0d3e355b4461641e6f57576423ee9bbe81a9f517,ok,512,1956
871a5977f8364559cf4e47eaf7c21d6137d7a084,ok,100,320
e30c1b29f023b38e71a1b0943ebe035afa72154b,ok,127,432
9ec3fe67f3b06685e5e314060e79eeef55217d76,ok,512,1892
79fd0161a52ec7b30b8f5ccd9932ff41ce68c65d,ok,512,1846
986000a16074f8b1448c9ff0f9c1a78cbc22b962,ok,512,1782
23361ed2a9f454937d2a1863e7c747dd155f4ad0,ok,98,328
0f59184a6dd6f6580c7d07e38e2709dc2f284344,ok,401,1442
c4314ebc8999e457749a6ee0e2a58fb1ddc9905c,ok,512,1858
8bd1b0354fa3f6ec28bcda78ddaea2fd22df559e,ok,494,1710
3f4e524dab5dbd954b8ac3f4cd22ed2989ad42c0,ok,82,282
fafc6c949a9a565713d187a71976d58c4ee6e739,ok,420,1493
a2441abd15c3825cc4fff1df2a3faab5d56049a1,ok,490,1824
8c35737ecc6ac6b670c86bd433a9c2f16d532169,ok,111,372
1f1d8c12c40a88d15c6110174fefd4d8d65aecf8,ok,138,494
04d8b72f34987ad62b685c30e773aa3732879345,ok,512,1790
e51506ca94425cdaef16ffe5c8435e3dbdddae05,ok,165,582
190cea5c842502a09bf6ac27e394be7f1a0e437e,ok,384,1370
212d22673a4ecc5f3caef2e8d90e73419b2b29e3,ok,139,490
a16e16680ae03f68514db0b5f655aebbd5fc3dec,ok,402,1438
07b6cb2a59f4ac28f8e58d9175f510f3318a015a,ok,512,1796
0f69dceecae3d9407d855d14893c2322755c02e7,ok,512,1876
902d53f4fad8a01e3ad45b61daa69ba0b5ae04bc,ok,512,1811
22ddee07d6f54a52e65523edafb291f4547f68a4,ok,512,1834
b093cc80e16d70eb54ec2b45836c8f1e8dbb50c8,ok,512,1834
5ccb89d55d836ed535f11fb76271cc9cc9cc2f81,ok,104,344
930663c2d12ec5a8b8aaaa764c46c31bc0453dfa,ok,106,359
e341c0b2ed227598ab456bef96c1f85f2b91ca17,ok,512,1876
dfab0f858ed723106244646c54f9c30cd9a36718,ok,512,1896
769317edaf949c46255eee40bd1f718dcd34fec7,ok,48,154
77c40a3642ccb4906324c5c4db8e7e3d56fc0217,ok,200,694
df0a3fe73c3ac6f688bf014bff7feebfe4a5095c,ok,512,1840
e5bf11a18176f1ab8d34902f2386bd2d4178fcae,ok,212,728
5fd7d1865d56f4ae7a231723d110e82b6b65852a,ok,116,404
7859a7e20f0679098b17fa8a51fdd333cf78b198,ok,512,1854
7b920e8e99b22e183eaedb44210799ba107c41f6,ok,512,1804
7a007550dfab820d5807656c9540a004485ec558,ok,512,1768
7692033a95fd120cc9010d2dc06cf69dd0bf489f,ok,125,438
6c2ab4c29d380fb26c5d1bd5567e13090862bbcc,ok,210,729
78703d426db2a08fe7754d902e8e94b2d0751c91,ok,65,212
68fa90ac471c2ccb27a3dc92ba7fb9c5a5dcc3a1,ok,15,46
ae662032a0e51f136edc73862f5ab84740146659,ok,41,132
14ec138e6eee70bed492c518c749a4c0b2e0754e,ok,395,1395
a19de3f2a2f7c8c6270a77629dfed9ad18fc3936,ok,512,1744
8b3a19d43282ef49bfc4752cd9ff9e7a989162e4,ok,383,1367
ef7c2b0716bb184508f74d541fe38eed8f5dcf85,ok,159,558
d63c7027c3dfdb50a95ff854f0623224593f3720,ok,512,1830
ee4f5831597a84db973703c6685c382d4baf56d9,ok,243,820
6dc3c70212f0946ddcd6148b9298f481633d0f34,ok,102,344
c3eb8e950c06961843c3e6f9806c743cf228f789,ok,512,1822
91bb57867aa295f838f93d97f7824dadf0009f7e,ok,512,1815
9b7f5864dd57670ea141f28cfb2f97fd384d2725,ok,208,736
543b33d536762eda9add46252c65d7f7088a8adb,ok,512,1791
2650c62729f2359b4de1f63839278a6c04996c29,ok,512,1810
f0b8943d5a95cffbf1aa94ea1ba3997e00f28483,ok,512,1742
27040457327981356566d62d8a1631342c455041,ok,512,1747
cef0bee41856d71cdbb77dc3a9eca77ee25cbfa7,ok,512,1856
c01aa111df31726de252273d899a263fde32b386,ok,214,794
a5b69f039b527b44ddf3e6452c5f099005063e1c,ok,280,1011
2698ac3c818af35d9023128233de45aeead9ab4a,ok,512,1834
7cee11f574ef86c1c82359ed4bc14253b87c4a7f,ok,31,98
89b831da80df904016fd2e2077bbd46d178cce2f,ok,512,1858
a597acb9c948abc1b071758d7c84c5300ce4fbf6,ok,512,1866
c9ecacd320628f3878025e551a431b85a0d0f79d,ok,208,740
28d0d17318ab08a3a2bd3801c7dd3486b4e09eaf,ok,493,1754
f653fd9413b23c28323afa4092481ae55f41dc9e,ok,512,1830
d3ef08939aeb237482c2eb2496be11cf3277693e,ok,512,1853
991a2dc3f32b10503b1eeec5f0c70a993ba37b48,ok,58,194
d6bb7ce8e80c4c9a0ad580914715368343c029d1,ok,152,520
5c046ed2ce114ee3c8723bc66742a9aa32f2aa76,ok,512,1784
d2f325aa7cd7886c72b990f4a1e5703a8a315bcb,ok,60,206
51c26485ae15084ea25009394bac238075602467,ok,224,772
c682ee80da6a308fd714535e851b3c2aae44f359,ok,491,1729
9e7c97abf5e5cf0905d69e76bf98f27e8c458627,ok,512,1875
d37a4ca03ba449f14a53735d7ca73b37fe4616c7,ok,512,1791
f2e90f48054760ac50784bb4ffc3900611adf83b,ok,477,1690
ec864bd0d49a6b309dbfde766fa77d77abd2d38f,ok,512,1720
a670b7f7e88b1bc7db970ad369081e02b8122e8a,ok,512,1824
7621162a4d2cb70f421c728859924f32ef031a1c,ok,28,86
0aa029e4ead3148da04a3bbb916259014755ca7d,ok,307,1091
94ed9c56b60896667c0ee04f7832a3e2a3cdcfeb,ok,512,1858
52f8623f6d2faeed6105385e44a72d36a4d898e5,ok,482,1727
d29c181618bd1b309e59c33f95d11e0dba03ee25,ok,382,1354
9757ece7ec0bd49daf462efded9ea6052e88709d,ok,512,1798
3879c4540660c0226fbc443a82ad1150521fb93f,ok,145,502
86827b6892dba70422882600634c5480fd22e411,ok,512,1907
4050eda77235a3663bc6f98d106493f80c09d64c,ok,512,1841
d0de50fdc23141584132675173f26eb3d67e1a57,ok,512,1784
0a9cd76245677f7078d4bf7934b2d583d2ffd23d,ok,226,756
14da2746c567809add5be4cbbec67eef7de3c401,ok,512,1834
3fa865487b8c53831f9eec6d566dd6a63bf05295,ok,53,178
09b95989f9309f226d4f38d8f073835f5ff6096f,ok,512,1708
c333a47bf7299cb7081fd2f9e5472b34b799d3ae,ok,512,1870
53777f4bac101fc47a170e2a0c7e1203e44fff24,ok,512,1813
043435c6dfdb45f1aeb64e1c9a3be0b3b270e01d,ok,512,1854
720958295682466fd7ae07d2af612c7dc577b340,ok,507,1827
d8b24b5abb1bb9251ea60babe4c23ba31f462c59,ok,512,1900
50da87b610e77350c1033550ccf322b7a654fa00,ok,171,586
cf62d5cd377f27bdda02cb2dde0c1b9c34a44706,ok,512,1726
3a1bdefc5b0e7dd91c1de1d9bd314a00e3ba9096,ok,512,1854
76a12c2a176b8b83a9553fb875b80ccdc3d9f792,ok,107,368
dd13312b1c6477642f9174618e1d46ae06db0592,ok,309,1056
820ed0c7fdcec8003b018ddce0d8f75fd2155b3a,ok,357,1289
d3be4fa5e1790f87c74d845bd2619b6893d4fef6,ok,512,1872
564c0c3633256bddb7c280e87cb64e1ccbc18204,ok,79,260
535432a0cf50cc4e63860119ba66de1898d3cb2f,ok,203,708
82cd09206a162d80c14f2865daec37050f2e6fd1,ok,141,486
364a14df9938b28107cb6d005805c346ccbecb45,ok,35,110
85f94c10036a93337911dd8126a533b26112a0d2,ok,206,716
e6dd6a1ec71bd4385fea10e12c1f79084da0d972,ok,315,1184
8ea33eb04015d544ba844f7459bb0608c9d674b2,ok,366,1308
7d28d0b3c008801c024cae3468667a80156f171b,ok,18,56
57903760e4bf07a44b054a893c1e62c84c382884,ok,512,1860
b6ee116e02a5a3fe56a447de7cdaed8c93a44bef,ok,24,76
b73a9f8cda5b022e6c9ddcf251d54e933e18ea42,ok,69,240
d6159f2e07e2fbb3fe8148736f0f447c480a433b,ok,129,450
d44e626c5dd4525381b18e91f716256cbae00ae7,ok,512,1839
92e158413b2f8aeb18eb4bde3defccb82808817a,ok,500,1787
b0ba5d62cecf9d37e89fe15d6c9d6d6d8f7ca346,ok,512,1866
92b3e0e457a1492205898baeab89c49dacfc75a3,ok,512,1922
c3eab1c1b93df063faad9b1bf23ed0b25405f21c,ok,512,1815
f1209ebbe6419fb85855a8c1c416b67a4ca9e52a,ok,512,1854
b2e595c7965cd564240f8b55fa2c5c33ab78741f,ok,54,176
8c756222a1a623f088a635981dc1fa4bf7251cf9,ok,199,701
a9effea6c52a6ffdd339fb783b0c31cfbdcddc95,ok,512,1902
0169745012adacc2c1acbb7f044aaa069cd839c7,ok,353,1248
57b7e150595fe165daa27945c074a7b433596a6f,ok,292,1040
738c7d2fc628a33f7f4a33569f030c853b464841,ok,182,622
6ebfd01405040810788cc03534bbb0f624bbc392,ok,62,206
aed89a0ad15aa58331aa8904d4ad63adcbfa199d,ok,512,1783
6a579e645635e1345edb1d71ad3efd810efe71fe,ok,108,366
c2399636db3a4fe55a0234be1dd9d8f4c48332d7,ok,84,298
2cf1c63920d6e0f4b8a9ee8f8bb89571fff903bb,ok,512,1868
d2fbb75d91ea69345250815d075f0ab6df96100c,ok,512,1738
96ba1a18586899807407879a53276aac07aa88db,ok,24,76
409f712811dc87ef0c1d910655fccbbadab060a9,ok,37,116
52cf4932e27ff436688d5e0f673e6d456e2d7e45,ok,512,1792
1b7ecedd7fb4fac8622a4d0a26cca2c4766ab0e1,ok,410,1411
74f87e32f99a049529146023fad2a0fbc3507a06,ok,140,474
96f98e33b92a324e04089dc943acc0287dc95ffe,ok,16,50
d6b14a1de84d4bff3c03992c7bfd7ce00baf6341,ok,512,1860
4335589afef4b8d74e6b343473315933f32b9d11,ok,512,1789
e293ee758450df5df3c84ce36b436aa89832be4a,ok,147,504
50b3798df493909745e3d7203e5714bdfcc0054e,ok,512,1861
f6dcbcca457978c7b1d6d585a7e2a69bd5372dc4,ok,87,294
c62b59fcf674394f74388c9b9c9271b0d205b556,ok,29,90
e9588c207f364e2afd1863f923df200363328bcd,ok,512,1773
93e9324100045605e67b271231d8cfbdd561b411,ok,167,622
142401dc72c7102bca93802e6884b48d60aa9ec4,ok,57,186
ab4d2cde874e919eadcb750c2d23e02d47e2fc58,ok,349,1246
845710346f376ae00bf662af13dc3727f19c597b,ok,158,574
75cfb7d2119abc1ee66c97b518f39b943d72554a,ok,76,260
6f30839da47fb3333c9dd6ee64f7c14d4cdcf1d5,ok,101,352
e590fc7e07c80bdd084ac862b0ef6b12f0ba69d1,ok,319,1159
c789f56c0b935d2a16a88df95a632491685e438f,ok,464,1716
f42d7be483a88b43ee97c35cb285f7b08ed00897,ok,512,1816
4f107260382186e2abc6cca6a0da9bf787dce758,ok,173,622
8b44858cc91aad410406fd4add9d53740f984daf,ok,512,1823
a1688b02f1999c999af3c36d9a2efaaea4fe99b1,ok,512,1846
385b3a2a4c449d14f46bd192d3fc0776e4a37ed0,ok,34,108
8d9399ba799a8c1d1d411ce09bbfbd54c1d3f0d3,ok,282,1040
60307f8801e2fd37fa243dd8ea91f61fffe5dade,ok,35,110
afa8008ab5498a8e7348859283bcc4428d7cf397,ok,512,1708
dc41de8fd8db0786f478486ea872c1b539317d5f,ok,315,1146
2d634402c0227c36738237913a0548541618cb8f,ok,512,1840
a13319ed23c6b33731057d2a14bb1e7fdd189d70,ok,512,1864
9e6016c2d900d13c0e852a7c95ed90232dc6a8cd,ok,512,1854
d0efa4490bb94b03592c25c00fa2e7c66a413699,ok,512,1873
f02fcf1216f2926f331796b1aa89dd33bb07140d,ok,326,1220
67b801cedc055329fb9e20bcc3696c40907f2efe,ok,512,1782
ea0c9326dad9fad470066700388e50951f35eff6,ok,350,1223
11083687adb44f42aa0ba087a6d8ba8452ea072c,ok,512,1792
5f984ff81a41230f6c4da157ea395b2146c11573,ok,257,903
b7b89cdf4c4c06af404dd58dd08055b3cdc63cfc,ok,52,178
49095b45d6ca451408e3df900050d4230213ae23,ok,107,364
fd0ce2eeb804a863da173e1566b5be2991057127,ok,512,1871
3a4ba698acd9a73005e896d1c17cf282fa4d9d30,ok,512,1864
b3c871cef38a79e1320ba8b8b422b00f863f00fe,ok,512,1885
5391a2709061d1ea088cdb96cb55cc314ad5752a,ok,512,1776
b76e5da4db160e0f81bb926deeda1ad337db4538,ok,150,530
e7457b2afb5498a0f276742bd55deb8917e7ad8f,ok,512,1811
cc2d65f7661fc46fb82374a3a13e82226891971d,ok,512,1809
09e4ef735e298a1e528ebd0a047bb234377c7283,ok,512,1844
86a6b844adb8f55756a988d010793e061760a4c0,ok,512,1750
c93538a9aa07f476a35c83af36c63daa3b1e23df,ok,56,182
3a9443fee062216dc3b94a260b1f8d38b8e81489,ok,107,368
b2c84eaa602e2d2d2ad6e62f7a43730532f419ae,ok,37,118
0a55a716bbbf555d1bb83bf7111af4bd6ce238d2,ok,57,186
0c3533d468d5aa51dd870282887f7e4df61757e8,ok,512,1833
0e12b643ac0cffc6c9da80eb7b7a2a7544c7425f,ok,512,1830
53c3648a3c3c7464bad79c12e920e0417c3347fa,ok,133,464
e7494191a94ac8a7d7cceb247fdfa0be58cc2841,ok,512,1862
006789e81b88fca2db213e09abfd0aa7902aab6d,ok,512,1878
f4403e897ecbb451b88dcb99dd629eb5c5940ad5,ok,512,1801
e73e1dd5d4c398004eb2f3a1cbbb0aae99f00762,ok,135,484
608912b541b910f4ebd68d4ea42402e33af0ffd7,ok,512,1854
8202df2e4145470ba55cd1c9ab5ccad15a053c63,ok,267,948
92da52bcbae2896f2dc59aa1c60bd2acd8457a33,ok,390,1413
34afce10f7dbb08ac01e71f084991a09efb98e3d,ok,23,70
29490df725dd634755b9dfda00606b8d26a05293,ok,221,782
2a783d2e0a57ed234c8ec2e13e354157ac1d6c54,ok,101,354
d2b56f37af0aed960b56f4cf0b2ad0bd4e172242,ok,512,1818
bd832a9e85525e1f64a518aa07c3bf76e0335cb4,ok,512,1836
ff36da01dd8142f8bd9ac4041cc587ac37d55dd2,ok,512,1848
9028905c4c9273ce1ed7a3a53448df42646f799c,ok,88,292
e7bf1c2830ab438d72a28a8d146eb1933f1f9cc4,ok,70,230
10c17f1beb3c4f85fb5c6e763d177f6b44ddb149,ok,204,714
0faa8d3ecaa1446aa7309fbcaeb4c1abca861b77,ok,512,1824
2cf2bac20d3b88c48cdfd9bbd23aa8595009ee83,ok,512,1874
44acb87c1e0e3abac9a0ad0d56ae4e2c887d58c2,ok,512,1698
6ee78e7cc8212078f72514046ea4173327beb8d8,ok,512,1789
79646a4d07d9179949780344b052415488e87066,ok,512,1807
344a9cc05e949f16739f8b5a42da8953401d144c,ok,512,1866
fbbf3ce1f7fba70c6d15cd9ca3d4e68fc4462c10,ok,140,484
ec2861f7d435ec1d20a21ef2ed9304953366d511,ok,201,718
33007bc875088194eb74a353f04ae9a2e4be601e,ok,54,180
082d49d35b27827de77a24b3a6077d042082809a,ok,356,1236
e5b0d92c6b631048d0cbc558051638d25ab8a35c,ok,405,1476
077860358fc4fd4e007ab5ddb64ccd112c2e0fb3,ok,228,800
84e49d43c6febfb68cc41d6027be542afa5bd78a,ok,512,1762
c5aefb4d822cf0ff83082309398e283738e82518,ok,512,1807
2d726cbb4fbd442451ea354a737c2fb0de972010,ok,278,989
e2de8588f523945fc306bc606a445c3a6f915523,ok,33,104
bfd93c53e1962371432b42099fcf262f065fa029,ok,80,268
3418a0f4478db6c6d952262d8ce8e5097887c568,ok,512,1750
f630ee413f422e4312388370d7615f558915799c,ok,512,1912
fff41ce470c3404ac24de8dec3f952c5f5c59296,ok,512,1891
09beb8ba7a5f8a88c6f546fef435f2d72740ce52,ok,512,1841
e5d56d40c69c620e85b4edaa8e221e3944e9a3d2,ok,512,1815
3350750c4517b7debcc9ccf6dc757db18ec2b8fc,ok,85,292
792b845bc5bb5d02b67e9aa532958b01defb7120,ok,209,732
8e2f13c29c856ff6d4339ae121854dca03a9448d,ok,512,1784
346e89a9d690c36789f44e5135658663cad423e5,ok,54,182
ebededb2e063ad67ef9c43961b3ded7cf562794d,ok,23,72
628ea08239522c96e86c65111c8705e047738937,ok,512,1852
77c1286f0d678f692aea00f2be410bfb07e82ed9,ok,512,1814
0ead416742bc88dba8180ca8f6956cf15c729a8f,ok,53,176
204e19f7c75acdc1faee9f0fa726465d60eb7510,ok,512,1810
8f880a9144d866c8d2e8b8963c58ce721fbedc0c,ok,512,1843
d1c2c6381b73c1f1dbfaf95fb9de2f16002ce7b2,ok,144,486
4639234e64fd782699412ffb76b640ef271e7b77,ok,512,1904
b2e8223855cb765a793239fc2af78802e2a28b51,ok,512,1786
3cf3332f513686972f2ffa01802e071f17702f7a,ok,103,360
258cc2db78458926eac5009c52b1d67304cd1dad,ok,116,398
ccc3e3eb7b01725edeb88da558ff395686cc08ff,ok,264,978
e74ab2b771486d097b4530e09c7985bddf086e68,ok,512,1916
c3acf56d02d1866b4df840950e19b5a0e1322580,ok,460,1572
f2e2c5c6af6f6f2fafbd3de877dec52e9bd176b7,ok,512,1876
846fb99173643ee9cbc0065f316fbe18ae4bbe55,ok,512,1857
9d6bfd1d1cbe0d6c736be2dc5e7f434bd19f6bb6,ok,65,214
5ddb6cb73c814e651c815f6477af44b8d706245d,ok,369,1174
53772c2664eea3bd6ccad2bcea5bf39db9a30330,ok,512,1799
835551b6d0dc28ab196d9e29d7aed1ac8ef1a153,ok,429,1500
6982e91161a1d9559ea5c41470b0d02c103654cc,ok,275,1047
beb4c838e9e40bcc250f990bcd4211b3a3e872f3,ok,512,1834
02320f0b409518d9deec03deb60d0582991317c2,ok,291,1036
62219647c2398166c6c0923b0809ac0c8d0cefae,ok,512,1853
4d48d7c199b7dec5f6cc5b58ba4d87668d76a028,ok,512,1874
072ad3ca640025aea0151bc496ee42702ee4b800,ok,512,1836
c9f597a33906bc9e71647d766e6ab494d1eae1f6,ok,50,158
d7e4b6c4cdf92cdf530c83213d38523a9b91f697,ok,198,705
05d097450ce4c1b4d74e7e8d5af1e4b8251cfcab,ok,48,154
07484b5d805fb5815385eda4e32228dddbb4235e,ok,512,1865
05df1123e7e46def269c9454d616316357ce24e3,ok,76,260
eefd94d39b96a8a3aa2cb7d07294ae2a7ccb0a04,ok,34,106
d93c10934f23e05572e708341b4038bcb0fa80e9,ok,512,1686
ea1da39937aaeb18a542595f93d599383f8287f8,ok,95,328
3e70fceeface2d4348b2a017eb9a8c3ee98c7bb1,ok,84,282
e585bd1411d7ad0f21e8cf88bd79098e37bb5788,ok,512,1798
2fc24a201571b23b3f542a8ea2688778254ee68e,ok,28,88
e6a2f5768156e56fab3aaadde26656c374bac849,ok,257,893
9a241114f33feb485267ac625b9c87e177369e43,ok,512,1922
526915fed9f1591ebb027e3b86ebf92572011577,ok,21,64
a1e8e54a5985d372750946fad6681cd66491bbd1,ok,154,514
a3e49ccdf8ecb987ed1eb20ddbaabd931f02b844,ok,134,461
b3b774d22d8e53359256c42eaa422ec73a8439b1,ok,512,1801
b0cc9c7b5c721230ff8f75ca0495bc9bacf3759f,ok,391,1386
b6e16f8e36852c09a760fc68737b88721e66acf7,ok,118,432
77306fbfcef2f4196f5457cb3832e44b31bade26,ok,186,664
d706011aff95b30ad98089c787f5a1d1d9067f76,ok,53,182
dd91cfabfd0bfed91088e5dca198453775b7fffb,ok,21,64
81d02795ef6d70000436bb877d0f8da1e8cc07f0,ok,512,1823
6e4a854eb6a89675648080e67c1c79a2f52a7761,ok,136,464
d2d509cea58ab376fba5bdb527613172a61a1840,ok,249,908
a059e17ace9a2abac92dd592948002b3478b3046,ok,21,64
b57946f8087390b6491c87af4488909262926de9,ok,70,234
3e68673f1c8e72a24861fa2ef818cff72fab2d6b,ok,97,344
9bc98454226b5b55a74a09b2cd879c42e42f624f,ok,134,444
f70662abbe96180ae8dc45a3b5ca250b941fcc92,ok,15,44
063e723d389add5b74fab2bfe8fe1ab45e83d1a1,ok,19,60
53ca0ff5e472de4eb90b6d5c8fb5f4e9c17ea554,ok,512,1879
1542f506dd7a4c9a33627824cbc8b86a7327045a,ok,262,951
61d9ddd887bbbb7021665137c60b230a416ad515,ok,223,794
eae3a5c095ded5eaa242f33a1128636ce1f55e00,ok,447,1644
dcf488fc76db92d925b8f8d0fcd26d3baaf05274,ok,512,1920
cbd753371a9d6b16880e0c7f2887ea9e53e0ce48,ok,512,1918
9568a3791429ae1eddea3d647cc0bed64919ac8e,ok,512,1836
0df293d4b6bc7b6a414f9b2f6a3968c295427652,ok,198,690
0378ce1b2b690221f9972d8447e8f45e70afc4d0,ok,16,50
83ec6566a08c8bf7af599932b441467d74d1a643,ok,512,1800
98475363bbafbdd59a188e2aad337e3ad045fc8b,ok,512,1830
d2542224c315b46e64e30bf9be79b488ebd3ac26,ok,37,120
a460d23bfcc94c233f7dc89668aa60d4734994e2,ok,512,1904
576d9dffa29bb0ec765fc48b0b60cebdf076809a,ok,512,1860
abdcfc0dde3240673d8adf8d57ac7d05df0289da,ok,417,1487
cbb08e9e0b7cab92cd0c67e1efc72ffb8dafcf57,ok,512,1812
f7e9844265d0e653ea2810db9663b837797ee664,ok,19,58
ae63e25e6ffab52294599ec703e66bb54ddf8030,ok,512,1854
b53cf6fd732bcf7015b4ffa1179ee3b91c9e6bec,ok,49,164
bd098f7834315533ddea8c1ec3cd87cae12180f6,ok,145,512
dd358a76b514d3698935ff65dd3f8e3b09156337,ok,512,1882
58765af9ac8d435158a24242f6dd6400ad7e50ce,ok,512,1806
b792b52738eea3d10caf750dac1a7bba7a137059,ok,140,464
f2aae27c868bfdadae0767689a1d8652359f4790,ok,512,1796
0aff2f62b0538d7da999c7cf51949255ff664621,ok,512,1826
0819364504942665066e1c201309f5aea87094df,ok,512,1884
d5b3dde4219549b6fff5549c77252cb1df8b9761,ok,512,1867
d0ef82362fee331cf133b5077461ce330e2d1bbc,ok,215,782
7dd4c449223fbe7abd1714967fa77dfd094f4363,ok,512,1812
d4233b9f1a5ccb66974f1ec42db1404208c9dddb,ok,162,552
c6470fc2cfdae9f63da21855c0afdd888f03d7a5,ok,512,1794
19d291965dd9d293069561f0ff3b92cadd5ff420,ok,67,224
b17923d5b1785f75eaa8d5b8cb5cc99f40ed5487,ok,512,1913
02d000d9ea32e090bb6f7fc3a8ff6bb55af9fb5a,ok,237,814
be0beb548c2a8040bbcd953a501661d381ba69e8,ok,512,1881
fd774555b0d548e1b6436e8cb2a4360e54371f57,ok,296,1076
d215c0a9e01b985ba69667ed2e87c63c27c60386,ok,215,782
a8ea1e36df3f2461fcfe013083b24fdf08365ac3,ok,512,1808
5eb7a2d88879ee265a5fb4344e1797d46edc74b9,ok,98,338
7fd5e9347f84424c73ed42ffc776350ea398fcc3,ok,512,1796
513ec50a6214b0a0ddd5614b6ec06755a9b074e7,ok,112,380
a48dbef00907ced530c014517e5994b4ca3e7652,ok,381,1411
08d1dcceba06aee41562ed714cac36ec2b8afed8,ok,233,808
93818c0f751e332ef643ad545a025e36c026a1e4,ok,288,1019
1f3bfefcda43e24755c3bba3f286e9b633fae4f8,ok,151,529
145cae2ff5e6666061303cb904e033794b838a74,ok,35,116
a6e66537fa93c537145763c6262b48aadf13c46e,ok,512,1883
ed83139f9407673aec35be8d256376f46eabd725,ok,512,1839
a5fd2e1f775ae0b04a374df9597de65f8e1c6dbf,ok,226,774
393c5ea1d406fc25358c25387fc4173c4c796a26,ok,326,1146
fb27a5f1e54dec595d9e8f51e432f835d9540d79,ok,512,1800
c1478d4f247cb5a522b86c6c687e1e645538a600,ok,512,1844
df28fbd4d4943b4e9d9c26f78b46c0bcb6898283,ok,512,1836
dbbb1da895c13248a7cbfd13bfb0e504bcef7efe,ok,512,1822
86a7afa8138ba160ca28dfd2dbfbd7d6cdacaa32,ok,85,290
b3a7e048a9b3b2c42ab161ca15623d0fa4a65095,ok,29,92
1b67004209f67b188b3e3673e7fca5be10b65386,ok,512,1834
f8c53f0fee246f1a9bcc64d845f4e5b201ea79eb,ok,46,146
b11e7009bf81f9a9b67eb87545cddc1bf3b48a26,ok,512,1805
6191b8e8db54e17fdfed699dae9f7f3a7aab39ca,ok,159,542
36e945f627c1bfe33c4d19712b539a2185b2f8fa,ok,274,977
95f60c32e37f15d3edb81ec287445945d514007b,ok,512,1910
8607dd1c6931ff7f96c11eccc322c628f9aa8151,ok,512,1818
f045287d70e780cdfc3a572620ea38e86b29f1fd,ok,512,1806
7616409a5213323b4f8e14bf03ff1978a1ce12c8,ok,244,845
7c5b96d9bb873426d662a457534096b64564afcb,ok,426,1490
57f1ccd3e6101516501c88c517f1b4a3114a710f,ok,393,1392
3e0c71d45636273e41163462be7fd17b22d0f3c3,ok,25,78
b97eccc4b675fe2938f279a5292f39c119922795,ok,93,326
ca6be217415b2a1daaf3ea742acbf2d880b7a76a,ok,512,1815
f25abf1eae95a72f660ae57903f3452e2a3e712d,ok,512,1810
bd0614b42560abb6a4bf52f6880446038732db04,ok,342,1236
71d29162930679953d697cee739a9f9da17db3bf,ok,183,638
cd6e1c4b8969acc6a7e5533ea91797371dad1b72,ok,512,1827
3ee3dd8dcc5382f0a959bfefcfe18916d30007dd,ok,48,152
51623d6015babae24f442ef15f49523fdb64d9b9,ok,124,431
dc66a2b4b0d700f0b61157b32e1bab4ccffe7229,ok,512,1826
e68451721c75f2d64a661952d1e3c967ce2c44e7,ok,512,1809
97c8548d4668e8d12531c7f236c22ff5e4052a59,ok,390,1359
39df54b728af934c9d1adc703b306832a048851a,ok,512,1895
64d0136831c327ec463cb02d9b369c752d829666,ok,25,80
e73d609d3abaad4939e4a2200bb5315f648f03cb,ok,421,1466
2e1a99a480f59d39391ec621ee7987deea0626fd,ok,228,803
f1a93d78ed44f8c86180ab5b1fd88ae3620cb4fb,ok,512,1841
4118efde3b97579958a4f57911f1385f88f0719e,ok,141,498
781ff2ed7b56fa284e15e5903b7acff65781d786,ok,342,1240
6f87a4e8e6f6fa39fa36424aaf087efc52e49799,ok,45,150
74f729ae7c4708c168a59d64a1121f1c1c5351d0,ok,138,454
47846e6c30198c96d5efdf9594e059675f322204,ok,512,1875
2006c783fe25023eac1c52d37cbf53d62a72897d,ok,512,1783
09f11ea85f3921aeffc216dacc039cf0ade5c983,ok,512,1712
6d5800d57c4f2cda3c8d370e39c8cacf412f7777,ok,288,1034
88d7bfbc5302cc4d53c6ac3c23888e5b08dacf22,ok,27,84
79ea961eed364f58b07cb6329c8d7931ad1bcbfa,ok,59,194
ba244de6e253217904e55f6f2978a4c001c8021a,ok,122,426
8ffbdd70929d2e25dbfece00d44224f7b7ff5466,ok,59,184
ffea80063c3c7181e70d6d03d6a28cbfb0e1d389,ok,97,346
427ea95a545a4fef70560b10df8a6dbd829dd4d5,ok,261,946
82b4b51ab92cc556b08680ba2291e96030e767d5,ok,152,546
30740203185cfc882cc39c7acf4361cb9c381ace,ok,32,102
d18a264d390643b0cacca892a400b0239400ecb1,ok,512,1852
e6cca9ffca809cb10a4b9ed65dad3763afe974b3,ok,512,1858
61e967f745de3758c1af3bba27355776e08f97cc,ok,487,1730
a6873ba372eced1ce1b6e9398e109ebdaa497ef0,ok,191,695
618c20d461d03017888dee075798c598f04144d1,ok,275,960
b7940f3bdbaccaaf7866f1c5bf57763b728ef190,ok,512,1824
ee90f7d7d84ac90022ffc01689eb8bfb9b0dbbe3,ok,512,1848
b01fab5d836ea2b87e8cd66b2522f5da37d04b26,ok,160,546
d291230d865f11a20912012f5a9aa0f9c1b52c2b,ok,142,496
088fcbf22f6eb8cbdf7bc3cc43e0967b5d2c6081,ok,512,1861
8d03c3da33dca156cdcfac718e039025e6aae72d,ok,319,1171
8b6a74326683633ecd101b6c6447f4e5458bedd0,ok,503,1812
9e6952393adb9dbafbbcc729384bff39f61e372a,ok,512,1844
8121ffe89d7e52048ea9f716b3aa9a4d8e3e4e18,ok,53,170
a4dee30384138fdbcfe68fcabda9bcad8b089112,ok,512,1803
253a0c8de73d6cbbc3f8d866be5c6395179fc09c,ok,45,148
376ce3b54728296ce1f0f9c9870bc173ab6ce2d9,ok,512,1856
4e31f9b2fcb220330e0cc73e49026eda516d4c7a,ok,512,1864
0641d24bb1f499af376e89501c4038999c83a910,ok,89,298
844f6acb0e66e5a3a5d8c0e502bb89b4b2c9abad,ok,512,1856
f66f5341690219479cff50e4a5010672073ee362,ok,512,1866
89673910a6716f5e9634cb1e1d1ba2dff348c0f4,ok,512,1808
d5e3ecda213f9c2e945657351c7dbd9e54e841ba,ok,512,1815
2b2f8f19d83ff3f9faeb36369cd7ffca5e89c362,ok,329,1160
cc92d526a38fd65385728bcd50ac1c85cc6c06cf,ok,91,300
c5a80f7c33c7561c4f39aaf296a38bcf1730d985,ok,16,48
3be61875847e8ae6023a7bdd13e5b11969ca114f,ok,512,1820
773c4558d7de5a745603616cb6e3512c20221363,ok,386,1354
2a8ef06b7ec124ab2cfe1bea6e29b07426667f95,ok,82,270
c69223875a72bf571a46ee57f774e6289040ebae,ok,512,1834
9807e0256f5b84959dd3f4ef849e0747b4a91ca4,ok,512,1808
b040ccf95c4d3b87420d6bf62189f69f2e273aa0,ok,449,1600
22c8f53a0223eb5c73426e7b28a8e70281e30a2d,ok,512,1917
121cba5ce27c5e72bf9e1396c918b51ff56987aa,ok,512,1842
71b40082c45b23b2b71b8e52a47160975660de38,ok,453,1647
ba7a0f4554eab1e8057863939992e159afc9f8f6,ok,156,542
5f78d329843f8633778c9b896ac13e52ef59279c,ok,512,1763
45429625814971252d5bddf5d8e13b22286e79e5,ok,9,24
82fa978589c2faecef5c626d123b4097c177bada,ok,512,1817
28d8148e49c893013b8410114a2916777e47fba8,ok,183,612
19f84531639e98fc34242c5f1162e1763826a1dd,ok,190,677
95557315153fd2fc144213d96e0fd8351f1f6c19,ok,512,1836
ab86d323b3a8bbd8cd062ae83d72d30b7da8bca5,ok,512,1738
b479e964bc14427b061b6630de43c6360d97bb9f,ok,344,1224
a8cbcb25e4c771f5e4ca34725fede515217d3b6d,ok,512,1835
58410e9178161c32cb67d08408c550d19b3abeba,ok,512,1894
88a5f5674470db1e040b85ce1675e5cb62db353c,ok,441,1562
3c534893636a68b8a76662b1362358a897f7af1b,ok,173,604
647af87dcb8d302614297e530cff8802e0dabfe7,ok,512,1814
719157c30f102d40334975230ab9dfba14d4814a,ok,512,1850
05057970e9c94940ecd50607d17a6ad140ba7f42,ok,23,68
4159b574e8b481fd99c466224580379912e63e41,ok,512,1814
5c290f4e7a87dd3c388b527546c1d7b9a2a33589,ok,512,1850
83dce059b184136f07c38704c4f6871c6f39035a,ok,512,1886
5510f8f6a2eb6b0e8999a0ae6494f419bb85722f,ok,512,1812
47d09859ae2f4b2325fa7d775c06f34e4c613628,ok,512,1879
62dcb275123dae9e5093b05250031bf9900f1ee2,ok,410,1496
f6eba4b9d031c2a4819503d61b78361abf21bca2,ok,214,756
54bd63e0992c363c83e7c48b214470d5b4137bee,ok,512,1850
89a5d842758848d0491b11772437de4c3e80a7da,ok,512,1796
65e23937bd73e000e9a888bce0427582987fb2d6,ok,512,1889
05e551ababcab15fefa0301cb68c2f38ca8f9b8c,ok,512,1786
0da8e064a2722d657984e33fe8ae5639cd811d96,ok,512,1930
c0ecd24c92e6bd55e1aba0b85c2dbdf56ad51d5e,ok,23,72
6f6d18776c00d277f033ba6daeae6ead760c817d,ok,512,1839
f7c4617e081b3b2f37f1ef1e443619ad7da7a962,ok,73,244
946513c212a1cdf8ac1eaa78ff2d2f20fa1e23ef,ok,512,1846
d931d1e96b2f676bde1393a59ee554876ca72f35,ok,443,1630
7125a3516b263e6ed4dbb6b457904b0806bcce10,ok,270,980
a6e6ba18afc7dc297a1a7933b302c63bd201f27b,ok,198,676
07aa0818cb97344835ecc16544acc2ebb7fb0496,ok,512,1784
f3399b330a0e6422a28f344d8fced5dd6e456606,ok,512,1923
afb3aa9ea71e198ba26477c13aa0b0d2d519f96f,ok,512,1807
16eee5488e343681283ba85f2e53009c0b952d8f,ok,384,1360
3d68d6c27ce0682e9aac044943d28e00797a4a9e,ok,512,1856
404d11d6e03fa3a5fcc2b72b4385d25d6afcfc11,ok,512,1698
0b1ee8747809f5328f79035983cfb8b3d37d4f94,ok,512,1802
22164dfcd33a47c6910d269cc6aca86eea6b8485,ok,512,1866
98c5a57a3c517785b2194740858b3b1ebda580b0,ok,512,1775
7528ca2ed41aa2cb8ab865a13fe5475b208afe3e,ok,512,1837
62f063ed473817f27c3bed1ea7b9dcf05d159e03,ok,512,1834
b33460bca6f65af9b1430463cf1417d2c8ca3006,ok,122,437
c3a84d4c1e02825d8215be532191513bef2f175a,ok,169,599
e0ac9d5c30293bd7f5848f54dfe86e08de1375ac,ok,202,717
4b576020f90f6421ad0e5057bd3f0887c44483b4,ok,231,808
e5149e9e9c55f0eb1df08c4f25d94018b7f90289,ok,511,1770
ba2222ecc329a2bcfcabe83e61963050593c1d05,ok,512,1856
a40fec674b07ef65f01d4ab5a9b7f8f6514f023d,ok,512,1833
7ec8e2dab86aa050f5e4b87a1657f727815758b2,ok,475,1673
1ed0bc720c6c6c9cc01135be2d5ab82487a776ee,ok,512,1857
e23386c637f9f71d261d657d48d6cfceaec53e1e,ok,11,32
8fec546cedd3a48a171ec2726b233b3d11a37190,ok,420,1528
cb076ef666d837a8cbd573b62ce9794e4d3ab303,ok,512,1725
aa980e3ac1f748a4327af1a0f1cc7bf2cda0fca5,ok,232,829
2152e0ab2b70601b9c1e8dd141e5f25621d6e25d,ok,512,1821
0e65d62803ab1d4b153f684929284953d3cf2640,ok,512,1822
191613c598c261deb64f857c9de49aca1e0debe4,ok,99,346
8050b08203f04e18542f3ac51797d0c04e8911ca,ok,509,1843
ac05a2ab5780626bc1ce6bb913a973ba18b80666,ok,512,1856
6fa6e1aac76a72d646a062111e06f14312f7dff6,ok,181,632
3c294f909d569c297c339d03a1eac465d56445ff,ok,32,104
65b2ece07e88fb152e02f26af6689a0d22f3bcd4,ok,512,1876
d8324b841c58932bda185525c5a2f4c7f1b37810,ok,512,1764
2756693f55c7b39668cae54f3d7c7b1d3a24976e,ok,411,1426
e0ac6bf80f5b20b50336f4982da4547f4f104b40,ok,201,688
22ebace8362015eff4bf3d4d1ddeb124bf93f48a,ok,512,1890
6c0bbee45febbd64019315709d4f6e6704fb9f39,ok,512,1858
230d240f5e03006522881b9c9ccbf98929a3c735,ok,512,1833
f260dcf2954ed7f45cb29b37c45f9189105c1b67,ok,512,1821
98cf00089c88d22c97d0ab05616f3dbff7e43482,ok,512,1860
0e8f0c83bbac2a430ae6e42eb963347fcf148c71,ok,124,428
a9be6f7c0b95def73c95b6bf1cf915207257c159,ok,512,1954
d923ff2d1def37bdc2cecf584073d44087523c1e,ok,248,892
6c431c0b11e6916e73bb0f8766b950d69dd26d6a,ok,484,1733
bff179e961f16a0cf33a2575206801657af31ffa,ok,152,538
b04e88524d867d830d05060e36a749d3fdd0b411,ok,43,146
e6628dfac5598fb9395042238d62bfc3baf9e8dd,ok,512,1834
b4ee05a9478e9f86da84cff5b7379010611e0234,ok,98,332
acad842e5ce93636ee4fb81af8207bf54ea09cb6,ok,22,66
9a0e6bedef1169df25154afbc2c84513b069d003,ok,341,1210
dfe0ea4c0530ac8c45311be0e86b495cf4bac9a6,ok,512,1821
0f137481b7660a37d5c96555d960ed79ec05eb9b,ok,512,1802
da273cf805d35e242d9a98ea0775ffb9fd6eb4ac,ok,373,1346
e1aa93a61c74000b6c0f6d49bc7e599a36ee0a62,ok,364,1254
f15bec12d4aab89bb92211dc4d54e62ea8ec62fe,ok,129,450
2b39ebe78a8e41625dd9e75407a4b6d8a5fe31a8,ok,211,728
0436d29bb9ea4ebe84281c7f44238e43b73a934f,ok,305,1112
4222fa22c613a9bf4ef9439d54b866b0da693a8b,ok,512,1860
424172aca71aa26d30ee561332ed545a8731d7cf,ok,512,1818
6cbf757564144a025b816ecf3c9576f022d418e8,ok,512,1881
c89e727c9ad958282c42faf0e58a6402953d463c,ok,291,982
0c4008e5dd9c6b7151b6142437902b5cecf1dfbe,ok,38,122
e2b7fbccb1ff7ceed158acce0c30450df78b149f,ok,512,1906
ef274d9d72878c832a7356c812b5d5b299ebf589,ok,432,1574
9a58913ebb92a671e5e60e04aa9d1c15cb0fe571,ok,267,962
1cbfa05959ee25209944a74b3fa28ae0b8e1a5c5,ok,465,1645
ee455de6d3a6a3dcf573697f2bacd83c1b71b7e7,ok,25,78
4b8fa40da0de72bedbe57f6f9dae3cee7b09ab0c,ok,512,1810
08cc2fdb3a08e8f93d5bfa20f9253605d97dfe96,ok,512,1898
053e336ecb9d8db2158d3f5c2ef1877f544edf48,ok,512,1862
4c9ef1bc1b854b0756cee45d6611270758876ae9,ok,70,228
870d88a52608c164361b3697f2aa772a2b013047,ok,512,1860
3dec1e9cca13c0ef2d76cf7dacbd955d8bb2d89c,ok,511,1813
1dff62e69bcbc925cd3fc5ac7a70d59f050a3d73,ok,512,1807
499fd14063de4283c2e768b3d02651235ea0bfb8,ok,25,78
43d029fecea388ee56ba322e54ad2cac6db630d9,ok,156,546
e04fb695f9bb11ecff7afc07757dfd70301248c0,ok,306,1062
33a72e1f6aeb55c97ff605b5ea07bfdfe39c6b8c,ok,35,112
0d6cf91a9a90466910b8a7c5092bb86051aad302,ok,34,108
7a0951f7bf6f9dff03d8675bfe33e88bcd7e509e,ok,199,710
d12786cdfecae462b7e4ff27d725b60ca0e252da,ok,77,256
9d73082e334a5eadb296bec05bdb34c0e8aea115,ok,16,50
8cc96b54cf8c822b3ab0bd941a1d3b0d8eec55e1,ok,342,1239
ae64315b5ca82059d92da28f01da859124fc2e2c,ok,239,822
8155b84d4dac15ff6da3a34d3c4f361b05830a77,ok,144,494
1802f8546ed4ee9f140cb5b62da61ec2ff5fffed,ok,512,1818
78db3574120c69d6bc4fe83a924380bbfe9caae6,ok,512,1872
d3d4e0b6af6f4c3a29f5327d2329a85d42db9dd1,ok,512,1871
bd741adf088ed6077babdd05510c478374a9ca91,ok,512,1856
eab9582e3bc4a5fb34c712786cdd04731b0542cc,ok,512,1816
8bcb16104e86d633a56efbd3d5909f9a638e06cf,ok,15,46
f6ee59e1fad5b077584e9234cb58c000304dc0a8,ok,124,430
4fd62c9a96faa3e0fac6b0207d8d01e3fce46caf,ok,149,506
1050e391d64e03761b35eb4e89b72c66ec1be3eb,ok,512,1801
6cd1b9c5254c99a5a1aa157f51dde81c7cb8443f,ok,512,1858
62866cbb82c360032bc3a59a3e31677dfbb058be,ok,512,1829
54479282f3f45b04397c42dde4e0a81a1052a071,ok,157,544
b004070c430e247a40249ea1b1529d088098ff42,ok,512,1786
9d4700486d48c255fdf0e001c87a559ac9df214a,ok,512,1788
83151e1fe07d22e846842d8a93a539df00030cfa,ok,512,1820
9919af49f7795437c9e52c5b1f357f095b72ae27,ok,231,824
547e05d110a9b867ac54ba5852fd197aa0a46553,ok,512,1878
713e4f6dfc26acb241fd4401bd894c6aaa91146a,ok,512,1801
0025b00e27bb0ffc2232885e329129a8625eab16,ok,512,1873
b5bc19fd6c7a314e587bc94fbab7cccf6bce3d9f,ok,246,888
0d37b0d92842bf6928ef1a540d0f38e36858a438,ok,512,1934
2c78acd54dacbc0f2db003923cac0bce23c27c8f,ok,248,916
864cc1dba220eb1d30c2246cbe99db90f730ef05,ok,501,1813
904625044af1957afd6097b3c0ebedb8e9f0cdd0,ok,512,1818
1e415b4ad20f8433a8a7a70661e67d0761655227,ok,512,1902
6b10e3d3ec7bad74d7f2f94178191ee45b658741,ok,207,734
c9f144cd853f4a2aa99dd424ddb71810c148ee4a,ok,283,1010
820f0d61adf6c89d521316f98565ecfe477c3bb6,ok,146,515
727b0e2c856b5a8954b3e9e67ce7759b98bbc991,ok,35,110
574112f016fb4430ae3abf56a2fd49e35cf08c79,ok,512,1849
b6ca494c42186f5efcaa0d1c36c38dc52130a40b,ok,242,870
d28727eba0b0b442dff911b0f009d1a29b3a4899,ok,182,652
a83fefdaa80988660b3a06d4a0d2ec4b9cef3b24,ok,139,482
8abfbc6f39fd551039a5b7e22507e6bd6f355d4b,ok,512,1792
80a1a7b2990082ed866f5a26087e33afa16638c0,ok,178,624
64b49ac6c275297c52389b11942fc82549714ea7,ok,512,1904
aaef170740c6c5d25dc8d2020c0b527d4696e5e8,ok,203,682
df8aa3a6fc38fbca54f41d338e6482caf46ff883,ok,512,1828
78f045f8be0fb55ca6458a326321f87d7cffaa9a,ok,365,1298
e56481251415e20635765ccf815cf51245cf10bd,ok,512,1850
84becd3ff006e61912abcce6b08f2d100d0f5f5f,ok,512,1826
612ce43bc6a3829968a5b06d746ae5f02276ed0e,ok,176,604
30e3f1893ae803b5bb7662ace6764250cafe7b54,ok,186,662
afd561e128f3d8c0d6d264294c607b52fc2d7ef0,ok,44,144
ca545de6923e614b9707d507773e43930fbf04b8,ok,512,1819
13ef8acf67fef411549e1b5f85988e17fd210e7b,ok,512,1875
9968d82f85f88a6b3dd43def336bdc4c9ed4bbd9,ok,93,308
6659f11031eac3a0f2d3f72c1f74d726e652bfac,ok,512,1832
d1ddfc2e807c01207000a4907769b384a5144dc7,ok,512,1834
d98e8f5017608bc39e3df045c243c4e7b0fd6647,ok,512,1780
14b62467d224e01c47103ea6b2d2d86fc82cd34f,ok,512,1842
2adeecf3d524b632a634ee3f9544e61d787e9446,ok,512,1602
99a3a7275d291da5189ffcd84098d8aa4992eae9,ok,156,524
5d942ff85617ee53513e41b98fc6ff9941b89b01,ok,298,1072
d30e32470a292628b5a13ebc9d3b99ed669652e3,ok,213,755
5ca263c2c5c83917365fb1f811d3dfee4e53abad,ok,512,1840
33c0111853357a672ad0062eb1533db19ea1ab7d,ok,184,644
75b0f583eb05005ab29faf54dc1d5aef19c3c2a2,ok,137,474
3e7d981412b4afc320f114587d4e13a9bd5a64ec,ok,478,1694
1c548be15e37f4b5e8e21a043254f8c7bcf39840,ok,255,864
5549b1b6a418870a83911cce34062550a5c77bcc,ok,82,272
134f150e6df4d5225cbc03bf026bb83fdec43aba,ok,512,1754
7f14220bcd3d84cc0658092d33fdf2e11088be75,ok,133,438
86bf4e12b41c9c2157ef11d02b38f911cc2e59c4,ok,347,1238
ce426c1b082e7ccd1e41d93e85f0f4ee2c6d4edf,ok,222,782
ade705d2ce70ab41081c76ddf49c637d1b58626a,ok,58,188
44a604ec8647926ba34efe514806ced26e44270f,ok,369,1306
e630fef0994b71d0a1b872c47f8149a27d5a64c9,ok,53,180
428a5e348be994c518c850de6ba2ac80402a862c,ok,512,1769
b2431cc08db517f2797f8fc4ac50813d4bd9289d,ok,512,1766
5f0de87a197254e93b8be7db37064345135e3302,ok,512,1807
31fd3ff4986a9bbeaa974ec1bc41b8c59317cb1a,ok,116,401
567658cf66ecc05d6c94b0c4cec0ebe32a20d97a,ok,443,1612
666f56a38c421b807f8451d729010a5d9121de22,ok,512,1827
29b649cc56e57492bfcfa00b4b45a565930488f4,ok,512,1820
f9fa195f9c0f698c165eca0e19d6e31a9438cc60,ok,512,1784
a0d7059c7352e082acaea8e2b1e0893902738c98,ok,512,1818
9223fc42e0031f6b0dd92b213d393242e37871b4,ok,512,1820
4dffd6672149507cece3566600fab6ab09238729,ok,61,202
57fd2742607becbe2645e4c25edd54a6e72b5b49,ok,512,1834
49ece05c7e47c93589d3b843354218e61f90529c,ok,13,38
4314a3dc7ff2f7fa696e095355a5b1835a65df8b,ok,512,1842
6291bf0d645f38e68c690f141ca52cc00ca0fa3e,ok,512,1792
d703ced6abe103405048538f91999e4d83e5f233,ok,81,270
5cfd0b39b184086a904dd7c0937b289a75499653,ok,512,1819
b4ab44b068bd4f83cfbccc1c15a3ddfd9c96803d,ok,512,1828
86d772bdbc53810b81211fe374eceb82ef9b069f,ok,512,1868
20614e996e1f57e60eddb5f49a3cde942b86d1a3,ok,59,192
ad3beeae7271181b164ab2320248dc9e63445d98,ok,512,1956
965f11f1cdec3ab1dd7db46d25c7ff974543d89b,ok,390,1390
bfad59f1e2a04d11f5921d0b4276b57234af64ba,ok,512,1736
60801fd891360edbb2b50dc1a88131005241dfb6,ok,512,1772
225403d3eb5e119d3994c64146679045c479ec18,ok,115,394
5710ad21a3a8355f2bd960409a32e57edcbd87be,ok,512,1869
e91c555c1900606f4fd2bae7d0e4df6c8b52b931,ok,512,1750
c49d389d0bc39e41da871159d5165aef8c9bc149,ok,315,1084
cf8dbcd83321fee526c0bf8f2993f7548090c1e2,ok,73,244
30e89c28a5f95de78b8e70160d5f0611b24d660d,ok,47,154
e4a1ecc2f975b60ed97c1a30495d54ec0158f0d5,ok,68,234
31dc013e4d0b49d85511e55b6715eb376f9b049e,ok,512,1785
7e9b6279306d5a54cc8c8f08d4ac3a6a6f368694,ok,226,786
4481a380ab2239a893220f1116ab7ef2cf762bd7,ok,74,236
019f20d06ad1efb35bd313df87b3d8f0893dcafb,ok,512,1816
b96842153152c56929373accc03bb47359ce96b1,ok,295,1055
40c19929c2133a742a307831cb33fc0415e7c5f8,ok,190,656
0331dff29e77d18a9a676ea0d4e68f1474bbae31,ok,267,936
eec9e8fc69a41ec4bac25b6d2dbb88f1524565cc,ok,512,1795
8365aab76ea2ac5bb34fb51678530a9290390ad8,ok,512,1832
64d8220092c967585e2755980acf6b41386cc33d,ok,103,354
dc84112a27937c3dcf87bfac15170de86d5de266,ok,403,1478
b4fccfc5f5cf0a6905b2c59baf1b216e4cd8ce94,ok,77,260
a186aa2b5e249d5e2f2081de55e9835279e89e6f,ok,512,1926
270ebe4150e6a908e20454244680b85fd2055552,ok,75,252
99014d2085a0421aa0bc8165450263cdec8eb1f0,ok,358,1324
b74d9ee81c51dd00e0d04075466d464b17c0d172,ok,512,1816
7d7af42cd1445cb9062d8bd566feb2f6e4d2a1f9,ok,80,266
8b29526f9d9b9b24da574b93e2cc45c341489b64,ok,16,50
3b006def344565a597147df456e85cc19b88bce8,ok,22,66
496767b915207efd67f7c433b1322b7834f09516,ok,19,58
0ca7f78a1663c3a6032cd8ec2394d8bb04eda027,ok,512,1873
ff0d16bea8349e23d286c54bf03f66ad951a1d57,ok,72,238
0bd2f911a21769b64c0557d5da2275f69860d4b3,ok,418,1497
d746b55c82164045dd6caf887c0df50759870c7c,ok,512,1810
54610704d73beb529787bb6537026cea117a7323,ok,512,1859
affc10be54f83b73b71e5415c9e1188439af4520,ok,172,615
bcdfc83543da0e21a942b50ab0893bf132985059,ok,512,1886
0076483f0af7c69c288c115450013433dab99c39,ok,35,110
ad895366cd26ac059119f79ef467359258992530,ok,343,1244
47bfbabf0595f575d20b99ebb4fe4a74ff6f24ec,ok,512,1796
7e758596e4525b5589e8506606388da8763445d5,ok,512,1886
b7cc2dc9a3e9bb6e0f7a217ba1c0e17171468c56,ok,291,1038
87006162978f0917a2b5ecb69b61c2d0b041c48b,ok,73,250
0ec77a6a0e4a4ced0098db7aaa84ed178c44f5e6,ok,140,480
8d118800b966fdb89fac0d732eb3038a14526255,ok,354,1285
9fb23fefa50652653ebaae285be6648a2c70ee0e,ok,25,78
359e2f7689e578848530d10e9f8b468693dfd85b,ok,16,50
df399acb150a3861167d545e87fbc37721284763,ok,512,1786
8852876e11500a11f46a6c893fd9241cc2d50a7a,ok,10,28
0014c84d91dd9d6af6c378d4cee0ff830debc143,ok,272,956
d9746b804a7a1b6041b977a9b9a079f5b0e6cb7d,ok,120,408
fa1976526f5ffbd71b0c67c19f70697e234d79dd,ok,512,1882
6430385ea06bb4c61247fb5ee785141033a81f7b,ok,512,1860
74cfd5e2381d6a5f1ca6fd1848b3e1a75c25a810,ok,209,710
0221f03be559bea6b753c54d2fca91bb702fd5c4,ok,247,895
d9c7261ec332f5062a58e81b743826f80760b22d,ok,512,1825
2356d2d5124ba763d4e2c473da86590cddafd7e8,ok,512,1740
6b951f775be9425729ed1a3517ab28fd63a1e340,ok,512,1756
af7953f91d4ad22a60b2facf892a679dd495da3f,ok,512,1792
0a7ca0ec3393d3459c3ae3031e423edbf05b20c8,ok,110,378
75ebacb9edf277e6edf40cd15a9f8474be8a1d08,ok,179,628
12bc9e64c50a76a682daf5b8a06056ef68d2b4f9,ok,512,1854
4935c1e3e7b392b458a22dd679cf14e54d521271,ok,235,860
f9564c168e619ee93639a0e43e087d72d669280b,ok,101,356
ce6a82ef27fe8eb1e033357a2d5a2d47bba97e9b,ok,512,1819
9ee6174bde577416ccd67e5603825cb67dcf90de,ok,512,1873
e14709c92a30572e943eddacacefc7a00d0ddf18,ok,387,1406
d167a26093edb9da5e7c2c1ed72f38508048d46c,ok,512,1734
e3e343b284fefdec0fc0ee3eb160d61d9bad95e2,ok,14,40
00d8a1c9529fa403ddb79f58e4e22a9f320d2124,ok,512,1836
3bd129fb2bbdab0409d9acaf315dad67b8997600,ok,75,248
579c8e2f8544efc09de6db4cec4370bfe970e1de,ok,512,1744
dbc5d0cc6cd47c71f7f05c6b1fd3db5da63954af,ok,124,450
9448909d8f5572a7de374ebd707cc96a728fb564,ok,512,1834
790457a800d0008cc4a3b6a423d49c76bbded061,ok,512,1851
c5427282ce3b730caebd303e115d640292af7789,ok,512,1840
eeaef7aa9805b9b4334dcc0544a7398ab62c1ccf,ok,512,1773
eb2d3983c2da59d253d3a9208c2efa83b8fc5301,ok,334,1171
ac3f80a6b1497c86123d97877f9b8fd35ba6f008,ok,512,1835
9dad01906d7594bfb253b15e4cd528676b129e25,ok,22,66
37cd92feb0ad9f47d06622e2e7f0a24f2cba0d44,ok,512,1772
e4b2a6d7eb96064120999a56dedd3a9db3447f43,ok,512,1808
63e158f5a9d9297426e3eb07f8c8fd1a110d9fee,ok,512,1718
fc86f54dfcb90264641807070e825c832d890237,ok,512,1798
d7689acc27bbd9dcb71313160ac05cd13356dda6,ok,512,1748
c8075bb3d63f4e47cc8d61044f61491b08415665,ok,19,58
95606d425f8b393dd4a8298d6323a3b7e617e6ae,ok,83,262
7e7c70c48f9b44269bb9bfcd9e03dddfca918a56,ok,59,198
abdf8991ea1194441c2f4c64df896d271698303d,ok,512,1888
3e33c451eaae5bfc3c2365f42d5ccbcbadb8dbc2,ok,70,238
28c73ef5de061210b6e97d129d2e16b8a2f2569a,ok,266,949
e148e504241f91a588966366c4e4277a5380f5c1,ok,52,178
1ab107815a3507dc135e0023148cc159617cfcfd,ok,249,852
9f956b7fb02b7d1f90db9dadd174fc6dc61cd44b,ok,175,615
9ad35ac565a9108bf136e9732302cbae391d99b7,ok,512,1851
2a1d903044303f8566230b3413d41822b607e33b,ok,217,800
760cc379510295593c4d7b63947b175df8c4566c,ok,512,1860
c99a579561284210300893a22f8255567ada208e,ok,512,1874
7b5af8bed1a46f6fb222a30fef39d991a412aaec,ok,512,1813
55ca40692ee83c582680d368c0c070d078eea2bf,ok,512,1843
b74462538b79c9897fddcc2dbac366228004a987,ok,512,1878
3f800f2746ee10609e235f1b769c3cbef77efd1d,ok,512,1864
b0b3ca443ccdb09f6abff422c1c9af19c5da2ea2,ok,127,442
f6d5a7db743b093ac0bf01c3fe2c65dcbe2cf1b0,ok,512,1842
f32af244ed7334fa959c9e6ce6ddc52bbaa473c6,ok,512,1852
e72f4bc4fa4e2afc8d7ffe94c66239766cea0708,ok,33,106
86104244dafff057e6ae9943008286911a10ea06,ok,512,1810
54c6a6b77ffdf7240398034b8078d99a4f84fc82,ok,284,960
b2b9ca0a5280b608a81d979e4aef6f95a5637d7a,ok,21,64
630e973053f64282ecf28b64676fb64558b81d4b,ok,409,1480
2369b5bb7b50deab3db1bebd294710db288d9b5c,ok,435,1488
daec9e6452ea6b0547a3261cf9eb7ad193aef758,ok,282,998
1ff703ecc5f2fa8c1080c0742cdabbaa843b2d82,ok,156,528
8bd6600be99af356836b4b9dc3ea2f461bfe5e9f,ok,429,1498
52e6d00792b0a42922a25ed9e272791de261e273,ok,159,572
997234128e74e48a62c9db73634c197c3c04b1b5,ok,74,244
fedf302369454d2be2bb1a3394d6a619d8b6bd71,ok,35,110
caeb8b2b9ef786857121f34e332ad16d39edfbdb,ok,512,1820
e70aac2cff6a44ead66d2b55d2977c8129711985,ok,129,450
1e53dba71b82689daa1e7c95ec9ac3cf80dcb1cd,ok,512,1811
d9c8d7d1374d6fb9ee219818e9136a3e692e7478,ok,512,1858
6de1c36c58a0b6c02431a28d17b9992bb5201c0f,ok,183,618
bd0c0f0054eb1fa4cc883c858627c3a89439a894,ok,512,1835
0c32a6f21b2d5bf5523ac4b0d9491fb87f13659d,ok,512,1790
4d35fd83cc5ed600daf67235c9f3d82d0a550693,ok,512,1796
af6b660cc6c641b2f65b34e7470c79e3415dcfe8,ok,38,124
096ffff3bf22a781eef1318fb65f1a92052bf208,ok,276,976
7635d891ab14b9c9eb8a257bbb9e94fdfecd63ee,ok,34,106
f5d962ecda6fe7654e60bd823e6269fad70324b2,ok,76,250
9950fe7f8df618d6856b7450474c903f96c8c8ec,ok,512,1832
921d3715fdc575925e321787c2afa97e4b085a86,ok,118,412
ca896bf327dde511d52849366e582e13eea1acb3,ok,512,1852
4796b23219219e209541db4a16a485838d1c4ce3,ok,31,100
766841adc8b9c38edfbd6990022208def8704821,ok,376,1338
7e8f8940c0854d634e0953adcd7cbd4546273a4a,ok,512,1835
eb76b47086c3b7b2bc01ec8e85e2800547ab57b4,ok,282,986
2feec2f755c941e9386e5d791b1be6f8fe8c1024,ok,512,1910
ed1283de94319e897cefc22f65b353fbfb492695,ok,512,1898
77516a3370cffffdd6837e967d89d3e57b3a88f1,ok,512,1812
80c2beaf79d70c7921789678ffba763dba2ee0b0,ok,512,1848
f2fcb826228fa78adf0a1e157ee54a3e123cb95f,ok,512,1890
7d5ebe4c30dabb88bc80801bebd1c23c1233b5a0,ok,512,1835
b942df3be0993172f677167c0850702bc325a055,ok,60,202
e593e13b1e618fcade497dc365ae3c34544704d7,ok,129,450
091fb5308ecf971f0b0b51dab2c3823dafb08d4d,ok,106,381
764d44aae4ffdd77bf02cbfb07a3492520f15de1,ok,231,807
af3b0fa3a592ecaeb855a246ec1fb10a0f18a263,ok,512,1794
5a7bd09d4ee380023d34f36e2578d6f2b91c9256,ok,265,942
f11eea789ddb14ab1ecca6fe7de8a964fdcfd1df,ok,512,1814
1141a8d30273f108cb6afcd3c92251e5c0ac9720,ok,185,647
740ae7bc489003b9c00143f7725fe63c47040b79,ok,512,1816
2d964bfa254156f9b69af6c30c3a20feb4bc198e,ok,512,1783
7eb8e933fe066cbbaf29a5fa348f0a9344d89e98,ok,452,1602
4e99e1dca9bde2087e1cadea1317588e4dfee0c7,ok,95,334
08f8f1f286cdb63e04489058175d9a95211f9adc,ok,512,1756
fd62f4391b58e5bf410b139f4768e7a2640bacc3,ok,473,1618
4ef1450f0d561e3de1d12cec84396ca822a67bdc,ok,512,1766
3cf8ba0a5a40e3f0b28a6950dcb79d02d137a077,ok,62,202
b88399e14ae0b82319568225726df7c6b23cb31d,ok,336,1213
5df11ab040f98af672a88540d20d070133fbfacd,ok,25,76
d8220bcdccafe0261a567b266d281eacf53b5efc,ok,512,1841
1ecbcab79a6dcda3694828aa012453172d73f3f1,ok,512,1779
b6ec9c47f9a5b0e7f4f3e9508aaad82f6a1e548f,ok,512,1768
c517389b838f4a703dc6b451ead6022dbe73f2d2,ok,97,342
957f6ac78e9b3050f562cf1e5e36f82b003aee8a,ok,512,1807
fa40ff56aa0ceef8b81b02fc8f71285a164dc508,ok,158,542
0edda966e17da3a124c751e48bb126f4bd34f124,ok,512,1763
d56fe90eee09bbbda5617314bbe4b6230359220f,ok,512,1869
856d7164701941ed95e53b4d1155c102dfc0a2f5,ok,512,1870
6e7a8b0f8874ede11d603d232ffc575130a0ffba,ok,512,1810
6031b37b839986d5c43fefcc9d3f6f6c7973b5bc,ok,384,1399
273685bc53addde744360338ec33bbfadd2f4177,ok,63,202
04d77aea858cd32d319befb295dc65c9e4b37e96,ok,510,1798
b62156bbedf2200e26de72bbf7b96992f4c20736,ok,512,1880
46708b12b214ea7d49e04fa6fb7b6b9fd3d31554,ok,512,1850
c62ffd5e04cd2b76fd98adba26cca5e195a425f0,ok,512,1824
fe442390048bd4ee2f0683ba40785e4abe26d919,ok,512,1731
6a9a8eab4386f8f1542934bb056e0ad839456514,ok,37,126
7fb7370de797e036b1adc2054ec696b1883f7837,ok,466,1680
94d250ef83c3bd36b25b862fd8bc985fac50ce84,ok,512,1786
f976a6a6875efcc93e8d5de9b9748cf0ba54d6f9,ok,261,910
e1bebcf81b5969b01e849cb00cf1f70f620809e1,ok,229,796
c6041926b4dc2c7a2dd518ac4690a5b96ddd9d27,ok,512,1786
b495d70e4c0196541bf2629cb559fdaca40eb728,ok,192,676
0d93670b33bfe8a3380829b7907e07573819de11,ok,301,1070
5a354b9643aaa62b104298d7fa9445bdc0b5469b,ok,132,444
d1da6c363ce6978b7d4bfc4ab5f4c751ea1abb32,ok,512,1837
48f2af7c4a6b715a573342cab2e8b9f892964015,ok,203,729
8328ffb9da1867415d19db1ff3feeb565ffff705,ok,83,264
2e35a720f53c24f0b2914bed60adcc352f48e2a6,ok,81,286
83c3b1cc15720e4079f5b1ad7698ce0e8e5b5eae,ok,16,48
3e90ec473002102acb68515fe1e78f84c1d28bfb,ok,482,1740
725b221ab6bc2b9175bab0b363746d2d9aa3dbb4,ok,25,78
e4c808c78fb7f24f875026d57538d2412830d7ff,ok,147,505
469a25436bb7c4c3c919610dd9b78fa0ba74f4d0,ok,512,1872
2939b9f2b98adc1f1d784c1426828bf9b4e6743a,ok,418,1508
8d52cfef8d01d9e4d049df1cc53f1cd86f956eef,ok,54,180
5798f6de73b8b8245e3b74af19b943a3ddb168e6,ok,512,1837
a94c60d0b77e9c6c1e09993882fb7a413eb3a594,ok,154,534
6d9cac5a367a971215c65b9f225e6caf4c014c42,ok,171,599
aabe4fc80c32927ce1e1841e9dda72bd7ea77d99,ok,512,1843
eef6071b9a417c49b107c9812a7ca296366f2efe,ok,242,845
0d1c49f4b7fac2585cac651fcf478efe42681ef7,ok,100,340
108cddb4930808b38fa13235eb444e3dd7dc4ef6,ok,377,1346
8fbbc21623b7b58954fae4ddea815bb95f7f4ca6,ok,214,745
7f27c8496e39480d04ea323ebdac4c35006080c2,ok,140,482
c1b7fe1951c594f844fd66c33f22cc4c5122053d,ok,171,596
d24a2243928b13b8ccf10082d474c97620e09557,ok,512,1795
65bac7664e8248e7d4baf3c4dbe64db0af8de8b3,ok,512,1986
e2629f5b205d6f7a1ba60985484ec22767134360,ok,112,386
1a13c009ae0fa375666a90281e2cae1357edc954,ok,366,1315
9f21d3e462f4c06be4c4595e8c195115ac775138,ok,222,795
6c3b41253a5fabfd722500852a0ba29f64f9eadd,ok,65,222
82b84532d7ab1b822602670f231041d9008eb107,ok,38,126
ea2dd12848cc198fcca72fb726b5987ca6c7c32d,ok,353,1252
d8d7f96ecf3a20d91819cdf328cd11afb5880091,ok,512,1840
0c0ab6722908dc7b23f6ba9a5553324379833a8b,ok,512,1792
d8950cb1b22b9f0f85f5c7dabbf4ca96e106f675,ok,365,1305
d6d3da991383aa0ba32bc147e3fc68f9d0b4e2a7,ok,512,1886
f23246299873a311c7879efdce25b3b8e543dc51,ok,512,1890
474344c0d5c29ddc21902dce0b96a0c62ebbae6e,ok,61,214
f05ff3c6b0f124734543a934da38a4db27fc8cf4,ok,197,697
39682c49a758eae9f0002701c4e659d5f325be4f,ok,266,961
f028d4d6dd57bcea36e1c6cdb66efd2c357e2323,ok,327,1188
3caef7da33701ad515c9b1764c70fe9201ec1651,ok,512,1786
cf428808b5710f6e674603ae8176d413096068df,ok,445,1567
d3cb4b14c83d0c16bab79ce07f362934cad19822,ok,512,1862
ae46d1126409503ade38d9332cdc3f7e4bc048a6,ok,121,426
cd519acd6f6534ea38a57bfe714a9793e6fa1ce6,ok,512,1814
5c91e6509fe23c8fc5dd2c9576ff859271291a31,ok,512,1907
bf9e59f802fe3c050fa6a01b1796d44dc925d34e,ok,156,552
6a6f28ea2c78ed848410b18d89abb1def911a9ad,ok,512,1882
fe35fecf2986b7d450cc0d14299ea46d369f7148,ok,512,1880
2c5254188d7cc64b078af3bd5f544cdadd18db02,ok,50,170
ab09d647b190ae06cd032ec3413c0e436866489f,ok,512,1862
0c29d0066635a6c85293b607fc3cecb5176c298b,ok,205,754
31f616a88781f8ca563faa8b7f6d79e1b71472cc,ok,23,72
40633376e9882a3a9d9469455b0267db52b640d2,ok,512,1838
4b3080b13bb4324741ac9320f289b4f3daea5b4d,ok,32,104
efe91bab20edfd9a14d8786c19eb0c615b792080,ok,108,366
98d870f5c1dfe362fd920c50581c61654fd104ea,ok,320,1144
36c3a65f034958fe7621623ac0871a29fb4383ad,ok,512,1789
a497607a554c6d3a5d7bf558d0ac03ef87098b19,ok,512,1824
25ea4240f640fa5af39d5aeb3f8d0093cf98212e,ok,328,1178
c300cfd09e17077b35b516d9901f1b6a22299bf2,ok,180,602
941b71444541741296c6353c344239dd842e3b55,ok,487,1726
b0499367d9e6a0391930618367196016c678d401,ok,512,1829
baf2ea2f9b9604edb72ee32636a4cebab88ff359,ok,512,1852
c2900cae8f01d47d4449f4309bad3e4e514884c8,ok,417,1545
20baf36b72bc7193fd128d84cd559855834efaa4,ok,512,1748
b37eecdc74460d4b4537c2242b961fc17947464d,ok,512,1888
0ad2e52c94a0d7577e31e274502f49c36de1b8f5,ok,512,1804
2d9b8e3b3bc424cac811d4f791be1afdc9d3ca56,ok,512,1922
462355326d9102385bfedceb3ea30f8bfb8c7f92,ok,200,710
9a0c32a5feef1b1d50d279287d130d06b5bf0688,ok,512,1813
12c5229b1230e6a219c6e19bccbfe5818e1464cf,ok,512,1836
dab1adeabf9e04b0acdd2b68058cdb95e0fe69a7,ok,146,500
d25c516b0d0cea9a3037a06539fabd09ea857c04,ok,512,1841
033c304ce05eac9bacba12f91e6ca09cefce52cf,ok,512,1855
ae21de2c010e3e39b194cdc6b4dcbaef5e1c42fb,ok,177,632
2668c93f160873d044297f56777cd5fe61b21803,ok,512,1782
ab0b146dfa962159234b44dd96188bc09fd64c24,ok,512,1822
05c7c718e10cf9c63ced7ab22f51703d535bf45d,ok,30,96
4789f74111e795cd514dd44510d2891c1b3ec323,ok,172,604
ed68f1998c1fc47fa52f38d3c3155fdfd226a379,ok,512,1926
b6399aa9d7a7766260e4206fec4911c96e010ffc,ok,512,1858
eb5164c5ba98f308089e6d230fe00ee4f9515242,ok,512,1895
0810f56476af2ee0687e4f909e1d438417ef5c7e,ok,26,82
fb59c0297960533dcc625efeb0ff4dc52c6c3de3,ok,71,236
a69b8a7f682be7e69cdb4f75cae37b016e507cf7,ok,273,981
7ec5537064b23aa52264d98daedcaf0eead9d015,ok,176,596
f1d5108180db4a23b6e3c2f991769200aff1095b,ok,108,380
da8a714285045f453944e138bb4adf3b56251561,ok,20,62
ebf7fe3f7dc0796570fc84644ddb601be1874ecc,ok,120,418
1a7bed4fb7685eae42bbc90cf3ad0decf92daa8d,ok,512,1786
bcf058c50904616620d5b83b4e786bde83e1f5fd,ok,173,584
8052557c9fd0b57a38db163ce321e30d280f429f,ok,332,1177
afce3c11a4e1ecab8f6fba73da75c0d1c98bb2a7,ok,34,106
aef5221614d52a947cd0fb09e28b5cf3eb17e5d9,ok,512,1835
68c126aa9398b45d5426d4b894bada97a3df96d9,ok,512,1703
f5d703ebbafa41209d65184327560edd910de6a6,ok,512,1803
63dd99ac629ce3e905642f4c9dee131e303c377f,ok,286,1020
1aa32e644dc0188c4a8729ab05287c313f610b8e,ok,40,130
b5a36e8c0689788508ec96631826bfe3fc7663e0,ok,30,94
dc5137825008e8757117b533a79a9d807086643a,ok,512,1786
1efd6761c302caa388e556c49f31eedf3894893d,ok,512,1790
3c532ab752cf6ecebbbec9b809c0608b2cdf2190,ok,512,1902
2d48462d154eb8f942553ac5e26ace63011a751d,ok,481,1707
894dde5fd2fe581c8004a6aab1df5b3172281aa4,ok,118,411
c748065a9c5d6072f49e74a7d380b16d44ff17aa,ok,138,484
0ca7b050042ba44f60093485137eaf181fe37222,ok,476,1735
f5f1141f5a1262e6d06f3ffd29e995866ff3462b,ok,512,1855
e3023e3c82906d7c0c37c426273ba31f07e62e9c,ok,66,220
7f153add26afba55957ed1f5b101ea4c9b3ef9d0,ok,410,1513
17fa2821b06ee15302d6ab98c23f81d8e36fd10a,ok,512,1796
83d67e1c0e4ee63fdbfb0413680a951152a24af4,ok,512,1762
992e4cc41fafc81b7eac0366edade3bd0b82c83d,ok,61,200
4ebb668eaba76d1a723c742056d6599f875d6a42,ok,512,1858
9de984a77efcc0af32a6943bf57ec68433c754e0,ok,504,1824
338982e8d8f27c328a07a6c497d2ceffd7dadf04,ok,189,648
dc29fbdc98c2df7a0d839b72f3f9b2239ec5a801,ok,109,368
82ee4fb1acc7701f979fa5037150222f2c43c507,ok,97,328
6771f9b764940e7878cfc680ecf4417057c40e00,ok,512,1850
1c5c9d8307926bafacd3fb33be2510c62a59f3d0,ok,221,818
09340cc97e7458fb9b8d61d209ea1197e05b6c92,ok,80,272
93209096087ed4e62fc74ea2172c248df680a9e3,ok,315,1107
9592703c8cf1274d3e09e037cccbce4106645c1d,ok,120,417
235a039d3a09c7b8ddd7b2642663df32ec1de45a,ok,179,628
815621dff1ab8e24b1f41ff5e6f7b65251f6bd45,ok,432,1549
398c1acadbbcfa300dc39be36154a29fdd3a632f,ok,512,1783
96ad6ef91139d4cffbe1e2b56503bb4f8e014129,ok,299,1102
b6be502fe8ee937ef1efa3280ee5e9b63d667a35,ok,34,106
28c5d2c0a4862536d66a2d56ce3769c87be30bf6,ok,310,1158
40d48c18700d37de2ff44bac29137aaa489b829b,ok,512,1768
8af89dc025d9a2df42c2776ec7d1f400980a799e,ok,158,538
04c94ad66076dfa7dced533df4b6178476dad98d,ok,62,212
64f3c43e745d80c3f37d6868c5bc84efe57b9f0c,ok,512,1772
b7cc2f9ad7bbdd7d2f90461ce541dcb989004fdb,ok,512,1890
9992dcad780b6709c8644a5d327a93f65d3239f1,ok,411,1495
baab2ede1487c03c3b2d54eb7fa0366e59f6b2e8,ok,512,1906
afc334672860457cb892df651b486261a75bbf55,ok,512,1792
b980480bd09779a44bd43954a3bb5386825e4883,ok,512,1800
a671ccf19aa511bd1e71c90bf8bf2bb60247daf8,ok,241,864
a2d893d15db79225bb6ecfae88db80f9c00e955c,ok,512,1810
3618a880887daf800afc314bea5a272f0352c645,ok,512,1824
863417d32cc282723a9e291b5a6e56fc22878605,ok,266,943
4cebea77daf45912e8370c53e3026c9b54c578b1,ok,484,1731
2c3f2ae6a3e87206154d2f76bebec455070d5fb4,ok,512,1898
53df80bd15dcf40a32dae7f6a709dfdeb732d085,ok,512,1710
c0e80f90e3a8f66b844e22046a013d938b2beb3e,ok,512,1824
ff9470943e16d5ddf6dbfc19300c2035af582576,ok,512,1840
e9b912792cdf3eb4eb34b53bcd0e1d019dd2963f,ok,301,1054
d9bba4fd87a0b7f99c5c0e1bd349bfe223165e65,ok,156,536
141dd9af8953aeee3e2da6de01b7bbb2fcc3e229,ok,48,162
3c2a8bc824e580a1ea0984eda9dc5bf4bc31ffd8,ok,512,1872
59138f518556cd858b1482233f3cc16d7ca59d32,ok,512,1829
e1ee6a235aeb97b567ade2161a7e61f3684909f1,ok,94,314
2b9173f1fdc784f0e26735b05394be63b829818f,ok,512,1858
422baf9bd43f8c24cd9893d2f47cd5b40ec25124,ok,72,238
230b144c914b485cd34dc08152105735674c208b,ok,512,1863
ccb97e59bd74cf30ddc045168708c6ff7eb2b43d,ok,118,408
8fe6cb7ee0a03e0d7ff6630a8b8eafe6b10cdbca,ok,512,1748
006406626c1f63100ee461225d6eac391876a17b,ok,460,1748
3923144d20a95937789764c6c2b27419575f8df6,ok,111,396
9bb1a4067582d3d73378315f0aed6a6957d3a943,ok,512,1902
a57d22aba33babbe0e2b599f952bf2aa21390f03,ok,55,182
9f3ce0fd08c74f4ebe3c07e0ddc7dd95f11e2c92,ok,512,1861
b3bb680ce14bccd87f1a3808cabeba64459d0a04,ok,512,1876
336afe8ba825f4d1ebd41c9393821f77e45657ef,ok,512,1784
79dabe2758d8ae11d8c55db9de409cbb2ee693f3,ok,97,326
7fdb482ce4cd65ccf6461bffa49f21ef2f547332,ok,512,1788
5dc58fc0caae81b6bcad0fc91cc46bf027e09329,ok,512,1762
84b454abe6a42940e34f292103d4cfa31d29badc,ok,512,1841
e8fbbf9a7796d3262765cee7953e7b078e813c1c,ok,208,726
ee7a2a5990cede7bc19ec5a393b9b683697e06d7,ok,13,36
08d2e2e0cf9527b896b4c8c13ef8afca5edca541,ok,512,1796
be20e702c56b53be2f622f1dc2554b534bc2b2ba,ok,512,1840
46c3c31d688ccb070858019b18cfb646fe2bc4c8,ok,352,1264
d1a5ac24bf41056195cb58fe124c33ae9b925bb5,ok,255,886
770c186a3e1b26489703282ac27df181927aa872,ok,512,1825
8647121afae91608020e883f4cae4f8216d0409f,ok,108,380
e4eb2bd8fc465a38c411e02cf14613a79dd0179a,ok,512,1822
f21f00604abc84d91862e271e9f5c10b813b9767,ok,512,1869
499ee878adf29a56ca957501ae6c15b2bde7625e,ok,255,872
52f62cd7fccab5ae4373995aa92a968fb5c08fd4,ok,18,52
801249966e2f4e4bf7a81ab29d9fd0fb15f7a728,ok,41,140
d4f7a936b42b6fdb4be50259e76ee3f7742e4a4b,ok,369,1174
0c4ef0d82021e574e8e3d70f3c829682aa8f5418,ok,512,1872
da71da16a39818c23e4832856f2659ae302c1342,ok,512,1801
2ff1a331f3682416a60673648e07961e398de512,ok,512,1832
cdfffb6c5d1ea2c71015ca011da7765e339f52e4,ok,427,1515
26bd39f558d07cfc9f68a049217e2d769fdfb3ab,ok,127,435
4d169fc2306397a02a96e34cd5ff523699bbd73b,ok,512,1811
1754104f8d91d626f0a0d5ea565953aab4661974,ok,38,118
1dbf8e0a54f4ab282cd71d43d464d8870eec07d4,ok,34,106
684efffa460d349b868846157f0a29b2491cbbc4,ok,512,1809
b8885f73403214501299bc59ee8ce747cfa64061,ok,177,598
cf473d3d9293791bfff212111d22038d18a10094,ok,512,1833
be94da79c47c7a97b664ac5257aaa76374bc0894,ok,512,1872
f1f9628ed8e34c37aa524e7bdcb5ff92a76766f9,ok,31,94
4884dd6cc3e81c1a748095459405017a93820231,ok,512,1875
d0724327d63fccfd3eebb581871a740791434dc7,ok,512,1760
9c573cdb6769ff9eca012b07bad9bd703a2e5164,ok,88,284
fc7ae68b537336d6084cc4ccd3a2bbc9b0a7bb6a,ok,342,1234
645d8c34e707e5afbaeeb0e0854aec664627cfd1,ok,97,326
3f2d1e8da3edea3a4e0f27e1d85de271a79446c8,ok,162,545
4cd38a1a6c4fdeba39af9d558aee91abcc1aed33,ok,512,1831
434cea0d27beee0cd886d7a7764f74b980cd7943,ok,512,1890
61fc1e0e578f5f6cf9f36f2efc4f6300f13dd3ce,ok,137,458
231833d544163419c325b11860ce2a2b0efd3379,ok,512,1824
1f36d2edfbe08f57aaec2d0bd282d5f90d5ac5a8,ok,512,1881
a352d82ecb2d9151b0cbca7476d7da10fdf86689,ok,512,1830
98e1637787ec9a774e2a35efbfa91f04029cfdb2,ok,444,1589
b2419a7ed69c732ca11434fef076964cd57ed55e,ok,512,1777
51736a904eb531c78f0100957c8166e3c1566c5e,ok,190,680
12aa327bdf2283e69b0175b3564081b843e95d2c,ok,512,1829
27a08ea8ff73bfc966d69803650c24bdd6c3c833,ok,157,548
d2334e6428684e859f379661dac09943fd8dd682,ok,512,1900
07224ecc4d90756a4ecf38c361e7e07904fc2290,ok,60,196
f994a38dd595bd7c0478d007d05eacfaa7c83d39,ok,512,1824
4c1795bf934129548bbfc649e153da52661e49fd,ok,512,1867
f7f269f74ab73705b1adf96a300913ec39f76e4c,ok,512,1849
397353ce85e8db95cbeb0c1399c1659cac6bfc5f,ok,65,208
21559d51d75e98208f0c58d4374809835712f06d,ok,64,218
2854b2308496ab6754225586174ca54df063d28b,ok,294,1059
e84933e237ac3281d16c9a8b4dbbf31921aa2021,ok,38,128
6a4c27d01dd8e3708d5d7edbdb4a4cb193c79053,ok,77,256
c40ca06b505e804ec7785dc31288295dd3b71575,ok,141,502
823377b0f9bde6b9e257e356eb3c17e881b12774,ok,66,218
05c63698c4eac7f8ed7300a505360f244045bfb1,ok,512,1774
15c3c7a3fcdc296d7980db0a116266edd235973e,ok,135,465
56f02b8381c53c30fa3e148d5d3965c4da3e911c,ok,368,1324
24a650b5ea55b09962a5e009328cd5db938a7515,ok,512,1805
05c99e32321cbf4e0a4b5b1f857bf50116f8e8f7,ok,241,858
79c3e3a10dd05179bccd0c68620d7b4f185d07c0,ok,512,1904
b1f71be517e13673901bb790a2cf54448d4480c1,ok,139,483
db249ea6cc8bc3d8f00c2e52b2f959d20b1624be,ok,162,580
f713af9b6f75bcbd4e91d4040989b28837a5c9e6,ok,512,1836
a15efe3dc3104019629b1522f8c0e425d3c78d41,ok,512,1838
e63d25884b489a3ca3b1257b288786d954210945,ok,512,1814
1b9b92ca2308ffc7e434fce1cbde0a519a598283,ok,512,1946
92af19a65d350e6670972fc00c1267426c32b85b,ok,427,1498
469194c16c2934103d24e1bad20e5d6038684ca6,ok,236,814
68b4c4cd34c1fd4738ef5c35f04492aa14bde8b1,ok,512,1774
c6d7b0660613e7ec0cdcb1a9d1bd90882c244c05,ok,512,1838
a58509aab18af9be6c9181ccc9d9e1d26cf9e2f6,ok,453,1594
a2e64a31f6ef792761f711fde14a39a1b79f3f35,ok,243,830
b77054bb70b0d605c26d257d834e3ea0fe34ae1a,ok,29,86
4215c0b7872141add5c5e323fb5fbd1a63145e11,ok,180,608
990dd8245d3e673704cdd472bb31e6abbd5f27da,ok,165,584
224f9a2bd1faabcefce8a42844d30de330efac3a,ok,512,1772
76e107d4c804f0cec956fb8e71d428e81a055387,ok,202,752
b7e1e7d8954b610455410753249e25f9f15cc83d,ok,224,792
4939da83105668892b9183b16b0d435fa231b226,ok,39,126
244a50f4bbc088ae05a47e0c7942ccb6dcca062c,ok,286,1005
ecf6b88572f3cb478543d1e3db3533237f0fbd54,ok,377,1323
e0d23c0a2aa1f80376eedc2b1b464939e86cedc6,ok,512,1832
eeab0ff1fbc45417e60273ca673c7221527cf54f,ok,512,1817
b1738e11cd38ac8fbccadfd53f2cb608bdb709c8,ok,401,1451
3cca6f45d929b837e32307fb2ae6f6b963b3a582,ok,188,642
3a19c46bfe73cd0449948fd8715faa6802031e74,ok,512,1799
8bce9a8c33302f405a6394c8c0ee9236b0fc786f,ok,512,1870
2923f56fbc4119cf451117d3f3dc0cc9c315e8df,ok,323,1152
75c383819325d2d5099217137f2690befde42f74,ok,287,1004
a52923b99e88db426e5b71c7f31a3ac8f0d0e2d5,ok,90,309
55dcfa233dd2a9ee903d275d0329a8cb264c1564,ok,512,1890
7729b8ae92d43e7e88324cf3d3744a3f2cf136ad,ok,492,1746
1a94dafa52b3a54cc0ca231215299cc803fc8cd0,ok,512,1898
42b7b88e0393a8da2e5eb590d44f12a718cb65b2,ok,318,1131
62869e314529309076dda2da82f29405d3bb7dea,ok,512,1816
32b8ed813c0ce64df076fc30bf87a4090adb5f4e,ok,512,1932
2f54a3833e8e61868436e4e5aed6074ece0d5a4d,ok,7,18
e505973a34060da75d297eab0dd8455d7a34c17f,ok,512,1750
36bc26ea3e61f3b87004b258a5a5e73e66eaf639,ok,512,1955
480e2e0f5ecf75a61c5702319ab3f84ddd90d445,ok,347,1261
018c888a82af475a9462be09f73be2a59e714b3a,ok,63,216
341036f9a3c28fe80f449ca35549d3e44eedb41c,ok,512,1772
726c722146647fe456be047b0ec26b14ffdff6fe,ok,512,1816
39aa3ec1173310c9e05c6663dd9e6ad9d9dafef9,ok,115,394
6954a36e2749fb8489d2fd4519983f5f936a6fa4,ok,293,1054
0eae7e6c97ce272c57abf269bc27e4c627fcd67c,ok,512,1933
0172bb63f060fffc74d7ea940ce7c7935e50a05b,ok,512,1804
655fe241dc1bccd8d41de8256ff3304ab92f9e23,ok,35,110
b3d466f7b90f0580d87c6af2f929ae8b1e407af9,ok,129,450
0e434af79cfb5aa53c0369166047136928c6a1f8,ok,25,80
031198315e0c1561ef09ba6da5f1847015a4c4b0,ok,233,806
8117ed52b446fe8913ad710ed2a5ccd7c5921755,ok,497,1808
f99013767a10716d414585380eb551d0de7b23a9,ok,512,1920
20c498276cf6d6fc3cc51dae335c73a8647e5201,ok,123,418
dda00aee2a955d8eff159ce96d6c92ade2c2217e,ok,306,1042
1de17c289abc6b8fff21b24796f01d12984bc834,ok,44,140
38ffd39c751bf0529b4b672427aeb76027ce8ea3,ok,368,1319
aa6139234da859eac056fd8d9b9322d1e23da227,ok,512,1795
3a2e8ada52fcc4737084e38211174a6162ce5153,ok,290,1044
59205cdb585210d223b91df5fa51b5213df677b4,ok,300,1059
11c86f7ae0f26dc91958ef689eb5d67a7fa191af,ok,512,1816
d5d7547970bd1b5e0cefbff6fae43eecb8722e60,ok,512,1841
34684e20d3b5e0304a7438a467114856a4c863ab,ok,315,1155
7080aa919760329db2f87ecaf4aa984ceeaf8b36,ok,68,236
79b35457cc27ba6fa766a1c7f9244cf89dc8f09a,ok,71,238
7748965674034d35acf328c5363ec6a9d7a37524,ok,512,1872
34247cf4258d8f5872ce81f51dd5222051887999,ok,512,1842
42cf831fb32bb9563da387c4a037967d62bc3aef,ok,512,1826
07daa147fcd2555ce6cb2aae72318b82e127ef64,ok,382,1403
00762fdebcbbe428dc3786b33e2dd5349360de38,ok,512,1797
69b9d04a6f1ab776a7815e6d3f62abd4fe7f71c5,ok,512,1811
440978d2fe8e55e793ef8d9a219e4a0f033e8432,ok,125,424
bcf3ada6f478ecbd1df878aa239554d710099bfd,ok,512,1820
3f4fbecc1edb1b842991129b63da136a1c9ea26d,ok,512,1844
c612f87d2d44243520beb5fcedbfe0cfd75fff8b,ok,116,396
8becf729d9ca1b76d64dacf40ee2a0e62c63208d,ok,142,500
c33dd220d2cbd77d23c0e859fee952993fd732d4,ok,195,676
b728e7b2975a7817b46fd86269a620932dfb7b7a,ok,32,100
03e1fb20db721fa979faa29107d3735729742b1a,ok,32,102
055a34b592160d1ce143e46d341fb3ffe00c08bc,ok,20,62
f9e1207e1a3795bc88c52c68822a727b527ac5b8,ok,60,208
12f13ef9ae79e03274ed67fb30f9d726ece6346e,ok,512,1852
dfed0802c2369a992e3459b7c0b36055ba7cf4ab,ok,126,434
3b001c8dfc742f6055de348677134e001c50a130,ok,135,458
5dc36f918028307bd50efaf76c4c350a5fd26cf6,ok,421,1506
2adf8b74e30da0a311d11e5b361720e141b4b284,ok,512,1765
d4017bc64661a0efd40af9bce5f202e70a0798f1,ok,512,1884
d3f09e30e86029591e4455bdbe1faed10f6e963d,ok,231,794
debf970ab3d93f6c283a2fc60d6552d1684c1c4b,ok,512,1840
5b7c6b185e30ae063b2e9f80d68d05f6e363846c,ok,130,440
146b4dc47fee66c39c984d5d26bd11cf8f5a2ac0,ok,361,1345
0004fef825855e3be8e462692f82fc48a9264d40,ok,88,300
e94aae39c8c3761631da491e4c9811d241862957,ok,85,278
8d5848f1f7328aed8bd70298a86754612a7a1a61,ok,512,1809
4d2e2f525a406d77e830346b1a8e9a6295dcaaec,ok,512,1776
1778fe3ea22d16d8b50aa0cb5a2267627641bac6,ok,453,1604
7d982b95ffc5e9941196f6eccdaac12555cfca3e,ok,512,1880
1b73e0b012c7a5f80ffaeee13c01d8f33647656d,ok,512,1801
1bb64e14cf21003fba016134a243b2b3ee03f411,ok,54,178
5da1155b42663dc3a0bd44c1eac9c39992370c7f,ok,305,1068
eb1562bcd3d76e6065ec6acef0f090794023955d,ok,512,1824
3552d4d7b3062ecc1c3911c178242d24aa8c902b,ok,81,280
5cabe28c6f9ad59f8d013a5d0eaa4917576090fd,ok,512,1848
b6bacd4c77651eaf17167aa59cc4e308f850a756,ok,51,162
4d1d2f9b6bd7792c3a1790e7456b0b644f1c7dcd,ok,187,652
239a41004cbc29da12d88136db8d8b8485762b44,ok,512,1860
fad2092675a0a78a1f2fe5c2b8105469276e8ed3,ok,91,314
36060eacec41abd28f52ae5ab1071f127e14871a,ok,512,1825
d7bf1e6d10333307d4f51fada5a564d026aa58f2,ok,512,1873
73e4606851ad87df70be8bc510daee676cf5fd40,ok,418,1449
d3f166c83dc1af03c837802fcbf292df4ad0e6a8,ok,73,252
ce7342f29fef680e342f399cad1127c90cca9fe5,ok,512,1799
c4bb2d953c24704f1fd8d4309b4780dfbb216ea7,ok,497,1786
95e8f98090c9d2f6784e43356ef0fa2488eb2b9f,ok,151,521
2752572e34237366ce911a74634521f787042c97,ok,26,80
087317b5ccc8bf88ef8d9e7179cc8a6cd451e08f,ok,512,1778
3d44eab4942211b68ba8c435f934673237e57413,ok,512,1872
e024b139d45c92f96e7c85d1b7fbaf8ddf2b44d7,ok,512,1891
909f8c89e9821a3f70f2d4b9b809404a2f0c0b0f,ok,464,1684
a43512b89b5f84eca07165e873287b549ece16d6,ok,512,1798
ebcceeef7cf12962efcf34793bc65476b0166075,ok,70,248
9f753cd80f4ddc4712bcead293a896b145df84e7,ok,23,70
827db636a88769383de1e9f904b7247848e0b931,ok,124,414
f47eeaf93770ee23035505d9cd79c5f7201384a7,ok,512,1720
02cd957f10e7f0d5c91cb23ac27c2ae2c622e8af,ok,512,1856
9380ea727dff539ec94af372ae238b40f83580cd,ok,24,72
4dd651965713277f0f9b9b532b0d6cfe900a0293,ok,512,1812
38f9ff3765e853b359e7dd9b55c2f3a7f1cf16bb,ok,23,72
7281edea4fd6c3030b7adac89280c03455b47e44,ok,115,404
cc337dcfdab4679b0fe2cd5a04e364ea1bb14f6c,ok,129,450
18c56de3d4aa613ac093a4e2c1c191f59039a121,ok,135,468
74722ea3ea0096d5e58bb5c5b42618e65ef52a74,ok,512,1830
932c804836f4e2d3bda1972db39fc0b77fb817ae,ok,512,1776
e7504b02691d07ab1836e735e39f0cc58642a59e,ok,178,610
691d1d8939c6d1fd3c6163902d8178c487282bae,ok,8,22
15eba72a6eccbe429d2f2cee13f2768f56b9bdfd,ok,353,1248
7ab6e4e433a0aec989b95475b1ebb47c95158012,ok,512,1834
86b3a6e7a53ee2a9bb54c6c679b763da4052c327,ok,316,1078
09e4de8cd61bdea3752e8f6076a948f9d657eee6,ok,79,262
21e506c456c5398d00e8b801b1200c475e31d14d,ok,65,216
ec00ac5830aae57da72c448ae260f955b9ba758b,ok,296,1040
36acd3b6f7c7e523e1ee9cf03c47ad3c319af6df,ok,196,686
b6c05b420c89db7439106ed822cf5e0db51d9a94,ok,512,1889
942e2aec260acae92e5d3423d9ca899fca8b99e3,ok,509,1830
fe98443a1a209c22e4105a5ce28a2de4bfef40fe,ok,512,1808
792e5b1a3d2d62f1f42c4c76e4dd9f86cb57f253,ok,512,1784
0ddd2aceb7297a8e4e6b7353c60700f9b90bbf0a,ok,512,1773
0d700521f9b556c54400ed7360afa3c3e1f8fe8a,ok,512,1871
f51e38f004b26c375738edb4e22640f3b8eda308,ok,512,1852
7a815ab63fceb3f8e327ab2408d9ffbb3e4faf6d,ok,512,1849
d18326d4de56d8f2878eeb9091b67e106749bfbb,ok,512,1820
ed7be4cc42bb65da2f17d26f455da28b9bbf9b4a,ok,192,642
13ce6d15c0ac25f1f8c71289364e10a4d8bb78cc,ok,512,1790
da4a5b44169136981b244c5b81e1eafd1708f75d,ok,512,1818
ff72f1ca550d3f4d0d8124155bf7cbfe036d98d2,ok,512,1861
3ba33840c65f60cadbdaedbc09635ec370a8bf6c,ok,67,218
7e0fd8b689c384c64df87045b426c39f929d5c81,ok,512,1772
0878f2ca001968681272a39515b09d3d24fc9960,ok,512,1751
f5c9dff92e61e4221332a6092bb2579c85b2d487,ok,99,336
38c9a46cecf36a6fe375795ad2755f8890da500e,ok,512,1798
15580d23cfb61f7c38a5984609ad0768b983e11b,ok,170,608
4477ea43fc29276273ddabf1fa42f1eb7957ab34,ok,512,1794
48345565281c944427c4c45d732d35e638759583,ok,37,118
240ece1f23990132617108cc337290422500fb9c,ok,26,78
d226abecf53fd8d8b58ab970384f1e48b6b80e08,ok,512,1846
2e927acac26c093949f61bfe9ccbbfa218cc8a9b,ok,512,1824
5e811b9611783b20b70d84a472afd47515d022f6,ok,274,966
2c77dfad3e63698114aa698d4dc75d4583764d71,ok,512,1789
48e16c218db23bf5e285823f7b402a02e6f049b7,ok,483,1790
cd7dccb8d3b05bfa78502be0bb5496884717a701,ok,62,210
a8c5afb6b4b5aa98a9e0e2e2dbb88f7a48f576a6,ok,159,533
87de871879b09be3e34c4e4b20f3a429056f28de,ok,100,330
b34e3221fd6a149e9aa3ba96ba33c3a159a28781,ok,512,1843
5a52b4636bbf8f959ed6ba948030a777e24da1e2,ok,512,1819
e11668d73f809957042f9af753ea0a5a6e3d985c,ok,397,1424
b48cf310ebc66098ad602094e692aca1eafc59ff,ok,21,66
c344d09e6e5a16e68a071ddba30e1cfb4dfa9bf4,ok,194,678
550ac0303c31519b3bfa54c328c8f1e443639f1f,ok,512,1844
7de1f82ed818f86dd474186586397200790b5399,ok,512,1845
a0ab2fc7bd757860eeb3571d6317c1d783b3f50e,ok,512,1810
30968a3b1c8db92fb9bcfc05293e9f05a09dc460,ok,512,1888
4038707ea3910adc3734d8a19932a313ef31147b,ok,512,1846
349ba8cbdbe52929face00a2f99280f9c5215eb6,ok,454,1700
3761619d7f1c2a60e5be83eb50ab97bf4b8df982,ok,512,1888
3cc2597b4f2711d0c1934f7e12710254d21de455,ok,512,1903
5a46b87e4f1702e2cbc5b509fd4b191bea53e7c2,ok,512,1839
fa90f0a4c38f3a03d9347338f698ca587fa7b52b,ok,101,354
bbcc52cba8187269076330b4fdd71a4d2a89ea7b,ok,512,1860
d92dd4097828c1516b3efb728e1fed73bea48cc7,ok,155,545
140e9d056bbc740eda3c73686bc3973cf53c7644,ok,107,352
40346468a7d2ed2c8ff36164492fd8d679c11f8d,ok,354,1276
dc8138f95ed39c2b1eb81b181d643c85295a5093,ok,512,1844
cf95c908c5128db9941eea43c1e18a65b61ee304,ok,512,1822
f1830fa31803345e8f83099ed4638afabf4a91c4,ok,512,1848
aa5c2a708e0eeedc1b697bf1e74e51bd20960fd0,ok,151,530
cc1435108d478d24270a83c70cabdb754d46f340,ok,34,108
95761588b86eba190d373a045978adff91ddadf8,ok,19,58
9cd4238da61368402366f8e3d477f73416b6796a,ok,375,1316
1443ef6d8dd6fa69d73f9a6a98a614bd2102fa2b,ok,512,1797
d7045f70b64aa7d1d874f26c9b1be2ea05dcb568,ok,57,188
cb69f945e072269a8652aeefb25f79e360ccb358,ok,101,352
0b95abfffde3e6883c2710c4057ae25360053ab2,ok,270,973
3f88cd97dbe11f6041e717dc5db21f67c78f0651,ok,512,1867
6dd4d9781308ca384bb6784520e5ea0a0f43eb09,ok,512,1838
66d84702c344ddd0b320c989a2622105d42a8dae,ok,62,212
ea82f2c29f2ea85cc62accd18f2a07d7f644d648,ok,144,500
3200cdc1d98aadceedcf97800ec9c2a9009ec942,ok,512,1811
7ce8d7b91eb50c01496a5f2abecba60994b2907c,ok,215,766
e19f67b6402188d19c6f6205c112298818466df7,ok,512,1856
5c3eddfc8e9f96ecdfce8e79a4434ca3955d0806,ok,512,1812
033d31af62ec59c6c8d0b302dcb3b5781e24c364,ok,512,1843
920893e2737456d31de6ce78a53271768e57240b,ok,512,1814
7eeb730bd82265205326e87737d7514969091c43,ok,512,1810
e5400cbba761a00f29f9dd07f6ae7a540f2b5b12,ok,512,1712
c8549f8f40330b945eb650d989d0912535e172b3,ok,512,1817
f861db2b4685757c82c66239e064b4b6b8e4c7f3,ok,145,520
872324595066bc2e7648e6d3f8b0c95d796d8dcc,ok,512,1814
50b105828fbe8ec1204c6fc3a3628636b905fbba,ok,512,1852
beb2fa9bcd56b653937ef0d132005ac221d40f42,ok,56,192
f3862e1c7a3d9993e92a7887cec49cff2657d474,ok,31,96
6424f90b023871b3fafea7b4ee1134a94f1b3a0f,ok,512,1870
a89dba03d483d4ba2d15ad1680a66b0a29663a1b,ok,512,1792
4dadd653f38585566c8d46c91e91e880b465fcf4,ok,160,550
60acde96f219aa11a1dfb6f3aebdc3c6dcdd5acd,ok,25,78
87feffa12a79225e952f9303a5a73349e14c5cc4,ok,512,1740
50d34704161627354d55e78e6e3361f6812a2531,ok,512,1844
7af2dd391297e15412842ea260fac5eef3c616be,ok,512,1819
d9b3ef30830427e86ec20ecc1315826da02cf095,ok,220,772
1d6d261c88b1bc7afae3548341b3f228f585b413,ok,184,616
623bd7e33085c9857df05a7a5c1459480df8777c,ok,22,66
7d7500380654b1087dc3606ee0b3e49b84fe75c7,ok,391,1378
1039d84b62c97c09814b18e80444db3dc6761ff0,ok,512,1844
d8dd1a3c1e99d571f71be2fa102c1387d87a7ace,ok,121,418
794fb9b1eb769b625e20e856a28f6daf6d893130,ok,393,1383
94463ae2771a2058fb84620730ed9ef513ee1435,ok,182,638
f12ad8438f62c016456eca906b85da22d846c33c,ok,512,1844
91588f6dfdc76609028ea43c2cc596dc51c19d07,ok,74,256
ba02a426915a1179459dba98a356d9ecc5560884,ok,231,812
fd7cd3c7ca2b8b8ab3cac02fb9d5cc2b899badc1,ok,512,1835
5dc8d3c236a3f9970f56498221ad2059ff938ddd,ok,512,1830
f4e21e919e165f370df0d6cf8804a07947952c50,ok,512,1831
48a44ee7ec7d9f56ab6d8d1d3b1c736fd38e029a,ok,482,1685
3e36edfeff9b237e3151d505d6fe9579e194448a,ok,129,450
58cc83fef86339a7126d5190a9dcb4a793e87f25,ok,180,632
e7002f1cc189ba3276ea8cdfedbb1d21834120e0,ok,77,264
ec6dc3ca194482061e74d99e60b7b6230fbfea44,ok,512,1842
56e97a2eea706e6a9f037a726ab6ccc3a49ef7de,ok,111,382
ca772fa6a45d3540b0a47b85d7cc394792e270f4,ok,412,1491
63947c85095a7ff1035420601466b47e27badec8,ok,512,1802
620594398d93c4df91dbca6d9ddb23887a653085,ok,377,1390
bf97a43fd988b5db0a621e786b6052f660e30006,ok,104,348
8e1162f722147f243ec7c64a9c902b094ca4881d,ok,512,1816
96d18fc0891c4323319c75818eb2ffcec2749125,ok,512,1861
b29cfbc8b5ff94bf63b5194582df2ab31f60bc39,ok,512,1817
8f58826aecc1fbb7e868c8cd4fb4fc608f5d219c,ok,512,1815
a2b75caeaee18aee2e3032b8916ebaf97530fb45,ok,201,723
b40783b61852eb9e02a800998933fddc5bb3ac38,ok,290,1025
b5a942b492ca07bb4e0d50d2f33f1fc033c3a44f,ok,77,276
09302e4e1243b5bc0bdd8f809a6b0d054918c924,ok,34,106
ea342d63bc8547e3d55a33e5f8c8656bda650781,ok,19,58
fc76b50cdc771cc3848281dc7c47c71f25260e78,ok,512,1990
bac47f31dac5415979bec17bb3e4a476ed47430e,ok,129,452
ec9ec1b6c39f2ce0a7037cfe3e4c6ae858d5225a,ok,512,1838
3d61ba4906c2fdc113cd22fcfd960a37d913558e,ok,512,1789
84150212d7b1a56b9c344c1d946ca1f00f1e38fa,ok,113,398
666729be06269ac44baaa74a25eeac06e88e8e75,ok,367,1293
a4983c5fc29f4456e836daa8acf047f05577807c,ok,227,768
3b6de4c4eb0528f2f9fb1587dbb3922c56bbc16f,ok,9,24
5a3703d79ae83efe84c81fa110909d10ebc39f4a,ok,512,1846
fd67c636733da6edbb4fc69134bdd03396899a5a,ok,16,50
4377e9592984c34f9392f6c447c445f9c25e1788,ok,512,1813
809b9d930971dd94fb3742c5d360f5cc3d01158f,ok,512,1902
23b54391a930e9da4e936fe44108911efed507e6,ok,13,38
5a2760f2b1db1666c07077ecfab94dcfad6cc2d0,ok,512,1838
392ac6b95c618ccdec463b8351eed06c780f7962,ok,281,1026
2f34d1e37d195d407a684b82fd98a0f7cd5daf5a,ok,405,1414
3da1a2d31e285304479c949d05b6077c01c7a591,ok,512,1834
2e544dbbc41d7847453886a35360d34f24e66b5c,ok,242,844
82da3d705050e74e515007335e473c4708bdc3e3,ok,126,432
4885d3630a5fdd454361f07e350066c3181783f6,ok,256,897
58c57d4b8e02489b217b66caf22084469c864c23,ok,512,1805
205ef96f088c901f38dfcf1e532b972a65bcc9ca,ok,512,1742
404228d649d4c29c9143f79c11d73de07251dc81,ok,512,1809
d0602861955db80ab67e0ccd585fef5f938250ee,ok,35,110
bb1fd23ff7921992dd21aed5dadfe4f5614c1ddb,ok,512,1796
134807bdfd899df6e3cc2a23bc169f64f4bd94c6,ok,512,1865
7118757b417267f2dca0e1d3be28c193b730413e,ok,155,526
3501b9bf71972d49cb060640f969181964c58b17,ok,139,497
18708887297a01267d18e4dd3d1c75b2e29a315f,ok,512,1868
4f68edc1b6cd1a0296d3edd812ab3c95edbfe458,ok,246,872
09179e843993e7bf984e292878805df5d1d2cc76,ok,234,838
97772d562a100681aa1f6d3c36a0ed2bc8d01cca,ok,512,1864
0be3b9ef5c15bc421f79b202356ccd787076fd8e,ok,512,1833
acb2716154c86a2ec181b34c157b238beffb7b57,ok,122,410
1d7775f895620a842d4929833b85213ee4824828,ok,32,102
ae0e18b9722f5312774d80614d0dfeab9d834f3d,ok,36,116
720f88595d4f3f09f8244706ea081f71a503c262,ok,143,500
e1be7affd4f8d1033971616e8291f62efd4bf450,ok,512,1828
826af81b60180ca894c18958b95fc9444096cff8,ok,487,1782
d2251c4a2ef2ef250663afffe00be9c1734c6ae6,ok,512,1829
87c0e8dd14c4e43ad344e204c264546f60ed6ac1,ok,512,1866
f506c302f8de4677f7e2198986d91cb08bf0ac35,ok,90,314
2b3e5931ea8f6390d82666fa713f4a7ca16d6735,ok,122,444
275dc4756bd1542b51e6549d938545efb8759c66,ok,285,976
1412ec715c556eb25f68278042721a8485b347aa,ok,369,1347
953585c5d46d7a37aa9a66c02e195cb21dc39f3e,ok,512,1845
f808e1a63173eddd3ffc261190adb910d416108c,ok,33,102
43d864d3cc9bbfe7c9d3903f43bd07ae675738b5,ok,53,172
249e52ff7e87cc7ac1b61270e9364d69961171db,ok,96,340
ac757dd85299d75c1e7e36db6e4a0c38b88fd785,ok,255,888
7604cec65fd511f221e39c40f4269ff274c60fab,ok,106,366
68527af47c6024be44d4e529ff76fe10347397e4,ok,88,296
a6144c7241c039f25cbb72487548f63e01948797,ok,101,328
a3778e0733aa9aa0769d1bf90ceea3a1990f27c8,ok,209,694
532d80bafdba3780c61e8527d586c4e1c5757d69,ok,512,1849
1a1dd40367760f0812bc8c8779323c16c9010402,ok,259,906
bc7b3f29ea1b2d81521b8b17f3737acd358fe5ba,ok,512,1781
b3c5762e44440fbf632293641244c70c799bf562,ok,89,310
9f9ebf99d4612454cf8aea67ebaf1aae6f468e98,ok,202,726
3606c9d1e90c8f67e924eef09b4b264fc6651069,ok,512,1782
1e270e3e0e9714247cc007a92a640f9008245cfe,ok,34,108
29c689c41644db42ba4820aba181a64975466480,ok,377,1408
c92296df629cd8fecc9eddfff179f4e3640f35fd,ok,127,448
96f61f8e90f32143feb70d1a918dbce946c52360,ok,337,1228
32a141c10d39c16cf88bd470c632cdad45aeb6e2,ok,172,590
455461d919f3b88f9d568e4bd9353da5836a3da9,ok,512,1800
c8e9ee39d1bad5a92ebe7ef7b9899682a0347765,ok,512,1813
65d16f181df043f8d1cb0459ab3dccad9c18a37c,ok,512,1818
46125664cde3dd6a197d3f2f905853f3ef106bc6,ok,35,112
56fdaeb89cca7da7d6409c0301dc81577ba7c97c,ok,236,824
c76ed578a6479a4eb45f4481bcbd4dfa59cca6fc,ok,56,182
b6715b78d6b6fd743f3dbc33874731a51bd74329,ok,117,392
78492c0b0de6d7170b20a5799bdf1f078c26146f,ok,512,1860
0a88f8c312000644dc8086a44756d4b9fc40b22e,ok,512,1792
f714281a3bf3d971938cd6d46b8a9adaf819cfcb,ok,512,1853
4c391efad7cf0e52667185dbaf3797a561229460,ok,512,1762
cacbc60cf78f4bc808de9ee4ee251144a8cd6640,ok,512,1798
642a2a59b11a2c1262bccc376fcc1216c0419335,ok,306,1098
4abb6ed01e8d440fb9f5e59d3b04fcf0d19f1a08,ok,56,190
4b55d3100cdc5be8895c4b8d1d3ccab1edf44d8e,ok,485,1710
3e38f3f5ad094a2870964564b7e8b96528af753d,ok,512,1839
1b47012123eef06c3a70640edbf2bdcdf330de46,ok,512,1852
18980d96506f62eeeddefe14b911b8bf68fa52ff,ok,512,1868
833fbc949bf35f8427d36aaba795a6f2423ef5cd,ok,512,1737
7d134fb8d0966f01d8322382cb9f8b66a7a34adf,ok,259,963
5991a41a41bd26492474304c03c41511e362b2c1,ok,512,1778
ff9a2bac295f4c29cf4b3716f32876626ebddaf7,ok,179,654
c595755b582cdc906f05253a242058642f876f54,ok,512,1878
b9d5739351a3327e306d79ce289935d11589b69d,ok,307,1100
9ca711ecb273852e132cab692d806f17c53400fb,ok,286,1030
09f645c3924878f775c882b9bb015a2255f9f289,ok,512,1848
9bd8aa06e551190cd93cf5b6d72501470ad9edd3,ok,191,680
4d5ee9fc655804b33c09eebd5b9482ba1f2c9fcc,ok,14,40
31427137064d163359899bf36856eff258f44d7b,ok,512,1862
49c9346d7740b9aa6e3324ff60be2584b4a08c6a,ok,238,904
ab32b2daeec507dbca5145f0c9761cf120098f8e,ok,512,1848
fb95022faec8f50c5c934b3609dea6603223effe,ok,46,146
d69af6cb392bb7f10f1b164f28d7a913314d666f,ok,512,1894
7af64086637c3ddf8f67575c1cb5909a6833f86b,ok,512,1831
8ce7752ca081db2898d6cb4d1201db80a0c8d948,ok,512,1881
7688768303485800f5d4ec043ff64e7d3087469d,ok,291,1060
3dfdf6fe457e01eeadff45a19aa86efef688c75e,ok,512,1862
f738187251504b8617990b4aaef6cd79e37e6274,ok,88,286
2c73b6b68908ba67e78852dcebef009dca96a2f9,ok,512,1847
4f3c8f2905a4db4515db2f2dd614493e3b96f31e,ok,512,1791
06a21948b69f32648e218f5a319df15be5872652,ok,108,373
4f98d350ebbad8b1bdd918e817cd56277b87c071,ok,30,96
5058fc71090a92daa7e40beca8818bfcf4702cf9,ok,52,168
d797a8873b51fed29ea87fb382d05365496e3c18,ok,27,84
b8ed06d5bfc28b208bc88c2b8da1740b1bed3a37,ok,512,1850
c1540de5fc1dd82e68f292e84c14ac0a366e5187,ok,512,1887
1dd2361553c8c0f86ff883a6e59c9082432dfe54,ok,156,542
caa087f23dd9ff10348750b58223f5e5a4c050cc,ok,128,444
048b0c93bb55d48d973b8e8720a147ea9c07967b,ok,512,1851
69555107c6cd42fa3258499462f5d78a9b054070,ok,512,1824
854c3527bf17e81c32b018b8c5b8483ba4cdd0a4,ok,21,66
364aca036ebb842ff695676332c7ad702d6c69aa,ok,512,1836
37522628107bd828ad53b2a96dcfd04e83f12e15,ok,512,1771
69c45edc70a6224c85a375f5013b68041d2149d3,ok,62,210
3bb26421b9b00b3e300063372499e89ae8bbad74,ok,512,1882
f2178f67a17edd1c7cca47794ed75dca665fd310,ok,512,1842
e6f2cd0e8c8cd9ee9297064961a9373d15896561,ok,512,1902
03366df661501de81b4db4e1f5bc59fea8b0914d,ok,182,646
12da15e38d430e646c3e53e25fec42ac3effea61,ok,29,92
fab3b7cf135329c4709270cda9276edf552e92c3,ok,214,764
a5bcfc64b2d8b5c87ae77799f9524e3e6edef17b,ok,512,1856
4b7be781bbf64ff11d733fbcc540f4d8c405f234,ok,23,70
5df05a97bb0a84db16446c85ad763296d3f3424a,ok,236,838
8fefe7dbf8fe5d1ff7eed86f7d04a88b6942f7e7,ok,512,1852
d9fbba7147c5594e479ec7001a915ae8e2124361,ok,512,1840
41ee9e8b13258100655a4fdb7d28c2a12568be9e,ok,512,1848
4d92f022f92f3d464c6adcd8d3f2319737eab96b,ok,512,1820
408e17d9b91b50092e35391275d8c71222fc12f8,ok,261,988
c19f07397a1a817ad6351a82f24e4b2a1707ed80,ok,47,154
83c0fe38ada2b2953d600c899d3a02d421007dc1,ok,71,258
ee9b86ab293f99dd2bf089db7a3b71eb3d662c22,ok,70,232
5c5ccf016959ea42c0a93aac7b5fdd9548f1de9e,ok,512,1823
3dcdb355c5c86b95ce2b46ec9148b12a25366fcb,ok,10,28
166344d754925e2632880211173a9275f9a14834,ok,101,356
c18f02fdd933daf52f7d51cc7c67c135c5df86b6,ok,374,1375
9a7027920ab7dfc2038f4068aacc2c5b5806bba2,ok,467,1616
59aacb1fa7875ba448351263c498514af2e153ee,ok,190,655
35fa9238f240cafcbbdb9707f44cfc0cdbc430da,ok,45,144
5bc27e1653edf4631a81afd861002e8c117b36a6,ok,512,1851
700ce591056824b1e3e4441c8bd7a3d2928d78c7,ok,487,1700
3cd6933d0f5c174002aeae5b1968c4d2462cabed,ok,512,1818
ae14d232bbfdfda74c06edbf4312aa617c8f1907,ok,512,1750
ed20f2dce02557706f4f0725fed25bc6355bdc50,ok,512,1886
5a8f284a414dec32cd7fdc904d161f0935bd308f,ok,16,50
e9d5c85f2660a5df7a977106ff88469a2fb10e8d,ok,512,1873
c00287d5710da50d83196d76c7cf4ca8312ce3b7,ok,241,859
a4ecc99fd6e10b4792885433d748967d0cabd854,ok,512,1777
4cc5f6c4bded2cf56ea758d0e951f14abde2bbd0,ok,25,78
92451a39960178711de54fef0f1ece72720b588d,ok,512,1846
6a04a6f3db6a2b34d854056c16f6793c869fd47f,ok,37,120
3693e1a4995c42f678550533ace9703fc966a363,ok,215,778
89bcfb8546b7349fe68035b2e8586f63349de330,ok,512,1820
9495e1e734068b1c8df7a2323cc72513056ae855,ok,512,1749
5426e40052a86b9232515331c5223aa28e93c311,ok,76,258
d20d9123fd8e1e92946bd8646495bdedfdc722aa,ok,26,80
67d2d0891715eb3a35418cda94479aa2728147ec,ok,512,1807
16cb24a7fa7dcdd5c51fa41ff5053bc2d11c519a,ok,512,1819
e7b47705d2de53ac37371ab006fee1cde96f476d,ok,512,1869
26c4b6b7cf5ba9881d21d1fba25868b1df857048,ok,512,1843
e03a5fc6fe4d4890cdb7a16fd8417aefeb96911b,ok,281,1002
c5482047d681718a88becffb3e154bb1526cb55e,ok,512,1764
932e00f98717245d7a709c6c164bf3d5f9babde0,ok,466,1616
ad1f375cd79a68c72c867dd28ea1b6296f8f1fd7,ok,512,1838
088635e9f7e3c297c251b7a3b3464fd7e399e8a5,ok,52,172
b898affe8ecb24279b643841e650f86d3fe845d9,ok,512,1848
7be1ec4b5e0302786ee3dcd43b71df5fb2115d2d,ok,21,64
4b80191228349ca74df133670ce8b9afbdabd97f,ok,512,1866
63c1c8cada54ed1fe7d417ac4efe610af17de59d,ok,512,1822
fc44158856e6dd473f9ba0fe2b31576b01b0c528,ok,512,1815
7cb3ac1b5de433043d26ee4aaae97931d61fe9d8,ok,419,1590
0f77722ae6a24b596c554e68dbf090c091fa3574,ok,135,456
12a23181aa85bc8845db9c4182695993d489f426,ok,287,1010
0dbbf1463b463590ae5061b1db83931d291d03ec,ok,512,1824
da3cbe06463d6881fbb60ce2f328f3b1c8955287,ok,32,100
bdd4bc3852f5963ce39441bc5abbddf04fcb4391,ok,512,1838
5f73aba4d298a88faf82c27651e358cd242a4343,ok,512,1773
da31edb659f6004a5e885d6032afc2dceec9379f,ok,163,569
95e51c94feb1e4f330213a11f0661819b9f14d2b,ok,512,1885
3dc4a7c40d3fd88cbeb04e5ef2430ee06187856f,ok,512,1776
a71038e76faaf36ee42cc97502004c8118e8ae8e,ok,512,1755
bdad4634881c78fc10681188ea3fa7547cab40cf,ok,298,1066
6ab5eaa5957a25ba842b9a51ef0ee9503042b860,ok,512,1823
3b27f7dc7c8b596de985ecb6d34151f3667c2261,ok,512,1878
a7e9a36e5455f3c3df1b1aa563b2d9fb4960efec,ok,512,1906
6c6aa0fa8ac861d757f3b9d612f960ff67cc41c3,ok,512,1894
a65d1de39013d35bc39966ff25509a301c868077,ok,512,1888
ca95cf9f03201788a017cf7a300056fcd87398bc,ok,512,1886
2d67c6359217799c49c36e0e7c032ec9589aab68,ok,512,1876
fdecbe492775ee1f3f2d9b3697807218d8496681,ok,512,1811
69f507b7580497e6cb98393255cf0cf3cf155b82,ok,100,350
7f3384ae222f7c6221284f0c270651b41a278883,ok,512,1824
f857799f17469f3a6e3ee3d958d58cb0d3792229,ok,303,1058
ae686959f7953dcf347d4ce0dee0dccae5899822,ok,439,1638
f90ad35f51400e7534f49b651614d9e9c11883ad,ok,512,1893
01350a6e1a60927e1dd6f10263b34d333f53e2ba,ok,153,514
cd3ed24d831b0d65d01a939cd85ab486d7cc0989,ok,16,48
08009423c6a4aad6b4bbbdd2c1be765118492ed6,ok,389,1412
2670c321ebdd775c7ada57e31a255c40512e8cb0,ok,512,1827
89dbff2fcacf9774e489b458df30d2d5188f167d,ok,70,232
10de33d8cf1a91a964958c0986fc4e62780faa3b,ok,487,1762
e369904c368844b612b55ff243568089d3b60405,ok,512,1876
dff417103ba05ab4e81a8f719b826e10c6ba12e6,ok,410,1465
5d548815408f639e10068f9ca7a47e22b0f55aae,ok,512,1856
0d480cc04b8d3f4cb81a253da398b22b9f5c97b9,ok,512,1768
eddf42bf78dfc2985460f3bf4708fee5c3d7d2fc,ok,42,134
d5fcc188ce708929f6290ef5c85d89dc97315ab1,ok,394,1446
3dcef5d37974d0e8263c73424f1e32fa4ea6cf40,ok,512,1916
3cb8adcdf5972266d417b4f50887a78c503b4f38,ok,103,340
32d8dcf6ffdbc7fef6938f12cf9c2b5beebaf773,ok,59,198
7712d804f8ad35b292bfefb5b05adef3037e4468,ok,110,382
e24d9d80b01596cf43e36a81da1a9a4981d253ad,ok,166,582
17717b46ad4fc763cceb0d5c016ffaf1aa65d759,ok,512,1854
4cb83770d37209a1942e6dcb9118d13794113c83,ok,512,1843
258540b2a04d409c6a522df7bb09856eba0f5838,ok,38,122
435384008d2712a017f32e2c86cb8c2d716d869f,ok,512,1788
fa9d148c4b237592e23a90913d54d94de40f2fe3,ok,512,1896
01539cb6ad31d1c90db8418b570c016beb29c75b,ok,512,1799
064556ea0125d473596beebe04ea58f047c043ef,ok,512,1933
37169c90336b81337f6ab1fdc8f4ec94fa34f9ce,ok,13,38
c425f070f3b30a162f9ec106388b35f86f71d9b0,ok,512,1909
daaf72b483f47c8d489b5500482c01ccd4c26cfb,ok,512,1828
8d7135225c1b6d9770ddc8b769a017d9629ec0f5,ok,512,1854
83d4b783adce24e3f1f13011a102266b73d9eadb,ok,99,330
5c2db4d4126f66e2e56f2a9ffd63f44e553a0e2e,ok,154,496
781be04bf3026bed9dcc81137dd9797ae3fba5b7,ok,369,1288
fa8b0383c05f81b8c21f646c1ae63e8757b1b51f,ok,191,664
d633a98ba0e392627eb5242bad1d24dc80da641c,ok,512,1807
557c30187d1211dd7d68b27466c6930067a6eac4,ok,512,1850
158dbf61eb90b0ccb33fc1f6454ab9ef9794da08,ok,512,1837
04396bc6f32499c0641bb9d2bfe4a486a18e6e9b,ok,512,1865
d8f640339701deb1ab972177e1b8c3bf3b31ebfd,ok,13,38
44b333c3b5e85abe231c9764e9bfa073439a2f7c,ok,329,1182
8c74c03bd00a8464cd4a11cbfb534805a02c3a18,ok,512,1889
9aa33d99125eae98dbc6364c28e19b5784ba3d49,ok,470,1672
8f45995b7993c8b152aec5ccca941bf8da98cef7,ok,216,740
dd033a0908bc124d178bdee9c1bc0dd215e6f4cd,ok,512,1846
d074a72cd6cbeb2f4ab632b585ed13e3309c2dbe,ok,512,1855
5f51dc86fff04bcecb7e65c4ec452fca293d7ffa,ok,512,1806
bba973e9032dad51c6893293841e4916cfe3f53c,ok,512,1769
8af7e55ea30dc62bf3cd66c16ae6e50a3150d6c0,ok,469,1640
637f5e8644fa33c0002be4faadb4489d6614bdc2,ok,25,78
5ede422cb9211d3fc0c9eb94a97ec14a600e35af,ok,512,1828
4be487c4756c596e156e8033df6db6e3a4ff8605,ok,512,1947
587eddc6b7c02720d3f3e0f3fae3886b5cb1cc46,ok,346,1245
3f8db8b08ace56521823d7098b5e843a2cbda536,ok,232,822
0a096dd0dff65cb7c812ed629e8768770dc26ca8,ok,512,1808
2acddb29f241298d3bd535a6789d84ba370332dc,ok,243,860
11378ba56abf12c697bf44597d5f58ae25e43011,ok,224,821
d6396a28afc1a79af59abee2e9006d6eace93142,ok,512,1822
1b9b887dc91b545dff3b8d344debe98cd33af97b,ok,108,356
b6113e372313bd90d632947e33b8bcac977433a1,ok,512,1864
7662f513d2166a13125391ff234d0f352b401c4f,ok,250,874
84a0f23ae4c4183a61927ffda57ccca237c50ed4,ok,512,1758
33de95873e9f65480eb9fbb60d0f034ba35228c0,ok,512,1825
8a06be3bfc68256a2ba3ccc65c81ae91ca3a316b,ok,512,1772
025938076af25fa50e4eb5feb9829efa3eed0cb8,ok,33,106
ad6129e99ae514f87d5b7f0b2d93daa29a05fd4a,ok,512,1890
3fb217362eb7ce067521198934b3a310d6e22131,ok,184,670
1c450cd6d22f33527779184118502d69fa33758f,ok,512,1878
a1e4a938a177892ac13468cc77d9ae9736e164f5,ok,303,1060
60c0371f6d378b56469a04321b482af007272e27,ok,512,1878
db03186fe9455043935dc493de6106592fb203ee,ok,512,1896
d71577da25333fdc81eccb93b584dae8ca3effce,ok,512,1815
4a93d735e8604868ccbebdbcdc95bed1fdfc73bc,ok,512,1863
c405a3a2d68f1ebd97b2fbb4dee9f4aaf942202c,ok,512,1818
9e3ff739b03a58431b434f57211e874f9a960cfe,ok,346,1228
22e691e4651cb7202125ffaaa3d091fa29b56579,ok,347,1260
a7c64aebb62891e3bbf64de081548c4f89da998e,ok,512,1862
171d42546a9c62de06191ac3b450c38d394a6e77,ok,151,533
2fbfc7813d7c93894a95d36d1eb72a812d9ca870,ok,430,1524
ae3d53f764a5b0b404431ffa9d14b401a403617a,ok,512,1836
5e608ce269bb042f558a7080d63a100e599ab283,ok,71,238
39f18a048506d2d94d59c2d4ad326562c18ec852,ok,512,1816
f837615321aaaecc64b16523ea2fdc128e1d706a,ok,71,242
e89939276f1a9cececb15e6ce4a37cabbe7186b6,ok,503,1792
1740380cc2525e2627115b227cef1a51b29979a2,ok,512,1827
186e9363ebcc088ee1576adbfb91b3a6bfd161c1,ok,167,595
6ef2cc71916c51f160fc693ce23ec9c7fe73e018,ok,512,1872
1b7eb2b24b9f19a3c65139b7f587f8a974ad07f0,ok,512,1835
d20033992cf0b3d017ea8a7035b5b4f416da4a13,ok,176,617
3887b0fbfa9c7424f76bb688b7a743a3c8d33cd4,ok,512,1841
d3c056414bc70c49b89a92d94dc2846e8b7951d1,ok,512,1726
059117b7b3e6a7bab510610ccaafe24b2714b28e,ok,190,642
a188757e360bdd83fa12baf5feaa91cbe585e1fa,ok,512,1877
59fd9c8fcccd7d48f46d1419a2ef3f18ba5dc10d,ok,512,1917
130a5a01acf4f36c6bd953343ac83932d0e568d3,ok,97,340
896d892567e5a15ca64bfeae48e741ae6ab9c8db,ok,512,1835
2ef5ac3db0df6f8579f114886c4220a6da0a84b9,ok,443,1602
77794830ba1cd87c14daf17e751e91bea354e7ce,ok,94,316
a631e5e72cb968067243cc4f067ce49a8c406839,ok,512,1835
38c8c10e97241adc80498d00b955515a40d5d9b5,ok,167,581
58dfbac86e82222155d6322e5a4016e75b71d4f8,ok,126,442
ef7b4ee1e4b4b592ce0751686005937bea050e22,ok,127,451
228b452ff24657a3c6efb4214865d1e96175c1e7,ok,512,1890
b312ba22cd56d82e4a7f9451a64551ae4a4052fb,ok,98,322
f2bf7aef165d60af3446569b8f7beb58004ee016,ok,498,1790
c9f285b607cb63c1e23035de42e8388e4d431db1,ok,512,1855
be12139689c36a32d2b2fc27ee573b7696c1006d,ok,512,1912
ed92cac3677ca2091eb1b98544e95f0b50955621,ok,512,1823
69783a003ec7d482e34fbb181ce303e9af551e16,ok,512,1930
0af6fa22897f3685b6b91febd7b5c9a47176c715,ok,512,1800
23a93190a597ac316a3ea99bb125f1580b041baa,ok,512,1872
3ed35672ac49ce5317afdf92b92283805b326f26,ok,512,1806
208e77a30ff82acd9a2c2e13c93c66be89b93daf,ok,21,64
425f14ccbecca25a5b9ea211ffdb24930a9a27ae,ok,512,1871
04da698c086041d00eb57ac76ce8bdc84a53cee7,ok,512,1778
93f0dfa1ce51110e8a2a841c7ef8bd13b14cd0b5,ok,225,766
8365e4aea71b391d66940e6288b0937100f67f04,ok,24,74
0982c700625a2d1a7821c438b7093b69d661377c,ok,512,1834
e9535ec44d6a7a86e646a2f4f999eb9b2092540d,ok,240,858
d58e1287d6f7e020e3416fbdaf36e21478ee73bc,ok,113,382
72cfb0b38d154dedf8fc5cc3cc4ecbd0f875e97d,ok,356,1242
a4ea1c2a98b5f05ac2ced2209b61a8443efde53d,ok,512,1798
00ebdb32272a208c979eddc57e7102f05dc349d0,ok,30,94
d23869aab3f39096f6a00891f6bb7241e2bfdf96,ok,37,124
93eaf227b87ff6d0c4af7efbbeb43a395270a43c,ok,512,1882
39a4b8826577bc1724aa656edb3d864ba4ad4594,ok,279,986
0c8b105b1df3f7289653f668351a79c3f952d2fd,ok,34,106
9a9b686065014a94f00683b7d021af3ac4e45b54,ok,61,204
2c51969d4c98e701ce5d6db7f1b9865dcad02b4a,ok,64,210
81354f7af1cfbc43ffe623d70b177f985f23d9ac,ok,83,290
f27aa0c277af7cf05b1c9fb8ae4f67080254859f,ok,512,1950
f357c91f2cef0b02970779c8876f57781c7eb81a,ok,145,512
f088b3d406afcd45e548191e68e6d4faf3a1af99,ok,266,940
89732e89372ffce9933950edbb315e1a8d4f43a7,ok,347,1244
fdd5e6ebdb35c7a5bc4ab00dcd5d3e880e0feaa2,ok,512,1870
f4b21612ae14fdf1666abf7d192b461eff5a2b28,ok,122,426
838fd9069525ca7aa67c2ee688cb2acda8f7d051,ok,350,1235
fd7e77fcc06b192442bfe78f4991640a84daa3f2,ok,512,1820
4f1b3b9e3b6fff30fd80e61d4ef2831426dc11f5,ok,512,1846
872cddddbdac8cc89430c5736d427783e5b6cc27,ok,512,1842
edf6feea7f16af430bfcaa904671ce582a7765cb,ok,512,1882
8bdd3ddf802cefe899a4d582bed7a8c22ac5e8c2,ok,512,1858
a4b3d3f69cb6e8d9660313915bff9e12a9ffeb94,ok,512,1774
09f163b063c97b3b3ab4043554b44a9a82ab035f,ok,512,1867
946e9097f01a42eb82e5efdb89cc401f0c03666d,ok,512,1836
2ad703c4e75bdf853fc51b535b5db99e55227f36,ok,174,597
10ab350e077b3ae5b8affa1780689d4148b0b23a,ok,38,128
fd221834b560eacb8b1f9dcff2d88e32fd8633d2,ok,280,996
f2752769db5d33d4ef50d87e083a44c1019bd12c,ok,80,264
f4cf72f916c93fe5e7302d34ffcc947eadaaae6d,ok,512,1841
370ce38239a8adeae632e4dee9ce665195291c45,ok,512,1906
be952dd431c24c85981454d96dd2c54c0d2e0b9d,ok,142,500
eda9f5673a8e6ab1c3419f385b2efd574f6152d9,ok,475,1704
3f0430bcebcf490b05d4376727125cf0ee9f238d,ok,25,74
45ab99ff56304a6eb65e6910b0345103abee2c37,ok,288,1008
c5519cede5bbc5014cbd32ab4e8131aa6e46bdd9,ok,28,88
c786774af9b6231c126cf389d6964900a31829e3,ok,118,418
cdf37e15015bbd27d1be5ab294a7da9ee3a37d15,ok,361,1305
bbd7030cc9f2cf196a1a9e3a79cf5c236fcb260f,ok,512,1821
ea87f648f8856f772906e28d0e1916f1679eac75,ok,126,438
a2d4d8f47721f968990499b088648d390ade37a8,ok,67,224
cf1c1a37433e98197c356a256efddac95f3404c9,ok,153,514
930d1bf9249d8831a03c2d658c1bec0de5aa9987,ok,512,1709
14858c22b2bf5b4f10bc79f490ea11a958149aa9,ok,512,1802
41a65a7da8b7d6c48548ff9ff2eaccd405470f0c,ok,512,1831
b6af17e4de93fb9cbfd614a463d95cc241b0c3f5,ok,259,922
8dbf8ad325cf8e78606c2954ccb54c336815fd2d,ok,512,1826
bf1cbe47923b76f137320b501395b5425de0a1bd,ok,328,1096
b2ca7f5cfcd30d2a3e83d485d4edd44ca234a40a,ok,512,1839
a5b46fee26d02db355656f3fdc71daf38a391b61,ok,512,1880
68e86daf8250e47051ed202f3216509cb77688c4,ok,327,1214
4783c793d080a98a7a45242603c8e570ebdadc97,ok,36,118
a4c252a064106e8f893ab70a37eea97ab8511071,ok,104,360
e1ded4921bfd7519c0bc51367406c349dd6f97a8,ok,104,362
c224fb9a03922e0407f0a6abdca03578a5439a13,ok,512,1846
d970232345e041aca464b81d4e5ab4065f624185,ok,105,344
bd5edb4324196a7a58668ae3132cc1e10482a8b2,ok,68,224
16718dace7f7cf1081696f42975a932d18e84c96,ok,35,112
8f19b82222fa879b8f0ad48481f3da8c89143d26,ok,444,1590
151060b4744c1fb9b853d9a1c582a35df3c7bb3e,ok,512,1892
31c18d689b93c730094d2ba85269ab4ab5e26a70,ok,512,1878
7ffefd773aa9835080a6b4802111aacf7b152d1a,ok,512,1842
506e817cb7a7c54d3c065db140c46ae052496b94,ok,118,434
2215b2e9d91c8db735237d0ef87ca9d5cd97a65f,ok,512,1820
e6320efd238250fd63474efef0e56b9ce8bef67e,ok,49,164
4cc88768409630129e5c5bef3f4bc0521c2e3146,ok,250,895
a996c1628ca1341708ecb1f41fc2101ee89b0817,ok,512,1789
44e1bd4918deb7006b9a500459ce7d09dd34f0b2,ok,512,1881
f5c40f35b11fbf6c244b1d2aa05e61e1d98bb888,ok,512,1818
e47463b8990e362de321402ae3c61e55a6647b76,ok,253,918
db54929a4afd6eb6a34e74d6a82a1fc06f3f9feb,ok,273,978
ae51dab85780ff7851cfb37d593389e1f09abe47,ok,187,664
4234597ed642e09dc4df775346408356fa6aaf21,ok,337,1207
2cee187625b45e04237c984f454700336045d3ce,ok,512,1848
2881b431ed61f15ba6f85fc1b499c3738cdec91f,ok,192,666
9d0bd86c8aac958efeae796912ce8bfb21ed8d3b,ok,296,1068
f87f56273aa1aaeb640bbd15a04e9f58da6efc03,ok,262,916
66a44cdb348270637eac5f0d098c65aaa99df375,ok,191,664
22f0756afd7225f1e5148505ffe6dbcd2cbe4221,ok,512,1836
92c1333be1214aeba19430f5f7b123fea689949e,ok,124,430
63a805d4799e4d8f6ec7ce3d020803816a11c43c,ok,512,1790
b961ea53a1036cba4de6171ac104cd5f52c2fdf3,ok,512,1855
bd320780204b712bc1ac3de189ca1addf26c938b,ok,295,1018
bf821ead751456b3546f593972c6a78f4ba492cb,ok,56,196
f30cac3b7d7f1dd3a02803e86fb713f33050345e,ok,512,1745
b4e18ca7de3df5c0beb4f09dda13a855b2914f19,ok,236,829
a54878431f7e2b42c772621380d330ee280d4f48,ok,512,1877
cdf0bf59ca224d041874a198d7f83d3ba3dfc377,ok,314,1127
6a72e131a595f457682c9842b329292270fe63a3,ok,512,1786
368ed6931e6087036a630be9e5205bba474aac0b,ok,181,620
0f174a83aafaf88a9bed268091dad239b2686fbe,ok,256,894
ac8b9eab804c8a21978bd4f796d32a19176c5df0,ok,101,338
61ae46dd8cac9cd4d083b674fb8a9791eb5d5e37,ok,512,1806
968d1c10bcff4a2fd84ce53106dfafc0b61cf98d,ok,210,739
abb748d22d07a5bcf85ddb1a789accff87934a3a,ok,65,214
99ad83b51e7b4989a3b38d5e136ef399cab3ac78,ok,381,1356
b2cd377c901772cf9e6daf2792751789b44acafe,ok,129,450
91e9b3c22f0bf7d15db8426d3ea9748d9094ee39,ok,244,884
eb1a94a9df9407cdea2e684296662ba18b0e783f,ok,512,1806
981f9daf8066339848f7c9343aae43aec001759d,ok,12,34
ad60a3a570e9acc8bac4bfd4c26af023d2a0a74c,ok,173,638
26606c27eb79c866c7afce0f2951584de05b5d2b,ok,25,78
8e0e102daaf623f25359ba84a08db5f67b781d12,ok,34,106
f6e6d238055b762046a48e6c5c0b734bd0d03dce,ok,512,1860
3ec9520ad0543c1995ed13a0ffb0961d73db838b,ok,232,838
efccea702d0fa5a22115125c5bc46d02bb865bfc,ok,18,56
a0e5ae03c5d486619ffe78426713ac361c3601b2,ok,16,50
eb0d20c99324ed2451094548f418511c1fd7e355,ok,38,126
36e9e37abe8fbd5696e1575815363423927f58ab,ok,99,352
f53da98e79685f20c68300149e1980ec73e89ca9,ok,458,1619
b12667ec0b152c9ec5ab33c513bd46c3fad009b3,ok,512,1842
089f01473c4c41a56fa1996024aad492d8629253,ok,232,846
2b8716baa10218f56f0cd1810426bad8476b5e4a,ok,512,1793
a3808e38fa4a0f499af64327b01f0b8199069d94,ok,512,1898
731639772a71a842cfa1ee535b569f8bea4a45b2,ok,512,1843
ffdc134c6e882b9284c1d68d2a8f25073053ca5c,ok,245,886
5ae1b77724f0f775477715b58425681b7454973b,ok,29,92
ecd2be62f08be376c8284b015822cd5aafb55d9e,ok,512,1888
21a04d53fb7297d3b9ad8e39e58c4860cfefd269,ok,512,1848
0938d9170e61661088a82173bc0611e885303978,ok,221,800
0f4091dcdfddc3d3bd34d816a42216bc2bacc1c2,ok,187,659
74ebd70c01153941271032bd0b477093e325847f,ok,36,112
5b97e7a94bef9961c661752962890db3179a2efe,ok,512,1821
fe019aa07e2dfacbc9345a2ee7a7ed67bc86c08d,ok,218,779
185be382e5aff20a175405f7edf9f383e170ebbb,ok,315,1108
e1cf6b2ad50f6638a67241df46ecb722a77832d5,ok,512,1802
4d5930db5aa0c14ea4866be29909f378f922023d,ok,261,932
c5ca60279a6ed373c3ae130e329dc20d0b025a11,ok,512,1823
70ab2a71c34ed05ac022266baa64e111847d45c2,ok,235,820
ad7248184964db42b4ac204318b549f7c190f2e9,ok,179,626
c0ceee2cbabb08ef30047a3b3cd896f2fc707d25,ok,512,1858
1fb5b4cd304d08e57479a82ea755aa4aecd4a2a7,ok,199,693
b1ecc7fe1e6d696c80d8c2a5ada38c84da5a649e,ok,512,1844
6c853847b5b3cdc35937c4e93d99715b3977ba94,ok,129,450
d16ab37c1b1bee19298e644365f7e5ccf8683cbb,ok,18,54
171be2f524b9579ce8c35a031343a1c0b59b96a8,ok,334,1177
a563ccac2075334d1a1005d5b70ed4e4e5398f82,ok,512,1808
4a270ecd584708cbd1b322bd3b2340f31effed62,ok,512,1802
4c2912dbaa7ed1b66fdcf8fa9e03d8d9c63f43a2,ok,512,1866
5c3fa4c9d30e005d05fc1afdea0039caa53c391b,ok,279,996
f1195e1e96b634e12d214af5713db8ebf1616f5b,ok,512,1865
8d5e27df5cce2892288b6173321acc8db5ee9cd8,ok,512,1768
24a8620907be1b3cf56adda21da89139ed70a8a4,ok,244,832
a0cd7ac82b8371c80e8dde2cd06c58d3b2eed888,ok,512,1787
47dbb8a48a7ce8a7eedb197824797703c0bedf92,ok,512,1818
bf60eac51aa3373d8cbae990e28cf982c7461342,ok,512,1885
4d61aaf6874b86cb5e26bfd6e5cd1d64133b4b31,ok,282,1064
8ad6b8e366b922d64029337f04615ab75e057d30,ok,73,242
7fbb67e24e33799850bfc6fa6a65290992c891e9,ok,512,1864
9fedec6a9528415823d343b2b8234d39dbe69bf1,ok,512,1877
6c0a294bdc90325304845369794d89ad6c152bd1,ok,512,1858
5c4c1d2f56349c88d759c726fb6bf8e815b36810,ok,512,1804
7605f365df8e7fb795efb21fcc952fe3536523c3,ok,222,750
48309ba4c41fa82694838762832ed5827647533a,ok,123,436
ee3f7cad18d8141ee42476aa39b55da94d3bad34,ok,512,1783
2bb271425fd2ff11db9eb80264bbf894be8df121,ok,107,365
730fc5baf6f14f5a07444ca12d83196a8ed5c7e5,ok,268,949
78a2d520a5060560adf2c3a4ee12ab7357b74c96,ok,512,1810
94b71bb8f0ca6dd535079dccc7082fa7547a2b5e,ok,222,802
208fa1b0270e9d9c41a264e17d5de789f328a435,ok,173,604
f98e65f547b220fa7c464b1e4519bde8d9be4964,ok,512,1874
a865e598f1808ff9946f4cb3ccab672aa39e17f0,ok,434,1517
a5aff0d0e91d393fa26c128c32df770666f7e670,ok,92,308
37a5c64d55207cf95e4812d8b10fb8c5502696b8,ok,512,1803
a5573f8ad501bdf738a551d31fda439f5e4c31dc,ok,281,974
c18e0c7eebe97c2d447f3e19ae71e3782d9dbe3a,ok,39,124
6c2e38ba636f1fbdbb9c28fd1c3c77c5a905df02,ok,175,604
33160a06220075b8a817ec1e392b31bd9c9d4539,ok,236,862
02b164b596bf66b29670a0849c864c1cbfff7bcf,ok,319,1085
7b019055f58af9ca7f3cbc0ff0b38a9a9b54c1cf,ok,512,1879
c8f49cd43d7f1cd3cbefebee62598f91f375815c,ok,25,78
1b0bb127fe07f3d1ec938ba38361d6891ab9db74,ok,126,447
6ec8e68444a2d2d248a532a955b41241e4cdeb3e,ok,265,928
94567979fd756a6a41e2282e09e0da13c0474ded,ok,198,646
4be2cfeb6d188ea1d4e7b8afeb4e57b730afa1ca,ok,512,1852
d0080374934ec689dcf796b621faa8bf7a0845d4,ok,510,1808
88f077c9473a02d2d0ac73ff3ec5cf9212c9e735,ok,480,1724
2a14769d8784fffea5261313a1f41fd00b94fec3,ok,80,266
c08123df9c1f95838865cc4d5247a2d4491a542f,ok,512,1834
beffce41d00fdb81d550dd249b00a68dc6af17b6,ok,512,1924
380c723b39cad3c7a273f188a0cec210168f2a66,ok,98,334
5960661b2305dd46dd9263c96834bd2ce0027254,ok,512,1760
26d8b5c2869eee3014d9e7a13b0a47cef46768c4,ok,512,1877
81161c3aef24bdc38ec43a90ff2952cf577dbc57,ok,21,66
96edec9cf5600114a4bbc5ccd11221b674e2bbad,ok,19,58
8170d6e025ede0445df7a64098be5ea059bbab12,ok,220,798
8f8690610165a0e92bc572b54c71cfa3a5046c89,ok,230,809
9cb1d8ec375617a0810a43e52cf47212b7635fc4,ok,512,1836
3571b8e4236dd31596498675ee46ad4ee8acc77e,ok,512,1844
75fdd695b5e8365b8109a964c8c81eec6baa0a1e,ok,512,1848
0736a6eab02774a54271acc87da3e8fa875129a6,ok,512,1848
e413c80606412641ecbdc78321a0b437d954a11b,ok,512,1856
5830804a358b7d373dab06d97a41a1d4d215c3f8,ok,411,1480
ca79d259edd099595b74a3df66f79b0e81929462,ok,512,1810
2480688dc298b89bb0ea73f0d0d0367845d7675a,ok,437,1607
1ec34e6a13ea0c0f57f8b21770261d65a6693578,ok,135,478
708bd99dbf17ed89da637d2747677ac8abd8f2d1,ok,512,1807
d6e4cca4bdbdcbeaefaad1b55aa1d59b751a0831,ok,44,144
0e9d8709551faf64720d2057ce3e1fa9c5d7d7a5,ok,360,1289
12c11230efc7197e7526298eb6b7d89395af771e,ok,512,1679
5c7566e197fd149514a89154b1bcfc6c01720213,ok,151,509
8a8a0b0983d27565dedc4fd3788c0462a8435cb5,ok,512,1843
902b353b4e1ce6392b037e63111045e65361d9a0,ok,512,1852
b3c83d00f053826c02b048c6651f171c8df37e96,ok,218,756
185e74cff115090d4d5b70ce7ddfc1af80417201,ok,512,1826
39f762c2d130a7f0ad53b989e3f4abf6de5c1d2d,ok,512,1886
f02b5168653ce0a5367a41e617eb6ae42472a1bc,ok,75,258
d3ef72bc1782bdbbab7bb878bcb67beb09bc6827,ok,25,78
798ee0deaeacb5c7f70649d02a60e4015186ef22,ok,512,1828
8aac04a99e9d53316381f95c3789e14dd60181d5,ok,292,1010
ac0fa6d17ea128c439129d5392f5aa8443372415,ok,308,1118
3ce682af98aeaf8f9567c077fba9697d4293a2cc,ok,512,1884
f384c5523c63bd017fdfde54b2011d301be33553,ok,512,1895
ff547dbc1d80db7120ca181ad22bb668964924a3,ok,512,1894
40c9425416d7a83dbddbaf39412adbc84f03bc12,ok,78,278
722a781d25056878aff8db075f1efe978c189cce,ok,512,1838
5e8e616ead332c178fdd6a4fba756bcfc2fee2ae,ok,512,1826
fd6f7ebeef2e1216fc3c858a2fe46b2bba79e3b6,ok,512,1822
f7cadf6a2e66125a4d18fc1434b5b87beb048815,ok,59,202
c1a00068daacc7bad73b1316976f37330b23cecc,ok,442,1591
2214d63160403284a4b58587e192a03eba833dc5,ok,512,1854
e8d5dc60450292c74edf4749474eab82ac14dd86,ok,512,1780
3a4be8bdb92e1716e9f8a65725ad74ed2d7dce65,ok,512,1840
792b65acf8e202d57560cbbdfae733ff6ff40622,ok,512,1900
79c27592e8cf86cf9ba5d8860f6df0cb7b82c81a,ok,35,110
829926d870b01e2f6648491372bdff2007a5bc39,ok,175,624
61b34666e9a62e225fc03bab445303aa48de1170,ok,512,1796
d2fd8dd31e18ac43914139089980dd3da9df9753,ok,213,706
6d2d582006e53c6c3cfe62af3af7c16e17e0896a,ok,17,52
cffe7a6f5c2294eba1e6d830e7edd6cca27b6424,ok,512,1794
8e28a421d5a7f9d9af5e1e674e7e8f289066e1f6,ok,266,942
b60f90ab0f2afaf1e0a56e3419d3b421d09578a5,ok,512,1839
8d97c9f70085d56658ed2300b71a1e3349d4bfc9,ok,512,1923
82e408141ac086400f92451253dd545a59643dad,ok,512,1882
182fff2c0a36c797f2a56c168c57184565d80145,ok,275,1000
5cf1f22f48a67c8104b9d69bbbb4d9e51ce31b42,ok,512,1850
88daaddc0d9dab3b973aa1671900f89b4ddbfb74,ok,168,593
b8ca54179f09eb3eec8c2c05d1f6e54919ee18fa,ok,172,594
b6131f4a4577188883ec6cd4ca58786673115353,ok,366,1291
72971d47e7d6d76e560668d21f472630f191a3f1,ok,512,1700
22d8a17240ce6f15bcd9c2532db0e300841213d5,ok,512,1833
a45ff121462713f571c1e433f9e265489a6b7a21,ok,300,1086
c0fb1eb31b262c33183209708ce32254774761a7,ok,278,980
e1828180e07caaa809ccd4e746927a92b4f489de,ok,148,512
e0d40095d46f92f79ac28e6148bbea67f0bf72c5,ok,144,500
982aa9555fdc139be379bc3f430c3d3adbe5ee39,ok,512,1782
cc7fcf365322903007a15263b7079806c0db26c3,ok,512,1804
d328814d34dba5a2c371f76fdca9c4ecbee002e4,ok,291,1019
cd456049a63ba8270ea2494cf771fc82d1e6d66c,ok,512,1850
1ce6f8bb6ab8125802c61e510551028da4ed908c,ok,512,1820
bcf25a389ff392552a9143b252111bc28094e83a,ok,129,450
2263f361ad1674c8167c5b1a50884e7de9fca8e3,ok,33,108
6d9d2cf1d443dd1c9f6e76bdd37b891acb0a26e2,ok,310,1098
5f3b1dc737ded85a9eae3a91a188dfec70512dc1,ok,512,1769
e202a44e5b3ea403f345bbf7a62eff650002fe7b,ok,512,1851
3226d88d06065f3e4f061d226e0a035fa36a0cbc,ok,229,822
1762511d316ffc310f5c15115bbfbc22f624b7e1,ok,173,598
c05d88d7f1de919d8a34f4e48243d3906fbbd4d1,ok,111,375
e5aac60fd0f834bd9fe3e80d02b870d50bec6f2b,ok,512,1875
475d63d7b69a4f618d75bf91213416ea489c9bcd,ok,405,1478
f631df29779681c5c31ce46953c74328630d6bf1,ok,512,1874
43d5a8fb26daeb0c735f5262444d3be4d681d9f3,ok,512,1761
9d0b92e0aeea14f734044aff462569f9b11fcde3,ok,278,977
24c7b540d8d8c218060087d2f30d2abfea3a4023,ok,16,48
dc97690264cbe498222a4595cab7e69cb538e8cd,ok,512,1854
b7a78416ec7f3ebafd36c618729cf28f1985a6e7,ok,512,1826
4dc9fe6b8ff4d2c5b4e0a15945dfb3552b2376d1,ok,403,1437
adf8bf6c35a266d188895a67f53fcb7d2e6ea569,ok,512,1785
6f703dcb4a1d53433025894fb74d4db09b58c051,ok,26,80
af09c4fa90b0818c7ecce6ca1ad953d04f3f2f64,ok,177,634
314d1fdc8611d667148591b9b87b93912bcd3187,ok,23,72
9b66368b54e0e0a14e75e0890a2aca58008e88e6,ok,512,1834
30a227c277c603f3b77a5c7171887b35e35ac321,ok,180,596
96d8d1120349f956fd74eb7f41bf2a0d71930a20,ok,342,1258
3e29e6f6b8cfed11b1f42896730622e28a8b118f,ok,133,464
32740814b036ed88bf148c0054d89e9bb6433476,ok,512,1874
a09809a8bc15eb5f01fb3d72ad2efd6f38e90e85,ok,224,826
8c7b4ff2f08aa93526f45eff093b8d2e5a9e4d2e,ok,512,1814
516d73a27f8984a8ddab2bc22065356411367abd,ok,297,1087
d4e5122bee147b8b2774bfbccac9df895b3fe0f9,ok,154,500
d85a095adb9b80600dc47ec7f2a632b380dad63a,ok,259,888
0654a09a78ffc67e3a3f6bf20e7ddfbfc4a2bdc6,ok,302,1088
8beac1929e65f135587f593bff5e6064f66c6589,ok,512,1763
48091efd4c5930a695e4f1be8001f205ed1a92d0,ok,512,1834
208ed02960b7f24422e0d9d502fdadc900328865,ok,505,1847
0f04f06098c437282e06391461e91a6a9ad0e03a,ok,512,1843
3f00281fbbf6f3e8a4ee3eb9e26bec93e32c7455,ok,512,1859
9c0202097f168f8ab5301c27f8f28d2856821308,ok,512,1845
8f4ad25f0fc79b85d5fe2f58a28db00686e245e4,ok,245,844
6077e11576127d59c328d02d976a422f4612174f,ok,512,1900
ab2a69c84391cc3c2f2e1d6b917d097addf7ad11,ok,177,626
4a8cfb8a181d31d743b3c49e4e847fb71d44f1d3,ok,512,1793
cc636ae2b3093b396a6f9d73508ab25b6d946a59,ok,512,1808
f04a9ed45bce422ded2c82fe147fbeb76274b762,ok,46,156
1a75625899b04dd9101e360680f8e1a069557353,ok,146,512
31af6fbf25fb0f2d0c8dc9cb23d45d847f9f21bf,ok,275,984
095e15c068c09007d037e2351677d5d9352a7bc3,ok,57,188
935b6f8d66b6e967e7af074881840350c04ee195,ok,512,1815
ab92f166bc11920fd4cbcc844747912d49cbecc1,ok,512,1922
6c5e52f9c00f09756110a421e8e341740b953c3f,ok,465,1702
9958d839f297898bfdf5f89ca4b4488f0c1be692,ok,61,210
51c763671eb164bcbe4bc417afee64e96e9159fc,ok,512,1808
8be5453fc990b8101cac782859acb1fb9e162098,ok,512,1936
550ddb62ada9ebe12edf4b9003fe4a010b282b5e,ok,280,992
5db35ab61fd37d2416a70fa4e7829f13064c2fbf,ok,413,1467
a56d68b1353a57c57b8e9a024556782c274a502c,ok,25,78
c982e0be17e360d3b60e3668fd495358447ee122,ok,512,1866
faa58f73072988a21903b8eb6b258ef019e30a13,ok,512,1784
f2f7bf6fdbe96e7cd4255b47097bc133bfe6b7f2,ok,512,1922
d6812ab9ae8ef19d3774cb1c68fdc81fb83166b0,ok,512,1746
5bdc25051286231ec46ef5931616f0bf364e0b09,ok,512,1762
e2ec4166a9d80cf1ddb82ae4b2e969561db472d5,ok,385,1359
2d2d1fa8f315844fef7649e4f16f753a70acdb5d,ok,512,1838
dc19d893fd32628a9c7b6c1abcb5e990a336668f,ok,270,938
77142fc12ca88cbb5351fdbc26b85978bdbe8f71,ok,512,1862
31e7583d326340b29ec7eaeea80f32ec8e7f544f,ok,424,1456
80d37d9ddf8934a2d176a1dfa4efd4d30b499bff,ok,221,758
35e3492595c40d1d52379e14c9a85a94f7a66c20,ok,39,130
4049d5fcf8fe6962fa9c9cf7d28eb39d5b7569d4,ok,76,246
777e1c403e4f89577ff52f36455537f4e258bdad,ok,251,880
605a2e540979681d3bf4100a922d5ee18f1f2334,ok,512,1838
e0c8edcbf0be15504a41ca372e134588742fb588,ok,379,1424
bbabe10aefdad2ea7935476cb4da1da1e0d6a29d,ok,512,1820
15ce356b747cc4fc8fe73178e607bf47a795000c,ok,24,74
d72f52999e4202061970af1639f0ae76e94485b8,ok,512,1867
3c69d066bb5f21fc8af9d7fcacd75b33db48d057,ok,512,1835
811baf570dbfcb3b98e612f3c7c5b4f97a7e5c2f,ok,258,906
c5933beca60a7e192ed7ac5bf5d84214e6f75d39,ok,405,1447
012b38ffbc2e9c768ce623077696d2acd0a8f6f5,ok,324,1146
f811f4ae69b4cb9ecef65b2109855cd5a3835355,ok,34,106
c391c116918d8502e2e7443c7a835d88231160f4,ok,205,712
b14d3e40098627282dbe79daec2795107859eb63,ok,206,728
37214462bb98f1d9ef4b9117f171f230d6cb4df2,ok,512,1850
030eb6563e94802f89d41a8f6c6da0863ee65b70,ok,512,1862
c979e4d43d075a704da702e4a7ab426257dd360e,ok,222,794
c6a1b441db1c0894ef489dbf6986acf2ac05996e,ok,512,1849
3aad5c5712d6343ac2f5d2ff9c3b43073d0c51d8,ok,145,501
5fbc08f251d6fe0efcb415d9bbbd87d10b03ce3e,ok,406,1428
8dd4b4e9b30baeebabb92d3ea36c8b8717b95ad3,ok,512,1989
8eb695b79ce830b39e857cb03891acf9d15c6333,ok,512,1821
85a9f1a2834468e2eafd629e44760732fac78296,ok,512,1740
8a539cc429ba7bd622456016870792f0f3779d1d,ok,25,78
2d35e68d5c19e1dc84ffc9cfedbff5b01f4859af,ok,512,1858
20518f66e6a43c6f3ce221c036ef9e8133153c47,ok,41,134
ac352619889b6b0d767c7f91ded16b3aebe5e49d,ok,72,250
f7803dad24d1fe9f49f17ec3cc782164730d8738,ok,34,106
8cb67c19b608d4e4ebd908d953aa49e683dda553,ok,184,632
6f904da2cf08b9fca4d92cc005cdebadb49416bb,ok,512,1844
8cbb3566dcffe24b977dc3cad4eec0e95c7672fb,ok,45,146
704e6e71de96198797ddf003fddab09cec9eed17,ok,512,1772
8f80dcaacdb621ccc69b78c474fddb842ef25050,ok,133,452
3d7a86fa9983aa4639f70a72629de4ac513a48ea,ok,445,1610
ff156188bd58b157b26eccac0587be6dcdb1848a,ok,122,430
d7b36da3c7d63f48951d83eb1f4addbf10d73a26,ok,10,28
6a3dcad9ae020e50902b6ba66bfbfaccd0db0f12,ok,185,618
3b7c94f7fb0cd54b555327c9fb4a285080efd7f7,ok,91,303
71ca531726d081aea21cf0cae4246193ff943755,ok,308,1068
0c77045d412fdeb956b87a24980512462f872ee7,ok,512,1846
c19619337323bedd4428e5cd7bf97fdb641e165d,ok,382,1359
eb3af216b86282b6710b3140136312429be8f3a1,ok,512,1862
5cbf64dcbd7385adb49b8ea0bda63bfb72d8f41d,ok,234,824
7e883e9ae22d1360327fb64b881fc48d8f7d9d16,ok,512,1807
5d434e757b261a07b71ad63002bb1040311a4641,ok,14,42
78cfcda61c0f30124fcdd052ccf560f0da17ecd7,ok,299,1090
a950b243c5e348060a0bae18083148e91390eb26,ok,234,814
2eb105e0bc7104aa0ca757300a6f7eb4c8789398,ok,512,1844
6f130419a37199ea431321db96327a0df18ffa34,ok,173,599
ee66a7d8a92a4a62fd9ede05d5ac0ddb0b7906c2,ok,25,76
2768907dce43279862fe4bccfdf40351df03e998,ok,450,1634
ab3b86cc97a790b42884ccf68ae5a76a7bcc3d43,ok,46,144
aeeed424b32a97316bf50722ccd6feaf568805ff,ok,512,1873
0850ef5cd0997aed90713d4d4c356bbf08545a05,ok,512,1844
7731d46d5da844595316b53e485e5fa70b3ee0cb,ok,368,1342
28e76a273a2ecbef4c721107b53e76b2b47c393d,ok,512,1833
17fdf99c2fea2144a08b6589aa9ce05fb8a53b58,ok,52,178
684d9dcfb8771466493fcf4243b921e985965257,ok,152,520
26b661306d4d97b046e480d58c45b0a046ed4f13,ok,512,1856
8e0ddf59e3be6bf3a25892efcd71f4a7e7ffb961,ok,56,186
6b1e2f9deb1a8b5eb1b0b7903868caecb5955f89,ok,72,236
8d2b4cba810550385147d97d5532d030766c2c43,ok,512,1833
9ec58486e4485a01156a1a8c80e5881dd2c2e4e4,ok,512,1816
68454dc767d1bc3897ec8b1eb9c70dacca8cad53,ok,512,1851
1012e911cd0eb0fce0b5a666d6bbda51060a462d,ok,308,1090
23052353078aba17244401ce9df77313dd88a1e5,ok,271,926
ad9890d37634c88bbfc13e22bea2b9c1df3eb6ee,ok,65,226
7b2160a5a3b1a1602e63e3fac456ed6ee0cda42f,ok,116,402
567d4e4b278334b63c61ee1f03ff5f2f70312893,ok,508,1806
261079174752f09eba250368d84a8f31d4a158ac,ok,512,1837
577b20c887218cd3bbc1735156eace9f1fad06fe,ok,512,1924
36fe675f518020a9871f25cef59d02e4839b56d5,ok,42,134
98691933552c570722a2c0de98e1f751fc5a3875,ok,259,914
73c706c9a07152630303e0258b9bafb98b6a0e2e,ok,512,1834
665303f33851db81e09b91fe2308a3ef09ab31ec,ok,63,208
bdcab46357c4a561e25c0b2f20cdc80c21602554,ok,512,1890
2d06d83a17d616d43d9fe74f67429e15f0bd75dc,ok,176,626
a0e4550b637ae60f4d2a9af26625b21a28412da3,ok,421,1535
43fbd49fe882ba3340fff9c085c73d624a99acab,ok,299,1036
1086babe99302e1a537cc5e70fd90e7cecdfeac9,ok,129,450
53f01c039d7d49ab714447b0e1a093e86e445a3a,ok,78,262
bc388f842dcab9a6f8315618e8d775920c642610,ok,512,1848
e5dc44bae36f0950c719b10e2791e436ef412a71,ok,317,1121
01f8d394a9a07190d380bdce2348c13954a9b521,ok,175,592
de0eaf2939ba93e1d8b02bf58745decac3d71152,ok,512,1879
289c753edb58b79147f337d6bf7514bdc915dc2c,ok,512,1856
12ce9f6252df33ecc3cf428d510f6de83a3a3fd7,ok,75,260
6fe348692300d55cf6062fc4f84d353837699196,ok,512,1708
435d429d729d78b3a3d971cfb3ab6769edbbadda,ok,207,723
871545bbd3b06edc03534db666d35a8715491277,ok,141,493
fa9158257563e5c3d9f1d8d4e939f898381b8f72,ok,512,1822
8a06b8e6c1293811623d45ed5108b57f04a289f3,ok,25,78
3c4daf974b1800659c2cad3a2ca05a8ee94fe366,ok,512,1822
d4128f533b7f4c32ff86b1d4a4dba60e0784a0ac,ok,512,1924
75239330614240d48b1801101c4a34c7b0d35e98,ok,242,846
5cc79c5b877ce399d3428a382a84a869b27bc903,ok,512,1799
f9dfdfe98eae69c249e2929ca80bc97877978640,ok,512,1850
0dc1840fe6606c9fd45ac7e423c0907a6a0d3337,ok,512,1796
9b8b50d9f55da306b7a12fb02e277cf7e405f8fb,ok,167,598
0cb83ca81ad7c6386e85d0877d28782eb41c33be,ok,129,444
d24de22fd58db050eb4dd2249e57531e086ace9d,ok,512,1800
817fdd2c193270680d4a8152cf9164025b337d4b,ok,129,468
31e88d9883a76be5c4a52a363400f2441cb9d396,ok,65,220
90fcd5bdf8fb2c721d78094b2f93ee3e7c603f0d,ok,124,428
2cf814322aebedf3c36c8ccb933e615f59ec3106,ok,512,1767
ffd114ebb2d0ad96162e7b00d78cc5bf5cf86d04,ok,80,266
1c188c6eebd47a909c5a13d87f49724d4d9158a5,ok,278,1009
b61c0de86e4ddd6c259a1c3347de9cb39621e328,ok,512,1887
ea35b96943d0d99109e3a7457279bbbcbcb79938,ok,59,196
1cccbccfc7b3095e574d15f2a1769f92c360578f,ok,512,1831
aaaf85d1d2175027c60996bfb3d64c459e017877,ok,292,1011
d1702f62b144f864a9bd3605f5b676dfef7620bf,ok,251,888
e9872ce476829d601a223d90b7fafc07bb45070a,ok,12,34
fa4fbb6db0b21d123dfaff962ef8311a93a6cc1c,ok,512,1836
9b1073917f91db2a06592b4de8e3e6a326e6c758,ok,398,1360
d53e21af8dc3e0d33ca935ae773b3a2c7fbc7626,ok,491,1796
f9e61f2d5652e9157b0745bde4c28d33b5739a4b,ok,237,820
7bc56d1b6633e283944dd6ce522e9221c4d4f520,ok,319,1135
e6b7ff1f1c468378d17f5d210edb128b528df73b,ok,102,344
3a4740130a6ce3f3f3af0a95f21db53119ddf7fd,ok,512,1816
dcca460eeb9be5e6807f5b4f34f5d401caf2771a,ok,263,946
e689c9f18ca27d0ffc7c435d5aca9c0f311de263,ok,512,1814
29020209fb13babc0687a941715530e475296f49,ok,512,1858
f648dccb05932ad0698a945579aa3351bb605c54,ok,189,696
8d30e9d2d78f7992a38cdfa465f68e9648230ce3,ok,512,1749
42fe3cfc911bb74f512934d4f0156b32f02f209c,ok,35,110
5f97ae76b8d6463074e5dddfd9469a9f34e80af5,ok,85,290
597d39b29be57e122ca828921a0d2f5b82be538e,ok,222,781
8c9cfd1a51ff97bad7e7d9545dcc9fde85fc4c4d,ok,512,1828
05002ad0dae8e47dee2490826655bc66443c741a,ok,139,484
150a196f6309334e464d86e5f89f091dcb990634,ok,17,50
a1686c264e9bd8d741d5b8a33c9d92f24f8ae16f,ok,26,84
e87c8e484d92b5f07ce8f39acf2996192a50d846,ok,512,1782
4c31db838cc1f293aa0b09e107769120a4319ace,ok,482,1722
aafb8255dbfec46dea6039cc00bfb0bc70d195b4,ok,512,1810
4b43a8337ecf1aeec92ffa7cd9a33dbc7d95ebc5,ok,63,204
aa7aca50bfe7761597de07f0f213b1b3c2d1dbcb,ok,512,1820
121ccb29f76b91a57ae09d2e75b74a2820ca634d,ok,512,1890
a2b6aeb906069a773c415e3e0126c15f8cf51598,ok,512,1838
d1f7dd1c2a43f5b0955a21cd28eec21d4e6f1ed1,ok,512,1831
31bb1d17cc34eff90f636e6869ec15d9b436fc1e,ok,512,1773
b4eeb3f4ecc0ddb0af8c02aebe427e07ad475228,ok,360,1310
5d7a129a3f247de0f35817a4c1c6e18532af5115,ok,512,1837
39acc4f9cd8208ae16d85987d91b1e279ac6f77e,ok,358,1304
346bc0958bb04e6f5ac7985f86ceefec24cfdf39,ok,195,698
7b572375b99b6fdd747c0494066bb97d77e71494,ok,512,1800
9583573dba6495821d5c3164427c0a45910d9d97,ok,296,1034
32d170f761b09bd504bf9d33cb7bce8b144e6c36,ok,512,1829
ad3d7771da532a06e787123f34eaa129c7d614aa,ok,512,1790
fb26fbc19acf6199fe4a52cd5edc5845a299fd08,ok,512,1938
14579cb289509875f51e2090db56d8f1490c226b,ok,512,1873
09b673c0a062c351445f28128d80584d993930c4,ok,512,1876
4cf924dc4eba6e4ed41d63c62f3eaac3db0aec3c,ok,317,1136
66aa4320033ea27b418b2c8f9bb8eca9846cf4f3,ok,493,1812
afe7070eba2d04cda9085d52ddf6e39fe4a77467,ok,404,1486
6eb63a4e45823cc339d41731a0b495f3a8866526,ok,70,242
525f55cba1fcca3cacf27b56269b1b91cfefa806,ok,512,1866
a98e6f7946ef283fafebede5a96f8450042264b1,ok,512,1791
e1a14d5fc1b424885857404c7e629c170fe8e896,ok,225,788
1c6e0b47f297251df40a9f80d8748357a7244449,ok,512,1870
82520682c54c77f22388061e623fb271bd3e15f2,ok,512,1867
0de5ddf62e8700a748bdc0397a72018311396f47,ok,512,1827
c229dfd10afc13f6ee3431da25941f4c5db0446d,ok,512,1860
f769fc229cd51284ee564d1f9670933a30e200ec,ok,282,994
f717f75ee57490dd7c0b366aa9efbfabbe6fd659,ok,512,1780
3bbf6ff076c695ebeb0f554e917e253486384887,ok,235,817
4e677613911f528a30705adf653635f43f713030,ok,512,1896
01dff739b59284d2ec0f464f172f476728c1e211,ok,512,1867
4baf33a3e607e10c4c7e9925c1d1384089604dc0,ok,402,1438
690c9c7cf64b92429e70d0701ed30bffb287322b,ok,321,1137
197eb58c959aa4a91310d106b197bdceec6ac71f,ok,34,108
3a32f7859f937911f8d3b50f425e485c5f7c5a81,ok,20,62
bb36aed564ca66ccbdd365b205b3c53b09eea1ba,ok,512,1797
e7038108b3587c5b287330d7721aa3aea076d733,ok,300,1002
102a2bd7f3bb52cc3c98c56ede4c3de4b5cafb5a,ok,512,1897
72bf5034c8b49bbec39dc562ebcff8cbd442bdf0,ok,512,1835
727470d1514db8812521caa6828673ba4581c665,ok,512,1826
882faa2dd464d719ab775e5f1ab08fddb3632e97,ok,512,1877
a64a903e515206c76ff06429c072a9bdea149010,ok,165,570
703c577dacf1482b08fe94ad2f77276d15b71709,ok,512,1841
bf9e1e38559a3442518d6b3ec7a073fd4bf14e66,ok,512,1841
54d4eeb15e26dc8a85aef2e661c8091f7e95976a,ok,512,1812
88940a9392a3d981d077c0de25f5647aa24f809f,ok,512,1829
3d2501de9853388291d02cb4abf18b0c86b612b5,ok,36,116
a91b37d74835f6f5a8422858ec6db33a7af2866c,ok,317,1133
ac7f736560405188a9fba6edb72956cade37483f,ok,175,617
ee35e1b3aa351c44d416d34fe3500cec0d6ae810,ok,377,1328
9fb89197e47d54c7115d38546bbc58ecd49b4b00,ok,190,660
4c32b92584789f18e53fedd2e051822eaf0c0c98,ok,423,1500
71275badcd925a64f4d309d39f745c614749fa84,ok,323,1162
3db189a000682d957ea39fe801b30d4e839a1e6c,ok,182,640
68587cc293bdbfd7117cae23bd54fdc290731d80,ok,147,516
f3d4e36bd329b3e6fa464078b29b00198c2038bb,ok,113,390
570d5ccfbeacbb39369446af9fe32b8d06ab4d19,ok,512,1827
463821d9f5337afbf27d4719c127e9d8e9d0dced,ok,397,1430
af0e7fc9b8f89b2ba30858c3515679f1daada7fb,ok,157,548
d8793a838fe1397aac44cb39207ecf9e1f494607,ok,350,1276
df7656ccbcd69e011cf14310bad0400f403737cd,ok,398,1416
2dacf6cb862a5f41212cd59878059bfbad580d2a,ok,291,1047
a53f78d0d8cf9c2220f6a9dcb0f467ac7a788447,ok,245,880
25f175cad06c49420a2ae6200cd459e4054833cc,ok,512,1844
1af05b4f6346f5135daf4d0e03999f12b50ae94f,ok,430,1516
171924fca011f4e7834a5aee869059eb59be26da,ok,178,603
3df054b433f0dec59484c34fce716d4483e45c5f,ok,37,118
3069e488f8fb84a3885ae36d7fd82bc86f71108a,ok,41,130
59911a745c7d07f814a28081dbddcdc38e94b92a,ok,104,372
374dc6c56553ef611b461cbbd5f5e998e0a166a8,ok,143,512
eb913dd81ab0f54079d323838b4518c8b45b6bdc,ok,512,1888
d8f575ad2198f8204a0641e4e98efb380e2ad444,ok,77,264
8c59af33e1007e6087832642c3e0c8b9afad500d,ok,512,1847
a0618f636df4c8ab8955e9bf0b50dc63a72f9b3f,ok,512,1808
452642052fafd95cd15c17a4c1be803a4696c72c,ok,512,1855
646aa0edfe788ec200a49cdda30f708fd2e03115,ok,229,804
1a1c407492079f6538d5df3a2ae4513a648ce15b,ok,288,1014
4027a8a71f8dfa2dbebc19b75aff937bf7977d57,ok,391,1378
b679d7a1ed7732e44ed5d78649588f6850708f3e,ok,512,1830
2739a1433f007549a57c42ab0346940fa4ef401a,ok,512,1856
3a180ffe3a2918cb21fa5b8e2d0d885be9403a72,ok,512,1856
0bd92e960d3699412a973f9addb982ec7c7c23fc,ok,46,152
4ae9288e2d0be56185fead94ea47b6a8a5fe8e34,ok,293,1074
2360675addb2b79fef668f4ee9f238dd07831f6c,ok,507,1782
167b264157a0a361b312925cbbb1f5a6772cc4a2,ok,512,1900
95b6e6b6a6ecf5fcf3d8f4a0450a309ce669f123,ok,56,188
359fc8f4b4661bc8d915119a4a57be65071e55a1,ok,19,56
e74696992cb8f9260f8d6d47fd471fe106b0860b,ok,512,1844
f383a8efebdaaa1d003180294d344a08f6cddfd2,ok,512,1868
914cdf847682d19c0e7123c9114fd2a87ea36931,ok,45,146
f48ec50cf6d3ad5b978392e83ae33be8165f5e6e,ok,63,210
10fad155cc3bc296ffe90fd7e67ca412f68493bc,ok,118,410
5c00ea874405b609cd36ca156e7c8b0ce37a6ed2,ok,387,1432
dad75229397d804090c724eb3424c09a91bca41a,ok,418,1450
cfaf81eb8ae823f1c2071838dbc8c0810a9455e1,ok,271,949
264b8dddaa653edd5d2ef498c074073779127033,ok,62,202
9a523a5b59d6043a78985b4d6aab9092fff8ee9b,ok,325,1179
2e5dad2cdaa1a58f471e70f637a9eafe101aee4c,ok,129,453
8f98428b81dc27669ef88efaf0fd6ed89b864a0b,ok,512,1818
f65b3e0311249e17a0ad9533c770d70886e26551,ok,512,1846
42ca99cc5e71ebada232afd451057536cf72ad8b,ok,215,774
12bd0dc126df2583e0e354802d551ffdfaa16c41,ok,512,1787
4f3408e42cf9610115e4713fbc8b2ad4e1f950e9,ok,240,854
8a7522b342ced644fe03004f1038ed3acc46af7e,ok,450,1621
163bd779366b2d21a3ddeadd5288a6c0b0ddcd64,ok,50,170
48bddf63f0d82fa94951d71eaf5de9c2119e874f,ok,104,364
970536fc77acbf456a0d2248ff2f359e41c7c85c,ok,110,376
18dd4b5b4a782bde3f3ab5d4f0df27d29e1f896d,ok,509,1824
696e4e0a022077ef7e0e203f243075e1f45f9179,ok,512,1788
8b0708bf5fbb1294851dae8a6581054f3249d573,ok,79,260
8ea960da28ac421bfceb5ecea833d93a5d3e78c0,ok,512,1848
26ba059ec7420a065ac5447f22d12bfa95a8f969,ok,512,1822
71b198fde78b8e0b2391a2b1575ac480b3916a62,ok,79,270
ec10120e078115f29c5807daf89f9acd7067ddda,ok,512,1829
66c998f1b5ec6a9a47df42d0441e808ad7d6241f,ok,96,326
2a1653e5d3bec855f86ebb4d9c3fff2726d7d4a0,ok,90,302
37003fed570847265bc42d4e5431bd31aee9f396,ok,225,790
14a7a2ef0f5e30cf1080ced502341a3d4200c5c2,ok,512,1827
8d8c548542311af973f14c7b2d1fbc135de1abbf,ok,512,1861
6687cead911cadf0ba847524562a27cf7936545f,ok,218,746
461702a042004a353e1cd5e2073edd42af019945,ok,512,1801
3c246cbe4aa79bd7a5eea1eb979037f3d57a67e2,ok,512,1782
37d3f384e4860ce4acbf75c9870a4baeb1eb2114,ok,235,830
1248dbbb0fd37519209908de0467103a80f3491f,ok,88,302
2c3234bfca4b5c5d0114dcdd55602df875e41f83,ok,242,850
d089f669c41166909245a153831c0126fc19e0b9,ok,512,1890
fa73c67237fab41b401852d468f0f53fd90c4705,ok,138,490
948c19dc26df29ff1e7afb1441cf89b745572cbc,ok,102,352
ececcb65dea237fedd1f6213be816acef254957e,ok,88,307
6b83e46eeed5150bd1f77abf5003d091f70dc63c,ok,77,268
a9fdb12ab5df80e30dc3bd7546cfbb8799eca002,ok,512,1827
09994383bfde03db6eec691f8f3bace9fb8f46e7,ok,379,1390
9ea6c8e5f466f8baa9c61060c6550b44280af570,ok,186,610
b2334ca1cd73e9a029aa9a47236bbb206e1f43c3,ok,512,1823
7d9102ffa6aec5c5f9945fdf1136d14a4d30c9be,ok,165,584
81ca8ad647e9acb2d7c58c8dd547b93ff9f99bc6,ok,139,492
02772dd08934254ae8bf338f6906780f42be8316,ok,512,1794
6c6f11d99e5a9ab79a3f1663da160fafc49f9ac4,ok,62,216
1019cffa833302581188c74cf383e4e502909f67,ok,35,108
9e4896b8e0947035f30f3cd61796635887c088f5,ok,512,1864
5aafe1abb36d166ab741dc1ef867e0ac6403d52a,ok,273,918
082fbc8a72dd21b97e62eded87588becb8fa6380,ok,512,1792
3a6f4f17c45ed13f18f8c1d624e54812ceead0df,ok,264,964
dd71179640d5c4a010cafc4ce3855b3aedbd32bd,ok,512,1850
03eb12faac2740d443d76d8e10c0a89084dc6362,ok,349,1246
8402ecc8247c52e39cc9ff415dfba22e1dac04ec,ok,115,401
f4ea451fed2f81f8bee7700de6a11f8e87c1c3a9,ok,512,1782
f8ebe9d09067b6c5ba4e62b69985eb992eb76ee5,ok,126,426
1339b2239f7755ce54abaae2bdd1468bc1528d8b,ok,512,1812
d8805f2a70d1000ecb42dda06359da6f7fdf9806,ok,218,734
9e702b44a349f328392f9d91fa52006f180ddf33,ok,141,480
a44a33a3bb2807c12e33e48ae436aea1b51a22d3,ok,246,930
9a7c73ecc9df57bd8a4394add1c2075a0771fcb0,ok,512,1755
37577d1f595682d8c366b4c2e3c7251ab89b156e,ok,512,1810
0225087179c5ce4cf2e459bad0851cbe13ff02be,ok,512,1872
1cb114fc600bd4106ef992287fce96eb1e687a2e,ok,42,130
2ce3d913fefb0edda48f501a0672a20b5b235b45,ok,512,1819
f703a06fcf4e963e3cd2b38395372f02f45f0149,ok,512,1840
702c813402906db2ebbd51aef6a6dee485358cb7,ok,512,1823
b68ba0fefdb313274ed1c2b8a080ccd345f908ac,ok,512,1783
c7cde977fedfb5e1be48d7f46518fa6e59b3b32e,ok,349,1254
b9a00e12b392268d3b0023622799fbbae57a1c28,ok,238,822
06dbe6737be71c60f2df2ae2485f939aca52628e,ok,512,1834
4c9ec96d8301241df3cb74ca10ff29ff9e1772b3,ok,512,1832
77c0e9f3ad5d34a6fee50f24ddbac1289b61d69e,ok,512,1788
bd6df314943de0a3e3705607098df9c4b7edfc7c,ok,330,1174
9bb394737d9b425ad931829927d5ad8e910f8b7a,ok,87,309
122f671ebbf233318a59ac043a33782a99f78dd8,ok,39,126
281aa1de889c5e7f291387f750063e1cb15456b8,ok,66,220
5efd2f676275bbf8f77814eaa18429fd37d4c6a4,ok,344,1228
17f2a4fe1cf1ecde749d6792e95e1ad2530face5,ok,256,906
e3c0446dd6a97f501e5610eeef8143023f5c590a,ok,30,94
8f8fb768775ad2ea805c2761d335559350af565f,ok,122,462
870bfb5b6369c1336125a45b462b0626116809c2,ok,282,948
85dc3b6fe60204a087013a060dd4964be80798c7,ok,37,118
c628b6a760bd8f3cbd9c0c1c63aa17fc86f4d4eb,ok,147,511
44fa812deb0413d08d81a3419300f987e62ceb74,ok,512,1756
f23134eace92928f6506da0eb733571d01daa077,ok,512,1802
9d63c521eebde6092d2d6d4a4b06025b00619cb6,ok,512,1799
0f7aef04b3299ac44376a6895e5e22be330aacab,ok,512,1831
fe32df6075d209890a7b60edba948a79bc56393d,ok,188,648
2560a8d4ce0b01b60b3c0cbdfd7037ecc4d796be,ok,512,1862
67d3956acfa0fc2521041d9077b4dc66368cac72,ok,265,954
a43643c65573d4cc504c4d2ea7de1ab9ae4ff66e,ok,512,1820
c350c252f03bfc55d6e2614529e2825ee07c558d,ok,512,1842
ebfe05a6d703a775562c53c6e50b56058529e53f,ok,94,310
683524ec1192190eb0322b25e014d90c1bd2532a,ok,417,1510
2339be91b780e14a5b378b1cea40b9f513aa2339,ok,34,108
428d98eeb27bf06d8d3f38f72cebbf207e830553,ok,315,1132
5d423ec8fae6411c378be8a709df7bd63633881d,ok,117,416
04abd869b190c2d72a19c0df669b60ae08111ac6,ok,512,1872
75787c0a4592f2726c0028c57f7b8cdf15217c94,ok,29,92
0dd21b0b71f7fedd621561484c0bba1564ebf11a,ok,512,1777
dc6912b720fa1d296fd3efa395e393686f741957,ok,512,1852
84906076877759803c7bb4ca7e7dc9d4fec698d5,ok,512,1891
9b475080637e1f7c2f554d6047c3c2048f738251,ok,34,106
69be1b0624de7cd693af0e84ca0bef2ab63b7ddb,ok,45,152
c58d1a8c3f3051fd100915980cdbd6d8b410fae3,ok,271,1014
80822bb2900151473323f00cc8554cc5120f3e25,ok,329,1130
dd835b295254dcbf8487249b46dab2998c45eb37,ok,240,806
6c943ad69901a6ab3ac699cafe17262f6c009a01,ok,512,1858
a12f2d51604682f4597f8f87c6f93d9b207e4f48,ok,215,746
0fd2a34521b8fe0b75877d8d562fdd463d821133,ok,85,284
849b19ae89c65c40b7c95bcf6e633109dbc95c05,ok,512,1803
eff32c3f4946a7ed8ab1b272094849f337e225a3,ok,512,1832
5c403eae97393f300c514f9aee0230bc6b00bda9,ok,115,400
57c7b728775cee4909d9f96f53a0ae6c9f55444c,ok,512,1793
361d6ea004219d246cae4f04cc3ecf5d2cc875f8,ok,33,108
6718906d9787e0fd791e5e9f12f453006ea167dc,ok,512,1762
42e74a4be937fe387c5aec997c09ebb3c51e9fc2,ok,512,1816
329ab9f06ec67f1136230fd8ee94045fb770c49f,ok,512,1900
9c7073b9da766360253b0582619dbf1162d41dd1,ok,512,1860
cfb543456f2844af93e4a93d7424c5c2f8d28c1a,ok,146,504
9494cd0eda25bd81d8faca02ddcdba21023edaa8,ok,512,1700
f3c5f79779b4ab134914b0f4a37d7617d60fa6fb,ok,215,763
5a2e3ba44cab81ff6d9b7b376068d3d1231b2b8d,ok,512,1806
3a70a912bffd2b5cdf6d38d1fead7825fa58ce9c,ok,512,1826
0b8bb32326f13f5ffb1f07efe4d94378c94baf13,ok,478,1688
3f56e48cfb7e4fa7d5612aac1b581eabef0cd5de,ok,512,1933
ecbad51d023180d5e8dca8b184a97b387e6bc71f,ok,512,1844
12b65f1257e22dbe6ca1d73db197bc627dc04b64,ok,205,698
0d3348beef551ead61c5cf45232b1a92ef7464a3,ok,477,1748
5df94b4579ff69bd45997bc21a0d601cea2f63f7,ok,119,408
50c7e6eb00c7be549947b0b8d42f2dcbe2f1dcea,ok,447,1604
226af6cc26fb8718d9b03cd40be09b68569d613b,ok,118,412
799273132f0febbb66120ba3d8ea01df89219b7a,ok,470,1678
563f3091f40fed86b43d5b2c077c1373fea28c08,ok,512,1892
4810ebdb865700c65ff37706daab50d0ba57de74,ok,32,104
b0dc03521f71e384f0d99fc32c523a86f9d0cca4,ok,338,1241
a0b6c4b0d19fff1a4bc5820812305c0e495ae6b7,ok,512,1840
284496320fb08a02adcfdb91478223041cde5657,ok,512,1913
da0c59352127f15885da8997ce615bd606c01413,ok,305,1084
528c7be5628051155354764777743e8a66432dc9,ok,512,1826
560f10836cb067c452a36764b20cc952ad32d386,ok,512,1866
0b683566c027c4eb82d082b65b6990f21809472e,ok,512,1814
140f3322ec2dc36cf3a19e28eb6507daa358a982,ok,428,1522
d3c46e7851ab74c9c5bbb966f680f17f8fbd77d1,ok,67,218
391b9e92ab72d5de40d8514a5a3af41304ef2dde,ok,194,704
485deedabe4b41f6c825d409778d17128b6b5367,ok,221,796
d1fd1b34ba4c953d8023c216218d3219519f2b03,ok,512,1748
53b8afba3b828802fecdf35da4d97315665af8a5,ok,512,1923
eeeeca5ceaf106b3d8f87d6acc497ff05421d87b,ok,512,1766
eec1075935fa2c8fb3aeb33a96c643b5294131ea,ok,512,1877
3afbf3478c8df093be5955275a10954bbf30a09c,ok,25,76
bcd5094bac9a77154a6845fbd2c9bf54dc13581b,ok,512,1849
046c2dca2b68275b081f200be57259bfbcfdeb90,ok,39,128
14ab9ff2759cbe25a5e45207816fdae17314aaed,ok,512,1788
8cc5c754067c52a914655b212befd8269598fca3,ok,512,1836
a4979bfb68648e00bd6a265ba70a193f6feb9c19,ok,49,158
252086a563baa04eb35106e2ddfc1eabb480f2b9,ok,512,1800
03fe6ee3e4a938fb9306719e27c95f7863f23587,ok,512,1828
46b93c5472faf81a469e6b5ae50dae46847c7fa0,ok,512,1947
0f03ad2ea41e4708f56a2eadac0e1ca278ed3787,ok,512,1818
4881f60d92b7dedb47ec030da6de760f1b6dabea,ok,512,1833
652d5d9847018d6526e719335b571c9eed12721e,ok,512,1849
aa2526a99595af6f182c41ffc8188e143da5cfd9,ok,512,1694
1b08a406eacc4ae1c07f798cff4dc35ec2e3767f,ok,328,1180
fc231d00343e986d890b310e00d5663af7a372c9,ok,512,2009
617ead75b6f6c23416cb3312d9169da57d3b1a90,ok,106,364
54b984d4b47ff895c9a8b1f69d9bca6d11b67477,ok,512,1866
717aa1adcb6546d657b222c76d4965bfde45a098,ok,452,1618
c35c329f1c50476d244d351dc5dd98b0ff762252,ok,512,1768
fd713a5968e0168f9fcd3fa8f79daad7d55e56ef,ok,34,108
0f6ca670b63ac8927c9936604606b8ab664b3709,ok,512,1797
a75fa23544dc537d75b1f14322f4eefc3475c7ef,ok,48,156
269ac5758ceda8e2ba2c2e2d842b1c5315dd7ff3,ok,34,106
6e15507ca8553296dd5a963d18895d341115ad72,ok,512,1828
7177dc304d50bea2a4950b68034fa47c54b71149,ok,512,1713
96da832be7fd68906a5a96a6413f55568d609ed0,ok,89,308
958319f0e90c1f070fd21b68baa4e5bd02c58014,ok,28,86
cd831f36631f4b7adb46ebb4f084b0c60d357727,ok,451,1631
4814edd0b1d8fc7fb7717790d6179a754703f6ee,ok,512,1758
49b2ec35577c0afb9c4378bf5d702635df60c7c3,ok,44,146
c20f010f2b452cf47596a8856efc34c97a5000d9,ok,289,1025
ebf126d63211701243a277f2c1b71286e1fa1d3b,ok,376,1280
d056f150dcbf2019ad053135a2f8236d9bce019c,ok,383,1392
4dd75f6933ed4929175677e17d9df712d58a7852,ok,512,1710
8cf89f27eef7ed8f3d7b8bcdf427f848681d1bff,ok,512,1926
d142855c9a9e54d4f0269c9f7cd8819b062f3a5a,ok,98,338
066ebc55fb88ebdba66547c4339d594fdb83de3e,ok,512,1816
01bb31f27d86f967078de01729f47748904fbfed,ok,512,1862
3c1098927f7e47177642e03e31d5a621abac8d76,ok,163,574
d9e29328733893048fb50159a56b7fcc7d60b41b,ok,333,1149
83252f5dcf54bc1a90938d5d43df3ccaff26efba,ok,87,288
961aedf39760ba9f702aafcbdb83491f2ac83f34,ok,98,342
05a237f3d28ccce4d28d86afb35799129b383f1f,ok,85,288
3f5c0bc5233a10a94f71308125e3c1437a9e5a30,ok,67,229
bae63366d03e4d5b7ed12f30db140ec946f1560a,ok,512,1874
bf21c70ff561f36cb9b342995077d96cc2a5c136,ok,170,632
d9a0113e1de050de9f0d952f9d27365b9852708e,ok,512,1856
08df07a746784b618903c0cb860e115636aa2e74,ok,34,108
638fe80b20854f0bd44c7bacd18817b8fe5f0d0c,ok,196,688
504316c58d8e7cf240c7185b83c46d8c053891a2,ok,77,258
4940cad83dddf7524743f7052c3488d6719e9c71,ok,512,1818
24f352568f2cbdb3ead60d951e406b6470a3e106,ok,512,1824
c31f00287123e07e2ae261766b6e0dfdf3230557,ok,512,1877
9eecdcb48d9fb79f920289ab32513a658ed65c41,ok,512,1816
2ee5422b5dfd9c8c31d244bd8824d997a80cb43c,ok,462,1652
dacf51e38f9e2df999269dae06694188c3db5c32,ok,512,1810
27255690af0b3bdc30443f87d2c7fdf05c48ff68,ok,512,1876
b26331b93755d2f73aaa6b90d59fdbbf40eb2062,ok,104,360
6579e8a451d0bc0cd32383d7f89c7faffe4e9b15,ok,198,676
00f7bc4e5c95adb573f6856fa3b6eaeca6f3e273,ok,512,1822
8754215afac0866d9fa4011f2525e185e76a452f,ok,438,1581
72a2f348ac5edede3945c1082dfa8b792a7c1ea9,ok,512,1859
cff39bd404b4fd1caad37d72344461dc81175959,ok,176,601
014bf8f721ddae08c8086d4311b42d3ded5d20f3,ok,35,110
4cb971acb939ff4851f9909e356f7d3f8942083b,ok,512,1826
2c3c23626e1c1909131c3f7e438c46a1c765fcd7,ok,512,1844
c0f1a6aaa0c0dfd808932effd445b959e82f5f46,ok,512,1882
cf35f7e7997e1a8645cc6f0c203110e3372ec95e,ok,127,428
b16a47ff3a1d5dcb5580361a0c3803489278eb35,ok,512,1888
9bb5d9a308a9a0f33685b80dec2a655451d084fd,ok,512,1848
54ed0d6d74a013f3ef95bacbb226ac6fdd10faba,ok,512,1846
09d16414cd19524199cf0cf814780b3c9582cfc0,ok,175,630
156be7a9b1cf7163f736220b7f83e9fd4d6cc81c,ok,214,754
f54c9abafcee9730ea1122e88c45a53a9a97dd11,ok,176,610
b2d66306c5b7aeb8387dfc5cead2c3c57a59ba93,ok,46,146
93637ec935c2f6800ab7af08fcf9142f5bec0403,ok,512,1898
c8bd22bab1a42d37ba5b9f8f30df86a0ba99a76e,ok,192,734
dd17af8639d735f50dbac468f7ae6183e469a11c,ok,512,1871
e3f8167af51d515e9af733a837224017def09238,ok,512,1818
7de400e39c8a6117b85032e0d66af3abd40bbe0a,ok,512,1818
0d46421575b409c86a43c2a8739b4d38de449442,ok,202,694
c6af008ea35bc16ce2eb18b04afcee6ff8b6f46f,ok,20,62
e86d683ff9a9118353524251cad65bdb7864f471,ok,512,1853
c7aab637b6d0c16d6e037065f940250305f64145,ok,512,1843
add7d7dc825e9c412e40b31dc3eb30e2edee0628,ok,453,1609
db51c8d825322ba387822bff1c7a9c2480f4b46f,ok,342,1218
eba89aad5fe0c0c3b02d07b65dff5ceadbecb0e0,ok,512,1832
f7771aeeb12cb2f0dc1d4f36e88d223d998cdf23,ok,512,1799
fb9da070720b4fa9e3772a0c326109566b2451a4,ok,269,953
d7be24bc45fbbbb345392de989685b442c8e4035,ok,123,434
f5b53fe60ba604310a63a029ccbed6aca5710b58,ok,512,1740
8a5e2a90b2e904dff454a014c3d399744622074e,ok,74,250
f3ad2ea468e1366fee7718aeacfe02d1f2a42ba3,ok,512,1830
4cfa99d595dfc71f2f1eb33aa9bb149944a19641,ok,512,1845
a709194c064f8343f5cc2b10044fa1d3d1a8b43a,ok,512,1829
9b07556a8f9bd3a9c77c88b1fa3001905dd97cc8,ok,372,1332
d6715e3cf459280fd3b862a827c55367439f67e5,ok,374,1334
a0c3b0a8cbefdb71ecbb8fa101db4cfa88bbe495,ok,123,422
073b90dc82711dd4287de2b8e09004d960cfd1fa,ok,109,372
cca42d9abea7ea67bbab72f6cb990dd5f0422b21,ok,512,1804
8ebddcf66e04fe4aef5c6ca950a89cf23e27d9ee,ok,512,1736
234143af04e56d55de1cc871b2ce1adb5306e2aa,ok,512,1865
4a0c9d89aa9bbb53032bdd725fd06bc8da96cb54,ok,25,78
974137100339e3a40b49f5cd5b92070e0078cb5c,ok,512,1725
02d48d68ab074a1df0dd4fdaa84bdcd57398a121,ok,41,132
2eff6c1b07b783cd12b5ddab312dbfb9ac21d114,ok,149,496
4ea52162915c2e2f6ae23e1bffcd1772c1420782,ok,512,1874
f347b24e9ade080ed9cdf3c656e7203eb58ed4ac,ok,512,1883
245d1e07fd4295d37f6c368015ff820b456ba0ea,ok,511,1811
613ce8cc7dfdcefdf23490416c786a18a9ec97bd,ok,512,1807
93a7f282c0d1b085bfec7581c8a82f9da6ec8f1f,ok,512,1800
c54e3db78f47e977983bbfe96755d52e02c1a334,ok,303,1043
18edc226bc569349e7f82182ba32f1f8d4f96ef8,ok,441,1526
7446d63d3766cf5ec9c1b302c5a5e17420088d39,ok,512,1860
76a56d042a28f2d9c102d0ba8e81f97b378799b1,ok,512,1871
d3fb236e73d3dfeaf99d4d551cf320752a117ef4,ok,512,1842
b4fe42033ffb52128fb3fb69048efbccb0cf4c58,ok,512,1863
e2e4411227619778e1fae0217d40a6d86615bca2,ok,330,1220
ceefd617355c22b57811d735699ff7edec21485f,ok,512,1820
487321775bd68b7e53432e49c6c7a43f09ea00e8,ok,198,692
59e871e52efa11e6fac00d064d3574f1d8dbc772,ok,129,450
7146e7e4b2c6b5b5f9a43d3edfb3977f738c87db,ok,94,318
663185b4bfe2261f55089e81881d01468078bc42,ok,512,1894
bb14fded1e61f5c2d9af792313f491e2feb511d6,ok,449,1595
cf6a33112351a7cd8805bef90afb1f8917c5bc91,ok,444,1605
4e929b08a8b6b0c569ad107d9892bce11c08fd01,ok,110,368
095301fa6142862e1d3d9b48116131a6362e7726,ok,30,94
12f2a225d87662711809080ebf01bd86af8c461a,ok,512,1778
b47825e4d9c04767339240ba3e0878266d9ee1e1,ok,402,1388
46b7a2d1ff7186a7241b667659ff8e209216266a,ok,31,98
71846af1e72c962782b5aec96c8ae09d4369a6ec,ok,171,596
b087b9e732cc57a5e4ca42409ef210aacb4f9319,ok,512,1824
d887d432360b6852b3551abd4c615acc45e4d77e,ok,141,496
a8c0e9c7226c60c4b8de0e94f8c85097e37c1ce2,ok,129,450
3ef256be305d6ead972752fd4646d17b64d1b4cf,ok,512,1766
15ecab2175ca37d8fb47db832510f219ba25a33f,ok,512,1779
5a2d4baa94ae637dc067d8ff32a0caa86bb471ef,ok,512,1916
524a1048d2e8fc2627979301f9c3d4c41c8eba7e,ok,512,1878
363e406f62a92ade572a964e93085e93423d889e,ok,315,1139
551d6fbd91794309cf5fff133ddde0ca860260a0,ok,512,1833
7ac8a708edf48d1e2efd7a4e0638a3d1cb83fa90,ok,512,1808
3245dc387eb173741d076d02d9a4481846dd89c8,ok,512,1771
b9f3ef039fa1336c318f09d327c8d893acd8131d,ok,103,354
1778b5339ac357111aef4b3caaf8ce1597998829,ok,34,106
7b040d5e952703b75c85589c600448655f5b0b85,ok,155,538
03c8b813fbae890c69ac345931e84303d4516f37,ok,389,1389
4d72d478583854cd3f6ca8dc7659f56066c002ff,ok,194,654
1d3bfd76695ba64a70a08e1125c5035401d20160,ok,124,432
4428ea1a2112abd0ed9300a33819624df8dc861f,ok,177,648
86a47cb3631c48116236492f1fd72aac58d9a7be,ok,243,854
d2078ea96983a47ab3f6fd15102da09e07100728,ok,512,1805
cbc3f68604d2184122a4e23ef08175b43edccc16,ok,512,1910
80a8ebb6c28ffd6755161a844307900e332cd68f,ok,512,1791
4e236e0f83b18a13a4328a36af69a360ebae932b,ok,94,320
e3f6a92ec924650c13b7dfeb4ef02365235a3480,ok,25,78
deda4b81e7eb55432de3da0a9bdce3e29b97c9fb,ok,171,608
038cb74b54d4f07fbe1b77efe0aca9eeb3b690a8,ok,491,1770
bf9a6038961769bc5b1cfd46040c5790e613d4c0,ok,512,1792
39c22f69d47ad68ee58d11ceb93a7c12877fb2c0,ok,512,1828
e108dd0ef666d56cf3cc80970e6008c770494c71,ok,512,1790
346e4e35a43bd065b6eea31f0141b5d0200fffb3,ok,512,1814
c3fe529411c4760aaba32154ebac2422350f06b1,ok,512,1818
d019f949cccaeb5c428b2ac76f72bd072ee0c3ab,ok,512,1861
83109c9a77b25d2666474fe01b3527a488281fc6,ok,83,284
27b76ec1d7fabfdd93e81a463f6378bb50def071,ok,512,1876
5c46dadd9e645bf112cf6a74e276c42a748e7e11,ok,512,1772
07debe1687cff7bba4c8c4f2be502a1503d82226,ok,96,312
e01f850f0324654b7e55fa5a6b42040085ab7501,ok,194,700
1c97e9d708c6c2f8f7810ae63467badf9c3f43a8,ok,512,1827
d6a78994ae3c01849e0d86921dcf006125e1591a,ok,210,754
667e7fd0bec7b6f42a526d0be91e653b3c80e29e,ok,422,1522
9cb8c4b5aa2c685c0c34d8a7aa2d10340e8e7a4b,ok,512,1841
1fab6e0e348232cc68b19b5070c315b40fdd6474,ok,512,1828
e1508dd631e323c6c3863c8d93188da24367f458,ok,512,1865
0344246027a0e616b478bdddb8278d3894261bc9,ok,512,1836
c4d2ec4a2223b496db9370432b23f419c79dca28,ok,512,1882
6cc0b597c68477bbb815a5ad50203fe29dc60fb0,ok,229,792
df7315105d554e623c3cd1a9ad7d386a5a4d528f,ok,22,66
d76f3eac25d20eb6805a73ae4dcc0010d26bc2a6,ok,512,1858
9255dd7078d3ee109446415636def2c5c60f4cbe,ok,273,972
4e86bc5fb8fc399a4717f2c58e13faabd0f01bbf,ok,512,1897
c27487ca39297e5f0316f4cb2713bd14d907ac56,ok,512,1924
4af56d74e7c72193c4f015d18c2f779cfda0c098,ok,380,1361
f0cedc00de47b73c10756338916d61a85946d036,ok,512,1790
dee1b0dfd591423a88fdb301b705a1b66d270b87,ok,512,1867
61d0e6ac3431efd5db3e0ab80c1350c229fde127,ok,192,676
da70e68d2a616ab70ade1a52d4dc8fd9b69a413a,ok,512,1819
fdfdb17fe8cbe7824ef95ceaebd9b5dbd9a8f60f,ok,512,1844
928e5e9027996551e39580f9eab157e3a1e4ae3f,ok,50,160
bc71c762ffe9ccb4673ed2d4171c5dd92ad2f011,ok,512,1842
106e6527dc512170dacb04e09a18a3ae3f293dfc,ok,512,1842
3b4458108afe51f194d3b7d02020e9e1f2a1af9c,ok,101,330
1711e2dbc0a7d090432e95b9cdee825cc2259d04,ok,451,1623
96e92ab80a79ad1140f33ae816b67a80a3ab3b17,ok,512,1845
a5431f266569a4e521e5d50ce0e8af47892d5fef,ok,512,1794
37f3ca297a3aeed912913bafd3b0d9bb136c3860,ok,489,1788
63411053dead8c0dabd3b77fae59aa59b09d7fb3,ok,512,1790
5afe2bd1d32dcf34081b1656cdb59e8766c561cc,ok,61,200
135a6d1555f33229ecd4a7149fb51dec925c6c80,ok,512,1843
93567db11e8f9ca3bd9b20fb3fd5b38bffe83908,ok,512,1781
045144a9ccb0cab46df2bb2024c771cd3ba93f7e,ok,100,344
c989f6fbcb29cf645d183a6be685c5f0330e57d9,ok,512,1822
998231b3da2d38752228a0dc2117b244b4d1bdb1,ok,33,106
b6b950e5844761f583e1afbeaad5f89d13398a6e,ok,338,1240
f002bfb8a5a9968fba30fc837e99a58e7a9fb314,ok,512,1855
1e16b04a60d6e207f7833dcea82423f38d6c4aae,ok,453,1590
3700f2aae8d6b99b5cabd5b64272eccd9c8fce43,ok,420,1528
c3c6a01b6bd24699fad8d5e759180c9f9d92544f,ok,80,276
b6d30b6ec5f42cecbbde236afd1842e753cf0327,ok,512,1846
1a4148bbe1bb4baf509a670fa695c41dc9bfe246,ok,512,1824
d27b34125c6170e21d1cc234f6927a71fa152480,ok,464,1667
1bcac4cd970e32f71740d0e5c0006a1ce25558fc,ok,512,1861
11af1c3a233d886733d8d86a00c6e84da19e5135,ok,269,951
3616001b25aa9e6886a8d29cc0825b60ac537a8b,ok,377,1338
2dda5571f4dffe0a618c1e6b6aec8dbe3b2f4623,ok,276,1008
d108a8103f24e6c30bd1f9627713445509cd2a4b,ok,394,1466
4814bf9047597b2849f49502f8223c588510152a,ok,512,1831
ac9d8acfccf6b0533dddfa5866e1a860138fbf56,ok,311,1078
0889bc807351630de8377989ca405f8ba14c4461,ok,512,1801
b4b821d0939fe3add8b1db21cf6ce990d49eaefb,ok,512,1852
3b501c5f947bfb4be3e9edb48ced646a1361b3c3,ok,36,116
627a4267ef87c68d4ca521329219016409b90d8c,ok,101,338
6b3edfd975c040bb9b8b6ad8d15dcd7aec073357,ok,280,992
ee36856cac0603d480261245844077beb1a569f8,ok,106,362
2aaaf087021d8c6ca1856de37884ca65b89c2070,ok,512,1844
5f779a38ace3e73b65e7da8ca939aae0c43ab870,ok,30,94
38899383b180cc25bc55981b60a6f6d0fcec88c1,ok,512,1823
bb81264d8ac9d1bf9fbfd9f3e9cf4ede464d56df,ok,512,1812
7e4adb3cb9fd2ccdb2b544270741c2aa889ae9ab,ok,512,1807
9c7c0a14f2de27ef57a661793e12f242633b10ff,ok,512,1825
af5e03b94c66dce0c436cd4d331f9f183ba89e61,ok,512,1888
b2fb12b95bb9b2401392a05811507917dfe59cd6,ok,214,765
4ddfc1a5aea4af283c4b110536f29d21457cc2dc,ok,246,828
74019d31b102c74a06fb9b32f3d2ca1aa52570dd,ok,512,1746
3d0583031ad1b90707955a8419609bd1a6f0652e,ok,448,1502
ea54da1b673c35290c5102a021fafa38cb51b95e,ok,57,188
373df8123053cb782bb2c63d6100a632b1eba907,ok,25,78
8ba372dc9600e9a2132ec695a9ba55414c0a0612,ok,512,1848
1cde1f9cc611e51118ea14ac1c4ed35f1c25e275,ok,258,884
61e5cb686437743f628d94f10ed620a66f351f1b,ok,27,84
17a637e1e5b53f7e3826d7fc7a4697cfa26a3cde,ok,512,1890
93002e8ba5b14268dcef4c1f9de021ad46c80db5,ok,512,1804
d441a50a95f42715d0dbe1466591d42b522fd858,ok,79,271
2312642bd3b1c241fa3bf11cd467259977350e42,ok,512,1934
2bc79587ec59903ddff44430294647d79e5cb81e,ok,97,326
99704ab079e18e89e7231276e6dab47b687f382e,ok,512,1842
7b4a4a13b79ffa57d7db37f6049c627d75d8bd90,ok,20,60
057e88f4af23a4ebb8c94cabff1d017133a0f8b0,ok,512,1754
f857ba728d663c00f8f18a4a33000dacad598911,ok,512,1763
f71919154fbb413bf69f2955d2a739ebfeae7efb,ok,512,1885
144886177d129aaa88231d0b40770e220a43f9ad,ok,10,28
6c7fa4470645bfa4cb80678a74860c617061f75c,ok,512,1843
2ff75f68804aa7900ea330e23f536e5c74104bc4,ok,32,106
9bea162e4e868bde1876c97e5f03c275407b80a6,ok,32,104
e0b2653ee0b7a1bf381dbeb0194aec6b463e10fe,ok,186,642
3cb875e1d3be2dbf4d7ce43275a6d972a457305c,ok,512,1734
3fb07d6a07006c10d6423efc62f44850bbdb5fec,ok,512,1827
c6f34b0e504360afa903ddb1b61ff7b3c2affe5f,ok,512,1792
33c68c8935691ca547e43c9daf620af6436dc4ef,ok,512,1814
1486e03f7833d972283769a72c1aef54c285617b,ok,212,727
62091ff93a4ba2e3681ada2d1e027578632c397e,ok,512,1776
1ea4c377a1031f7c07c5e81ce24b23a881df3939,ok,157,532
eb2b4b122269cb96f37e45a19fdf5c5e8c7a2a94,ok,512,1870
579ea60ba5802ee092cf41b2c2fd85119546e5da,ok,47,150
b7695e99d56e40e460807417581d026e463c612d,ok,215,752
ee7d90db80d8bba9f07c502d1a7bb429db9d9a71,ok,512,1801
2b65a5d895ccfca2623de004fd90ac65ab966798,ok,512,1846
bbd780cf55b9a6479307ccb9ba8696c9bcca0276,ok,160,588
d6f75bc40e84890695ca9c744a0feef973c051c7,ok,512,1802
e5c868c156841f0f8550d7a640a920d419a77a0e,ok,55,180
8bd37b10e94333e1e6a87738a70ad89911ffd7a3,ok,43,138
178e90f6c26934338fc9775e0d2885a4168373e3,ok,162,590
3c254cac62f3202336eb9648fe7d0f3b722871f2,ok,354,1322
7526fccaf538a15d2a5a3fd6840f1cf063a0402e,ok,251,882
e86fbc01b257b53114c20823bf236f70e17868d0,ok,425,1581
aec829f7cd5a546cbc80819c77280d63c61c1297,ok,512,1812
54a65e3e43a1e6e20dd23675431b40197f136ef5,ok,512,1828
b64843e0e3fc10bf7531dc2af93046fbaae80b88,ok,145,502
4bfea3b25a4dbf66d7ea8f457e56864596d51cbd,ok,512,1859
f947ee0a558b4aea60427319dbcffbae8886d6ea,ok,177,627
982e51b3cffff7ef286383d2ecc725a80c4e8b4b,ok,512,1823
c8fc2522a5eee4f46f54cbc9a8587e0b32606c09,ok,369,1174
3362b8fdbb27f7641640cff1e2975f87974c4ae3,ok,33,102
02181bc3a4bab7fd85d1747e73049d9417aa1de4,ok,301,1059
fc6c14fef55b5db71ca9d72fdab987abe94bf2fb,ok,98,348
05b1a992493726055e04bdae6050364b81aece55,ok,104,351
75533fe9f4b0b62f8740a2c65627b0b3897aa3e4,ok,512,1810
998c7ae7e1c471a012426d0f413bb938d6a02d0f,ok,392,1404
1ca36ff96a0d0748a0d65318b0d349fa1b23c6ad,ok,512,1796
2ffeb04a2cf0e844a5c4788cc115053dd13f9f95,ok,84,280
3dcbb4db2948b8f680cd5a5ff41e5b1e5a82b1ff,ok,512,1842
cfb5f4e6236dc56136d7fd694b710af105a62ce4,ok,395,1413
2d2de720866e7c812c683869671388f08c9522cc,ok,29,92
86e6042c45ed6368536f4af916f08dbf3d105a8b,ok,512,1746
facba6a0a88db303b572dbfe5269c2253f45dfff,ok,512,1788
c2f59928633d30daaf0946c8c7ef4da4349c4bbc,ok,512,1817
c1817284846b7aa99b90fd040afd5e07ae57f848,ok,476,1692
ccdc3fe21f4ab8840ccc1ab97234e685d732ecb6,ok,62,208
e25a97527b75b505c7e96163d1575c2b2530f1c1,ok,495,1747
22b7f8bcb492261e0daf3f09ebc5b81cb8cc468a,ok,264,948
c558e86f510dc6d20eb9846c6129c2f81075933e,ok,512,1846
9d4121da9fdbe3928b9bccbd3aa37a1a4e47ba6c,ok,32,102
028b8729ddc00dca25a013df5e183e49ada280c1,ok,14,40
106fd3e7f8b54fe84c3bda8c54854a05ae11b888,ok,512,1802
9515098075ef07ada9bff89b5b116bce8b4702aa,ok,20,62
7b6f00cd96fd3d0056e6f1c9bb2bc1c937d0cff2,ok,54,176
3d454c249185ac160531dbeced5a27aca8bdeb4c,ok,42,134
5d584dc3667812b4cd84a81469f630290c886a10,ok,512,1916
0b189bc6e522dde7992fb27f80e18aac3381edad,ok,512,1774
a9f84160e9d6871936f5e25ed877d7fa27b9a1b1,ok,12,34
f3e9e1e3b7c1d12be675c46559c4705bdba85a14,ok,512,1986
d28da7a3f1f7befe524d24405e0e76888d2d9183,ok,512,1804
f56b5a7e16667f95869f0808f68493cdca032d2c,ok,512,1866
5ced49b9b31b3c06c994aa94859a864efe609490,ok,512,1858
850694d184e1520da0c9cf9712fb2453970b71fd,ok,382,1344
3727ae3f082e51161ee4a0c640a6d961d59bb432,ok,291,1016
37a4406945e1bb4bd28ade865259547ab8942631,ok,45,148
a5ee07fe1cfaf23ed91e2284c86f590e029fd1e4,ok,85,292
126abb0378da73a289cb66afacb93c3c10d80f30,ok,33,106
e7c32edc226edaedf7956075b02bd0027fe42fb0,ok,185,628
b33af70d6d5d0771f330b83ab92ab6f32dc70741,ok,512,1914
c169e42efd819d8e6339bd7bcbd27d4b222065f2,ok,512,1840
09a3ae480346bf0831c0db9813178ec5aba311fa,ok,512,1801
c6bbe9d2f735d1f905638fb08ca949b2d2460f8e,ok,305,1075
a037004aadd22510b9b856949b7e34db7713bd34,ok,512,1826
f67275a8be69fd1333f5866239a3c2f540ad101f,ok,72,248
142a997d9d4baa233583a1400f65874fdc97ff8a,ok,512,1827
8308fc2f78a6047f5475822ecb427df53d985dad,ok,63,210
7be1ec53ab65095a6a124123864be30e131dcd6b,ok,30,96
15d2b6f7c0d8dd7d83547485732254c99ccf2e1d,ok,512,1816
15907549f9f517aada1af95bc1235520dbaa4f79,ok,512,1768
dcb0c8a17f868d3e8b07685ef36d7d22a55fa0f2,ok,87,305
f8409e4cd21d7cc53a7e1b31ed21b99215efd129,ok,327,1118
68c91b01d978613194d1e98386db0cf17a2c526f,ok,512,1955
9d9ceb4ac13d725c909a59603f074dccb3d1c623,ok,512,1853
400068cc477aded7b368cad11814a3eb74ddab7e,ok,145,508
c11c835f128b6a500f5b5966647fcc6cc366d5a7,ok,512,1821
e507b9df6c7e8248d4eee61cd17201ade1468e29,ok,512,1768
13db94046a70b3568d398c6bf464189096781717,ok,466,1755
78f7cce7806c7c53328fab11e5774ea129dcd56b,ok,512,1771
8a6b820605e1faba5c19ac69afde466a79cf8e1c,ok,494,1769
c7a637bf5e2a427b598630634d38ad1c08ec1d52,ok,383,1408
8257af674c45315aa215ec4de57333b17ac810b9,ok,512,1854
7a4ccbb73b6a5258dc71a1d2aa6766a9f5d19b9f,ok,109,376
9b09f1170fbf3cf2549176a7af66722fd09ba1b5,ok,512,1831
1e037d3f374b3b7335a3425b2c8cedb7b9e4d394,ok,226,806
42f1933a6663205b8fb9ba58e2df1a978f37dc17,ok,512,1790
3a31634011410cd5f3fabb6983e2161e4251f15d,ok,269,974
4d0636d650cd13f167832f43822f12cd07053b08,ok,32,100
b178a0dc6f1333518aad379f62d1b5bd1cfcc292,ok,227,810
58ffa205924de09653b9bb8e889c412cd1026dac,ok,512,1776
b676f1924e6d2181cc3fcab6267a37c073869aa1,ok,144,512
df652e72c58ef6dd43cc44524d8fd4fb89ccd030,ok,35,110
99dcad08458d3eef2ee9bd84990ea557d6a2ec97,ok,100,360
7472c9925e81cdefd3c84b304ec977ca29352e81,ok,180,643
f571d29ed10ba8a4e05f54e9995b4c768509cc67,ok,512,1908
e4c348690769a175516f3b66a4c32ccc58bfb3c9,ok,512,1790
2e3fe20434ecca89413009a04d88f6c39fcfa4d4,ok,141,480
f7db66bdfbff99f47e9a115012dea691e86ed9a1,ok,512,1772
1995857924eb333697f4cd0b1f75b69d02117f8e,ok,124,418
28fc1f0d5324624054ed858d8ddf6d3361122455,ok,155,526
a18eff78dd9870c3fbcf7b9d9c6269e792cf6ab0,ok,512,1846
de15b4cf840350055f409af870d745e6f4bd9ade,ok,231,818
121965af4aba4ac17f4247ad2e162380cbb18e92,ok,264,938
6d1c238b337da83c44bdeccc7c7d8e1adb38c36a,ok,512,1892
5f66f4f4f18e96db0679d4de426e017d5d8eadaa,ok,512,1841
a4690838236846e05e77275ff414707cd1146306,ok,512,1995
b9e0a5ee0f504492bed16aaa55bbace1abd404c7,ok,80,264
a4280ee96f11dbb4a1560c846c4741efaefe8c64,ok,65,210
3b24681403e308d7deeb9b7a6fbc1cf10385d09e,ok,329,1191
b5f847fa1900b5191eed1197e065f613c872ead9,ok,512,1864
ac0f27fe334815f652d65c859598db1fe414bb13,ok,512,1854
f3cd28066dc518711789112e10a3280a8f57460e,ok,512,1788
17f948f129f4f277d5c10774f1ad1f7e16b6b38a,ok,512,1876
e69a1efc7ad6df13942e8d70cc7fa817bf7d77b2,ok,217,751
b55f37819f16f1d6126f3b4c2d02c432d57c3a13,ok,512,1864
1a58aa3fdb785664c009d14247ab37c95ce60841,ok,198,704
cebd2364ebe8bee8ab009b16fd1d2165d56b975c,ok,512,1804
cd0d3a125ab6a4f992efa541bf8cbd23e43ad246,ok,152,547
3d7a63696a2af37d065da4b4c68bfb96392e93e8,ok,25,78
f4add0e59e519540d0929be7aa1ce3980a31222d,ok,512,1825
eb20c6f1a6412d5b9c12c4682518ba6612f7e32b,ok,512,1896
6af761f3a8429c914622baa4be1c4fafa90ca9eb,ok,291,1029
d97ea7513dfcbac59ff4c15a7538a27b6f6a6d0d,ok,512,1829
2e17eccfb91363d68eeac89ff556a9e12517d163,ok,512,1843
186afffab192f93bc7ca97deac8599ad48b83ad9,ok,311,1150
f02c15d96ac7a93c32a69a911ddc36b7531e94dc,ok,512,1783
940fc86f03732f8a3b0837607b84feea9cfd151e,ok,512,1829
0cbd09383d9ae34b2cd45857a6f4a344a8eb51e7,ok,142,502
83ba9e6934b409cd4e11d7dbb42085e552100df5,ok,204,676
79e57542ed164d906afb107e2dd8fb412762f5c1,ok,16,48
659cd4be1343eda2cc8150117c0c80fda5f4aa65,ok,512,1817
a6cc6e8b050c166534b24927594a42b7eba665dc,ok,349,1218
dbce1a21e6e5566bfed27c65247d55cc2563ea8d,ok,454,1683
b59031c3cc74e6b9d7c1906c19012438e7924c24,ok,512,1807
d8978db13d8041c90ec360e46aeec77737227d37,ok,100,350
1f9711a0fd51aa64a728b3284c2266c92d8aaf97,ok,121,411
c690faee9da75f8c9519403020eae1662837eed9,ok,449,1664
410bd21c37bce64c05e5ee7c1649c345b35278bb,ok,512,1808
346ce05c039de9e9f45afd49f9b5239dd6203418,ok,512,1762
93c98cf54924ffe9e325dba75d2b38a63d942011,ok,512,1843
374a3c1c64e1ac142bf76672c1e0244e3424888c,ok,512,2008
8af2ad5db465aa14ed97a2256d87dc3c6ab003d5,ok,142,518
56488d73a3ace6980a32979ae30d88c8f9440668,ok,176,610
9f4f603ac13d32eced0734d7cd9b00e12cb0f446,ok,512,1849
01f0a38dd195ad4ca3a399065aec25a567edd150,ok,512,1820
464e03b9404dc64ae17ea39777d7cfb463af2d32,ok,33,100
b08943399d6d90ffdd9fca59599be691bbaa70b9,ok,157,546
5d8ec7a6d8f7035beb34e36e99d23cb5733ad019,ok,512,1696
75ac2bf0729c3cefe9dee7747d256fceddf2be7c,ok,195,702
adc4b226e308c50b469da4983aca45dafd7c639b,ok,512,1792
5485dc5680b395f09aa4dfd7487dc6513c5e9db8,ok,340,1199
7d9f0c20240bfae288fec6c033d46d594fca47e3,ok,307,1112
ae0f19c240bfb7d45942e3bb56029156282336d8,ok,512,1801
8eda9f69601b3a51c896856ae4b1f366c872d775,ok,31,100
4d3ff31cbb9c7fbb028dd5a8216a66e6e5398781,ok,512,1833
cf919ceea8793802f89e4b5ce88207e6fb32fdca,ok,45,142
04df84be5e26cfe43cb924b88505677401adc6c8,ok,369,1174
5ff15880b1767d4ada279768ef10881f50bc8eaa,ok,51,168
465a827e4a14d8a77146449e84eab459cdfc7643,ok,505,1784
c5c64de03181b56cb9e3665e5b636ee76f59d288,ok,23,72
845a80f439daf3f4ca6b6cb12b2ba167c4155952,ok,166,580
20cb04e7c465a85ff37e0e644e85a6ceecfcc12c,ok,110,370
aea394d798cda628456f2173887e943c42f96c0b,ok,297,1061
ac85e8d1902aa092cacb43385fc4be41e8ad54e2,ok,46,156
dc5799bc1599818c9b4029833869e6f25e208694,ok,405,1438
3b961301a702363039f7b5323796518b680979ae,ok,512,1840
b3544e3e068abaa234e39f02069d24c562867c54,ok,340,1258
78d309b8937390d2e136aaec93eeddff4eaf487d,ok,25,78
e6594258dc789a6e1bc47403242333d053cfe346,ok,25,80
c046259fcb7dd93bf057341415c562c53865a2ac,ok,198,676
866a77b5caa0b5be9584874fb353d35d601bc1ee,ok,512,1805
fb71e0e9cc6c9c7e8161989943295b76372827b8,ok,510,1862
d643461bd69208605c5fb15febee3c2ae061cc58,ok,329,1172
de71aa7acec9e97ca9fae4dbe161d0066d23f3cf,ok,189,663
97eb5f1ae28bf6889c1f79ff3cb8b41a318ae720,ok,31,96
1cb0654e4aa5618fb15c2c9ab16bd077d835caf6,ok,512,1816
5885630b4f88d371fb79854cd4ac228bfc562a11,ok,450,1647
58cc09c6c7dc09aeb3938af18e4fa1f495db35da,ok,512,1768
0bd6a9fc9e620ee399d8c35bca40dcc945532b28,ok,12,34
553a0702bdcda969626e29e74252273dfec453a9,ok,512,1821
b6770601d7e5884b1e310649b57f5178aa77bebd,ok,366,1326
b73014a3c6d9c30a4ce4fe2ce149519cad5ec8d4,ok,162,549
636f759c52f80d57f6dfa29d048ad60d3ea3ae74,ok,512,1842
d991778b8cb749aed6324aa17981405a059e028a,ok,85,282
6b45c37ec3c9ab78429ed9d968858c94b968cbf5,ok,253,882
40f583364e21b0480998fa39d4e344d3d6471a13,ok,271,1002
8b3f95583fb5907b30559a9ba026fcfde956496c,ok,512,1858
764eafdb2030b7e87da959596d9357aa5e7569db,ok,62,204
5320501dc4116ed8ca1dc2cd546f67bde0e63c44,ok,65,220
f317fd6f8b35e9d1c46ddf6e12d8c1ab768cae1b,ok,512,1812
abac746cf3284a067852b6a6e2ec70d2d0c0e443,ok,329,1141
069f3b73a4af6a8a25c64d1818abcb95d79788a5,ok,512,1854
36aa47e510f16ecf0aa5befeb272d0454c6bfb0d,ok,512,1812
60003e0dfa1433c0f8e584ebe545da5bc7a7937f,ok,512,1833
45a540705daeb5ec815904db73d7904f2bf961d3,ok,455,1608
86a50f03b4afca98b3ba9065d27cbcda732f2f47,ok,512,1805
eaeb4dc0e0836d75724fe6764cae31d7cbbc7a9e,ok,69,240
fc034cd24b98f9e49f5372f9a5078ef8fb2d228a,ok,512,1784
b1c49562c468b52a0f656427fbd107a9fb01bbbc,ok,512,1829
e011f28935cacc393d195f3e8ac231a831c6c9d0,ok,195,694
4b38d7cb2958dae8fce57cebf36a02461236bada,ok,512,1830
ddc3a2ae81413f9a33f89e8bc9dd82f6dcd18b25,ok,512,1804
dc62125dfc13702262d5ec4a9b5e3ecc908c1f24,ok,19,58
3657513f969693a3ebfc556aa27a6721bfb7f432,ok,512,1831
64deb6593a98b99e8dacf35d280e9531cd9fd83a,ok,129,450
930d0b2feb2265b8bb374eae27e10111fa6eed9e,ok,68,226
0054cdec70f1a986606d6d25a1f0eff8b8db9223,ok,192,668
ef872f072e779ac378859cbe99eecdeeb9fc5070,ok,512,1855
f2dbbf074fdc529abd318e4a404f69783828559d,ok,512,1896
85183f149de5b9ee869de1b45124ad13fa731681,ok,512,1832
18611b408ab4fffa83bee34ae12d71dd00e7be4e,ok,363,1289
55e50665668b436663e651ceb5cab3f36bfe4fd7,ok,205,698
c0ba41f4709e5f9a3e042bef4dc412b33851baf9,ok,512,1860
3b974a4985c50028035bcd911251452f56425f22,ok,512,1827
4d60df48386863c0c97caa1c685d589c768ef7c1,ok,114,386
bfb143a91c979aa03ac6a6ef17c01ab05bf7b2b6,ok,512,1850
b1f1233378bb856b35afe2e4ec0fcc0d46cc1f80,ok,30,94
e7110ae3a470ad1c75c14bf2611e331a5d70e335,ok,512,1825
744d15a6b8fcf71107ccd8707fba5d801a66103a,ok,10,28
39400addb436b7b453327920d15e933768c9cc65,ok,461,1660
4c0152187feb798c61b75c908624b9343d0b90a5,ok,512,1864
3fc989d602d5800b16fddcd9dd6e9ec27aaf971c,ok,41,132
67fbf68a72716ec17f9e31a965a339dab2fa62c3,ok,512,1823
bbd5a9d1c749451fdbad11d0b8761bb36b8df08b,ok,512,1802
4287b16801bd882374963d0f39790f72bde969ef,ok,78,264
5ec041a3a8014d4db9d41cc5ec5cced070b57802,ok,512,1881
ca51e4c4b4f56cf10c1dd3a47dfd88f9618656fa,ok,512,1819
5e8eb8e94efdbb1c310a56888d14f8ba45aa9944,ok,80,270
19e8a92c7a3a10f9c6c416d00d6f975ecd3697be,ok,512,1845
5d960671aabb15b97cd21eb81fa31c0ba26b1f83,ok,512,1785
b805712f370d984031782859718fe65d419a6ab2,ok,263,916
a38259d1247e45e750d740af4cda80e8a706a8d7,ok,150,546
2fb669dd1c656d9ee7195e1a55c805e3e8e425f0,ok,42,136
ac758d72a0b3554eef8458ba72a6dab521408986,ok,512,1872
6594a102a7a5e54abe34f56d1f55617d1ba493eb,ok,512,1796
2be6c544369f404e0cab7c899283781c7b88042c,ok,357,1260
28f9d0f240a95a0e7d4c858f84882c6008aa2565,ok,394,1442
3a68053805aea2f76c5f59e25a21fb8d26440054,ok,512,1877
8bf3e70588322219ed9608d62de75704e8b4ce0b,ok,85,284
7bcbcccd1f4261a7ffebc909fe6eb4c676a5b984,ok,387,1463
9c09c1d154fad9ae20df13e5d6147290da7a0e07,ok,85,298
5d1355c5bdef1e98f22bfea7c0f8e877eafaad2b,ok,512,1843
afec1add343544b380882f9e10b662ddda4919d9,ok,144,510
9777ca7ef9f87a63c67307f8647224751c2dcfc7,ok,16,50
49a1e6635fe9de03bae6e5138cc6dae1817a29e0,ok,512,1939
ab13eaa3f98b9eee036d0dd86f6411cf0e9b8973,ok,46,150
8d3f49c417c77cd589b7c01a8193dcfc35498d7d,ok,179,638
9c7aa6e21b7c54ff0def385012af7758516fdbf9,ok,85,292
2170019b1c6e78e0f97204f6632e77d57eaa7704,ok,512,1877
cfdc890ce23c9e1a58a21cb56c3f6b463ec4c7da,ok,120,413
3633824618e2b29910bc29e53f54da2aa53d71af,ok,23,72
07a1c8a64e6d2606c516638b00899fff06a434f7,ok,183,640
0725567881f09b6d62a03c248cb18ecbd7c61395,ok,257,913
bad5813b47306e42c17c5570a891b24344eb505c,ok,50,164
d66f5ea4e6a930dc2f490142d92533acb740a0b6,ok,34,108
f0970cf7e726f585cbbc45147e77747d9b52528d,ok,512,1734
b6504528d6d548b9e52be0127907cf9fcec1e420,ok,45,150
262528fb20a5574cd3ecc9d8718f844d6eb3eefc,ok,512,1828
0d986c15d8178390c71a41d5b2eaf008cac39b26,ok,86,282
ba8a6b5e5661f284dde9ef84138b3201b18c5538,ok,164,558
43cfb9c164da9be0b8d760b3db5b352e3fd05a1d,ok,302,1122
7daa3446ab24f34f820b9eab04aa3265f54b091b,ok,512,1854
a967511ad24041de24716ecf7b0679018a66a3c1,ok,512,1866
b704b2faa95016a27745dab23097dc4cbcd71c41,ok,268,973
5393a9d420679d0cd6ad5df4d6d8e1be5ff72d99,ok,185,604
0e74bf60c7e1987ddce62f770fe6009bc6a2fcc0,ok,371,1304
10bfda426ed98ea7d1dcf500dca83635dd4adda1,ok,104,346
33b2bab199a813500cbb717971e6f887798e4d2b,ok,352,1290
04e9bc2451f254c6385f2f8e32fd9e659647e193,ok,512,1902
cb4083b09d3721a7a2d40545e86629ef7ffb10d0,ok,512,1896
399cdb321a86b8341c5a2f43bba20d00ba7acd62,ok,89,312
4508a4aaf136a4897c546ae127c7bd44ca3d13cf,ok,14,42
50b61a17a6e9d7e0919857b92f2ec3731077f1b8,ok,512,1794
a92f2cc001108c3a04fbad96c133f4ff75cd5d83,ok,310,1092
ce06c9d45774e4b0faca4905cc6b29ac69e99a12,ok,19,58
ce7cef7416c785800e146eb117493d0340298914,ok,512,1664
b8cb84e8d116458c68fbe2f000da186c9fc3e5ed,ok,16,50
78a69c599a5dfd9d89c86900d0ccf52f5891e549,ok,46,148
9d61055716867e0c963f35441e38597e9edbc625,ok,386,1389
486cbaccef5c2186f9b409ddb0e7bdd5f51e9873,ok,123,418
d9779e22272ecac53f602ed855c4fd7d40db0e89,ok,512,1787
ea1c7e8aa3ff3698d8724eef1848716a97c9b609,ok,512,1750
da1bc6c9d04b2231173cfc44c33d41d769be5334,ok,145,500
18c695dea6bc4fc9c3a9d8524c6a2776aba2326d,ok,61,212
80ebad7597e73a1334b1460d07bd937c55abe1d1,ok,512,1875
e23fa79cce17eaf50b9cfd2752b5ada4c875567f,ok,512,1884
cb8ec4b04e6f7cb302966a8473460d5c440167ca,ok,120,402
3969c4ac4ab367c58697d5c6ffa9e5ef8a4bba72,ok,238,798
3be97b4c0b3f30116d187160d3ac10d7cf0f3daa,ok,512,1820
0420fce60ac97e149a348916c9ea48ee32770d28,ok,36,116
0c90614c8b2b2da66ce39b87bea73757f193caa6,ok,512,1882
33350fd6bb2d9623afb55ceb71398ab3bbdbb169,ok,512,1838
77462646c660551721ba3b5ad44b139b2daf7596,ok,249,880
92cfccd6ce12410dd4ce2cab467a62b0464a70dd,ok,312,1086
c29ed339cee256e59dd54a069a7fa2698965cf2c,ok,512,1835
22d6feeca77191666912f7b4ae0cabbabc42fa9d,ok,512,1834
5343c6012d4633d336fd00519d4fcb0ca66ebe5c,ok,490,1682
bd2d6c8cfa15a8276d1cef1733dc2565ebbe5bdd,ok,401,1462
b3af72c56c99980570e6ced7f8c07b8fd62408b6,ok,512,1876
a55e3683c2bbe420384c5c5e5bf6091b36d0c529,ok,226,794
ad4a62d4a937767d08473453df8cb499a2d77e93,ok,512,1782
a03a4f26cf9793f1efc4e9ee2db233f72673c84f,ok,238,849
f75857d38cdea99988d2916d8f002b4f1eb4e3e7,ok,34,106
fd4e033afd3195f6632ddeb2a64d547e6cd8e812,ok,512,1822
aed9a0f5c9848bf7e488e405f1fa42a35095a6fb,ok,512,1918
32dc2d648dfe396f29bba27ef29168f8fa145569,ok,512,1815
39faaf4c2ad519b3c4cc106484e06bcb24f0a453,ok,274,968
3856e8a244baf5ce7d8b6b8362e11a90c577fbab,ok,512,1842
7fa3957810e0d832eb143722e84ca05abd77d41d,ok,132,458
276e4468638d7a8d4d2bb036e7ffde3c7248d68b,ok,483,1784
a35729392e095a5a500e75717f5cea858935d05e,ok,512,1834
e5a68ede15650f86b212b1ae0d671e0570f0f0ec,ok,512,1995
e72998b827dd6013dd6401b8131f87e9f787cb8c,ok,512,1804
56ed61d9b637d135bcd1192a019ae7ed5b585fd2,ok,461,1689
eead1a6fd23b1936840ce8016da3cfd37e5a2df6,ok,512,1823
aa3c2b6076a88b6a780e60b8f319f49cbcd5a9e9,ok,512,1943
fb9e7538b5b2a133ca5fb98c42bebe9dea8f1119,ok,16,50
2dc409c8f162536a6c31291637090577632ad296,ok,512,1824
48f0c5a50d10d0535b2d4eb41101c70e7a25a181,ok,61,208
ef28a27f9bd16abceaad72f4c93b453755389822,ok,102,346
28ecfaf2004479868d951cba193696c967510fd9,ok,512,1860
0d6d50993fe3e4133d9d853fb852e2209ae5a4fa,ok,19,58
85b0ca3a2ef012d52157cf9fb04a5aaabc4e9129,ok,50,164
2b76175aad2f6fdb6e658da05ce76f1e7765ce9d,ok,512,1814
f1c214cf7ac57a3fa678b544771ef3d189a89cb3,ok,512,1779
de03dc3dc66c4ba2a0a0a51ce2687e5284968a24,ok,230,772
10d343af8815791c7ac5db3455702fea333b5318,ok,512,1775
26586c26591267f413eb09e6985f5501c4aad8ad,ok,276,938
d8d1b17d4b611c43e3aada05e1d9126eb9a85158,ok,186,666
bb0b41ceda20a863e15217ce997f8d40497c35f8,ok,512,1788
c4f2e242b1e99bea623fc293c6f50932d1faa3cc,ok,512,1888
45d8dc70cd63559d0ce69febfc5d31d7e01cbf70,ok,102,360
95c0e25bf318bb37e09cf84601f4ce5b165dc6b5,ok,47,152
6a163b29f8a92dbf9d8aac7d74035ecae817d9cc,ok,512,1837
c2a4b782332b89f565d15b9fb710d026206d258a,ok,266,950
28298c1557a5f19cce95c2abf7cc99ab926d4e3d,ok,512,1789
6e308ae1317a76b703d831baeac10c710e064cdc,ok,107,356
fee836fb3a00f619a0b9415a3c4f821c883e98ec,ok,512,1789
99afeafe489922cb79154250e957ecd008efd048,ok,455,1650
cf069541b802947e6f184fad455482813704d10f,ok,26,82
dc6e12d2a8544a193b782c19d71c11aa3a9af56a,ok,512,1874
3e860c8df79027650755e67e2fd2e6266c9a63f7,ok,512,1758
b3f6441345c29574a3f449daba2df479923b5453,ok,512,1802
5cbf42af78e98cb5deeb886b56c8649637ecf363,ok,512,1792
d713834d9f714a54b10a9825f60de7c91db4aef4,ok,43,142
a87a778e64f854fd644f6c976b2cd4069dd3e95f,ok,512,1866
385aa053014812a9a726598fe696d9e65c0eb8f3,ok,25,78
c36005eba41583c1a58f828e4f86ad5a499b3427,ok,254,954
6ed772cb061a2d2e2887de8c244ae590843478c7,ok,101,338
06264598350e87d005e42a19f171e82aeca8acdb,ok,512,1777
9c73a22e8587cb6882e601c46095b2274a237cd4,ok,512,1830
fdbd9029e70c3246a06bd143d41aeb8817d08529,ok,108,376
16a0ea390a4777eed17b173a72fce5c2277fb547,ok,512,1822
b746762f961a75ce2682a9452c14de1c6ad6fd36,ok,103,356
03416dea1a093afbe3797387c86c772fcdccc3c2,ok,512,1874
28cc33125ce963f2334a3235fd97c4d7814d7b7a,ok,512,1798
5eac9089f099242af07334bd17497aff5c71fe14,ok,342,1230
02d5b481997ff5085c677572d2c068f9dcab3389,ok,512,1884
5101ab4f3044da79d309f028238a055eb74b2f7a,ok,512,1884
96bf36653b15d11ebd6d4bc18ae55c09699d28c4,ok,163,582
4f86339851b18588b9353f8302db42488d4ecf89,ok,143,510
2369224b78c64ecd00b036b0dd18fdcdd31c5bf6,ok,469,1683
faf5c3d1e38864266684316b543b0c511cb9c69c,ok,359,1306
743eaedd8a4613b273d1e6eb073af76555fc8e1c,ok,512,1771
41c444c4115e10cfe6dfed99718fedb54e7a476a,ok,67,230
d0079ebde568c019c776e00913d100b321b6d3f6,ok,512,1811
b58bbfe5a6187b1e77f4233464290a0d76c02313,ok,273,979
bf70042398feb2b693980e32bf253848cabbff06,ok,86,298
fa6a7f70e553ef7a22d5f93fbf6bc0fdbe7ba756,ok,331,1153
42b6c9bc946eef9d16dca5241d5527ad0260bc95,ok,110,366
ddb8e5353aeb76b5c6d65cd7b0dd0f595af8c499,ok,512,1868
fd2225bf70640b56438510137689931a8d2e4d98,ok,192,678
ffbffa35043566ed923deb120c4ab0f27752fb8a,ok,417,1477
0a236626723488bfb3942ceee58ff9c6554a5f0e,ok,512,1961
b0f8d8141450a8a7fc7130d9681ae4945b451882,ok,349,1289
027d1bc33ec1495b136356619103c472869eac9e,ok,512,1783
a59b8241012de09141ccca8f2dc9c53532fd6eaf,ok,286,976
80673546b9a4be92cd0210607830caf7bd80d63b,ok,17,52
919035ccce54069b59f4f38731a7cbcd0dd257f4,ok,512,1850
ea32b6e5ac0bc36f03f47f332df8a9b3f651318c,ok,512,1834
415c059761a6ecaf5f91071976c755f8038a8680,ok,372,1320
cfbcab7eabb2c0faa56d9f06097ecebfd5fe5e4b,ok,512,1896
e4b2cb8f11be4639bd7f1ee674794afbe33dd3c1,ok,250,871
205416473428fde1976e8d52ab4365e9f3219911,ok,55,184
a935b96ea47ae040edcf16f0c12bb88049a37691,ok,512,1849
70b482b037d66275f534b5a1c5e46e5884c76b6a,ok,160,557
892ec113d485803101c442a01325c5f5b2be97fe,ok,512,1841
76ef0a074f9401aca66afe146d02541aa8655212,ok,76,254
3fb417dfaf1ff2794bc87a3fd316945d62ebeab4,ok,35,114
cf535e812c331811c620d765a6054c4f8f7331db,ok,512,1820
03245822e527500dbf2c2c41cdcbf9625147c8d0,ok,61,212
b5a7e4d79c481a2ca53beb2879f67b1aa85b3638,ok,39,126
a7c0422a40e71fb5c50c017cf74dc0d93ea3bbef,ok,154,512
ca51f706d5b7eba36279a8e2e9d390b18fa7bb88,ok,512,1859
1669542916bd7f55b9ac61a97f833dcac1cd8ca0,ok,512,1852
7b399ac786c62f879adbd991a7db0426e5218ad6,ok,512,1851
0df71e377654397eaff2e31190f9cc6b21ee3fb7,ok,512,1842
960db49cb3f23fe720ef6506e9ac17847401eb66,ok,80,260
3b21be42bf8c477db48075cffbef861d1be35097,ok,216,785
17a1efdb8dfb23d43194011ab6e49cad0d1bbe68,ok,93,322
8cf6de47a7ceff4a9826536ce2acffb622c3058f,ok,376,1336
666fb2d7461da1f291fd11525dcfbfffff1b9389,ok,512,1858
cbca6f6228166cdeca914ca5f15b32bcb3c0dc28,ok,78,262
74a86ada27034957a995741e1c067b96203fa868,ok,428,1481
be8ab1aa056a53421569d914bf2a4c845d39ae5e,ok,226,788
a83b601c9bb8f753303254a15c00dd6d7a43ef61,ok,512,1834
acb5a4f1f352a8bab321156eb073e3953d16a109,ok,160,574
45e8ab82a42d1ad024ac6d850e2fb8173af58690,ok,512,1812
b5fcaf71f3dda07a1c4f1e804195b731e975ca69,ok,91,316
bab6c2f156ec6769735e02dee9c80e5862cb0799,ok,512,1841
9d55f4117f7c038e34024dd6d3a2524e7fa6d314,ok,54,174
9c936b40474d299f514ab02b32af2202527e78f0,ok,512,1786
c58317f3367eef70a1039050973d64f73910809c,ok,159,561
065931b7534c195328b407a4bdc5edb29eac9daf,ok,251,904
e9bc0c3ed0f129e18064a646b72be9589124a674,ok,58,190
b094aad3c03daa30117a9a98e1bfdff472606bfd,ok,336,1244
f654d1d2e1c71d3075e6b0f75e958426563a3782,ok,360,1286
5182f8703d9352d1c452d05049a08dbc98548eb5,ok,512,1897
322036815e0b4e319d22eafe47587e3a79baceea,ok,39,122
15f3ceeb285d58b0a5918b9da5b6ff7c7ac4df9d,ok,406,1496
874b27adfb7d1be1c30582199dfcd7470e7a9fdb,ok,21,60
cb920e26613f613a14a1630b3520e22177bef8ae,ok,512,1762
300d6269c84537434b7ee868983c83cb4f98aece,ok,512,1838
f1bc14d6eaa1a59e6fb766d50d36121ed4441ab0,ok,161,558
64d2235fda17fdf5d3a1ac51ef65e15b78a4d645,ok,512,1838
6ade0880df3905fcb902866c76d0d87a0a023445,ok,460,1726
07cb9db0f45bfeaed2459bd08ce1382e3c3aa8a5,ok,482,1746
0b82bd4dad720fc8b0a6e5147f24b458282a3bbd,ok,81,282
c4a3baf163635342be382ac9845a6e8f13d0aaeb,ok,71,242
5889aa459a82bb623054a41e08bbadfaf0a26e1d,ok,512,1890
ddea4f5c3fd6eef82469a047af5d8cc7b9a4c4f2,ok,91,304
06a36d31c8a3c6fddeb59fc4b7c211f8758ed403,ok,52,176
588a2743d79570cd4be8ca6d5511084377efaf04,ok,512,1822
43c7cfd020c2c4704fab4edd61ea4832e23c164c,ok,512,1930
e6564178b6dc46a4b6394f3ec84d0574c5725bd5,ok,512,1835
8de19a52b57ba48f314aad158bd0fc230bf68f9b,ok,78,258
bb2a269bbadecfece89afd355ffdae3410ce29ea,ok,512,1756
f8d502bac92947909c15827218af4ee411fe06a5,ok,404,1417
06c3483959b84ea2dd61cbe6000a8bb2c49c5bb4,ok,51,168
a9c0fb8f8a823cbe7ba8f2cd3420ca9a42b82353,ok,34,106
e491a66b8e4d80126d2556e4ef8c925b244e0c92,ok,299,1034
6a3a38924ffa30ac128ff074f01006113d6a67fe,ok,402,1430
201e7a5f9d4bf006760b9b4cb9231d1ed4c3ec0b,ok,512,1844
c28ada032d7d8755696e42d67acf60422a80fa47,ok,512,1818
17989eeeec430bac01c5d995035b8559b6cbfd84,ok,129,450
8ddb1b733b63d63de0ca8d7382fd2ad5e00b7896,ok,512,1846
5c86289ebbb74435a6168b7d506251c192d4edda,ok,350,1252
7f88f5499b13f503dbb4da8d772b62bf389b8b21,ok,227,852
0329cb85eda6dd7a104157ad5e61365b35991ce6,ok,32,100
f52897b6d5e039414e315a6f084d81c94016e102,ok,256,903
6306e0d8f418a2da9d11edabd2e328b0b7e0dfd9,ok,251,891
90e36184581ef8153b21b356aba30a7fef0cc7f6,ok,362,1307
bab94117c9428a3c592781ae697ed77d51461ee8,ok,65,226
55d8d61c81207b663e3a018302dd87076ccea242,ok,167,588
53211a829f542eac51b224275a34aa3e023149f8,ok,512,1930
950288e96543fee01f57dd25d36588861e14bf87,ok,512,1800
80a9c7e7cbd84ab29f2988b88f4f73a1ec85cfd8,ok,512,1790
757ee2d5e7415d8e350a1a11f077eedf464bca32,ok,356,1232
b0bdef5b21a7d22de6310bb5999e9760bebeef39,ok,124,426
877e34d04ea959516b4718fb54db0f07d4a6d503,ok,507,1804
e7b775236d1fa5ad4151485f316daad7842fa120,ok,371,1371
685824c4f819f3f86df820190578fd1f32137620,ok,259,932
f8cc862862d66a3dcac497d4f811218c019d0b89,ok,125,464
6e74582d2a87184c8537ad74cffa34623dbca3ed,ok,512,1877
68776a9e284809a216604ee3e37ae23342419bcf,ok,173,618
82d4181464d056336c2665c5af6c60660776a7eb,ok,474,1678
6ea10b260fda2cad8ba908a5177521f5b3086957,ok,512,1714
d2ae793319620fad6505f2f9389e60c505d451f1,ok,512,1842
4261da0b09bf8a3335729fd52c1802d15cdb4f39,ok,512,1913
356fd42f4e891b93acee849fce90006f663e1211,ok,67,226
d11421a05ee1fdbc99b0b107bce653bb1dcef3dc,ok,308,1061
57bbc8114fec823d1a8916d8b2339b37324f1a13,ok,354,1281
344da97c553a390c499c4e4ebd855415f617795a,ok,512,1825
304e0cb53ef04293f17e1ca7eab7548c5b547b2e,ok,512,1846
cd2637feaf3cbe0d5d1d1ffbcb1bca52b829ee0e,ok,83,294
f5444bd87d32e7f376146a47364a5e2ddb3f6dc9,ok,67,226
070ce1384e8e20d137b49f23e322ffe323f40b7c,ok,100,342
712df992dc23b9cb9b2f2826acca7624711fdba5,ok,103,356
c16a5230c23e57b541f1222fcb67d167ba2e0741,ok,512,1814
141ba3c4e79bf02637c7d23bee4efd08e337d756,ok,176,605
eb52347fa0f955ea21f7b8099970d597df69669b,ok,512,1816
c3a79d00b29ed9496d5b5f389867376fbd7e2e5d,ok,512,1834
3c9dd92b6885dcb5909ed16667a00f0f987741f1,ok,512,1841
865539c248fc40e0cd349bf13c2c9ca4d198f146,ok,68,224
6d9d4ebc8a51b4b031a835bfc5010f1125fed539,ok,512,1836
6d2267572aae652fe9039f174e34a33345ea4c27,ok,71,234
4a61610640ce14e39f5c7c3bd77a8b7691b2d3f0,ok,512,1848
9e0d5f4f1901ad8a929f0b6c6db2c8fffd1bc9f7,ok,60,198
aa47d4433c16c89bcabc9ee588f7b88525bea55c,ok,35,110
5da9b9567c36f0eafcaeb39deca5a4fec9cbdc82,ok,437,1538
77d2e94cf87b4576d1f774411bea99aa56669801,ok,226,803
f1a38126346635e94a04d19381941eec5d5e0bd9,ok,91,312
545b7213830ed53dc357245ce435e9289c7401bd,ok,512,1817
2ade736edac1e7c211a6dc1ac1c0bcaed35ce231,ok,105,351
61edd79b3d599091acbdd12752aad3bd346d0f7b,ok,512,1798
d0e59369554c174243a88453400675454ce68bbb,ok,512,1849
f8e150d8d3e76bcb68585e4ae0e6fe5fa4995581,ok,512,1786
3b9c82527001f1fa41f01d30a2caf680350fac8b,ok,321,1108
fcfe141384e60485bed772fac2d5830aedc35ec7,ok,501,1751
704e7d9d95d85bbc2288c625fcbdbe543d5b4949,ok,512,1858
a5283dad90000884295822774f543ac97857d652,ok,512,1838
dc7b475b21aa58ca8f135b9e5245b31dcb0db93a,ok,47,152
4ebd7cf0b13797ba8cb6af4a32bf10f10d5942ad,ok,62,204
ebc222c76d6908f05bf5844a273d441e9b81249a,ok,21,64
ed5f3d79dde2f592a5b1943a3caf3868d3c77bd2,ok,109,368
ee37f6fd25fcd87c9f925ecc88f0d5fd59433369,ok,83,278
3ce785afb5e76a420672be0b70fc61e2169c64fe,ok,25,78
be8fc8ee46406af2dc9908be84442a4e9620ffb9,ok,57,190
15dea7a5bb5b574568b509cac28a3506b9f213dc,ok,512,1849
277cb3aea63901c25b0f3ea7080e3de1332e7b95,ok,292,1072
242e37f8fbbbf77b839d1cc6e558cad6a37cda17,ok,108,372
b6812b8e6db2e4c2b5f1bcadfc3de5d7324f80c8,ok,74,252
23c5111b0b9e5458137f505a3b49db205f629d06,ok,71,230
6d89b065dc1ba4e2ebe699704d59dd25b6b72b0b,ok,93,314
6e63256bdee966abc4bdf61435241c2dada7146a,ok,512,1825
2f75a518f22bac513a14cf339d9c27bc4bc20280,ok,512,1870
483bbbed3e2bb1342f6a8499c719c3a0bc5800c8,ok,512,1851
0cb16db24f254ea2a6310b172d82c5e55804f6ba,ok,512,1781
c8ba5ca0f4eda3254e6920d7eb013c91fbebee11,ok,512,1830
e91d721936f99ddda50a64baa5ce5a6feaa9e825,ok,16,50
c92b3bfcf6de04a10303bc4427a742334086bff3,ok,512,1735
0efd865fee4b97e9b8df42ba790ce1bd4a63a917,ok,25,80
a8988783464ba0a1732d33f61e43cb02a35cef6f,ok,263,978
66db02618d30d0db75d3e24da4c73c25aceb3169,ok,512,1852
a93890b12ebaaf7dce21793f22dff395e8bf26c1,ok,512,1868
e5313be64ed50a03b81215a2a1257237685fd48e,ok,214,746
49963bf8b9560050afc632b245706cb300c169d6,ok,512,1806
ad2f19b53956d5709c3d968126be6a243eac472c,ok,512,1803
ac1dddf194d1632eca2448d31e79dd2348fcc80f,ok,512,1804
9cfbf25c41b8c84ecf5b27dde8cb0aa89d974094,ok,368,1314
db4e1fd31748780450bc41e88ffc3f2107cacb04,ok,464,1664
5b91e74089eaa2431d48d182ebd29f28bcfef6bb,ok,107,358
f8de7ae113e822c13e923cd43e63f6cceb1693ca,ok,70,234
69de2ed97cd18fbb8d8c930852a47a280db25a19,ok,510,1851
aef02511ce00a3077417becee0ad07b1768382fb,ok,512,1798
1877de107f9286d959eee21c847964619af7a664,ok,46,154
be2f4179f9bf1553a0c1a5951fdb5aef7e85d243,ok,512,1850
42a604ee2f8b5508ba55ea282d0f7b2653bf7188,ok,120,430
61aa7f632ef431f4afbec700a836f6ab97b96e66,ok,512,1744
9300e531fc30a629a00572a95494c53432d3f608,ok,445,1548
08aec107196a64a3070a09ed030072990e29121b,ok,129,450
b80df8b50217d739c4661185fbdb7b0ff3e80f34,ok,162,578
8c83c57eeb2f8dc13acb37e18ada1781250f6aba,ok,32,100
1ce96ad1716ee18ebf4b7e9ab3a2b2c83e0a5185,ok,49,164
137390e4844bacdf91540795e22ae2384895c021,ok,512,1886
06df951039943a9c65944c7d74b95c576dba4152,ok,99,350
08407e3120dbaca1e0371d460419e3b6466d4ddc,ok,512,1840
0520d537db0555bfa58452f78f313a78a6ac109b,ok,512,1854
28e2e99a71e44aeedf1189cb092b6e1b01169f33,ok,512,1804
861eeef160d9defeda01782facce442dafc6860e,ok,512,1904
c41fb23d54c69c81b7ab320884253c700a893450,ok,494,1721
d52a5d14dcff0539585e615ecaaf7d510cbdfeaa,ok,441,1556
f35d40332f7087893801fe77a9fde2d3b64f39af,ok,198,676
41df78531ef6e4d7291f28c193cf9acde7e18e3a,ok,28,88
6052409ed090c81c9aa05c609fa5a604a240cf81,ok,122,406
37c1da41d13c30b21ef1944bddbe427e23fb03e5,ok,363,1305
796746125358db5f6ccd765e883c5613eaa0581b,ok,459,1707
396562f6417d5fe4647509560d87f1963db49002,ok,86,292
30565f69038725a3ede7498488c4287db2f5d9c6,ok,79,266
4e5b0a14082dd8efbbdec85d4af3da2cb52242f7,ok,512,1889
aa9635f6676edfd57a3026e7134fc9e500053939,ok,127,450
79a7f2d4e8d3d2ac53dbbf7e1ef70bbe18729db6,ok,512,1824
10ac6b74e50b6ccd497f02c577439c7a32f1ec9c,ok,512,1878
35d319df0f72e6c8d77111d6c9b9abab2d05af79,ok,58,192
374eeb427a25dc69dddc4becc0c52621b22735ec,ok,512,1826
a130443de6a93e4e98373dc5066cc55a9deb1ece,ok,512,1838
d9a71fb8ed46adc8ec7d7e827d14381251395971,ok,147,518
003e9b447d1220bc5c6cce3b19c10293be1968b6,ok,34,106
fb97cf9d1c92d07dc04ce15a9f1c8ccd5a4dd142,ok,59,194
62f4a37581534b2cb8a18a40f8dc7a813160dbfe,ok,300,1054
0867c926a042913da868f078e09a718a39aacc9c,ok,189,647
cd9c3a8b8313deaf715acc2b51699f04c7b6fd39,ok,246,882
17c745883fc9701c775fe08b34be43183dab9ed2,ok,78,262
d3d267d226b40bb48e0cf493b47c20322e876793,ok,104,356
3e5b08bcca1975d1287fea893503266825a5706c,ok,512,1858
17811cfcfb775cfb0095ef4b89b72e557e826e20,ok,179,614
10a438254e6808751b35508de5acaf36f4577a87,ok,56,176
c8a321b5571b9da4cd88619752b5d3e91dffa4fe,ok,512,1874
b2d71cdc9ecb9a6f92ad3856d251980db2d5a31c,ok,181,642
823a1d7029e41cf8c2b52a87d0dc2776bf9aa6eb,ok,512,1786
af1276d805d1b5c25471a101722b7cb6a1ce53e8,ok,512,1817
3a5a302e8fb6354a5fceae594bf2d29cbb67ba64,ok,407,1421
4c1de1c90877d403e400dc3da417f920d4c77a91,ok,512,1852
bc5fd276aba6e4b3953400d0c3772f4f41613237,ok,34,104
1c94e8dfa2eedc13918ec26846e021bcc2dc4c30,ok,512,1836
2c2dbeb4b76376cc80201413e064d8d65dcb4a26,ok,312,1116
4d29670576584fc613884942a419e3fb6527327d,ok,142,504
c82f9c04b5711dd2360179567ce104ca5728276d,ok,34,106
a61c47308b7457006fd6136dde70fefec118fbf3,ok,356,1272
db9d6248ce6ba17de68a43f95c22853031ecf93d,ok,512,1809
da3ef0a46497ea74fbd76aef938649203f4a90fc,ok,512,1788
43e1c6d3bbe5280a950b4e21abfea4a63f54a946,ok,512,1809
6255acc7f49554866f3452a19a70ea845e037d9d,ok,271,960
498f162f46684b7b8a4dd6d7de6daff7eb407243,ok,512,1722
7c9689da7b730bef893775a453a9e83b9df64844,ok,512,1746
1fefd5b4efff64cac6b9e0bed7cd22d640b064db,ok,512,1842
cd2bafc3124fbd1969dfaf46f810cfd64ae53e2b,ok,512,1828
8653ad2d13c6ba8fbd2c68737a30f2a8a4078e58,ok,512,1879
b9d43d7c97b8207b0031c6ed696a8a627933a2a3,ok,103,356
502d9daf7f793574d9af6b68f831fe3a7589f75b,ok,512,1874
ff531d8d29ebfa40ff6a7a161a1c99b4feb1a76e,ok,375,1326
30a72a0c7609c99974e6bce79e469c142fa44595,ok,79,256
c2ac5694be4fc0644ba2b0bf53658e35c781ddb4,ok,80,278
22b462729f644b5977907a9aec0df2a3465aa527,ok,512,1812
51e282779a56502fc148450839470e7d88802df8,ok,512,1776
6bb7430c54b1ee2ff04c7d211feec09c97d56c36,ok,36,114
486e611bee91368463b5d2b881ea1751d6f23985,ok,512,1949
fd14ea28b8ba51fb98eca0a244441a9ae88cbc27,ok,512,1842
791fab7c8fc0cb6cdaeff9d6da059efa5accee59,ok,512,1873
931615db983445b2c1d585dfd5caa81f182d7b35,ok,287,1021
8369828388aadee0a000bc0f3574b837b703689c,ok,512,1810
67e04eb3b5ada93a13433faf643771b5369d217e,ok,512,1860
50e8cd3ec1bba92c0b0be98f819bb633f1543088,ok,177,610
d9288a398880b7a7965edad7f6ee173703fc9cd0,ok,285,995
1ae56581bdad0bea142752d3a45dc03278478dfc,ok,512,1867
c22bd9c2a7a53118898c5e1492c46a5d041e4b68,ok,512,1804
855fec5afb307cf920b4a5cbb4429c0e7db3e91f,ok,78,262
91d51e9a82d2068d04193f794cbf3fad13dc085c,ok,77,256
2164906841705f1d96db28f2f74617ca045b2e5e,ok,512,1853
c0fc071fadd03229ac3c9a41c0b1d3dc65a7f674,ok,27,84
7c0999e8fe68e02c7b6dd4c43c92cd7a39a8d189,ok,512,1819
4352898947894288c79c94e94abccc93b49ac0c8,ok,512,1866
e4a3ba97a8749c29516b23ef67eb6ada7b92e6f6,ok,347,1242
ba2ba0983be64a5a74f5211ba75b7ec79c876a42,ok,19,58
d7e4a552566d87c981d0d98e224c69bf752c200f,ok,512,1808
512bda875f905a6f84e5c6249ec97892a4473ce1,ok,449,1643
61ca55b78c47c679c20a8b30590e033845111926,ok,31,98
19ce3c45e5b143b458cbc05c0f4105f92376deae,ok,158,546
c34794a6e87b8a8e4680b24d76af4552d4a07b5a,ok,134,472
5e688a569d1d62d82c8566d120d381c278034420,ok,512,1826
b4da0b184c8e2fb8ee2e6edc52a0acdb75023284,ok,512,1796
96bc2b2174db543d9c74b21795ffcf2808fb3630,ok,161,554
4bbc007b5cbebb59782bbf7ab4c48c9f401d5bae,ok,385,1381
a3530d5b16dbdfcbadae648887008302ffe3d2fb,ok,56,184
f57200d3ebe9498142ee74983982a5ca20673378,ok,512,1844
cb998b16b3d31cc779676ebbd198733aa56d3ce3,ok,18,54
71fc0137f107b4b6daabc41328e5f38db6f66e86,ok,146,532
86853543e667d91a518b11dad14289fcce1859fc,ok,41,132
b5ac641644301ad1bf5f3901dae685066675714a,ok,140,476
16b0da8d398ecd8cacadae07c0d14b34e3720bd0,ok,512,1861
c55db3cfe38d9f7f9dfec3b098f788ecfc3df0da,ok,512,1824
d7c174170af1d721fd94c1a074a897477aa9cfc2,ok,441,1550
e33a144869cae9748dc632925ac89c9d2e0b5d55,ok,401,1368
6b0c3544d9e79999d0c4b84d40fb35d3dcaade2b,ok,512,1871
3336051c449f961d321512478bf4208041c13d7d,ok,71,236
a63595a962c292a56d04d6875aa2304e890775a8,ok,258,873
85e990a826244088ff55298c5ee1bd8e6b573a84,ok,106,364
683390417133d72f4198025818221d765881f6d0,ok,512,1862
c7682895b880dd2a62f04a8a1a508e68afb4ad5e,ok,229,792
03d60bc2f07f6fc865c3e17afb07fbeb93605558,ok,512,1782
4cce66846f7eb8db9add77cf2285e77c04b33a7c,ok,512,1898
b37c6bc2e229e1d5a7707572002ffd0881102d17,ok,512,1898
909e4b87883b9bbfa0c2f88aab0d594656bf1ce7,ok,512,1836
f89bd2d8e86198bdb67a27e45ba94c7b41170f8c,ok,308,1114
6c3a6d160a073adb7c33de2c5bdbf98f30ce2f34,ok,259,883
979f7efe82a6f3c8bdb863d7d6284e4913b23243,ok,347,1273
6b9ad4d012cde671c0fb5e834d7523cd2682d51e,ok,53,174
ba23004b568e108261ed7d1e6b3b2ed639689a78,ok,512,1698
7bb71149cda60b255f5e5989b1080955be2a5a49,ok,439,1639
7407453d28ab37bbf30b063191ae1c904be364bc,ok,512,1874
d70f001a8a8971a2b8aad2be92052c55f1407431,ok,512,1796
5e70a6ab254cf265fbc7c07ec0c90c871154bac5,ok,512,1881
2dec65dfcbf90cd096d6b5d0605877976cd5d0a3,ok,344,1208
19b84ae3d02c162fc5ecbb255ee7537b666a7b66,ok,244,858
4d82c7a67ea4887bd0c7c3a302f0da64dc636ec8,ok,512,1818
87248797d8fa9cf4206e30f8bd5893449c3264d1,ok,512,1806
c1e02704e0e1c2825519dbdb104250423898bdbf,ok,345,1178
0a83f548172c1abf6ecae91bc7f730c30d9096ed,ok,512,1794
1352a3beabc7d6a974488f9589422798ef645d38,ok,394,1380
3581a1d4007e0efb72825d32a349e8c650162f63,ok,512,1848
6dd1762f717238eed4e6558ac53480be1fce4d92,ok,512,1696
e1b94372f7a896d0080a1424e75ba51a2030a46b,ok,25,78
1e9209ff7a1143c2ec121d457fcb5ecdd48f564a,ok,512,1914
96524f7a27712190e49c8d29827b8c8f65cf74ef,ok,512,1768
c963a43374daccf57a899232e3ffc4799e965e37,ok,512,1865
e4f6dcb7120bc64691e154c61defb5bf9e231385,ok,323,1197
52607407914c22008b8d568f8f6e9032c2381b68,ok,350,1306
06dc699d3335967f7d763491de14571c61699b42,ok,307,1094
8b5b4d118fb0e6bce9035becf71447cd097c8d0d,ok,265,949
801a1a8d1fe0e8087e1b0ab8386c3cc6f36db6d1,ok,442,1589
7bf786308b815ad047fc3ae9698fa8188b7f6c42,ok,395,1367
b4acfe7b2e99466ec962aeb01d28484895d32022,ok,129,450
c0735a067dcb1418b3222d4277bf8576e771c56c,ok,512,1877
6008dcd660a5b2c50b921651e4c1298ba5aa2027,ok,129,450
d70b889c4c0147cbe444890afd5c537b31b7134b,ok,25,80
a43d29f976e69aac87116e477ff7a0268ed727fe,ok,512,1834
415275e4d1c75dae89c916b0d0ca906f5926412c,ok,512,1872
0c4788d39604b1af057f33c9ccb9f977541db983,ok,512,1880
07c66fccbead5e9e8dd40dfdc0dae7bdae3b893e,ok,512,1822
136dd38d63ba8a371230f9d5a2adcd48d8ccb529,ok,512,1831
6e2f366fada55a721b7291d99c0be6fc011b92c4,ok,85,294
7e2c37f96544e3e3b61a7285ab5a5cceda73df95,ok,30,96
dd7bdda86abf3fc6c1aae67e856bff6ce31e2b83,ok,225,774
f155a40f7af8135a769b146a4433a8a545c92aa9,ok,25,78
4d7266dcedd4956d0be4090608f6124bff18a3ff,ok,278,976
b36116894acd1f01f21d3be350b27f949dc25aa4,ok,35,110
8a85fe19f081220d1eaa51dd48efa06fa0b81475,ok,512,1848
5d0a09078a66ae153bcfde98b01921a84cc1a42e,ok,512,1904
f00d8bf94f4eac52feeb281cd533a49f87ebec23,ok,512,1854
8dd14987dfa8bdb56056b38ccc62fb3260aa5afc,ok,118,408
5004083dc58f0d599f7d2ebe4448618995af0b22,ok,512,1894
4ea850572006a16cbba30ab992fd178e0c880135,ok,34,106
68dd588439a0499aa664414476df169724614b08,ok,40,136
39a3bffa55e70e6f1a098bbe6dbfd7b660857d35,ok,512,1836
4a1dcfbe4b2cf0aa7e835fa0cc1cef6210ae8326,ok,512,1857
adf96fcfae5ee9dfcefbe503daf9cf360df2bb24,ok,113,390
4083d1698251d725edc13747229ec7beaf78f733,ok,27,84
63202e4ea91dfd5579fbc6e69d5edfa7cb0d2734,ok,254,856
43ded31f119905b3ef4ed5b2f3832ae14792d9eb,ok,512,1909
6bb667a32c1f9c6abe3ef5e22634837e2a670558,ok,512,1844
44499303fae5a3c1f28d3e135782ad006afba494,ok,512,1814
b2e1d3d73472f29dc69b7c0fa545eaef7d126448,ok,29,90
752f6a4866525e9be83f7cb1550981013d12794c,ok,512,1814
32d71dce9e43296fe937f85032aac752aad0c7ec,ok,291,1054
e998434feb9831113d537c89eadef6ef97ba0447,ok,138,474
b95ba4b1cbd173acec64581cb8eca4b2305d766c,ok,512,1814
3b657ba28e4b17a0d07d88ebce302df8082b2142,ok,320,1118
13b3460646bfd6d311d8b74fc213688e483867cc,ok,512,1786
727a1306866894523a145263160ba0731376f128,ok,109,378
38bcd31767e03db87b190bd16571097667062b60,ok,217,747
5d42d5041c3f73bfcecd587be0ef65d7e980f507,ok,307,1107
9b00fa48f40f5b4c966dc4e706121060d48b7d55,ok,512,1822
b37e311e4a06e46e6e72be5ccb7a841fcb3455ab,ok,280,1027
6b0ce3d053b17aea1b2d7daeeb2ef66532b3235f,ok,168,598
7a50715246166b517fede8c9fe92b6a1c007d6e8,ok,428,1534
fafe40df8d2112eacf383ccf74e9204c0be272c4,ok,123,432
7c66313405509714a66061c931ae5d0a117863cf,ok,512,1882
11ddacbbdbb796bbfa279784dac8c73b70aa9efd,ok,284,988
9779c237aef12b2c142916e09cda4caca0531745,ok,9,24
422872a0b1402f7bccd7c29757c4ca50587ad0e1,ok,321,1216
efa2dc47b7de26a0acb896d79e20c6407d697ce3,ok,134,458
0893edef2acbd4edbadda6bd330e4d98951d93f6,ok,512,1799
547bedb9a17209153b497c8d8ddbe7f38fd424b8,ok,454,1652
2d77e18d962318dc4dd5085138cfb22490543956,ok,489,1797
51bf18807244b2479845270854f2130855ec0a32,ok,25,78
518ba646eeef5193e29abeda256a486fd4c9a206,ok,512,1805
90b995d21b152f26cff90b81e65653bffdaf6b25,ok,429,1495
a7fa6dd48d2c962c6f51a11c3534e9caa149b159,ok,29,92
bf4cd485ded0571c61dca23dc6de836ca1a3a4a1,ok,512,1815
32812845c5aa6f7c021376f2d04dbe2257f29f27,ok,512,1867
424b01c67da94e1f3486f4035609260956044f25,ok,512,1821
bb30733f9efc6ebf096d50b812efed39fa04bf4c,ok,115,390
83123e85b9f2a7ee8703b478d6bd7dada7619d1a,ok,512,1816
739ffb8f97d90adec00df4259b934635e8178407,ok,488,1746
9784cf6b540702a0773e2b4b242b4d1a278e602f,ok,512,1834
fc99c5599df896dabc9cf71348b8db69ac60c9be,ok,484,1716
5cd643d777f2dbef2c785045fed7f93eb577caca,ok,512,1816
8dd4617256d76bcbd34dbda2911f3502cad1b52c,ok,375,1366
d1fd0309ee711e69db99b43faa991771eee0b781,ok,512,1778
096d3ef8e7b5a8c05f3d083d90d22ccb40ca53bc,ok,512,1821
29687392010e651c6e0c22f0a9543ae27c2250e8,ok,512,1809
7c2400186217032b9ebc4e30d62091f427c0a497,ok,346,1227
78608eca5aadb77b5d22b75f0e0d8aafb3b765cf,ok,160,550
778837b38c2dc676f36500d005fbc47e5b28a1d4,ok,512,1814
d83b0c7f5c4e8e157fd8feb8888d95f8793feb13,ok,512,1860
cbcc105f4c3666738099546796a6d98ecb22f8a7,ok,512,1768
7c6ec168a7fe6650713a19873f6b3ad993f162bc,ok,23,72
036176e73acfb7825ca6923518b6e94b930ce6b8,ok,512,1916
4cd4e4dafa46054fd3e28264a3a6b038fa7895c1,ok,457,1644
2f2a3ea169a3e5ffa6ff81caa8aa35ee07f3092a,ok,18,56
792b2f9d42dfc8d965f81cd6e43963f9235ffa8c,ok,512,1835
486551f1852f9f28bc98aef689741056090e8d86,ok,367,1288
da34042134475b663136703f7556d99172a617cb,ok,209,704
79a99cb7440a6d58c580740fe9dd01b8c122b0aa,ok,512,1845
0346512159b34e4c0c017fd8b1a941b908bb5417,ok,381,1360
5af20944295035ca4e46534526270b76d920c14e,ok,512,1779
832abf16d67d1a85238f0caea9d708b6e9958400,ok,67,228
45c212c27d37954787ee25611d339e43ff157bf0,ok,512,1778
9e4f10e1f6d043741b0bdf8d83adcbc1c920c2d3,ok,41,132
3fee06ca31c7416d2becbdd7446d0c5501388b42,ok,283,1031
15dc2b2258620b6c8b27c8b2db189f498617d08b,ok,396,1439
6423575ca632c11e9689af8cf1f62ff62fce1183,ok,14,40
ac0d80b26b3d35f94d02fb1b9bd0632e31d794ec,ok,17,52
7b357a83e9964d4856b49f132625781d969e4547,ok,418,1515
789d2f349bd8bbc365689d1cba7d1e8495744f70,ok,512,1809
ea5045082e0a7c57987799c14d6aa3c1bd33165a,ok,83,278
32bd6bc194590236273c8c1d299c62ff04944723,ok,33,106
2d3b39360678d29da5f7813c578b0729979510e0,ok,512,1858
62a5ebb63978ef4c5fbdde4c7c5011c65ebb8e0b,ok,512,1819
ad6233826f346f7adc0f54ee607441b2dc2e6f5e,ok,512,1816
8128942689d93b8827e0e2a5b3759aec82442049,ok,512,1839
34eb2ae89dfaf2f490d505dc0413a56ea2fedf2d,ok,59,200
6485d7082a7d768daa283924b9f95b69d214d325,ok,27,86
3447bcd1dfb4595d2617812769dd23b221b79cae,ok,505,1817
5e3b873f073a3f335a1f91de235b92171afa65c3,ok,512,1833
cda274c6a821398c61e88668e70e35d5dd83cb47,ok,141,496
4015a4917a47a1dafff1383a8b26f12b3465fc0e,ok,512,1825
c876df2275f18018a670b4d55654c249be2decbd,ok,33,106
f60f4ba25f0f25da154aaa10cd289ae39e7b7439,ok,512,1776
7119122d2fdfc339ec9594928e164da1a7b9bc74,ok,124,426
67f8896741fdb7dedb736f4d3c388d9495a6226b,ok,512,1808
b030a386d8d9113f3bccbc9cc566e1b1b1a4fc14,ok,512,1834
8c1c27bec9117af1daf568b25aa7ae30566b2625,ok,512,1828
ad4a30898be971c329c34975733b4262a9887ea5,ok,37,120
4181ba9000ca3aebe5674bfe8159174374ba685d,ok,196,664
d3966146d3a2f7c0a2bc8e4e38024555478884b7,ok,512,1858
d1f86234d125c8121a52f38d30fa61f2d93a50c1,ok,512,1884
809691f6f4d1c3b84fd3d784378119fcb679d3a7,ok,512,1806
6a8534683e9d23531e8837fc11f344f7af1fcbb1,ok,512,1854
ad8f7395b3b997849cd4ea54de79b5f468d8891c,ok,83,294
b451a4ed37124085a492087d7354d8577ae24ed4,ok,99,330
9caa5797799f91e0bc83103c37e6847a3c2d833e,ok,311,1086
d2fa88cd693dd50289e24a400a8b07bc28d8f466,ok,512,1782
5ee478a9e926ae2bb4899e86524810d8251910ab,ok,290,1048
a502e0e8bfb97f8852f053ae6790e9f7e8743142,ok,512,1838
908f7770eb816a8c1a365905bdbbb165408ecc60,ok,448,1569
0a5ee25f2580b6524e137563848510cbc24afbe4,ok,512,1882
3ab88cedfb5b6dc9f9e73749abec32533e2b0b21,ok,512,1754
ebdf91cb6d11b46af3daac19ccd15bf54b69b010,ok,399,1436
9d8232657befe4e1d61b77f8c3e99caa07ae5c5c,ok,512,1879
63748d6cc1dc045af7d0f89361b77bb0c9c3fbbe,ok,512,1867
f4a72e551a3bea2b0e7073a6a9807fe0ec62399f,ok,512,1820
e78e40068c8b550fdf4c5e0e5abc8a5057e5a4a9,ok,393,1395
b9b85c74a15f317aa49d24d11b18287c79252863,ok,58,196
b1e8fbc82e2fddd770211c38d0f97dec1e805013,ok,47,156
3e3f75375e430ac9cf94df29277ad759c377a689,ok,512,1803
c536ac26a34210deea332ed32e98ca4859194a7e,ok,512,1843
a787f4c8a9a7aa666a20bb8f29c94c3cf304ea74,ok,41,132
d7ebf3ff7a2771c8e23db86ce92e6778e0ceaf62,ok,65,219
e1a10b9b6d7640326f620acd0df5ad7736e2eb48,ok,512,1834
f4d3b73a1761402bbaf62a8209417bd70447b0d5,ok,142,501
51dc72fd1abed956fe10fadb1508606485f4858a,ok,512,1800
ffcc1fab00b00097e58ae7c521440e8afd279632,ok,152,531
e36ec05c53e5fcc184b06e7eaf39b734487d1110,ok,171,588
c82e0d68e3609100b527a279ee2fec4a4407c7f3,ok,512,1858
87bc978afa658bf302e85a5543f8982f10ea85c1,ok,87,296
1f9d5aa25a2552c7e7f54305d49424b586f457a6,ok,35,110
eaac7beee8da7443597d38ca8ad956ead62ea59f,ok,12,34
94ab76572d417e3884a987fe1f742e0cb22a2551,ok,35,112
df75e20f99dc08029474ef857856fc6dccb8d402,ok,290,1016
c30e0638797b48db83fe712c2bc93a2ad78c4d89,ok,54,182
33eb9ef2c531233a8da15b257593f9a5cf02a4fa,ok,350,1220
b109e4a5b7f1bcab4c8f96328b109cd78e26918d,ok,107,365
cd9600264b3e1e9eb8b5a65f46747febc892aa79,ok,512,1815
360b17e3af0c78b18fbc16ddbc12c7df20c09f49,ok,425,1456
fdc653abe1c76907ffd03528ef7d8336243af2bc,ok,512,1824
652d67241af3983d96edfe5015ff8938676cda67,ok,512,1831
2421dde18c09732d82a9b951567845792e2e175a,ok,512,1773
a45d24b353441be415eba17563fa2aab53a5e02c,ok,512,1870
58b07b33698e31b357a17efa87365df1fbe363f1,ok,53,170
cd61cb412233a98cc82471b0ee3a75749c989318,ok,512,1830
8563ffe2e52a3f833f3aa1084b85b5756d6854b0,ok,512,1780
7532680193eac32dfdd2956ccc072557e4247e55,ok,335,1214
6ea0a7a46b52bf10d1ee8c1d95a16cfacec59aa0,ok,313,1090
397a32df6ac1a85e2b459ae5b58ca6a8e4945c12,ok,512,1814
079583f7ce6f8de191416e2b1915ef3040f39208,ok,512,1827
4f83fec00f03abafbbd14bd8327b91302e574967,ok,129,450
c68f3d9b0c44d64d6a36241db1c9ea6850329ad8,ok,512,1843
8f63f82d7406d4d59291ebb4b4524a015ce530cb,ok,512,1828
bef3636c7ae915aed619c3e66856d37499f88bcb,ok,136,448
b9de7053e550c1227d1b1c94e355cb6ee40fe52e,ok,512,1774
e59dd7f70c7bdf988fa42ac4430bd09123aa34fe,ok,22,64
3a0881e6abfe03e5d2116ca805cb8244d3b91cbb,ok,39,120
41bf828509bafbcc88bed9d5233167bd33fde1d7,ok,181,604
6f8d82895d87f5b467f4a535913dd795e2ef7901,ok,512,1785
21a06b70fee98190bdf0d1d103666bb3f0a8e67d,ok,512,1790
753d56bcd3d1d5fdf452c1a1f1e403bc9e007cf3,ok,33,104
7503f647ffea24e87f9ea444d6b740ca26163b3f,ok,17,52
f1e128fefac9b7b95341fd731a302213140dee29,ok,35,110
bacb9c829d0dc15b99d8ccb2fc605da1a731185b,ok,249,876
5e25f5f8d0719319347005cf41c5ba8c8f4f7e9e,ok,190,652
44aa30296e0dbfb78845d94f0f8050f86417eb9b,ok,302,1078
911970ba87968457a91288ff54d1dded72e3b00e,ok,512,1916
8fa4e70a24130dcb9f6ffe0f33c82b0af85c255a,ok,177,630
e27c7879b034eebc034ec51fd1a09e5ef01da651,ok,64,212
61e199b1d1afda2a160b4847039627180b000269,ok,203,739
2ae192e9713ad8298773f382fbc9a839b98c507a,ok,25,76
f78c08a6ec7824f394392d24e7abf301c8077c83,ok,24,74
c2aa8c08efd9b697196d6955ab68f1e6c733b844,ok,34,108
5afa66eb58d18322fe9243b38cbe4627d9ce86a2,ok,275,986
44abab776ae6ccb85cef2850638c8ac922a5eab0,ok,512,1794
134f926fa2f833074a93fac9bb74687c04bd5042,ok,19,58
f4721f159201af8e22cc0843e30f635d17903c46,ok,512,1826
9d7c93205e1460798f3b24d3183a589bb89d3958,ok,512,1839
91cbdee336958206ef1af261cdd23795539643b4,ok,512,1776
7982622f76188deb2afea01f1e021be9ab8e2134,ok,512,1782
54a69886e7ef32c4ea1f8d9faa5b1fd1010e0c58,ok,512,1823
7d61c479a9f389cfa2bc006fad70de50a2855836,ok,379,1383
5c6ec9949bd0c46af92a404a6c1832a48c56c547,ok,509,1829
d2e62eaa161f42ee881cadce56028b392b42bc4c,ok,443,1631
d447c09411ae4b5ee76202e7df17f38367b3cd06,ok,512,1886
29991e8cd917ff64981170df8b200abdb00be297,ok,165,580
69c8d36db0da741f284720fb1d0b908db3b88450,ok,122,418
be08a46db37cfb1f9db1409c95090949a93c9ced,ok,354,1262
147feeeaba516bfcba226d6ce5e7814510ee9f56,ok,244,848
7d1abbf49e97eff47f20bc459aabfdfd71ea6b74,ok,120,416
c274d55569945ca2e6c7f00f62e4bc913f3515df,ok,129,450
1e7ba9085942434fd7096fc211511ec6b7b48c2d,ok,512,1849
ff3ba96a78a3dd91deedb5b0e3242240ad0d5e7f,ok,512,1788
b30d0b18a6ec608d23b73a07fafc25da49d2bcd2,ok,111,384
22f40eca5df281cda1a09b7c01db5ed3a813d990,ok,383,1332
238e825e38dd5674d852e56430e3df7965b2106b,ok,428,1497
591538766d4aaac22caf5720c3b16a466c813efc,ok,512,1959
bf57caef7a5b404245a34ae9105af4d1377d304a,ok,512,1807
75cc03ad04fbf99012a2e854e0b988c42d8957c3,ok,512,1839
04107991faae1f99c0afe0bad83d0ee642be15c8,ok,399,1356
c24fc6c8e0dab67c1d833894b1a653507eeed9b6,ok,512,1839
1fea594d09086c0200b304249576cff785bd84e3,ok,352,1252
fa774822c9fa79eb9b6e3f00536157780a58ef7b,ok,512,1834
6957ec250be8d9ed83070484ae1b7a7622ac381b,ok,61,192
91108a107c06bdc288c219488f8ad5ad988e5b7b,ok,440,1547
5e77a43336e25ab47e78b3e909fcc7f45c4911e0,ok,146,493
0eb75b90ba32f67507c2f8134befb46edede6948,ok,137,476
25ea0afc804c049c76330ab2312354d6d3beb7de,ok,327,1222
20ce2f72b20542693213ef246d50a79362a44c53,ok,394,1416
b13632a797a908b82417b6a0643cc2a4ce562056,ok,512,1836
c9d4bd2a8861acb4ac378027da0ec26d6c3d44e4,ok,512,1828
4f254452f56e37cded1ffd9b34bf31dcbe6e6628,ok,28,86
d0555ec752f966b3b77090c7336d65ffade7a57f,ok,512,1841
13cac119d3dfa3ad35d8116b0900e504892c61eb,ok,67,218
e5b3af05f66f308b5612f9e1a4d38874a0c55613,ok,64,210
f68f18b3b6c84b87d533ef4ab11c7ecb11790549,ok,512,1722
2e82c483d1cdd021562d34715684b93d20824652,ok,95,329
853f7fbae7b82ef45727223ed02ea88ac2260bd6,ok,459,1636
df4871ab1e64660579d7cf7c3338513dfb9f0b19,ok,512,1842
de60e12af860c328b66ccf1e9b9f59865a116f76,ok,18,56
e698fae4526c8134d1a724d41a92e32e32cd708b,ok,47,152
fa5a7de10ae652c274c2757de6f8fe29fa8f910f,ok,512,1843
a60b669d117370caecccb5f05f529520b1cdef34,ok,34,106
72803fe87fa4f151f9a5331837bf4e2cf04d6e32,ok,512,1821
d31967e4a7e9ee38344cf39a811deb2f2ebb0f59,ok,301,1048
07450b995e4429c1e6c861ed28fa1173d2c38749,ok,127,452
700659e6e71e953df31937bb65696dcd8733107a,ok,83,290
5f7ee3dfa8bf6da7111cba4f3ad1e276099de781,ok,512,1860
803a2310c194e7613654d6880b3651fa986be9dc,ok,178,624
50178a60c9b120282c1dc6f2f6ebe22cbb2040e7,ok,383,1379
3bc4161f46417192f788603c140a5acf28134d42,ok,294,1028
f78f45ac14971e0ab6d50198d252876398c1ef4d,ok,78,246
701ca2edb929bb4369e746dc9d7e7c1f5dbcb57c,ok,512,1842
f6016b59139acc959621418d3fae562a3a552ed5,ok,442,1540
b69ad0cfb4230e193af0371f00b9b685aed015d4,ok,129,450
23ae8f74b0f011fbf06685fa6094637b44cce1a4,ok,512,1844
4ba0b1eda0b871c89c3924727d2dc997eb5d399c,ok,512,1813
5d44262d72cafff560bb19ec47e59f1b975ab38a,ok,261,947
8b62b9b199f86ca404bded774e4a7cc4ce2b137a,ok,512,1843
48693903a37eecdf7cd73fee6d9320a43d263ca0,ok,405,1415
310b2d685e066f00b6b2b448498fe5c0f769e9a8,ok,512,1796
f8de86b2d0dce94f5d6d054bd1f1bfe208b85a6c,ok,512,1924
a8e9fddc7e8d86db6e3789bde5bf8b8f4ccfbca9,ok,278,978
16c6edcd181b745c9509c78f8991b97fba481764,ok,512,1824
25654117e42c8d5dc6cce1629cddd4a222e70e53,ok,211,738
68b65c99da32d7c75e7a56808842422b2a537109,ok,228,786
58f105635f9fddd6d47b837dce7c6a3cd019ff8f,ok,512,1819
967d4ca3b550c96d3aaf25336a96d0136c75267e,ok,158,524
3b3c855a8defff71bb502883d0a3258d4e6c3b9d,ok,512,1784
1bacd1dc537375402c2b8cfeecd495ee0a20b2b2,ok,170,582
45853aca6c598ef1994f1a6e102fb8322514501a,ok,512,1881
4b0bdbbb27ee8233c02bf391952fd4d882719273,ok,512,1860
77878a3a57848663681d0aaee22ab00075596a7b,ok,512,1791
617120b4ce6f9edad9113c41ff2ed6d786f0a819,ok,77,260
911ef76a22a42468eff1f8a34f2ec33d74b84004,ok,512,1779
3e8a86d484a567d18dd2b53a09d10a8dd854c354,ok,213,764
5858e4b05528db0f4d71edb34e2f1d56d4a0c304,ok,503,1788
ce43e848fef70fcca469b720947f9c026f39e29c,ok,126,470
e72b5807f58ea71fb2aa7daab90c4fe83d4cf2bf,ok,413,1490
5432d76d77f7aa16573252c08059f3df172f8db2,ok,278,990
081d752f7d5165177b856880c0646cbbcda97a4e,ok,512,1806
b670b838d86b468d9f739da0fd534693b9b901d2,ok,25,78
c7576ab24b010d1bda0979bb67f996dc1203bc91,ok,111,391
6e4958e73f04e6b4e639743f109f6b379d0f4a0c,ok,91,302
6e3cf8bbcea7ea5256f6e3754089f5eee8871bf2,ok,512,1827
4d07ea179df6219018313d432166078c2038392b,ok,200,762
f5a19e609bedaddcdae21e57fefae0a511868e85,ok,444,1604
daa35a8d13db51c820096af6e519021f962ebb57,ok,512,1862
e90b643a4a5da372080743431eb226f9cbc9877b,ok,512,1790
2520c1378df1253c44850f51b0df50a5a1fabf04,ok,512,1829
e77179aefb4d6d65d235ba5056ec958adb852e68,ok,512,1864
da53244bc1ce2d36bf10076cf0de32af80e047bf,ok,110,400
f70ae8769ea5755395956506a053850c4062fc17,ok,46,152
9c1e3a2944ac1a15c86ccc63c8eeeb5a974b7e08,ok,512,1775
e35bf87441f593a221b2fe35e2962b0e03907a14,ok,512,1749
0af763ab5ba3d05d980378d5885e36e29f4b7c2d,ok,512,1852
eb0236e2f45619a825e64ec069b27e0e98b0629d,ok,512,1852
d2fd3bf59d10e8cb54055931640159b8b10cf227,ok,512,1840
7e2f22b371105605333c5744de16d58594f0e6d0,ok,233,813
4fde0e6e192abf02ce496a10963d7006cc61de80,ok,12,34
5a1c814f17553946719b3c655ae04ecf4f3c31a8,ok,129,450
95434d9f6a3d092f7e9dc747cf3abfdd0e037bb8,ok,229,792
e09d0ff33ee0d6dca4479119fa2263c4df61ceaa,ok,512,1831
f6a2aa6f3fdf0670bd306f4308411eac3a29cbe8,ok,512,1820
9b504aaf5428a388d74c9c550b57c983811a44fc,ok,512,1924
20c21cda47b6e8aad576d2550f164b39c156fd8d,ok,320,1126
cabfd0876e33f0c9fa1c1d92d4abfe1f1001b39e,ok,512,1768
c19e58dfe79f91c8f37184a7ada9ed18e2a9e009,ok,66,218
89d95c4101baf8c23b2087ef4ddb39c165fef94c,ok,219,770
f80c71b481aa156c989699f079138ba734033b53,ok,512,1910
20333aeffa0b604e8d7446b1724caa5d0775146d,ok,34,108
6988754cf6765e728a7319ceacd96a0310b5b513,ok,389,1433
8532cc46fb02400b7e39c4c4faa1abfdd0cefd2d,ok,409,1474
847e1991bc460588ddf04baf5c4811375f3981b2,ok,512,1862
a6e0620b00d78c83eb936ea73bfeaa7f5ca59dc5,ok,267,952
e953acd4cd6acb7cb1f21e6ad0a4217c551c4ee6,ok,512,1834
56c99be72ee5008c95ffac836808430eb7aed816,ok,512,1799
c93db947434a9eaae85c089a3d932dcb1cd68908,ok,512,1832
c673226ca1ed852e7fa7d69cc922582a87708df3,ok,365,1285
db51cee7690f77fabc70310f15b624b6b037b098,ok,512,1804
4835efdc1a0dd3bc14228788ffc547f4b349010c,ok,512,1822
5c096263b574b79495ee226382dd449e0762ee80,ok,512,1839
971b2c2feefca256f8b27b78a036070d9f78c12b,ok,223,799
7b3ad17009ec3eba9a9aa6f7d87d390bd84741dc,ok,70,238
031affbeb8197929323e4d8d6ecfaa67fda2358f,ok,239,865
f231a41da384843961dd2715c4dd06bb32360657,ok,512,1831
01d6001658150aa5c0ba93d9752bd593e6245192,ok,512,1826
e8f8ca024706876e3906b5beb700789b276c7c7a,ok,512,1727
61c27b7b9e29c887e448b920b703454890e154c4,ok,512,1829
45d953c72675dbc64dd9614e93df6e17b54184bd,ok,512,1836
031b7ff274efb79865f3584037da97c82ff1cac5,ok,512,1814
54223a7435bddee9cca1f20a79cd4aab3e696fa4,ok,367,1268
2d70184f8b57c4bda289ccba6ea887fa93642745,ok,27,86
4df20377c1fe11f4d47d301880c631e8466bf9df,ok,512,1886
d268ee46f3a6168350b3e78b058194a9649f09a1,ok,184,606
c5d0fbf51592d1ba17133adc464de69e849eeb18,ok,258,908
47d96a19ef3eb945ebceb72a1182dc82501301cf,ok,153,538
15ddcddfdb211f2852a9b7b957c20e1b8f647e00,ok,512,1794
973aa8762620f4298db228f11caf47ab6803c7e5,ok,90,312
9be51ed3fd9eb6967f9e09c109c4fa6fd8f12bcc,ok,44,142
1a0a4873415b74f9a545eee4a698bb92a9fba935,ok,339,1230
4b4a33d839872793552e8b6e9b8cb1d1d0b93ec3,ok,512,1824
d4e0df3072999c762ce4fe100ef5e53c3a925a61,ok,420,1503
d0bf55c332380cab78e799038ee591cf23876dc5,ok,206,716
30f09eed28012d86b9614e1f6b6ffe90c861ee14,ok,512,1848
65801d31305f9c27b0b6f7f2cbbe6e8c5c382805,ok,25,78
745a88b5676c8ee4439f08a11afd06f2a18c271a,ok,52,174
c84852012e841cb0f60292340b47c33a387aa56b,ok,67,218
3c0cc0e34a74c040e8da8486e8a73c142e4f7f55,ok,156,540
8be0561e21a0ad64ce2bf2bf78a34c8c81a06d50,ok,512,1848
6dae2084113f50bddc8e5ab6bf681a126e01e50c,ok,194,678
517ab3c3879ab0054f05c6d495f01ebbb1af532a,ok,512,1844
eb98799ce1491717498a5eb20850a2be29414504,ok,91,312
a4ec7098ca9f18b6fb0c02e4a44ce92e69a610d4,ok,512,1840
da2f4e712166069ade5012aa789b55e37b7300f1,ok,119,416
d08ab5ad5df99a3593047c03df6d055c9e16493d,ok,32,100
cee13bc3f7076d6e0c231c11cacc1913e4303c80,ok,474,1665
03ce91efd6ecb50a2b2b58aca199edcef4ce3021,ok,512,1882
1c7e372104134886c779f6b6cbd140ccb95ee3f0,ok,512,1968
43199ebd4ad7d3385980a15881e26290520ecb72,ok,60,198
ab141a9b0bb723a236b659cacac626bfaffcfe01,ok,460,1702
74a42831bf2e0180bf61b193d12faeaae46a4def,ok,206,712
2c1264d6cec0d8d9de99b7da9e3b6c67bb044e3a,ok,512,1782
7ce0f67ac3d86294af876dcc38a86e1e8f4c9526,ok,512,1839
f8a58561f584878e4ac397e5b636c07f34eb0dac,ok,354,1222
07b59ba3416251ee7a658c6e94073c8821176730,ok,512,1844
77cd18912731721a2fd25a3e089e3aba6435d3bd,ok,512,1849
db631b16b283af1fdde228d8a10837879fa51320,ok,213,778
ca07143e4201198cc025be8e069a8a37b392d24d,ok,512,1843
bfe93c95cbf77680dd98b1f9ecf44a68be9c976f,ok,512,1760
3fccee6704369326adc6a202804f3dbef714ae47,ok,183,650
3e51a28e2a345a95b4c714373d125f3d308cf37d,ok,189,644
6777fdd48aa5b99b381313647d80fab262161e90,ok,512,1772
d952e3362f9745df70e7e109ed4928f49155f6a5,ok,189,662
7653e5ed4860976dc04d5c04e63903ec9b84c326,ok,198,694
4488faaffd4fc4d48281820fc539cf79ba264249,ok,415,1443
3ddd8525f29ca64880dfa19556ce1a8506bf99bf,ok,267,936
ecd14eef461a5eb72cef6eeba2c06bbcc9ef5f0a,ok,319,1143
26eb815dde3f8d779515e284c038d05ba0e5f1f9,ok,512,1757
9e0d1f4f626011cbd7f558f5b5d3231a89149895,ok,131,444
0996434aadbdaecdde3a3b4dc6d4dad25964d0b3,ok,512,1800
61382ea2bfb86a089cfc96c80434058a45efff4d,ok,34,108
772116030d7e89d22e9c029436dc21bf5d3273e9,ok,512,1887
b7660ad88f120ec31812d38a4b16276fb79d87c6,ok,512,1837
b88e72e42685d3a8e3699dfd1cbb9544579c57f4,ok,512,1806
9c2ec8ed25c6ad0f4709fa3087a1956443d2bf69,ok,43,136
25c36c72902876982dbe57671fa169f8c8db6104,ok,512,1804
4ea2bc021216839e548654182ed08e44668d4735,ok,106,356
2347e0f84c592b3903a8e4663e0862839ce35a3e,ok,512,1850
c7227238a949f56e03d813263d1fb14bca54837d,ok,130,447
e220b2fe6e6d391c72ac81450ae04e33d872cddb,ok,44,144
1641bb1bcb40d201612baa2ea67b625169591f53,ok,495,1827
cd169798959ba706baaeaf91ab9b3a0b5724d0b8,ok,49,162
0c1b9cbb4eb7ad23a43f74e2479d0fb2346c9fb6,ok,512,1825
84ae7e81563acd6cd12f462ca83d8583fcd9834f,ok,251,852
fcd8ae8269bd8931cf5f01070f80fa8359395db5,ok,512,1874
7cc4698726be409d176b7e7a83e8471d5eb6c7e1,ok,512,1768
52ba74bb11bb1353e53d836615a8b70f605d8408,ok,363,1289
95afce7f2c154ec09eee795a28c36be7756b6285,ok,50,176
6c98043dcd2093a5c332f1fb388aa62248d363ec,ok,512,1808
e0bff7898e34a033f1bcdd7e52274fedf81f5e36,ok,512,1768
40877732908531e6699f329f4eba7ccd88196934,ok,201,666
99b7c23227e2cbefd17544744b88172c49d7c67f,ok,512,1802
62360ddbe590838ca45f523403111bb98127cf86,ok,435,1586
8868ac22f649e05b44c77bd4183b34189f3b978d,ok,93,326
3acbbad01971839a25a8216da033aef27a3e6448,ok,137,488
0c6b3d2799aec25cef4541c7bad31ead7a68b14d,ok,512,1863
f223a281ecf313628deb54b58d9d5632c4df8e1c,ok,512,1800
754b55f0d63f8b83f44c6d42288f8879ce088811,ok,176,625
4948274ddb75cbd1b8312c69b5e370db963db25f,ok,249,890
2974b1be1a26e0d902794db451cfc6e3ea1fcb3d,ok,512,1846
14f0b23dfb5833b37f2ad2410dc5148ab40b7e69,ok,512,1750
159e4d5ed3bd28935442863f7a4233be5c10c9b8,ok,58,193
e34123bc5d4ab0dbbb6d6f7a9bfc11002340a764,ok,157,556
7471eb0f7c767be71e6330e14355c5a6134e55b0,ok,33,106
3d76129082eea65c82189beeadb0a4e190b2c3ff,ok,512,1853
dbc10dd0d6cab64227c005fc00ef9421654aa0f0,ok,512,1900
d28f5be8c2d00e5756c70a2946768d6877e95c55,ok,134,476
b102f5e50d051f2aeea23424f31b7c98eaebf108,ok,512,1668
0077d0f8a367af15b8ecb40c1b750e48c6f90c36,ok,226,806
b909b8a360aa0d0b7111a25ee0365b4c74647fa1,ok,512,1836
c7236c4c1ea6f55b6e0a64e8684d20f43ba6d9a7,ok,12,34
1cda116a71b41f8518f751831b5f3f38bbb574bd,ok,512,1823
1476e4396c10e5dd967328e93de9a7a153002def,ok,512,1810
55261105123caa9906f044e406ac7b1e484b3ca3,ok,512,1871
f616ae398f75a70796531c48b97a52624d2f431e,ok,512,1876
0e420693402a1593b5ca20f07af95cc3a3bbd3e7,ok,21,64
482c4e9d8151d44b665e95a332b2238574a676a5,ok,86,296
5472baabd251daa43a3554fb3c13f5c09a4c0b21,ok,93,304
defacfd04714713ea84f0ef25f3e19050c3c457d,ok,512,1812
3185a3e39b47f8321c5be7b4a388e25a4fc60758,ok,40,130
f4ad954d2d4b4533c875743cf51a11541489c4a7,ok,296,1076
ac10de5b6796f32df246e3f8a5b4b0d58936812a,ok,286,1028
667cc1bdc25c185540680d6cd66a3b2e9db3aafd,ok,512,1824
ccd9fcc01e81dbc6d155fdbeaaacb7f8b691cb53,ok,512,1859
8a7200e37d6917fe707e47a02be31c4339408017,ok,428,1562
7a45370616f41f2ccb2ab9e651243109b7bc8245,ok,370,1277
5998f811ae90aab7f2cf54818637052a08df68a6,ok,205,712
7b73f5802fa1aeb55d56f348fdb7dbb4dbd6861e,ok,34,106
ad28a26eed853158a24305754148ef881f8ed2fb,ok,512,1787
9349980a35affd4f0683603a788ff0dcec0717ca,ok,290,1048
ae2d55980605871a8e313abf14e97377ccf97102,ok,512,1854
47bdb8d03ed9c9b9a1e02943cd659881420766ee,ok,512,1844
72b62604157aa4f16acbd70f314ef655ab83a5ab,ok,389,1459
24c4684ef837671fa421bfac855d68f828271654,ok,209,759
a4bdecb675205bbb53204b7be77e3f73f650dab7,ok,512,1726
be1c32869720ac160359f2635128cdf07afa5ecb,ok,110,366
cb6326fb6b081916e31b407e85b61df79c40ffc5,ok,431,1564
49dfe01e4c3ee2b3bfc32bac4e6d000fe8d01ed6,ok,199,690
e1a1bf869416f85a88d278e243725674ef05aace,ok,219,744
9db8dd2ddf577874ed4680b324af8040ce63581b,ok,95,316
fedbee0ca9e5aa9c7221915d98dc6149fbd8effa,ok,512,1720
af6872e9ff5c5829c28eb8dd5f8190922747b32b,ok,445,1645
b02b05936c22d93589a20642dbb8c064c172f1ae,ok,512,1764
22892b5ffbb8fe188fd32df5580a3dfda0bbed80,ok,512,1840
f4f38d019ccd1bd7f273137607fa35a29031d45e,ok,110,378
3693d6d992679048a7b81b8978786ecb9399dd76,ok,512,1762
99a4439834b72ad17891a636c6fb15cf2aa4fd5d,ok,199,739
a17b2c828e012fb51e0207492e0c10422282a4a2,ok,512,1846
e36f35427f941a3e2a9d695eeb32c1fc922a988f,ok,126,416
4dec9a0b35213d6e368fa9dd94e258c1d9f2c7d8,ok,512,1942
fe6a8de9310bff5a0e3084425511d4e99dc58302,ok,512,1864
e5c5619f477f9b29d60e60bff2942cdcdbda94ec,ok,200,706
ddb17740c2590ce432562718ad348276e79df27f,ok,214,746
93d5ee389c41c3876205b160a2b8ecbdc2c17c0d,ok,512,1822
da9c2730a2892f72df07022da635de0dd9a91cf0,ok,214,747
7c6c4abdaca6da1f9453ff13377743881d6725a1,ok,512,1822
93238e5d905def136fc084efa60b9897e9dbcda3,ok,512,1883
44855998e7fa670d4eb6b407e5d4df9f82c5baef,ok,512,1868
33cd43c5a1a28dc473fbfb66131a255771673af7,ok,226,789
5d3df341d4ef57e4a6db92119ed83a8dd1e7b6fb,ok,289,1046
eb9b35f26006293d848e6f5f926a5d62b5641a4b,ok,114,384
207169456c77c28d609e6d9559c6cf7b74ec0edb,ok,512,1828
c8cefe5a2c6ed58372d6d9eb2ea4c59c4e2529c4,ok,228,826
55e4ce8f1c26cdffc1414b34f26e40d4f0d166fe,ok,512,1827
eaaa13d5464556adefdb647d0511bab372dc9941,ok,266,974
533950a0c9eaab4e4c54e293f857877e11e5713e,ok,346,1192
6c4a50bd073238554abb1003b3c276c0caec130a,ok,512,1832
3b86c6dc92e4725c978816445ad525203f9d388f,ok,59,202
ff0a77c9dc49d8771bf03613751a84e8600aeae3,ok,512,1776
0fb9a5a7a578a5c73927a28d765abc2544112b32,ok,512,1850
0e74d954b42137d04866fe1a58a994bf9754e40a,ok,512,1837
8ecb9b7bb485e292dbcaf41f8ecbc644012fe1e3,ok,132,450
4a656122556697cec4be390fe7bdf3564aa4f37f,ok,512,1805
b7e6bb63eb8c563b54c7fd765fe875c22118c22b,ok,512,1856
a7ec48a9674b35ef5ddbb24774b42daf379ada8f,ok,244,854
69264043f2b0d519d5dd9b43aa5d8e462da2b7ba,ok,96,318
9270ec77667b478ab961803db504cc93e1cb7d58,ok,436,1570
accc049901aeff6511f90e5dc4a743d8ba808b9c,ok,18,54
f8e852b37e85b13c3ce3927c3ab07880f874acf0,ok,89,298
08a3cafb35631fcaa8ef211b663e2be6ec5a7495,ok,42,138
a837e3b2b2b8aab1fd72377c6b1ad4aec1a867f9,ok,82,276
54dc94279648a8433a52b488f12c30ad72ea1626,ok,512,1856
52bcb36011a2a7f5f33ee4f163b4612707a5e654,ok,512,1832
f31e938cfd51220b2d9ba101a53541778344b427,ok,122,416
91e1334f2c609c977f08b0c6f20995c3dbabef34,ok,512,1745
6d7e1e1ab38615ecf500c7a7314b422c6c593357,ok,512,1830
ff0b8ec896f2b11e8e97a7b83a9b24ab9be54195,ok,512,1839
cd2eaa773d2815df0952fe77a89f2cddb128cc60,ok,512,1858
055b8cc225f36d4de8210ac535ea498b5fcd0d5a,ok,218,776
6a2ef67c9e554043a479ea43823137151d5ec10f,ok,512,1813
8e3c7c0d7e7d75ea8884a4a7cdffec9de6714aa5,ok,16,48
26d5fc2ad1ffd23240a08f7db85d3814e5bcdde6,ok,147,490
c7fe768a5d09579c0a4d8b77d3a8fa2b1e2abc5d,ok,116,398
e7f8586a3130560d37b97218d8ccc28c06459847,ok,437,1583
098b9d3d471ff57962e156f6b38f678fd496fc4b,ok,273,950
5f96c69d781fd020d67939b745d06eb24e8d57a3,ok,512,1805
efb6701fd1ab2cd2b4d8c277f9f0ff47bd229de2,ok,512,1886
1d9b84e031c5ca72ee98c54fd625b521f2469759,ok,512,1808
011459c0ea86a344049ed341dc436abc9f099b10,ok,512,1848
04437335c228756849966e07e44abeade2b7c041,ok,80,268
1625e10063535dea1612f4c54bbc76fc318b0a0c,ok,512,1694
3cecc026e5fd9b42b009e4d5eb29c16d6633cac5,ok,157,532
a05bb8e207ed773a71e1be35280134dabb06a2a3,ok,77,264
b36cb37aab9c775e7f5f02a8bd9ec99d0880bc62,ok,512,1871
1659b20297c8a39b49a9d0bbe8904c035b63b178,ok,512,1828
3ac3a7dee8d8874c30624bbc84a6d038547da429,ok,468,1689
5194b509c154934c18b80e6c5efc9afeab29efe8,ok,125,424
5ea637bda06a8a3304847b1bac930d33ea0d5dad,ok,512,1858
b28ea8908df593960c5be1bb43e5e8fe06de5623,ok,512,1786
3c1199e65c45e774c4e26590ae57836be2fe62ae,ok,512,1837
39bda78119482c4ffd1951bc083bdc78b4752be2,ok,28,86
f1d8079096d20920beea8162bec397bd67aea399,ok,512,1848
0a627ac0b31006152e8b799f119ad7e5b033ec7f,ok,512,1783
8272bfb45b1c5a2f25c992f5f6b1f04cab2d00ab,ok,512,1844
904fac2953329c627198eedd2e55870c882ec42c,ok,512,1860
1048fdb3a293642dbe076bf10d71dba78a10084c,ok,131,442
6dbed56a68c19c2426edf5a0c0fedfbb054bfb56,ok,90,298
839e542296d6d1e58907fce8c0b21f8ef0d1a990,ok,33,106
a59c35f3a00dba260b71d0ce8bb6c18cf3a09fa7,ok,512,1895
abe6f3a89950e83346c7f1837800b50e6c92dd72,ok,232,820
160aa7fb84890752805b188e76a3af6243da3a07,ok,219,780
86db8407ad447d18d4cc4bd9cea6f83fe09df1fa,ok,315,1075
cd7cd6adf753cdc12bf377deba5be445ed6cb029,ok,512,1862
894284d5953708ce0fdf5bdeeafa6ecb4ee31486,ok,129,438
3a540b56738697b4bd51c99ffbc311f7f7554f7e,ok,18,54
ba2942ee261878f05e612381d6c95d7c0ff1bd57,ok,512,1799
89a6b2aee101c3d345023195c89eb19720f73bad,ok,512,1813
78cbfe9229046fd3de3510679678b29d81dcfadd,ok,512,1822
28ab8c8691e515fc22556fba529ceace105120bc,ok,9,24
f4bd2cbf5b1c6559839924deb7a060183c84ded6,ok,486,1754
31fa94dc84383a067a81f300aa8611a4166a2611,ok,278,992
f852ff51255d6715e3c4b87b90797f1694f914cf,ok,296,1037
ce2502c7fb818253f995d5d1e0c4b4b3e7aba58a,ok,512,1862
4c454151f6d13fb73d7ac20e116d6bd519ae9ce1,ok,512,1848
965221c316c9113a0f3c144a800492d2e8c74e54,ok,175,638
97fa74bd34bc0cc1de73cb954190ff061cfa9f58,ok,246,896
88633ec5e0e95f25a1cf2e5900346a1c50813a17,ok,366,1353
37d6d88c7c8f70273244acf0ee29880b7c7404a3,ok,512,1820
350d616f0eaffe925f3edea39750128e6fa0d85d,ok,360,1347
fadc8a16706c742c17f3baa08654733244f6a546,ok,512,1844
cb14b4ea4611b4f39ce91971ae188b7384795ff3,ok,512,1772
bf1ac0d5afa3d3e2ec4fe0481bee6258e66b2ad8,ok,245,854
df2a7fb464be922eef8a2c7a67ef75042c9f5650,ok,47,150
1ee851fc3e3a3fcc77df06f69fc8f48976c1e1c7,ok,278,990
ad2361b1d9ff951497eff477e21f0ae8163eae67,ok,512,1811
b0193163f982b201c453d74170729ae0f01de67a,ok,512,1857
cb37a8513ba59a20ba22b7276b5cea75700fb4ee,ok,512,1853
9811f8b18c5b26caa81395178201aa819f0c2a2f,ok,512,1834
afe06bd19502cac39e75e842a6f5fdcbaddab993,ok,279,993
df3dae5b8a14dbece25ad59c8088fc7318a061c3,ok,57,184
1de1fbbd719ce3ab3577ba70db64a9a9174140c0,ok,236,846
3269d1c14e8422fc8282efb312716c3685026fb7,ok,285,995
0c74816ce836760bcafb9ccd1beb41e7b5133a24,ok,225,780
03a6e75c5ca57d52a1a5f4c63535e5b336d8288f,ok,391,1324
6b34df79a1619203ac3a594299ee7dd541137bbd,ok,512,1819
63f39e040939aebda7b37ee8c78944f5c06a53f7,ok,303,1079
a9007a631848ff02d86e5dae6b5791f57d9f2819,ok,135,460
eca74725c4e3244b9fd7b78f502d4d8503eb52a6,ok,512,1852
e10ec9a9ab85c0ddcf1bee05eac7f7367a57a4af,ok,512,1829
7ef7b963393454739d410a9368838ab32efe649a,ok,199,680
bfcde4b2e4767adf498963d43a5ebee63f54e3e3,ok,62,206
f4bb5cced248cba139b8b14fef1ea7c192179c99,ok,512,1797
ac0d0b9f9b12a44c251a2e3ec794f9cb337fc691,ok,94,308
420ccc8d7a1cb4bf90b6539314a9557449cc1ba0,ok,512,1849
5cb3b5d43e1a2f6dac2fbf9e418c4924ae916d35,ok,85,278
778f4f8a9fca07086afe1ef532f61bde1beab863,ok,40,132
d2288bce77529c134c3349c2db820e94eee193c2,ok,512,1819
53f6ea0edd5cebcb69590757bbfd53916985d34a,ok,52,160
1574981cad465d2b499a29aa93a979a81a1445a6,ok,199,720
560f729a75b6639ef6557651be676e66b2d6da93,ok,512,1768
812ba1d5ea5e0321ed588f6dbe6d4f865c544144,ok,512,1804
c9101a002c79af029767a0d28e504c130912344b,ok,40,120
0b417bef3350808367dd8444706443726fdef889,ok,344,1227
bc840d0923b39a463a2c4eee9992c2dd7b7608b4,ok,512,1805
adbc82613034b8c01efa836eb7adab7e6def635d,ok,159,530
8c683b5753db00ac8768bc7d4a7a58fad9bc3a8f,ok,512,1798
3fd6db2f55f994566865bec0ef8fb316a21a2341,ok,351,1263
246996ae5eacda09653866ee18991101f50450a9,ok,512,1755
c841b94958eb2664bd3f6532e89a304fd30899ba,ok,105,376
38c1c666481dc38914254419690e0c15a1ac3f6e,ok,512,1820
f7a39eb79f37591ff12ab6e0e31cfa375663d37a,ok,462,1614
f8e17c63d9798e67750353288835a8d4ccd88477,ok,48,158
5b2ba6ae23af765ca76121ae28763a28c46f59a8,ok,512,1865
f5931a7425768df190d186d0fe398eab26e7c83a,ok,512,1836
7ce2e3eb5f32994dc7be927349b88f715ea64329,ok,26,80
65d40d469bfdbebde39d67e6ad49d35479b17bae,ok,512,1800
b875620f6242036b841c515d01b5fb62a73facb2,ok,48,156
99fff99c90fd975fa4df08ea9e542045d084fedf,ok,147,502
e56482d732b25bac46a18e53db7b02f0d3862f7e,ok,512,1790
dab13a9cde395872e1760967fc53d72a9e1f6e69,ok,512,1766
32cb5af7971b5c9e83cd62feba268bda8ed9fe29,ok,512,1828
d677ce65af90dcd19b1ae574611cd507c7abf636,ok,117,399
d39958ac94b1c91e37bf833900f04a9922dd387f,ok,512,1823
3ce9f2822dc3d8b8e801b181660cfa526f193cf4,ok,512,1802
8a0eb9c1aed30c47966fcb5e4533b31c1f6b160f,ok,512,1793
79773fa989a6ab88cfcb1548bfa67b282d179ce6,ok,512,1800
1e4d3654b17d0c5a283ceacb4a5d2e258cb682cc,ok,15,44
b42ef58cf88a1a5e7e51d4bb020e887d1827cb60,ok,389,1424
cbce570f43f4a6c2df772dfef98c5a5200d70ce8,ok,326,1142
396a468830585c4833b3fc013f728e221b7655d6,ok,512,1848
c32ef90ce30e4ec91ac641e445648d639a7bfea1,ok,512,1989
be73d716eaef8cc5164e5fc4e60f0b8595fa4a8c,ok,80,270
c2c4fd19e16fd0420c1b3fd557e4ab0a5c5f4141,ok,512,1797
69a992336f7d23db096f57a9d291ceb12d6f1d7a,ok,512,1864
ed75ec79cb3067fb9c8e4524cb041768ee5352e8,ok,263,936
dc41e864d0571f11d1a4a1a31db49c412909db50,ok,512,1873
f0c5268f1d83e941bbcdd2e3bfab0e549892af61,ok,512,1756
8e6e85ec9b7476d0970ade5bb52805133b3f3b4e,ok,512,1912
016f8136ece8831a473a82f3daca9d8150861f7f,ok,348,1209
e34f0ed15b4b9c3f1fd75c8297e42c6314c7875c,ok,22,66
3f6665224edac4d5206151db7bd6ca4beb56bb38,ok,140,492
64c3bcdd2a39090c5117603dc0aef9fe7f3e9de0,ok,399,1434
e05c3fb441c86c46286c27af800882ec5d6a5511,ok,512,1810
26a79eb792ef8640c7922d640297112b5f2079ce,ok,512,1774
7772114e74c30abcc75d2ca57f7ff8d1b913e678,ok,512,1757
b831c0a1f2d43c936685a4b8ad316f3dd06dd6c9,ok,114,394
e3bd632c2d93c78418be768737e015886d5a6b76,ok,321,1132
fda1b7c1da09299008068f3be7a89052a670f7d3,ok,512,1918
37180388b71fde6edff40cff7ec4a713a7d997e8,ok,510,1826
acdb28f8c0594f959b14880704f014cb06c97795,ok,512,2012
8de6fc1aa518067e75a04e7eeb1cc10f4e7715db,ok,512,1743
c5ab4820fe478d6d4a8ef72285489323c363690d,ok,512,1812
c0be71a357c5903188bea97bf9a098c4e75895b1,ok,112,384
eb5d9c030c8f7a1a9cfc0b3d33fa0c2beaede62e,ok,356,1302
8ffc4a7943fb41904289682d828d6f2a4dc342e1,ok,493,1802
4b25c30e4b7db272c5fca73514639b06f2dfe4ce,ok,33,106
ca2f6dae2a443d9b1829cc1e799a8ff4e74b7a04,ok,512,1898
b6f1ea85481928ba044daeda7cd7c31cd9fdb3af,ok,31,98
be07a4e79fb687f29dedd1353f68d060a4e8a6a2,ok,512,1900
1096606951359248048d16b179a483efadc89547,ok,512,1886
d40532859fa767e93f7132319ed4a9db7950ed5d,ok,512,1888
76a1ef82539b4eab7fe0d5e0c9352743e645cda4,ok,512,1644
87fdc5ba92c116c257a0de95845cfa29dbdced4b,ok,512,1846
c2c7a4f1ff939a7735af29a1bce84bb151a1021f,ok,512,1835
97cdcdd04db7e810392117405b4cb4907398536a,ok,142,490
a7d1eb5d4b5573f843a4772aef84465a7864dec1,ok,301,1066
3ab34b3d87fd053d084064f12248c901c5ec78ea,ok,86,293
e084cd3e223813e1c3f04527feddd3328571b14d,ok,237,856
f8558f0d4dd34c9c1ae6fc2debbf112c96f7186d,ok,19,58
3b608d0c7b5f2086f0c32ee9bb9c7e4190ef6ab0,ok,512,1802
4e46071660e6eabb1a091744e074c9ac6d51838c,ok,512,1820
e3bb7bda0c1a211cb2000a4bd40f3ff09f658c20,ok,512,1873
b44d9b23b33c46de66def9f12ee1fbb1484d6752,ok,10,28
8d2b2ee5c0e68e52b5e3dce406b41e36b6ba1186,ok,221,778
d1c4228aa09a6636d98109cbb8d572cfc1dcc63f,ok,512,1908
05203ec4b59aad10303c1f46f3918416685481dc,ok,512,1844
4d93122415f39664cfe20b5f925ba4704ea1df05,ok,153,522
36fdfbc16fa041602a4f6de314e1f0a1b52c008e,ok,512,1824
aa586b4eb04a3c5ae237f725bc29c8860b6c2878,ok,130,456
122113fbd7a9a5fa4fb63ba8faa2733fc19f5edd,ok,39,126
9174c8a411f7b9c01c3efe29b358f50c5487623c,ok,120,412
467fd5783e19ee4b5531fdeb632510adb58ef223,ok,155,524
1fdf9803369b25f2e00a4670d3aeb453a375414d,ok,110,384
222b0aed3d7b3626f2dda3f842a767b7ef3d727f,ok,512,1876
697341ae52feee716152d528b61f917649253f2f,ok,45,148
27a2bab07f00e093da8e13303a991034f5d36758,ok,512,1882
7aef254aaf794302c58f9c83ee2de6cd78c7a48b,ok,190,642
7d7a46764b762eff1a512f96f393be439f422d26,ok,35,110
c87caf4d54aaf5f8059f9cc633b2f5afa9ab59ae,ok,206,716
9c4dfdd5993fb89e314f7e10bdba08a3c1255935,ok,512,1788
6558d081cc11b6335d796db2bb2f7379d4c20b9f,ok,348,1211
7720a6ac8d08e2b32da87ee7af0ca1461813806e,ok,35,110
d524cbdbce4949a088e6f5a3b2c9abd85734b5c4,ok,44,140
c951e801bdc6339420a6a16f9d70a2dcad2008d2,ok,512,1904
64abc0e6f5a3373a7bd84da058d1e2611c89ffad,ok,67,222
ce79d1c10b0eb80556082ee5e49e03a59abe9922,ok,143,508
6a2a1c04a4372c8081f82790dccdd3a3eaead539,ok,195,694
22cf450f83b2dc5d3b9f29c3e61495c2de5a0cb3,ok,512,1786
67d07e8f5e7bcbdca7dfd609eb9233e5db4535e9,ok,44,142
ad6ba1606f103f4197224e8554dcd9c18e180e0e,ok,334,1227
1f678027105f1e757c07d53fc8ac01ca8f89570b,ok,31,92
acf78ed88fc1ee36fa857a697a7daa077eeb240f,ok,512,1831
9ad6f2f8f46a5cb400e4b47349877156ba4861e9,ok,512,1822
70a4f8a6f70827fddb09932f5ad620aff323d774,ok,269,932
8a346f53dcbe409c2ba10c9d398e19ce7b1ff654,ok,126,446
cac708ee4762705dd3baf502eb0990962fd3e22a,ok,444,1582
3ba89859c1f2461d8141b600f3cfa2e260904789,ok,512,1792
73d2ab45b1f1c33e05a65333c38b39e9867c873f,ok,512,1738
1ddc00d92c9b468c5851276d41d7597a270536fe,ok,512,1801
a63a21c7cf088dd40cc87d95928aaa5dfda9d5b6,ok,57,188
c11f703b5383f25dd910b91fc906cbc7866f0e52,ok,512,1976
62c23a4be97208bedf85f145b7d32476ec14bc0b,ok,256,912
96bd1ab878dbea29814b1c4fdf6dd1f78ed54e6f,ok,512,1825
3add88c31e9914fa6d07dcc7c09783cf5a68b921,ok,512,1808
5615d2113e87b539a96182c35ea2a880e6490953,ok,468,1658
34f57d540ecc307d9102b8b0eb261e5e84a7e608,ok,512,1758
efb63dd53721b9eb5774a14b921be54ab78211fc,ok,58,186
02e36f74fdbe66e7ab2354036a3c256e4006a78b,ok,512,1827
84701465129277c95063db1d1b39b63a623b71a7,ok,35,110
4c604e02f46d360aa4eabded5a0fa8c6ed63a1d8,ok,129,450
45de71028821baed7bed060b8af46be8f9f782c6,ok,512,1800
62bc2f8253719b4a94a86138fcd28ea2dc422f34,ok,234,784
d0396139a918fe5394c7540f4e78256088a3079f,ok,13,36
d61e620c5634995c149eedd5829b54cb6e651d7d,ok,512,1855
ff2dee56ed9846a8f3ba0e46ea1a9e4a3cb40288,ok,307,1088
077af84173263f40fd86516dc51986f473d24e0b,ok,35,110
87347ceb32e16642df6a5fb91eb7fc8eab84d1cc,ok,409,1510
5170816dadfa99403ca97f4ec0bc274d9afee948,ok,512,1838
e1605fb40b8da39ad7209b75bd00687a5d24be05,ok,512,1832
b40003a667b3b1ea005129282c0f1d7f37a226d0,ok,11,32
f6dba0cd9ffa926c24f4be5144df58b81ffea13d,ok,512,1837
3cfd7a4a2fc3c5acc19988028dda05b45aec9636,ok,233,819
cec787e95f9a5532be1f4634dfb9150d91c753e6,ok,251,922
470ddc6a89ea2a91b45f1ad531d3cd0ccb517e5d,ok,219,770
6e16e31ffa0b6ab708c3035e50d004edcca9098a,ok,123,418
f53097209a1ddd8860d1e83c61593bcd97a3e79f,ok,512,1846
f2555a7fd502b2d88dc8d8f14daa9502d4a92e28,ok,229,780
61c495a06df7eaeb55868455aef946e3244c57f7,ok,365,1321
3ef7836cc4a16e44e4235d17d4331c70c1b71613,ok,216,767
5cb44fbec61d56f9a260041b66fab3d0e504a9ae,ok,512,1829
9fb3daa8bc204e0289c4d9208e1735fb27c16324,ok,512,1875
2fcbafb00d5f77dee76556dd03d06136f9e66cdb,ok,24,76
a865dc7cd33910b0ae4e8032e2e95bacede2a74a,ok,97,344
a99ddc193dcd8f45fd81479c0aee1044f871daac,ok,512,1792
8398c31d1c339dc2b098d67e5ee2224351896283,ok,512,1803
77ed950d8cc7318db329f34b5925b2c5899191cc,ok,364,1292
dcc231ed83b56d93566f6b9e73538cd7481cf8a1,ok,500,1792
96485b0460ba9f6db8c1b5fbdab37653a49ce05f,ok,512,1832
31e9dbfef8c977c9d37a555d85cd88b8904e97e2,ok,512,1858
4c739b90033b33e9be2b45c7eea4b70e11a3f7c5,ok,512,1864
eae4e37ae24ac4f59ad8023f5925f50fcec0578e,ok,512,1812
8506e1b95baa134e0ede2c4e06dc53566f7bec1b,ok,399,1454
d7a043871b8af427e455aaea25cf9075ffa275e8,ok,41,132
e4845a9a4a4a684ee1a9b6a31455755cfc3a26f6,ok,512,1832
2cb69e542d3a6278d3cb8c09ed388af8e8b9c22f,ok,512,1728
41df6a7ed5c14b7c29659d0bd10b3ddd0a74850a,ok,512,1802
e92d0621b38c6a5f076225acafe84ffa6fea4ea7,ok,101,358
d63e9f749aa550ed3260467a4014b19e6f8ed4bb,ok,512,1911
465399b785458297c24fc476227f93dfdc540995,ok,512,1774
cdadfcc97b26e9fa594e7650025e09e632c7366f,ok,288,1040
27fd5cb863352726810b0860d9b8e7dfc65a999a,ok,512,1867
6c6961d68e5b227978cbbcb2602b5a6ac56890b8,ok,154,528
ce4731b9b580a49ba8f154af35c42f3de6fa6c6e,ok,110,384
b4a127b9e2431587e29b0f33d4d072e00f2496bc,ok,35,110
89a319868d02d596f8665682f59ad6ef0bdee8d3,ok,512,1754
5ff586129bd0ad18d6eb3cf11d8c1e31bad76528,ok,147,504
df5d62e952447e45e8d8d9e32b5f3a45e23b60f0,ok,49,166
733fa46a135dec73f2c7b59ff464777176bad50c,ok,175,622
a7d3d792cf36455adba12e553db72358a39c0722,ok,512,1878
cfd721bf82915ee2e832716cc3fbc06a6379964e,ok,512,1880
24da9eb0d32e12bd3de75ec3698a37297b880ecd,ok,512,1824
13f8afd3b0ede535874623bcdf310ba1fe589ebd,ok,68,214
77ae7bf460edb937cf9dfec4e334d0e8cc7a47fa,ok,26,82
27dc1f33bd655286f4743d0ffbb4725f9ea28d91,ok,512,1941
5531f63277f8a19bee8ea317486d0409afd77a3b,ok,433,1500
4a6257cfc9124eb5b71ca5ed288d723ad6d845be,ok,50,162
ef18d632e140e5e19399aba5e31e5e38453219d1,ok,152,524
ea44d161fe8fa9669abab22e313905470dda7629,ok,345,1210
de5a55937a0a1d97da3722bffc4b73899401c1f1,ok,206,734
2064fabb3d229b082f8d880884b6510da35c1025,ok,13,36
ed0953bd0072bb5fda5cd5e375a4317dc374f095,ok,192,672
d1c7f0e20990df0da95e9630bb86cf0d2ec2d6ae,ok,110,380
7b6f92cda930da232ae72c3201b6a62397818ad4,ok,512,1853
b46e2d775cefd66801e1339af4a4fe36757eb217,ok,268,1016
083ddfc93e14c72f07945be25fbbc74f782c85d2,ok,33,108
84babded8a526f13b09e466ff8ba37071de59b2d,ok,512,1752
b78b26ac45e8d6d543d6e6f28c0325f6899b18cb,ok,145,491
f69f812d7927a5c6116b07f94b817de02c230b27,ok,396,1424
4cee9c3b7254a552145c675807a927a078b88ea4,ok,512,1808
a904a3db11264c488c5b3936b6b23e3391e2e3f6,ok,512,1803
ed99d0542c12e9d872afbdaa4b7842958080ffc8,ok,347,1272
a945a80a8a356485235d55100f9a5ecae8e46338,ok,512,1844
f70cf4618c9ca9fc13c2c6b67fdae2ebc03f955e,ok,33,104
d9150e19ea5ab780f1284d180ce63b56a239a615,ok,191,694
58790b07f0d2c53c34c30c805680b98b68af837d,ok,99,346
cea1a77e5088e44bd87541bd3268cd29e380f73c,ok,248,875
fef492da11f4a3641d66c738a08e0bbc6feca13e,ok,219,782
cf828355ee7c57e2021fdde9410812bc67a21d34,ok,512,1905
8b99e76f1a22729c3a9800258c9aa54a6a043853,ok,512,1834
b8b90d2b117a8d04fbd452e02ee4d579c719d98c,ok,512,1746
7088be77d8c5624a46d546e0827e833099be0861,ok,492,1712
ae5c6d3f9e38eea51068bfb57d1c37c31c8e0b15,ok,154,550
323f932976d0c49855b3f9a457a19b69f428f9e2,ok,118,402
d4bd90f07a72fe6f926c4f046a4937f869279069,ok,135,470
a1940389d71aecb25afe1c1e496948044c0b0127,ok,12,34
f6968a7bae56e05c9c99041d4c03ce25828cf8e4,ok,512,1788
2b20e10fe7e46e68ff739cd5341685f1cb61e7a3,ok,158,540
9f3ebc059fa0e17354fe002cede8334dcc08125c,ok,467,1726
8fd0765afd7467c9a94d7ea8b930afed55204cbb,ok,10,28
946f8357ac735e894c775a2499c62a02eac22b44,ok,512,1874
73f858ddc1c044db4a6bb20fda24d4165bca4f3d,ok,284,960
8ffe9ea5ee8249bbee485edde54758c7b51c3ed6,ok,69,242
ca8482cc0e75907e2c1a2657882f7235003f3392,ok,512,1815
5e3756e3099270ef427f852c541622518f314a32,ok,512,1906
4d2a9a5aeea46af2d346aee112ea0c5edec5ea58,ok,512,1834
90e500bad1d52753050f69f8eeecbc2df76866ae,ok,19,58
21de38a72d804d223808a129ecdb999b91a93062,ok,129,450
7640e30a4d590900f3afdd2cbdf7a7df14903e01,ok,366,1320
5f819c914558fd7ef77a336880ea3a832fd77200,ok,512,1686
4a2e646b83c6506d60b5aae77840c60f72b1f56c,ok,512,1850
0a250320bb1228723f8a3fe47253f3eafc1a4b7b,ok,324,1154
550fc6f47ff198f8ffef7b7db621d58b5bb0f9c0,ok,512,1848
97039d588d3597477ac1c1dd1661d80ccdb846ac,ok,512,1832
868b6ae5a81b552e196e5059c3b07ea64d14ba8d,ok,512,1877
579d1cfd24c77e20c3ab15422dc8cf293d012606,ok,176,632
1d43330bfa757a8bddc689ddeb36514eec51c591,ok,80,280
f67221ddd48aed89d0872dcd7ea0fdf820a7776d,ok,216,760
1b71607822485510519eed517d23eea39c709e3e,ok,512,1838
698578110b549b920d5f81ecfc678e459977c719,ok,512,1844
7b0c138179816e03955efcee49422cdbfb181383,ok,47,154
4d9db07e2e91a1a1fabefb9f25a32e776dc7951e,ok,241,862
8eda745b794eaa60d3b2ec3ae6f69b0728928669,ok,254,838
00ce8bf9970918870521dae65ff21b564e418b1d,ok,512,1796
8c970f7389c3881f7d79ac722f45a22ef380e639,ok,100,330
245b0ccff346c0438fe39ccd469a21b3f1ffa4e4,ok,512,1846
eb8d53480e6b0d146ffa0e64c37dbe6fcb5efd0b,ok,512,1766
39fd9c6b56917979eaf9ee4a4e05b000ca0b55b8,ok,89,310
92a032dbd2d6d074df0518fecf267b3317b6afda,ok,275,982
c4b50876977c2b6fb601adbd194c701408f5d88a,ok,248,888
f654e049503e2baaa4f9ce1a2b62f972c07b7ca9,ok,512,2008
f02f1bb0f7e3be7c267e4aacaaebb4662d4b7f04,ok,106,364
f3a46b485479da90f00d5c6410308f8fcfbffb31,ok,61,204
5299ff387872b619aa7060b3b04a4ba8927689b5,ok,512,1873
e9ee8d50b3db2f9d677917dc42ed84e10ab9a6c1,ok,434,1561
61adfe54177bd1827ec406276ce413f7211e2a2a,ok,43,144
77f39d9110e89c1f6ff8f149f06b55c54a17ee94,ok,58,194
59e6e1bd33cdaf16caf70bc86f1b4d2ad2acc540,ok,357,1266
67b5d6c489eb8b3a995083ce9fb9a847fb37f9c9,ok,456,1550
5d2f0ede7532b281b670fad3ad19f0bf56a193b3,ok,512,1829
14263c852215ab7394a8933a19eff4360b7b3ad1,ok,512,1791
61fbd2785d61a08d6b31a8b7dfaabfa8689db570,ok,474,1726
4cc9d407e196490b2deb6ac7609c63f7383838b7,ok,169,582
2d18e89f07e18632274df411cb7315f3c052a3d5,ok,288,991
87f15c71d62547551bd27f4a8780081dccafc4d3,ok,512,1813
631c8627203243071cce650339434d04f30247a6,ok,512,1811
537244d915dedb65af1f8acae8927aa32bbda7a2,ok,62,200
185fdbb1a05247f667ddb91dc8adeb7aea982564,ok,163,560
ea854bcf6b5d4ccf7487d57def76e213800c5c3e,ok,512,1806
2b4ae8a6d46776d196ab6ba68d0ccfebe156aaf7,ok,512,1866
63675d4d220fcf39a93a686898174bec05249c93,ok,225,813
d6d4f44e24a52edb3e9dfba641fb696062fa0cfd,ok,363,1316
8b64cefd67ba65c3e57596f869861f6eaccbb5da,ok,161,542
008153c34b810c5fd20729434f9ef93873fe4890,ok,95,314
f19489a8b4130c8fdc8ca6206592779ab75a70e3,ok,193,687
7c3d8e2a89d422fa398bacbe5f67b552a3c1034c,ok,10,28
5d26d92d2466415c80f1764c5307e3793b99e963,ok,35,110
005d7b04822563501b46b0a819bf25ffd950c252,ok,437,1556
452a70ae111cea0ce082c80d330b18299c9c6a36,ok,250,874
ef979a618e2b1cc39bf228906e43a559c5f0055c,ok,167,584
d05754c24b38a97f469f0c427107dc3bfbf8b1d8,ok,512,1764
d9ca14fc4d485df4650a93f6af01210699dce0e9,ok,512,1864
8056b8c4c512246fba2e80c0f7084068c9de34bb,ok,242,802
c2f3bcf4a97dd88ed6e7c782b8085e597f8ddda8,ok,512,1837
9ac781080e657714cb6cf5824d5a40444d8b5dae,ok,233,850
aff7d45ab789dce79c9ad182cb763af6adde78d6,ok,34,106
3b7a3af96b717138bfe7d840956db66610328948,ok,512,1815
f3ef5566a8dec0c6e3390d3a8b9849ee334a5e52,ok,89,310
a16ce6214d258c01ca4c0a1d0194c8591742e99a,ok,35,110
1ff8d166aaa4757c699931142f062c6039348207,ok,52,178
6c2b753d08864152d9233305c6250fadb4cbb26f,ok,84,290
16a5289367e647421614ee638648fbd53dcb3471,ok,270,940
0a2178aed6d3dd9baeadb8ad61c5f4f1df1dfcaa,ok,512,1724
86a279adc7aba95f154710fdbe9e30f6ff0fd09d,ok,512,1774
acc97ec0933a41dfdb3bd0e6bc82f91d949d1be2,ok,512,1852
4f185ca60ecd74fd28d1ba53724283a52d900066,ok,161,582
43e29ba9bd22766becabba2c68e87ad384ae462b,ok,503,1814
5165fcb8a8acf2712244fe2b446399d51ecda8e2,ok,473,1687
ae6af99b3642a8c2ebe27736952824536c862da3,ok,198,676
2c2bb74305aca54ecc76d0cc2c402e9fd60a79ba,ok,306,1103
2014a5d8d094d0bf22f19837430b717d57944710,ok,512,1841
b542d31f8ac4f0fe085695af15dce754fdf0ba42,ok,512,1832
4c2fe396810096fc9509becc0dae67c2228ad96b,ok,512,1867
ed941a2445bc035188ecab1e3d490ed017409253,ok,424,1575
83aa62a1b380cc7694b50e61d3219078ba3673f7,ok,512,1855
0bc3510013a0f65103385b5b102d2b0c886c37f6,ok,132,456
0e3918265902063a8cd83d061aa9bc3e7a46a8aa,ok,31,102
bce260168bc01a58eb6db04f5a1d433f6b164256,ok,512,1862
9c0c2d11918cfcfb3ba8ac8371f50a6777fc640c,ok,263,924
f150075d397951ab11b4d34969a5475800361db3,ok,153,508
828179df1549dbd3ecad61de0da2ddfcc27ed3a3,ok,512,1823
ea37eb8f4f5bb0256eb432c0ced8a979934edff4,ok,512,1852
b09b1fb38a40ac7c7e5c6046d4beef7de8138e4a,ok,288,1028
27761ce8c49ed610276615560098bf833ad077ef,ok,289,1075
e133717ec281465e4041f2121c7999960cd26059,ok,307,1139
c44ca022f2cddb087d35af48e568de40153bfa50,ok,22,70
982d9f51b259e13a5c872933c7e9c22f874d805f,ok,263,934
2047bf64d59f3ef7cea51444be3921ad4b873280,ok,512,1808
1d9bbd00c51533bb3979a46d23db68d8bf104f1c,ok,27,84
38db9311517a159036c2fe05d6527c1265f195ce,ok,135,494
5d2c83f8ff7658ed36a3bd0df440949f8f7042fc,ok,512,1808
9c2b8145be3c2415617a74f49dce43a3f48a201a,ok,512,1855
a7e6baa090ee8f53e058d63ee3a80c3fef120e12,ok,70,238
093952cffb1ec49c2632e19e62b1b35e1d4ade11,ok,204,690
3d5aa442b874ff31e96f1aff4f52f8ff50dab6cd,ok,36,118
e7cd3b7dbb4375da0322dc73cc41b0fb280ec54a,ok,59,192
5b249d689849c8da44054d2b5be451e33bc0e7a5,ok,97,326
70a74712fee8378f156f0ea1e1b3ab32c881b835,ok,512,1850
f946da6ee1c43a4050435975ea97582cd138bab7,ok,512,1817
871e9d08d38c5ea9fd05be2dd511e1d71783e337,ok,512,1784
3b8a7a0d3d4d89211e9d1b01e4a57ed71946a479,ok,512,1855
51d51db856b72a8251f0993d1e6a4b8546ad1b1f,ok,42,136
87cb60b84bce55a4884fb16b9f231a7482d23003,ok,512,1920
84a9f03d7c3de7dc85e1b704f50dba9ef69b43fd,ok,512,1888
afc11f6867cf4c48257425ff22bf48a962a6c8ac,ok,512,1814
fa867cf7ae1db844890a8b635b620c967949634e,ok,202,717
865f06ea8a2fc277baa1a2fcfe534750d3093570,ok,16,50
50596f4f1a68ff1bd562966e0fbd600b75f337ff,ok,512,1849
d292139008465214c19c4d1be5bf863cd606e405,ok,512,1796
a2aa007fb4529d6cac01070a70b40d6d8b96ab82,ok,16,48
0c19becbef3e2def36796f917a51af76d30406ae,ok,261,932
1a94cd71353cb2c11290562251f23b549e57f48e,ok,33,106
a78b65c40fca671ac1906e793ef5a50511f00bf6,ok,512,1884
ee1a8b06b9231090fc2e35f4d579ed08672225d1,ok,214,751
881f71a743b492a18ffcc21f93de0bbfd4c671eb,ok,320,1120
2859513310237d34f7b7e0795f13e95a46587fb9,ok,512,1854
449ff3c89b5274ee5b76e96cd1296651b5137c41,ok,512,1864
21b4c80a11608be56c7e526ec0179b23de5af0ce,ok,512,1832
3e0d674f6f8306eb700dbbc657805b65b78be440,ok,68,226
b46a220578d0172c04c3ddfaaed786eb4930a11c,ok,512,1834
bc245b7c91626d969b0487be7ca41f478b5329bc,ok,512,1867
009a3cf2b954da7849181d385560c580617c052b,ok,512,1791
ceb4a3543da5529d20ce74f88b2cdfb5f3981a38,ok,512,1787
7c4671fe18cc750f9c09e5213765106b0ee99292,ok,512,1828
e3a4b672bd9b93b6641530e87ff38ac841e1cea8,ok,250,893
ad1929cc2fad59206603d544f52bf1d25d9e050d,ok,512,1859
02b2581ea3fd80dd22f17f2cd464cd58ae2dce5a,ok,145,501
f3ac4304fca2d526bf3f535dfed5a1a9b9b31332,ok,83,290
c45f2ed62331c3a58e2e0083954d7921dd562bb0,ok,25,80
a8bdab7e26c76f2f102113f30bda2fe3801a752c,ok,12,34
a09446d49dc3dda279e847f48ec61d4fbab651f7,ok,512,1854
50eb04c4d9a1f1e721f2f960241ec335df4f8ae1,ok,35,110
5fe117782403d3e60878e55e5ddf3c9d6269e0cf,ok,352,1276
fda208d5e6ed68db9de1eef6c91668a8e136d976,ok,512,1848
08884fc74b6d5c391ac388fd54ecb32ad211d401,ok,25,78
1e2bce2a8b85aec464f14106406026a2100f726a,ok,318,1174
9a5568bb221961f91fb5f85ee0d5a9b60984c2bf,ok,512,1952
a0fe3eaaed3384feeed817c831c65b31bbf43319,ok,512,1704
90ff7e53cd57900175f6633010faef612d38d298,ok,277,1005
70c48b2bcde00f3f74f4039bde6e56695ea8ed6f,ok,512,1879
d85dbf88326e3707a1a4fe03e9aed83d79cf3b88,ok,199,680
965fb1189306cf73a3b3996c290d008284585f32,ok,453,1613
08fd160c389cdafb916d4ca85b86f3a13eac1d98,ok,31,102
b0fabfdac181439f78ad92cc594a0010d3eae5c1,ok,512,1836
1542be3575f8b85300c032ae81b1a03fdd234edc,ok,397,1467
2028bd58d12b8d4ab29712014761ebc7f83492ed,ok,24,74
d78bc76b6cbf0e195f399729bee540b782b7b141,ok,38,128
19276c91437e57f00f08ec5bcabfc071dfd22b82,ok,325,1150
12f8f689cdbb4e6f1583497366444fbbee0aae37,ok,512,1818
3dda7bfe8b24ca796d5100a275991f613bc9343d,ok,302,1076
4abf5f4d4d4aa59c874854fd299bc1ee5a708aea,ok,198,691
e6e104d46c1be3c1cd294c666255fa6a8f35bd1c,ok,81,288
38102753bae7d75339006a271c5ff4fbfd913461,ok,512,1809
d5055c4bc5429d805ee1b27b425aa380dad6ed00,ok,512,1794
2f66a6ab8a9951923035cd9a751766a5fa127a15,ok,257,962
5cd9a7e55114070e73d4b9cbb13adb5cad6088e6,ok,78,268
551c8b962c3c972e4c87f3188ec09b584928602b,ok,512,1841
6199ed50c9d1fb185f73d1c8ec1d31accfc897d5,ok,119,408
9ce8faf7f892b5dd4681342e6ee521c40a0d27d5,ok,512,1852
fa135e6633d5edf54994ec82ee608188ef07b0d8,ok,512,1716
9e5cea0512e1fc3820cf6e907a24d68dfe9dbb61,ok,121,404
47e514d18427931ab6e4e1ce4e957a835315a03e,ok,316,1148
822e055698db72e0931b301cc083bda5b3cfab9c,ok,490,1761
ede88ec715b69fc4b75d98b432a9343f5e9ec772,ok,67,218
3e8b61578b5ed24df78d3274c5d8837b2ca0ed8e,ok,512,1789
fe0b7da2c7ed7ca4b84c075833160dedebb013aa,ok,99,346
d74b5f05fd4eefb646bf33aa8418e0b575d6e67e,ok,245,844
68306ede0e7f4be57200ffc0f4865476c9268303,ok,328,1144
db206cdb49fd13b5ecb1089eee0c4c0c053269e2,ok,71,236
4f2711d2e2e7e9a7711fb83efe144305fb2857d5,ok,512,1801
aa2186fcfde0a018b4a15d7be0be0f523f82689f,ok,512,1801
c93b6ce554781261aa6261b2e53a61dcd9dfa527,ok,512,1844
348b769b0cd2eb2f86928ec78db9c0907af01b08,ok,27,82
34cac3e2ff0a1c1cecb01d9b83a3f91924a7e27f,ok,43,140
dec5d701642e7aa48af4a9bd26a1f3600c8cc872,ok,512,1796
b9c54acddbcd6ec7527e6c9375772414f08c2b5d,ok,512,1834
837ee5366a3de5251dac4125b5ec90432afad1c7,ok,78,268
1d2fac5db69306e98855c4fc83739ed62ad3264c,ok,397,1390
2a3c7f7c3f48d35f5f47be8867d0d840fc4c8d76,ok,512,1740
d42f9a721927a3173d0b3830e493c8ebe359cb60,ok,512,1812
8e5481402cb69591509d8c91a9114e352bf35ded,ok,21,64
700ee77a78637175b22dc4e8dbadc9fc504ae372,ok,512,1825
953adcb3d1935ab8c7f62a7d9d2c0e988e6a8456,ok,512,1848
e5a6649a233d9c3a74059c04f2d01a977ca7c17c,ok,512,1940
d57be0701d1e32f2fa1ac3a1db8c2d2c45a186e6,ok,512,1840
21c56d3e0ebf15e10e0c48371eee57af859ed175,ok,512,1823
64f1d787cf3833f10647b5edf833e19289aec18f,ok,512,1834
92b297c109cb7337bda570d0604a1f9b2aa96bcf,ok,349,1278
275d5b242412a7d7c7511ef0d09a53ed75a956ce,ok,512,1846
04bfd29b4946571790fdbd2f3ded529ebf803b07,ok,35,110
904e7517ce587b7a2868fa96b4444875ff8107d4,ok,51,170
049656744c0d0b0aae76ef5e8333ba81e9d7a32d,ok,512,1861
4438fc0e1146081faa155d8cc2692685d5a4d246,ok,200,712
83c7549c52be12f919e34cb6d2b65a2c72d305a7,ok,512,1844
503bc5ad9f82b0411f82087c4f4ea6125c79cb6f,ok,512,1804
cb1b8ac7d92afedde6d95b35836caa8861a3b0c2,ok,246,892
ff2c51e45fa5827d5442e577358c88131b6b1dec,ok,512,1821
3fe47297d2fb7b844120bb471138d24e12579b18,ok,396,1432
4b701f2e9210763782aaf491ba9f7bd3bea42f99,ok,512,1804
138100a48a17d1d3e3480d12d66aee10f1d79c2d,ok,512,1818
a748d2add7f24902c09f56d5cdd870db393b61ae,ok,512,1862
fe21d0910b79def640cb20e6b423b9acc6661b6f,ok,512,1814
d641d1585447c32ab4d9e56373598b9f3a9ee23e,ok,27,86
6d5d08cc4327a8371fc905604ef09f05219c3572,ok,512,1840
d4d77d2878c51543e9b3324b7a2a75b63c94b239,ok,512,1870
a408b90aa70b73fd7d935a1f1d3f1b17c78be52c,ok,512,1873
eab1950f96a90e1ad6d350f51d9b3a758993eafb,ok,86,290
58f6ae6b90a20560ca79710f56eaa5cf5e99436e,ok,226,762
867163028e73238c971147feb2f846e1e08bec39,ok,512,1732
63e41a81dd2fdc10101d3eae99a0462511ccaa6b,ok,512,1810
a1b508133048ebfb0fe26ba78e8482b2c797ff7b,ok,73,252
a7fd7ef65770722d589f7f2b0e9ab6147d7a679a,ok,512,1890
8e216b3bb65ddb41098def485add658d3e451685,ok,89,308
f5b12f195af5a05e155f4c1967377cbaeff7bf9e,ok,512,1750
820b99110d33d43c4a05fef447abcb094c798963,ok,484,1726
00bda81f9fccb8091a27b9928d8ed9d46fbb21c0,ok,20,62
c1a1b5531e26961b439c136af6b464f79bb7be1d,ok,270,966
c2e20ab79872c9a6961d8e8e83cab731c1312c9c,ok,512,1870
a41abf72e3e6afd27ee9b197d3f54e4cfc3162f4,ok,512,1908
2854bb0e1bfe7e9d0ff069ef096684775781c048,ok,512,1829
5e15d827d31acbb658dcd3936a115f76c4f4d123,ok,198,709
3c9506c89fdfb1f7b288cea886eef3f1990c1447,ok,267,906
4b3763066a7bdd25e642d0710b687104ad7741f0,ok,223,740
107145666ecae6d5b1b45e1a533fd402e63f9d39,ok,23,72
ff48f69e840acf05c53401f85b18f7c137c8d9d6,ok,116,403
99544bbece97012d91b931ace6a0a0215c8091b7,ok,284,974
cdcb77ede1649eacc84f079d1ec846994c561e19,ok,376,1320
c9b01281550ac93523a85c79de436344c9355321,ok,356,1262
051341df74bb0e384dd9e63f93a8d7cac1371ebb,ok,329,1182
1271e2e5e6b7ddc887d2fba3a738e5807aecace4,ok,103,348
669b82b33495bb14471257dc5ae89aefaa87cba4,ok,69,242
34c46fdc187ced325dd1eebaf2865d3649e2f07a,ok,22,68
7fe28892098309e78699cd1ede471c2e3b399a4a,ok,512,1862
13589d1404efb3ef2497c534271dcff082b8714f,ok,512,1853
1a0e5c60a723f07cd5fd085ba25bdae95f882e88,ok,512,1831
82f799bea045893c516a175f5c91e60ddcb62ef2,ok,512,1884
7050c08637840010131384e15b0fd301bab65545,ok,512,1793
2c6f4284607c2c557d3ca84aafb84a4c9972a6d8,ok,512,1856
0144223a6a7726d38b0256b17cdd71dc523b17e6,ok,289,1025
acec3d4d97674fe6f30d30509c828fd7469dadad,ok,512,1843
ada24a8c6659b0db57246dbc70d37adaf6fb52e8,ok,512,1891
21c0f1ec19d7163c68f3a9cf5f4066debe8f8d7e,ok,512,1823
a39a85f11aac376e0360e009de87d63775c4bca5,ok,512,1866
bea1f3ad65f945ba6e9061350623b1a1c4352e28,ok,512,1896
74a013b35bda43fcc050db2bc420c73512bea15f,ok,508,1909
b121130d51e3473fd6c1a87f1907b6371bb5a36a,ok,512,1805
16fe5f88e26c1365dbd49cacdc21d6818e89fbdb,ok,178,628
c0c12749fbd5fee1dfde279165d29689c2b11691,ok,329,1104
5484d6c14146bfca4eec45e1c4009a0e217d7cb9,ok,121,415
f764d0aea32b33a44a72e36a4e166845e36ff186,ok,512,1906
0127bc3b7e1f2c8c49c48d8248e37e9d14d8d9c0,ok,512,1692
e50b81c188fbccec33bfd79feb076fe3c6f3cf5c,ok,326,1158
5f2e138c9181a95b3c84c4944fad3b3cd0d6124a,ok,53,180
2037c6773a3be6976f3e76ba2e91160cb9c16961,ok,512,1880
3165536ad7c6c02daa41479b31f50c8f8191ccca,ok,14,40
b7fac3ca325758c6f7c2b411452545bbe38ded91,ok,285,1019
fce892849862c72ff596f2aa8d40814b3a0d573a,ok,512,1829
ea2a218a17f42973e68465a827ec82b3e32abee3,ok,203,722
80df65b8852c136ef93714551e8b36447e200ae9,ok,49,164
5c7a29f6ed971a63d7c915b8511381f414893151,ok,16,50
dd5b0dc0b821da5b03163e8881a0b12ebe450532,ok,45,146
a0bed86373fa491f79abe3b22a261f028f1df3c2,ok,191,676
af4b48a926446fc834f46ccde2f2f940335a3a24,ok,363,1266
e4d23153d224e31f1241d24284b2b4e61b547c8f,ok,512,1910
d9022f0a702346ffde9a2855b608b61ebc3008f1,ok,246,870
d5db248d1a2df067c8b48578ac8326b3d62c9427,ok,16,50
4fb0f34b207d0d1f4dc288ec6f91a0ac6e04c276,ok,512,1797
f5f83e21bef7a6d86e80c376f7d2b02cdb89b876,ok,512,1835
0255a59b7be9f56e3fde294fcb84eca320fc3c22,ok,45,144
6b1a970ae6899abb5c3bab0c292744b1884aa390,ok,209,736
335cd4410895a89114a6c7c13c3b95c7f5e29340,ok,35,110
87e63e2f509e88322c840ded658a5835ef46dfa8,ok,512,1872
9b2cbfcd567cba1048f26b180cd90af6f9e1e5d3,ok,21,66
ad62c665595539fdab8e932ac3e6754140cd0454,ok,93,312
d9e02db5dce2ce2a49b3bdc87a51124ba76d1114,ok,60,200
033d8742ef9fb2e3100937581d6a5c18b146e418,ok,116,404
23def0fd767a61a2f26db4310d1a04d7f9c60b9d,ok,512,1961
c458612d54d0205adabda0e3f737301d5f01f0f9,ok,512,1846
baa8ec5ba3b090b968ae8f0b4db9cbfa2a2e8f0c,ok,512,1842
a5787c43f84ecc23dc3683d73f6dc0621145c2f5,ok,512,1872
3488757bcff4b9ed8eb36a2e63720f8f95b3d67d,ok,39,114
bf28bb09d9785fe707095f473ba35dddde1bb1bc,ok,192,664
83e9a4fdbe808ab2e077c56e11f5d8bbde6789d6,ok,200,676
9dfcb1ee64c8f99e3f53d172d6d6493e7d9bf8a8,ok,55,188
8280a0ab616264371d36082b9109e9cac5893322,ok,445,1618
d5d058108faf71d73af8b72c79d9ea1310d06dd7,ok,512,1772
8d035a7b200f82ab365d90a34532492ded6733d1,ok,190,652
2323025d90505c5994bdd1324e2ae9aec8620098,ok,512,1790
6a326df16f8f5efe416444b4637656db9190408d,ok,39,122
463f503c3bdf679c736d2c46f849fd66d8f4a7de,ok,512,1852
02090211db1d31676bb1ec9bc67a621badc4dfdf,ok,512,1856
a77fd93df36ae8dc04108093b75494cf38aab78e,ok,512,1832
af930c0127c60a027bcdbdbc62a73be4ea5a539d,ok,512,1849
dcf267ff0a83e2b7b8698436f19d646442649fed,ok,25,78
9d84cbdf1340686526ec6d82f86c64bec668b77e,ok,402,1462
fbd9f86c6e19583ed1b8b0265835b77f37cf0274,ok,98,336
18f8ddafefdf0754787808e962f909c4ec1150a1,ok,198,676
e979087539deb449d5a6bdc43854caf48bb5bb20,ok,135,470
5adef5f35e1adb6a00af127e90ec08ced52b4d1c,ok,512,1668
6ff475fd0ec33d9382e26922a1e0f9cbd61668e6,ok,30,96
e847eeee66a127b53ab65a7e8634a459bf294f18,ok,512,1868
5da7a45ca96a4f6a885c6c24734ab409df44b234,ok,72,254
b4b50e5e1f510f2fd91c3203d7b8ecc8384dae8e,ok,512,1890
97c80e7f3226e3f239720a485aeaadc1f2285bd7,ok,162,554
2ff476e73db1d0d5c45dfb5187ecef41187175c6,ok,70,224
7948b659fb7c0dc5b66fd6ae2be4a07b4427a058,ok,512,1784
0fa52589bffbfcab483c789f3799c9bc05b839e3,ok,512,1808
241d7b163675c572c1e559180ed3895b135bc882,ok,512,1698
3a340e973331f309c8c9267920fea448b039a81c,ok,35,112
7cf3c5034353f7709b493ef9c303af25af11aac6,ok,512,1894
3c446c337f23bffd1f28330fa5570bfa6efcc311,ok,512,1811
7c73912755bd648620268114ef3ac59300fee98a,ok,101,342
2181a1ad505e65778f1a407af84d0431a31e1a85,ok,512,1760
aa72bb86457134a89fe29203cb0db6854c641847,ok,52,170
51f9f3e45ce92dd39108d70f028e4cd55068b2c9,ok,512,1840
ebb8e816020e296606b78fe8fbf47ec8cb088255,ok,442,1593
c22965f3a5b924e033cb3d7d52b1cb6e835c65cf,ok,512,1830
36c3a19f38c3f5dbe35aab1a2181f1f3a684c61d,ok,114,396
ef6558e394b130bbb82fe560c95e5dd4b41c3a03,ok,512,1795
3b7009c6ad1094e00ab78c012b0a59bbb26963fd,ok,227,829
8ceb1f7e3ae037fb00a311e76317cd7a53f558af,ok,512,1812
d1aa0e61d22aa5398dd601b80ac21f7e10d6ee1b,ok,512,1786
018bf6a0de7f0ea288e68db0315ba96589c708e6,ok,512,1819
5239ca060c94d728d252ac98c121e3aefe543775,ok,512,1837
6b3139e73c0541796f676c96ce75f79224b802e1,ok,512,1792
41a1aa94f82df791dd710dfa73708601d50589a8,ok,512,1796
c40a149c229d0ff8160dd554783195b3fab9a2d1,ok,198,699
548e4d820bf25ad2a4ef0f320a1279397ca159ab,ok,241,848
f69e44b666ce8a04a8c4a3f0315585234b0fcac5,ok,168,612
05309eae2d1ecad1e998ebb3c3efb4fc0b7bc859,ok,20,62
7c5765504d92b2232615d23b7f2ea7009d3666ce,ok,512,1985
925918c8f37a9527e9bda6c533f7a6f575dd5d68,ok,512,1811
b2600f34de25c0de8b276a53a879e9f1648c466c,ok,307,1099
941749a825ab001cfb95690ec4f4bf78855f37f4,ok,512,1840
e373ef0ab3c1ea861c1e47c105ad44c431619b6c,ok,512,1860
0d6cc93bb1f3f55ceaba985c561746d5b4b6f2d4,ok,512,1754
520d6efbe0d0f50d40bf629f8987675c0aceabd5,ok,512,1878
c9002dff73153bd555f82c3e87bb1d27d74bb49f,ok,421,1484
3dd36168086b5a11dea83c134f665105070f13ec,ok,16,50
4b68c922be7e6f2a5df0c9fd2a135303ec74f0d6,ok,134,460
14948712e5d4b129c3942a2f2f2a766b8e4441bb,ok,512,1846
8be195690f5f60ee54aeaf30c4e0606116398d1a,ok,512,1848
460f7d4ec95e942970789d87de0e4e9d1ed61efc,ok,67,229
28ee57fa60aa5f170f10b066fabc20b9f08d63b5,ok,247,829
c6d3c5867fd0f8e1d0ca56a0257612983d39ec56,ok,512,1726
8fda152040d5b3388d0654366b34a8fd32df0021,ok,512,1765
edee83a0e9734f3f4d158dc83e32cdf879be45f9,ok,512,1790
6f8d59139bcf3165022593f2572649c9121e0e18,ok,99,340
ac8d51aecd701c4716449b61aff3bd0f8d33b38b,ok,212,736
f238a53342c1e5dad7b6b499fef84dde9b8455e3,ok,14,40
bfe276d67fdfec649b32c7eae602ef5865423ceb,ok,386,1364
e6b074589d724bf7f02d693348bd690481f2d507,ok,512,1790
b34b9c94215dd58603ef1f6ab8e37a348d10c7f6,ok,512,1828
0edc8e4baf36f2e42a5f6c9b0bdde616efe08a78,ok,71,242
fc375086b3f5a6d50695432ea073915f9e4daa70,ok,35,110
28c7f5178731fb7caf88db7b65429e7476b60c2f,ok,512,1848
3a47f972c6dc00aef32cd7862c7cd65486dff84d,ok,396,1421
80df657756eb2c0b715cb23a278cb7213d61d1c8,ok,87,288
70a10caf51644648946a925cccdd1c00dcf1e375,ok,512,1798
61010a3eb6fb4c503285f3fee1c3a701e995b73f,ok,181,610
978fdf8ac443fa76fa608e20233e4cfa320ea111,ok,512,1794
7b59059e8c06ab6a06497d23940042f0ef160c3a,ok,62,212
e1d82aa2a9dcdb3f86baf99f67912751afc31c3a,ok,512,1854
e6befdd4f7bf89c7bb6851e9fb5f139a18a4a1d6,ok,23,72
effac0e9aada3cbd3cdc6ad0bba2a939d3ffde35,ok,387,1452
88eb61165870cfe9fe86b6638ebcf3e3807908d7,ok,512,1872
b884f7d4242fc0a8dc51e0a6205ee80aff82609c,ok,512,1874
859e781d38736872cdf185e011a8a33609985a90,ok,512,1822
6e3956e91ac6b1bc2769d5972359141eba5d49c1,ok,59,194
ef0c01bd620f801077fd996f6200d2663c6120d8,ok,512,1789
abae7603b6a026fcc4719d6186ce47cb197b0bd2,ok,512,1754
692bb50ef7b0767f19f6114ca90b9a90e42eb68b,ok,512,1830
25fb27f924ad72e3d92b80c677295d0646c45b94,ok,512,1816
238253eb5ecdceda29924527ff2e31fe2c9cf393,ok,512,1882
13853e703fcb50ecce972c083521e4884343a389,ok,133,462
bfb6db5e8030bc19234e5d50429531b8255963eb,ok,512,1948
09874f86202ae64f2f0fc1512a21a3675cc29e19,ok,199,696
14590366d7953c74b69ec386e1de3fadbcf21e9a,ok,512,1770
0eb832830c33798c20bef7617b1e1cf6b2968066,ok,460,1716
4116444bf29c857282d090745c35ead87a52ff7d,ok,512,1851
cca902ca703eec348e0acbc51207241a9664a3f5,ok,98,342
29426d54f9bcd36c2fff8eb5b9d9c78d878afbbf,ok,72,240
ec22a1e1708fe7abe5266669eaf67fa296d678c1,ok,512,1861
3f386092a704a462f5f09431f914bd188bad4299,ok,512,1855
d45ea89d80d8743c9ddc4c814aa5cf2f46d8059e,ok,512,1838
b113bc273a629002a8cc657c7b5b1a85d61d7a83,ok,362,1255
1a77ae106d9e4b2574ea9d5ef61f0d2f5e86cae7,ok,156,546
07087b24fa76925c9ab0d3b976b50f0d28f4e95d,ok,266,976
7ef770a4b90a5c5bde84c4a87128dd712e55c2a1,ok,512,1955
2bc81825a21323943234bc2dbfb135f868c9cc3c,ok,50,158
7f216010a24e6b967b2fcb94cc01ee58626eaa0e,ok,512,1780
15c22c986c6e6cf1f3cac5abce92a626d0c1250f,ok,22,68
58c7a4249af0cbbd02ebf931d342f4385a6e85f4,ok,418,1477
f5e4d58b40adc30712ea7a7b2d4e12d8d5daf8e4,ok,178,610
e3ada23c8a3bb9b09097ae3b5b8b0d713f51d325,ok,512,1886
9348cab44cb87006063f0c901fd5dc6cd40d425d,ok,512,1787
704ed3679ab5540f228e52cde76346fed610e90c,ok,209,727
eff5ac1f7edf3f07dde0420eb5a9847092a2093c,ok,512,1847
16d0f04b26be73938b634557404155d276e3c546,ok,512,1818
fd801849247190dc8c5389fbd5ee915b5c8ef027,ok,35,110
4e7b0e426669fb3eaab0a56b86cd794f0b77a56e,ok,26,82
42388d675dd8aa77aed6a10602b92c6d3452e5c7,ok,33,106
70ffc0c63a04678d621669db965e4641d80a7812,ok,512,1855
26f085137a6c00b243aaa18757f580c5626356c4,ok,95,322
886c5771463b0dab8b007b98e9cbbf10628c1db8,ok,512,1863
08690c46fa6ed0fed36e46ec6dde9bfc731b20af,ok,511,1708
b007801ddb7969025a1576c557b7f92c9a10d217,ok,171,596
14278d3cfa702d502ef7a29109bbf22858572fbb,ok,512,1818
f24f88e5a4babeca40677d748813539c333a5f65,ok,222,800
a4577c9da0cc2a62fb05b27f9beefd2d9601c816,ok,78,272
f74248cd0956f4ad569affef34cd432f1647f061,ok,25,76
052a5d17bb1faa4fad36a06aa78e64d4b1a395b0,ok,206,730
58cb8fcbacce438c148de0be3a132d5fe4065956,ok,512,1854
93b299fd2fea93a15f18d3031c18f6d52441b602,ok,330,1173
1a5ac2040f5c2675c3b74d9b663026a1352f9d41,ok,59,204
971437b91d8f57e258253252decf14fab897a3eb,ok,512,1800
fbf3cb52e5e94e458327fa9fd7bcdb6f1cf998d0,ok,512,1841
5c9c3c04a3765db323598e9077f3427f0182cae3,ok,228,817
dba387607b34cd4640c90d5cd5e714dedb941896,ok,48,156
7c94a9fae8a7810ed4340f6ecbd6040286e07b8d,ok,512,1728
e4cf47a9241e11e7825c3fc9e1154826f5851d77,ok,512,1754
8171c250d30c1bd482ab47cab0edd733fd0df274,ok,512,1900
44ff189c0388f217663008bf287764c3f492ca52,ok,226,792
5d986bc34737c105f0b4155a2be4aac231735de3,ok,512,1765
df29a1def0e88a5eeeedff75db9724629f6a74b5,ok,512,1881
7a3acf7a66b2fb6ebf29715b0bd691bb09c14662,ok,512,1576
fc89bd246099556fb630524fc0887026fbcdbd66,ok,512,1823
204cfbd4a27c905e68d91e2a1504c5520f854f96,ok,512,1784
205bbbc2751ed20ef79209891849add4799e3194,ok,276,1008
9c79b39de1c04aa73f4f447bef362f0169dae55a,ok,512,1798
3695ef2db2841af4d2e578e72993e1a57d218573,ok,512,1777
c2102cd94fc2ec85e3de49c0fd622c60dac0eb9d,ok,512,1736
7d989d91f714d956afa5c6cb9a8ac4957232eb71,ok,22,66
0885b50a5a99b876977a27dd191fd760fc407546,ok,10,28
18515f3f48335c924ec384c51f402bb2c470f567,ok,368,1324
41e62b17951b4235b5fcec6b8a0ae90a72591655,ok,285,1007
c1b6307365aeef3242e69b0d45c86de4cc439d3c,ok,345,1181
257c3c45f03093ac76cb117c41795b41720e4489,ok,165,549
73bb4fa5697b94e127816170efb392c7d166c22a,ok,512,1844
7115f8fb79a544ede1821b57ed8f133398948edf,ok,512,1802
db26c204e8c1f97ea901e711c0a989b78233214c,ok,205,730
78830c5aeb57201930b19d98f1a3d684342b2371,ok,512,1730
2e4fe2f1157a61e4f4d522d222fe9879a993f398,ok,429,1520
5b553fa66e71a47a31a3c4459a2ecb844b7db8ea,ok,512,1820
e14418410d03d2d4802346810f0b51642db22369,ok,512,1796
4791be8a0ad0dc9496ffbfef1c0c57e2bda7bc5c,ok,254,880
3ee3777179dea7f854d375d785c2b46110237721,ok,345,1282
4d2e711db6150847b9a9db923c2d93a661260c48,ok,512,1820
d712ac5210c7c140e2678ef74c00e9e6feb66db0,ok,31,98
9181af1a9a49cb0e4ec18e85bff568cd0a2dfddf,ok,512,1813
b2988a4a2be2cd96c2ba7040dd9539287aea68f9,ok,512,1831
9c8dacb30ee4386565c1993308a9a7c545182e6c,ok,16,50
000416b25ca237d8c94980c2ec8cac674053e162,ok,512,1886
c801b4d07dc442f74b7e0ee324bfdbbfdaa6f8e0,ok,147,506
f0b5ec3e39c35601be041a879935fbf59e0d4914,ok,512,1860
9ad2055348eb8550eda91043bba9cd2e68265b8f,ok,87,296
1bd2e7c1a285fb3f6dd0974b550fa82d6cd6582d,ok,512,1850
c523f6cb28c503dff05952af61c70fc9d331c2a3,ok,512,1805
bbad70c2e3af9fafe42cad0aec0788af00088248,ok,123,412
f77c4a47d6073c8d194bb0e981c42002e8fe46f0,ok,251,864
d06250a9ec47a870f66839be7c0302024aaad92a,ok,403,1459
f8792b1c608db90f10ee196900e43febfa3f927c,ok,512,1883
75d6bc675fd038b622279f45934b3d298c35f187,ok,92,314
ab9474622e74c6a6e7c617b93775928091b8f6df,ok,180,618
1953aa09c9a71252805304d0d51a7d8481c3e75c,ok,512,1773
78eeeb42eea7454ebe5ad346d32faeb05790812b,ok,26,80
971f81c51234e34eb6440b088b2446a15d70277f,ok,385,1326
d1dc352904c7a58928b6fa1dfd129539533eb55b,ok,512,1828
78705745fe6bd0e8cc110ed9fb87edb2b4db8495,ok,512,1830
083d29095daa9c492bb2cd52824d1ac995a30082,ok,489,1838
821d7ef095d487ccf170eb56bda9b366078a2575,ok,512,1871
e567385ffda0999737862f9cb0292046d3a4d79b,ok,115,397
2a34e508f4ed26b63340ec45717852a1793ef0cf,ok,13,38
6bc507ad93e371ffd62d5778ae6e9eff88921a9f,ok,390,1372
8d93eaa99b8195d4dee8addb6048e761dcd2ddec,ok,74,253
1fa92dc93fc5709f7144c958e3f3f210a045d374,ok,512,1910
0de1faa4bcbd2aab45d7ae86f8c15a730009fdc9,ok,84,284
b2e8057dbb7cd1c3ccce0ea478dd309fe2aa6c61,ok,302,1122
1654b670a4bd59757a590bfc9cb274e6e7bfae0c,ok,284,994
387c67596b61c19f95aa3996ab419e0a00d41e2c,ok,512,1706
639a091215befd21960521fa429d3cc38950df13,ok,82,268
6939f9fe57a3dac58e677e8bd20c0b996089dbae,ok,361,1355
2e2914bfe611d56ae1bcd20e10cd01615a9d29e6,ok,289,1097
29d8b60ecde1543c5b9bb2eefb6ea835af81c1f2,ok,220,780
2e500608a2990fbf4cde14b03a02c743dd16596d,ok,512,1862
f32642742f2d0ff779f464ece65169bb2469f16d,ok,512,1856
9bec80948b1b01abd29454795a02b20cc7edf73e,ok,493,1811
caa239a4914c15d702427838191359682a9dfbcb,ok,46,148
364ce8c06b63591b498ee11b1ce574b930ae1616,ok,512,1821
f4c430157b5f99a9e4f992d5289a625a73edc81a,ok,369,1174
396d6cbd28db28f6e7e7df51369d0f4fdf99cb4f,ok,35,110
951ccd4e053bb08d45722a160cb22f20d602def0,ok,512,1777
fc7e1e434d3f7c60bf3f22b8bfe2dc7a8f2926d9,ok,512,1886
f9c90c3ad95c4fb3e3343eef0603e58dc8780d93,ok,214,747
ce85fc576fd2e2687227dfb4e5b518aa5a36bfde,ok,512,1827
bba218cfd5af80ec2735f94161c704961db6cce1,ok,512,1815
0c97f71296ab753f688ef47b4bad47ee251aa21a,ok,512,1886
053067f9465b014531fd7ff379a7c432e362ffed,ok,83,282
6f7a045e305efe6973a44009ba992f9d29360d41,ok,324,1170
15aacb642ce9ec689b667a406f789bc3f796c9cd,ok,512,1746
1cb87d594f12900b83107d08cd9efc7a56cbef4b,ok,512,1790
4e995990913f426c2bcc068cbce848500c95e51d,ok,139,486
2a6d32ada9031e51843da79cad0895aba0ea481c,ok,512,1815
a6af2ac28624c6f7b121e88747f736fbff1879fc,ok,346,1254
1727947b0049dd220f64de0f3810d9025e07625b,ok,51,170
bd0c01be52112ef2c4d87656232d4748f713bc18,ok,512,1860
edb57badf96486133f2f38515c2eeaff5c450f10,ok,365,1357
c955681f63190eeae51b86d62006f5960a57db2a,ok,300,1046
c5a47af6dec350acb4a856cea0499f1ebdab87e3,ok,512,1780
75a922f34c3508c8670217f30b778bbb975e6efc,ok,512,1834
56f7bec9dde1ae4646cda066c4d25251e4b63e6a,ok,17,52
ae2eb155d03ea71378584e2d8426bbc7e49e9cc0,ok,512,1847
08d64e1f1f4c847ee0b980cca4a966688b17de95,ok,13,36
2498888c63ba6c729eb3ec96366100dc941a6394,ok,512,1874
b97ee4e53b73d2b2397047f138db7a62027b06d7,ok,512,1795
5cec78da31e1fb9de4978ef2fdce9e89c13d2a64,ok,512,1878
3f4379da77e37d50da45c56d2525eb482daba941,ok,512,1794
66861ed931992224ebe861bc5d86f1e3fab7ad91,ok,512,1828
001529367fac2b9a1825948035bd3673782c804a,ok,391,1415
e872b4c99b0faa8fd42d71207cecfd3ee85d19ea,ok,512,1838
88f99de317dc58ade6feb9f901222c3c57e527af,ok,512,1804
dccab5597efc1719587db6ddd444d1d6efd0380c,ok,512,1890
b046673577b1a1f03801d32b1f774cbc34e9a0bd,ok,512,1812
717677441cbbae62692a7347d9da1e7375955d9d,ok,24,76
1b56cc499b6476364d42cafc4e8cf12f3284e262,ok,512,1836
501b82b9480e1e9b17d0d5d79200c413c79cdf7c,ok,512,1868
d68dd8b91e048b29d9b4520af0a20f958cbf6a17,ok,512,1810
26c5ba56053b2b63cb99871c059d4b1007c87885,ok,16,50
f2526eb21ea5ef5e27db2381293cde300e234d42,ok,280,976
e46c29c51886b536d9973b33a92e084c3f97bca9,ok,129,450
16681ab776b62d8ed45b325c318efdc1d607176f,ok,512,1760
f69dbbf59989ed82124ab5040cf5d4425146b872,ok,512,1873
52881287888e570bf615f5b69bd94c6fcfdf07e1,ok,474,1663
a70e289ad3716033d2360fc89206d6c58079dba5,ok,512,1871
664d79eaacbe5fd0667b0a4cd9fd07bee5016d50,ok,512,1787
213c163c81f77f582c64d2a56283cdc5d330ce7c,ok,177,640
a66165a871565e541536f6ea47a86a6df71a00f8,ok,512,1746
77890384f2f213159dce6016c36edac2e265921a,ok,78,268
d99e2ea13ab831800f82a1ff232244f0cf5918da,ok,247,900
c8fd601132c7054f5405f9e7f2b816014dadffcf,ok,39,126
c18e68a94b2e5e934a89f4ab4da809da732373e0,ok,512,1834
3ca81aa1262388f24ffad34c13df0009bab389aa,ok,178,627
03246925ae7d5a0976cd11a6b0cc7b6d880f4688,ok,33,102
ab2b7ac5f64655791392ffb9a417c88797674481,ok,512,1847
efd7402d96401275921599c1155fdb314ae47e02,ok,38,118
1eca3a19d7cbc370988d1466a1f2cae9f22fa0c4,ok,248,891
8ca6645704f70e27af3715fac781f229838bb02f,ok,372,1287
0ddf50553a9ac142f6929b058e1f373d4ebe6ee0,ok,178,623
e33bccef1a7f01611ab8c85fe72bf675dafd71c5,ok,360,1288
31807a69e6da486f04276794d036e68bcf4a1c70,ok,512,1880
a4a4e5f7e03e86262e446041a7d104f84654824a,ok,114,394
f9796fb4fedc6473a8b7e7a813685aee55f417d3,ok,222,822
62acd5409c343c3031bbea0b38194a7570c67625,ok,512,1866
453f806c0b54269bc5f1744e964fa2165109f794,ok,512,1915
e6b3ed5bda9d2cc01cd4ecbf39a6952e173d61e4,ok,512,1808
049a0307167b12b44127a8dfff1d81b272b282fd,ok,512,1887
ae72708040f100b72a74702069a8bb3a7e264a76,ok,57,198
d719eabc9d56d8dd8b4f52b56834df03da466563,ok,286,1067
723c5b91e052c415685c7f5e3d81d95d481efe62,ok,340,1252
a1dff2ce4af6b129b0421270ce57b6bdf99c69a3,ok,129,450
593107dc16c7135c40728df3b9b9626623da4eeb,ok,512,1854
5e9e95789f351c5ab37a27623861fbd9ad64c7f1,ok,418,1503
0141d0cf488053ebe8057b7db79d049742b975ad,ok,512,1856
6cc433f97055d6188781041bab3b28376c6ad5ab,ok,316,1057
b2acddeed562ac7ea1d1fd26095a2f565be5bfd7,ok,259,911
8c3be7a0fc2624ab4b14d2ee4a060b3ebdb6c9a7,ok,512,1803
d40ed90da6ff446a1a745400d1fef8c63986c380,ok,39,124
4fb47a5cb10e4f6ef112b185815a4e4656ef9ccf,ok,332,1180
d171c83fd30b9ca60be3b96ed0d1640ce61603e0,ok,512,1781
a58f489db5f3d98137b33a7dab5a015863b92b7d,ok,512,1805
992a9025a63cdfffa7c1bf4b647b5a0ecb61dc93,ok,398,1458
e6329d5d042d4d07e4df99061d204d255abde899,ok,512,1757
4953b5316f87a4a6dcebb9c3f18e62ac537ab006,ok,476,1698
7cb636cf60e1e285c4a0b8c6cd2d509645c56599,ok,512,1826
72093d2b2c896da89b11bd620833d980cf167bae,ok,512,1836
7d0b14ef6400f1ddae8796119727080120e35cae,ok,512,1836
49c7ba8fcdb117e066d274954ca9e607384606c7,ok,199,682
702b7bc15d19f23c617945f2ccaccf25b8bc67d6,ok,77,258
fe6817987f65885dc0bd4da8ce434443d594a74a,ok,512,1794
b645fc3bde26b1def2e5aa4b4ee0a97a42c75e6d,ok,496,1780
9bcc966ce417640036a59444dbe21c698e004786,ok,43,134
c9b5e3bd84f55a645627a882e7fa074ede035071,ok,88,290
b6964249710dc4c14d663dce4f1adc30236da476,ok,464,1676
c2a95f063a6c077f10eaf8077aa064bb91feecae,ok,43,138
a788c614ab88693edf54fd8682ae808b1d7b7102,ok,512,1843
11033c7179ff6810df8bc668f302766189ccd52a,ok,212,746
95319b265d9cd11e3dbde8e3b0eb9f6e81313fcd,ok,512,1843
589cc23090b705d48315b72195026c05fa833c28,ok,473,1734
cb24d85456210cc0590ea2424346bf1dcd71f08e,ok,153,549
f5ae82feed14af484a38fe1e2e65d68b6f907da2,ok,125,430
39fe639093959c3606fb5e81be63997fca2f5bb3,ok,69,219
fa151951d738af6649a67e961d13d5b8ed5d2e2d,ok,279,994
79c70f2d04b006c6b6f4bdc5d60558d65d305c75,ok,512,1825
fe633166016dd460a334dd0d8315ec6417e7f5d3,ok,321,1180
a2f36d45f53090dafae32286ee12ecdf5a7a71f9,ok,512,1813
fb8696a4bc5073ce6e3881e48e8f5054d9bca71b,ok,369,1346
88a5d0eeb2ebc9c5d772ec1f03ffb7be6956d35b,ok,287,982
f7ae3bfd1f3973c501de39eaee99c50b4799b341,ok,512,1830
0c6214ff07d8a1b4feb8bf2b08e4f173b9fbd1b2,ok,512,1831
5199c89f7f3d419d87ca3e461d2b76765215e360,ok,108,362
cea107f829af529803a21f195c800c83286bfd41,ok,166,592
2b89eb3e6436677cbc42c28d23e83de60e2067f3,ok,40,130
78c1b3616265bc9e7309c7b4676c16bfe43ff96c,ok,171,590
4d7c8b625943927f35f748bb7954aa0ba16179db,ok,25,78
4ccb3b1c8c11d853c408e7949b2eeba1c6fe6d1f,ok,512,1824
c40aae0eed4f76cc2005f8eb99660214dca7df67,ok,512,1866
7a032898141d8a90b10a180a4cd6dd9f38d6bc51,ok,512,1853
6d6d32658152796ff88a5a4cf94df0dd39351584,ok,512,1868
e33faf6ef5e82e9273f2a2bf2ba85573054a93e7,ok,394,1406
68d68e0f9b15876c8363274a2306174e59143ca6,ok,512,1795
ce95a9814ddf231beca35f986d85cc8af1a2b7e3,ok,260,930
5c8837479383a7cd7717b64ea779abdb0a76cc55,ok,512,1770
47fd204fa9b8c113fc1be794d527b0c53f85f576,ok,512,1688
0d3f828ce5455216861b6fef03f21eaf877dec26,ok,80,274
23f387150c4105b6a505b067f9acd45ff8248a29,ok,512,1866
49e7b1287917de46c3e69a4fa41dff2712e6fe68,ok,512,1744
007e7e4518ae7eab2aadd29b89a81138cd272e96,ok,455,1588
9cfcf5892cea7a55db4b35236fcbe884b4ce8e89,ok,321,1136
9d3a0e1f60613d0538e7f1a5233d7735d3a94fe9,ok,512,1860
27d68a3b3227b65bfab6b36f79717e23528c1d53,ok,273,968
8d8b4abe1c4a586cf4aa26ba8dc799f284462d0a,ok,512,1890
739c5ffbcba0e3eca124fd555e98c01b863afbe1,ok,512,1762
11500c82090693649e94d15e188b8653007dae7f,ok,106,370
636ed2c6cbdef68a9be68045fae5a96dc0ecb12a,ok,512,1806
686d1fa14b821cfeb65df79a06dec6589f8e1495,ok,225,809
ff1c3ab84f967a007db6e36a9d1e46042b12ccf2,ok,308,1064
00cc13ea6ec3078628a8527ee532ab875119155b,ok,243,857
fe6ae7d059e1b26cf7e09d85abc65138b1cb42ca,ok,512,1871
70c8bec2de638d5b56dbfa93477660cfd2834182,ok,512,1817
ed9ff25ef4bd13674e7e293a48dee9c676da78c1,ok,104,344
a1f4d13908c3a5345fad0f47735e0c0d5cc2d002,ok,512,1844
e7af0d0bc27e6a73882b505d240f891e15a881b4,ok,512,1732
4792e4bb1737bcd94882b7a9f9fd0204828630d2,ok,512,1820
63e5af98d756307da8916f685f654e3353b1d4d9,ok,512,1826
9fe717cbdc8d21c859a9c9fe37ac5b3a1c936a2d,ok,512,1820
c11daddd4df33ec7783f28f6493fefd6174bdf28,ok,100,354
adb5535d4fb2e5f0a0bb771ac631d8e9a35a3020,ok,512,1884
3f5e8413e9e1bf337d087beefc8a9f5ac551f632,ok,512,1836
3f84b4a3b9045b4268b473fa71cf01aa15e072af,ok,512,1850
ae69fb162394aab708109d2766c812916dd4a3f7,ok,32,100
c69ed3a185ba74244ec2aa84db479280c84b368b,ok,466,1695
312a4b9b439e445fdcfb02d200d84a45fdc7dc2d,ok,512,1839
90d4d942138136c135658cf81d006307a5e89ec6,ok,512,1908
5c881a2b9749927d4354c5ef60c95fcd657d98d1,ok,442,1648
75e6840a96b34585bc860c0b336d131af8960d47,ok,305,1089
6af3b49fc848a0fa4894a930821df214b91c9b09,ok,512,1891
64a85dc144dbc77624535038539f545916a754dc,ok,51,168
d603d3e5c4b24addf2eac62e9c1d968d1cf86544,ok,512,1803
5cabe89fbe559bf5358ed25401f3403037d8f339,ok,231,819
588365eb9461a8e2e6a98b67b26e671d0eea77c4,ok,512,1848
936c134abebce530bb852ae585392960d9a5bfa5,ok,512,1797
ce60aa1f4aa098bcee1ac88bcdad7f5e9255cb6a,ok,512,1805
a1c2d353d41dd792b4f5aea8034e52179d5f3814,ok,512,1847
2d344c6e5141fcc7d9295fcc20e99eb17e661236,ok,512,1797
31371a8fb61dd6e799a7bf676bd792494c075559,ok,512,1934
a39e0ecf3def1a781527bb58bf551e1e234b2598,ok,489,1724
e6c924771b322eab47d4f219de83d1103cbb4539,ok,220,750
1bfb827741936ee6de91c8e92b51a4c55d890250,ok,512,1870
9756c047fdbda61dddc6d6b114a07483cbfea4ff,ok,397,1375
6b9edd60ab1c92c54063c4464ccf10f4d7424482,ok,512,1820
69d7461b21f218119c2bfdffc057755608cfb6f6,ok,512,1841
ac3ce603171c20544810188fee751270e634058a,ok,512,1845
0e58659b2aec0ed0502ad26ef860a4a8e7060238,ok,512,1845
3f2e733cdcd495c949555d49b7b620796f314e3b,ok,512,1883
0d45554248ed998aa22b27622d2a023d967e7143,ok,512,1842
626f08f9aefce139ebe6d1a173b20d6a09ed7d2e,ok,512,1857
186cdf05c3b078d309db1f161aa0443d9633b123,ok,512,1746
8884dcc7dcff1a3943f5fdd5e01a7039419d4294,ok,495,1819
a129f9592a50195e028db25a448fb0832b6763e8,ok,199,680
21b957f864c3dacc05e7dd6c43a51b33752bc75b,ok,512,1821
254479acfd90ee53bec82a98870f5d21b71ee78f,ok,512,1750
846108953bb85d7286e19f7d65ae3df288f0157a,ok,512,1928
b002dcf2c2a58b9309ed172a5d4f7b7c09666d9f,ok,300,1064
23f009067c0194767a0407bbd8717459d3fcde15,ok,240,871
187ea9ffc6c1eacf24302ba9208a0f904b20e28e,ok,260,940
97ac75dcd227c083206312d7f87b30b7ca4a53e9,ok,306,1090
a3ad3607d3803a42710f67e7f79fcf6d48b1457f,ok,61,198
01c61230ca8021508dad186d20b84a7975625cfe,ok,142,496
60f05ac36e72cae6627bd417f4e90bc0b3522237,ok,34,106
f67a13c5b785483f5ae96b3c7eb929a025973290,ok,374,1395
77c958634a4939f9a56172763fa9d9e1d6fc5fc9,ok,44,144
62497ee672b1301ca874639e941e0d873a2b19ce,ok,240,876
11184d8c3c03ff31231d9b249d3a2e2b4f700e3d,ok,512,1786
c4ae9fb172c659059fd3794e8a8b8bb5a44e4ca4,ok,512,1831
24add67f984001e765e556c768bcd69529862f2f,ok,512,1829
7baf625aa5020ebd510225c050728be9b8bd051a,ok,51,168
4ddd8ec3c16eccb503fb199d0e2e3c0fb8f6f3a7,ok,68,221
6aa703c009244978d81b4f283fdeea747d3d441f,ok,178,644
3a42e5987f0963258df29899aff029bd5bc066d0,ok,129,450
cb4e9b57002f721cb11b6402c6dd67070096c210,ok,512,1843
a84a609b3c1663f1f97b0d30845b83485087c18f,ok,349,1251
a7a831f0621fd26c1569e00e9bc7ba697b3a72b5,ok,512,1834
47aff00bd508c94af559539e03f6a18339ba161c,ok,512,1904
912cc1e06f3ad50504de032f6e450cf52464fa6f,ok,512,1862
211aa3f5334ee2b82783b1f6976e2439bed0ffd8,ok,112,384
b7d0faac1d4762a7c8e73b4c60a892b55e1ecc17,ok,295,1082
ff340256eee6d664271230b2de3b9b6ac6613737,ok,111,383
3b2ce3ddd268d83705069bf4494844c1d00ceeee,ok,34,108
2c7f0af8944bd9a0e2602b9ff581fec774d3fdeb,ok,22,68
9d7d3befe0a4c4eb74bad6f967c7c6613169fddc,ok,412,1421
15908a3dacea46de56e33f1fdc7e6617d75b1439,ok,512,1914
7deca8f73c5b5fd509466535b50f4ac338f48931,ok,366,1272
768c030955c76df76a3c7432583fce32375a4287,ok,131,448
25dc25c53aca996c50c2b3fb765ef4e458ff8d9c,ok,151,540
6f810cfb1e104af1f941403f1df462be43bc6123,ok,512,1800
6b054633e477995f10db019d45a584f582745ff5,ok,512,1718
5e677e635f60bb82e400212cd0bca6d171d07a33,ok,454,1623
431eb9f5b912f0567e1aeb337e2db22ba5c1449a,ok,512,1886
843d2537d6bb7499d8fb5e6269295926c8c3cc16,ok,33,104
ba30a3cf8461bb012a466566fd6a8a6f5158a7ee,ok,129,450
79f59911fe0cd1d64cd1408db0376a9590417561,ok,512,1883
6b6f7c84e5896b9e2a63203dae422efa7e48ca83,ok,25,78
edb47bd810b5634a08ee3acfeb9a2c9b5f59b978,ok,390,1416
9a843f4096f391d5a6697760713270cf7332e423,ok,271,998
dbd7ebbd527d3e2d6acc412d423e7c0745f394ae,ok,59,206
7eb472175da654b13ff71c950d5f6fc6f30b9b5b,ok,91,314
782455a2bf49ec788684e9eae7db115427835bd8,ok,512,1780
ee01a30c65fea49f903293c944750115b58c20a4,ok,14,40
6f471bedca5f33e0307125d8da2791ca3218a8f2,ok,60,210
65be32b86932e5db8b40bf69896eac149d6bea18,ok,512,1788
8a2d15cc95ef88e8df8ce6769a685c9a18bb5b03,ok,115,396
4287b015f93ac30876b4141d6faf55b068ede4a0,ok,205,720
3539d7a9ac83cb2b554929e03267e39f601fdbca,ok,512,1806
7153fbc484e4cf85b0904f8d2e18b3501b67456e,ok,512,1784
0fcc514c565ac5c19962c5bce6ee7ddbf8199803,ok,41,130
9823afe93caceb72586b61cbb76fd8cb166dd156,ok,53,172
c6b032164d376f0e162ce59c9d97148fec8e0e29,ok,512,1904
6f8a024835e2fc1990e2744be9755fb4d03c3095,ok,192,636
a1c3027e5386af58506b7f85c363921486d7ca7f,ok,512,1802
b903d9b3a9be023f9ea94f9671507e491aac6370,ok,25,78
6c7c578e98f9a3391252a0fef3262d96faecbf86,ok,512,1793
ec13b9dc25a7aa5cebd8ead656a43c24f20feb42,ok,422,1492
1404cf3d8d668cb4f79b4286c2d4f1fe92bc3ca7,ok,512,1778
f2a9bdd18b96237bbf59b0102aabd7f6138c72d7,ok,512,1854
a180e996d9be335768c2be8a2944e0681148bd6b,ok,512,1859
7591942f6812e32b13df2fe6380839f6defeef8a,ok,42,136
320dcd4b0934e68841d879cfd5bf8177533e0974,ok,512,1842
e3913425a494d2138298673c8e5e21820be67845,ok,512,1872
5c1137e712d48481e45d0b33c0ca78985bf85cc6,ok,98,338
c80676b38759a26d4c3df5dc8b70ca3948c5f2f3,ok,512,1866
ee1f9124e52befaff7cd4c6d3c30c584c7ae6a7a,ok,512,1752
b2100fa909d738eb44daca9f57a330c0afbf3917,ok,512,1847
f4f21495590d001ff62941a9e0e3aca001b801cd,ok,133,470
bf3b2939fd5d91ec0450d00fbb78821d50b1fe79,ok,105,364
f5065bd33bd3e88a00519f7f285cba1106250bdb,ok,292,1041
7e413ab2a057ac9442390973f157071b8fab40c9,ok,512,1812
e8d946e1e584d2ad398ac7a578618ffaf103657f,ok,512,1813
8027a15bdbd100d4b0bcd18cf5307e6944c6efa4,ok,449,1662
f93b1d897e52f5aeda8f4be85439760967d76693,ok,512,1885
f2884f198e7098c094f00a861b053f4c4d69ccb7,ok,345,1243
df2ecc3abb0e8b525dcaef0370da00356be4f3ff,ok,109,364
55a9e36d68d7ccf4c63919e1743b77bcc0eef090,ok,203,712
8853e422403ffb5d7276f47859dd0b2d6eec2955,ok,497,1798
bd1007b0a84054e5b638fe47fe5dd2d9b4bc38cf,ok,26,82
a6984d1b4844fc0a0a1fcb6a4df0222c07188fd2,ok,512,1781
8606c33eba2a824435626b89b8ab049b418ae303,ok,272,976
a2d62932d29f7848add7aa5d6c170bf2c1989ee6,ok,512,1845
c4dcc37e0f113f9f0362499692ded41d210d2b73,ok,353,1249
0df4eacb4390bb5046fe4b046d9c5433c343da1d,ok,512,1850
d891398e9ceeeb0027cb05147ee9f3f77fe636eb,ok,510,1874
efbec21ea344ef9731de9a842aea4730c4981de7,ok,176,621
015fbeb9f8f3b67a476e77c07214199b8a59da89,ok,512,1820
45540b520ff401e84f36e93ef21671d938dd93a6,ok,301,1062
bd0712956fadf17946b0da5d39c9d33e1ff1e433,ok,22,68
b64e7f89eabe096d005442509e8389c9b13e98cb,ok,419,1478
c76e5cb7b05c68ddab3cf853be01ebd2a944be1b,ok,512,1876
f69ecdd2c9ac1aa1ce1dcbe88c37e6d61e58826e,ok,255,870
68ed2f63cc4b7d23059c15d921fac954c7b32f56,ok,33,104
e7f06d2c6c45ef3a1101c23edcf5086f6c416d5c,ok,512,1873
f87be26e970c439a957701806c2a9106966c0f46,ok,512,1810
fc78c17d5bc0e3beb0e35e9b11f402bfb99598d6,ok,431,1488
2da6d14c4269a1d409668b10387b9c2760c1cd2d,ok,512,1820
c69767085cf61b83c26b547df9b2dfc2b92d04bd,ok,512,1812
dc959dfb640ed6bc7c0e74eebed6f990cb811edd,ok,354,1316
5868c7fd1777060f0880cb577f27522788207ce0,ok,512,1780
a2e51b16ed5a1fc8616d8313ba95ae5e0ab7297d,ok,512,1806
9d5460799b4f9ae954fd64c65f717de85abceceb,ok,512,1819
1b26c837fa1013bf0d80915d96a82d1586827898,ok,512,1809
800eb4ebc0f1eff6bfa19dede72eddb69881ac39,ok,512,1823
dbb40b3fc8f671e280b363471a4ae999dcedbf63,ok,286,1001
3bb824571cf4d035e356bd739e57bd9cb6483768,ok,512,1904
0f30ffc93866eaf410f98b800536774ee793f651,ok,67,230
4b79ba2133efd11fd4165c28312c7bd2b37e4f65,ok,131,448
205276ee1ea623bff20c630d17f6915a5cd9de77,ok,512,1832
764af4d77ca32db54ae5fa6bd948a2fea432dc79,ok,307,1067
cf1796f020d6db3ec3f3d8ba09de4b42d45b0f05,ok,512,1860
112e08caa2d27817761d460ddb386a83d908fd09,ok,512,1742
cbbd25fd5f23d4e0b4942ec955d2645030d24b40,ok,291,1039
7021054f1ec75d8a8479bec4d95d8732a32177cb,ok,146,512
b72937ace83482badc817e9fd2e6cb856393e709,ok,512,1867
c73c8798f6f87eefe94dc62988786fa22c3adbe0,ok,512,1858
4a2db96c56553b156b0f9da580c83ef2a8a807ad,ok,49,158
057d7b77f90b4239f41d16968dfbf45eb9b9cd47,ok,234,798
4aa5a7f4e70023847cdc308820ea5d72beff857a,ok,512,1796
f50a1b2500edc8da77dc7658fdf4e243d2ec2c32,ok,120,420
ba9dd6d5b7ab320da607fcbcc753fa88242dc114,ok,512,1820
50ebd557988822eb1e48fc47b095b4ed51469e44,ok,35,110
5376696767bb05b66aab5cf0aed178b39081a32b,ok,494,1736
50da5ed895a51a312edeb698049a0df2731bf9cc,ok,74,244
428629ba50f762cf77fa930e84229acc5655561b,ok,512,1824
ead86dcf2740d788bf39073f6bf163a62c74b4d1,ok,512,1844
552d68186195a21aac05cba70d7093197b042134,ok,512,1890
9cf2474ccc5802725c7ba1c9b8eaa1840d8531e7,ok,420,1554
857a7929534f6b5cca7f4eafbda2a2474d0833c8,ok,512,1890
5989bf60833017036f1710bd13b17d14826fc038,ok,302,1080
52636369f4e4bf6f159236ee664837a4029ee363,ok,512,1790
d5de4d2db93d166b0af055c936b18dc2bd3bb796,ok,257,878
56f1ab9fbd2474c8a545da8f52a53dc6480f3271,ok,512,1878
38418d9cf3cffae6a933820d34f9a1a1b38886a8,ok,280,971
02f035f5522d97c88c00ec0dd6f073775e1f5ef4,ok,14,40
2406defc92f79dbaa01c9e40eaa284508408ea4f,ok,512,1828
0ed79f66f6d2cfce062a7ded291e69c623309e5f,ok,31,100
7c5ce03156def4787ff3aa7017b143bcd05530fe,ok,72,242
035b5b117798437aecf4741b940226186a7f9598,ok,512,1886
5eb8f7c1ed764e78326db73d9335ad4d4bc11d2a,ok,512,1877
b1b96f2e7ec92a0c0842a8c418c4de9bd909f10d,ok,512,1763
94503dda63ff401b838e3578425e2e63d592da77,ok,512,1859
1c0a7d52a3b94d5736425e3df1588c4871bd6052,ok,512,1833
0fbbe5a299aeb393e61b179a14f35a02dff077d7,ok,96,328
1fe321c3e8f676066a1516caa95f662639617269,ok,30,94
6c9b01d0ebc0a2a5b36e49c965778237d023ffb4,ok,35,110
878714ee4e752d067a41a51697acd71a05269c0d,ok,157,558
36d34f8ad4dd2ad43d845ee83ed93eca2862ed26,ok,201,688
9d82b155a831e932d2a1279c012d20aa418796c3,ok,277,996
4faa70ef55cd2b98769c590d61d708637c0d8260,ok,496,1902
7557b2f20542c045c36d7b7afd62e7888cb7a2c5,ok,512,1822
bc4ede21309d3a0d3e767298254f38db80687ad8,ok,97,344
0b686c3f1cb90c4c0a87539b7b1b320feb8471ff,ok,446,1538
ae958829f1d751f73afb518badc8837fe03ffa45,ok,512,1846
0bbc08ee138121299c91e03271d2114f50e43fa0,ok,359,1334
08d559832b775b6f7567d6440df4b0ebd64d18f6,ok,224,822
7600e59e9cbacd88ec86755293da47150ee8d5ce,ok,373,1340
6dafbb284176a809a62997b07d9662d0cb2405a7,ok,512,1841
47869290608b08bdeef6677eace9b7ae7ca1e4c0,ok,512,1796
df52663043139df6bcf9d1fe804c57f65f9eaf19,ok,31,102
aa5dec11b8dd9b2c0151368e03dc1129c71d6040,ok,512,1732
6c14dc372be410d3fc5ebaf237ff622aec574f6a,ok,512,1738
0eec6d973be5740a93578e78b0c249c03fe2a8da,ok,279,978
2f067be9b53c39d88c5344f3814b950e27fef0d5,ok,504,1767
beb9919780d59dfb21d0323c430fd662ac843cf2,ok,512,1815
8ee9774930e7b0e85a9996b488d3ee6310a97127,ok,512,1868
0044a2e68f84edfe0a5d9aa4c9347d4005c1da3e,ok,380,1328
ae02d64e5c7be8c6ba240b4d1c83fdc0df4bdce9,ok,95,328
8c361de46fad87b3ff167b78cd8d1145094603af,ok,61,214
c16554c272c8b14c23e28abbc748d469014369d7,ok,512,1888
b4f242dc772e6520704d32ca410cf89b02e1d8d4,ok,231,814
5559872879f99ecf3083199e83b8de6c075f3b44,ok,512,1844
993f0de86022b30628d881ef7509a34969fc75b4,ok,512,1836
5c4a9d74c222c9f1ac9d35f72b6cb5e79e087ba0,ok,159,548
b27c147368b916ce4c045d0be338f7ce26e271a7,ok,65,212
03e36b8a4b1ae360a21324584528cd9d54f4b4ba,ok,512,1826
266bc3d152421004a86bff4ee624f7a0efc616be,ok,468,1697
f3e879aedd077159c14f56683f94bc138f47f571,ok,323,1158
2b0bd6eb9384d2dc5bca0c4993c0670d69fcd2ea,ok,512,1816
7e83f67d6cdddef9b432d2c4c4147b065779776c,ok,512,1881
6178d315296b1e0414d6b0f174a94bdf450007d1,ok,512,1995
8e28c2d812287b07a93decb61caafbd1330d7d42,ok,369,1358
780a937d459ad83e90b53b3c13ac575c6a9f2bbb,ok,37,118
f813cd1922ac5544300744940f040409fe6f594f,ok,224,789
08733ed1c712e34e181788b2fcf79332a8bb42e3,ok,18,56
9b930722ffb5014c6c5e42e154852e74ceae0d0f,ok,512,1819
a98e794acfad8e595a57e0423ae72f110e919d72,ok,512,1780
2863de2efd04307fddbc2a901deac214bded7315,ok,512,1820
4a864fe34b61c5344d3e9402291deeef11d96f4a,ok,164,588
c6432baad43678e18e26a130c19d43ea32305606,ok,512,1830
61c7968ec7c7602d609a0f518d731d026de7fa86,ok,512,1796
3be1d5dbf34e4e3741408493a11f3603e260de42,ok,512,1738
af3820850b0bf015f941c9e13fa65c4d3542296b,ok,86,286
41bb74d6ef9d0100159dcb1a083a49e397b7d452,ok,377,1391
38c41f85529c633a7e4acc1aac3029f0db78ae41,ok,180,620
8dd4519a09d2259f844bb60154c7f9051cc54b00,ok,281,993
ec65eea06d7db80cf35c001f03f018470c480a83,ok,438,1572
4541bbefe7a33f402d43f3d6599131d1fc51c9f1,ok,512,1799
fa874c9d861e899bdde4809d4a85998afc7557e8,ok,512,1890
f8a0e8c2f49655a0fe14fd10c293d18c923eb069,ok,184,668
a2df85eef017018ce3909589b61f764cd2aa6bb4,ok,197,690
0637f09b48068a137bf4c940dd0c7eef000e1a81,ok,96,334
8b9fdb9d5ec9606295de41653cbbc5d9ea58c3e3,ok,512,1823
21a7043a9efa4de44fde3eb3cb7502e33ea598df,ok,512,1896
2cf07af0a3dc72c95375da803c4e62d0d67b2b77,ok,93,320
a13ede417095dd64754a8105b59bc40dfa827b59,ok,512,1872
752757667820c253870a506809760d2a22a7390c,ok,188,667
2b4604c9ba6b285782a43cd824b8e2a954575c0e,ok,56,198
bf69fe8b72afa38ebf30151a0a0375afca630dfc,ok,512,1889
1f822d01d502000faaac4c1a2d9d5a7bf6f74e00,ok,396,1378
73bb840369872d81714eea1fb2907937e9820238,ok,426,1502
d80e35057d3d5851ae59fd785569f3175111dcb7,ok,178,609
f7ab71382527f6fc1c02e61d902bdde8b0935733,ok,512,1769
49a0e4a94295f9940e771e79e660b0afff84f2c4,ok,54,180
6a2481cc63127bfcbbbb5dc87a9bb51bc81c4157,ok,19,58
da2baa8cb7d0aefff5c0e82d94c1d463f8a20795,ok,512,1839
f90f75228351589d66c67ec71fd172908e722309,ok,512,1820
793d32ea15ff69cabac0919e4f501e911ce54aa1,ok,106,370
a9a4c3132593d207a4224632442318e8b14ea344,ok,512,1838
42d32fb95498b7c0882c9698d33d0ba09531c7e3,ok,512,1847
98f6f825480af2e8ee82a3dd7c7b713c71a6a05b,ok,10,28
94fa31705867273d367abb1f7288de058f85dc52,ok,80,264
3c6dfcdf8df3db5ffca61082c1e059fa82013d4c,ok,512,1762
8f547cdf30091bb2e4d0c05537085a715f70d713,ok,84,284
5af10a2223865c2d295f2d3f31ea317189757ca7,ok,45,152
32bcea09dca333f4bb8fa941550b088651ea1164,ok,512,1834
e7f26c22f4ffc55e2da4a489b66a41dd296875b3,ok,512,1804
adfcee66996fc7aed2b708d18310407b00e4b50d,ok,26,82
1ea5f046cc39af3e11225c8de225eaaebf61e494,ok,209,720
185a4eb96509c77787e555fd8299787ad21c9827,ok,435,1563
18edbce92f69adfb84b11b90f247237ba7b447e9,ok,512,1883
704be19ec12fb3f91fb8b2413242247bcb7bce8d,ok,149,508
0d6c1ae7675639cb9a470dccc22b78b53d953a11,ok,145,484
abd741171840a35ae8d0aab0e7b3545049de64b5,ok,104,365
b06ced965ffe64fbf3d1346eefa2a004e010d4a8,ok,512,1827
012828560d98d4c7fa32041edfd7d563830f019e,ok,420,1499
a5e0744e912f840a947485f5ec92eeed9bdc6633,ok,512,1847
34146f29ae7272de46f505f51461c3804b0dc061,ok,512,1779
5e06c726490fcbed50aef4f9741985a2a81f822a,ok,512,1869
12525451d30000dce8016291328a90330a3161af,ok,172,612
0172256c5e91375a6fcd4459194d07c2edcaa449,ok,512,1906
64e69c99db2a686f7e901c5cfa0f8b4f43de56ae,ok,177,621
501e7586887d8f4da2e525aaf52b5e6ad4e927ef,ok,51,170
3c2254a14303d1b46c07acfd9e6daba610fc7bfc,ok,512,1773
de5e358f72ecd085202a9d032c9c6f66f6d6e5bb,ok,512,1834
2b96fc0a51682690eb5899d319e6c3e702f4374e,ok,512,1820
74a93a2ccd54200e038fd270d890e1dc0fe16a62,ok,385,1374
52627eba7b44765573f2b59d799b8a73c8c47240,ok,52,172
feae823f70b2793f9c4e3d4cf71341f45deb255b,ok,27,88
72b492ba5877b97e124e054a26ce651f8cff753d,ok,512,1854
3b19757528cc44dc8272f86f117be6908123d44d,ok,121,414
25921ff0a4ef50c341b4df11ef40f664590b453d,ok,210,738
04427d4638657634edb6f47cbc28c3d54d0bc08c,ok,362,1303
c53999466e5a0e633a7faeed09a54dfa3c95e918,ok,512,1851
144185f3c88b906e8bcc608e65832b3b456bd366,ok,512,1841
341a56ddd8a45d9fb608919252390d3091ce1913,ok,512,1784
891c7cf97dc1cf4707466c8c7f2a4cafe4aa21ab,ok,135,476
f751f797e3035b6c9fdf0af23c9b53f73686bbed,ok,321,1210
b8a2f04b9539022f10dbda6d95ca692c2007badc,ok,512,1822
397f0bba5f79549b547e08ee060c2d1bbd3979ee,ok,512,1750
1eaa7b200dde2f5b0499090e5947c420b88446e9,ok,275,970
5334f807625135fab25c8621e636c59b026c2e93,ok,386,1383
cb5998dd9e852c89f69a64d1cb482be85ba849dc,ok,28,92
cff87fb5e54c4f3e2b7aa9d198c245c1cf7c2946,ok,455,1598
348684783361bc1fca3b8ce420dc06473bc0780a,ok,512,1777
8104d88bf90a005302b3b8f9d95037402bba03ad,ok,404,1456
f04f3f38f515d73a2afa094b956afb192dd1e7d1,ok,512,1910
3073955cb5f32af4818516a00c247a3791779b07,ok,20,62
7105e14736775f9a8c1347b8933f04f9c670cc0e,ok,512,1774
6103cf443456a34a517366ca063e5170013b38f1,ok,35,110
68e4d64a75711987873aa6ee56c6ff5671022f59,ok,301,1072
60e89695ee3dd6d9a5b7056af2e295ac63bae5b9,ok,366,1380
78f3b8dfd092683e340ebb55b37020d7a9f4a475,ok,512,1822
54cd7e02b1089f4e17a6eedff0688922276755d0,ok,512,1834
ee0da17548b67c4bbf6f1719489a1ffa8cf2dbc8,ok,512,1898
c345a71fba73becb62d3397890694259f8c47904,ok,160,564
4cee541f2a00124c183ea6b9d0f3ee2431c7b1be,ok,347,1242
bc1cb7fe56a31e3410269c51380383f137d67b0e,ok,81,270
c2a70d7e8a52411c09a05cd78ce6246c5c9a7f54,ok,401,1442
39aa9798ea7dfd7ca6cb3cd575dc6bcb0c1db2a9,ok,512,1803
2ab2fb99f55af2fc05062248cf1ca9b835953f38,ok,512,1821
bf47da850dec6aebfe1436035ae9e7e70bdd3a5e,ok,512,1788
3fff4f3b911bf084641f0d73ae49315322cb52b5,ok,177,610
3adbc13f54251aa7587a8ccd5bb60f65b066f161,ok,512,1834
1e9dbb3a2344ada25a78348ba3e70f116d866411,ok,251,889
be256ae3f7c87a4e458f2960c3203c0b359f041a,ok,512,1839
4c0afb0638e97ef19b2d8c99043ddf2511d44c8d,ok,317,1136
0bd05897c502a4b0513a379d8ce4cc26833505f6,ok,512,1868
b8a428ee9df8da6e41ed4fb7edae94ce9cfbb778,ok,86,292
2e961c7d3fd278919bb90c676783ed65225ce349,ok,450,1601
f8cf0e47c95f8eb0f535679926d99fbe3a2fce25,ok,512,1788
86dd6b46ed0643445ae173f09aa5d2c43e724e28,ok,512,1862
390de81e2a9af67e43d3f2d3d3e6ede1a708e1d0,ok,512,1816
03d989b42b58ef1a1cd0e67a1191b6963049e98b,ok,512,1807
4d3be82d1e9f1d939d5e7caef1755d5ee73ee30f,ok,255,880
7f769c004a02c909a1dc4eccd6a5cd18c48e4d7b,ok,366,1342
b520026cfd7ddec7701509dfda581428bf5736bc,ok,512,1848
b8e2736a0351b5271a153fc9db6f32c36157fd06,ok,162,572
88e763869a7b8ed6d6f5c075de000f82b7240ebb,ok,512,1860
bb171e16690c20421368cfa7ee2060260ce30f41,ok,512,1837
9206e6ce565778a1a4c9dfc6693ab5c74ffafb60,ok,512,1782
f95c4becf1ece2415cb337faa2f4d86ea4864807,ok,512,1910
0c135a9ef616e41e00018b2e628d0cca0bea8486,ok,512,1802
4085e434c0328b70e9baee6edcf5540dc0993bf1,ok,512,1837
b1617ee6a9dd46678aa3d43bfff36ebe82819ebc,ok,369,1174
43b0b71df260b6b613de4cbafb5f1f9e73c8ebec,ok,357,1284
94c3a50e8277568498ffb9c7333426a9c46fc255,ok,512,1831
9b480d3a8fe1cd08d3e0f6f30d529833fee24229,ok,388,1388
707f0ccb1ae240ef22a8e60cde8e56202471b5cd,ok,351,1312
7110f2d6a474ab5ec17a1e1689eb6e3cac0e7441,ok,512,1827
3d4866a1598ab31fd1b4fc9436324ee03e0f8129,ok,512,1823
8f8e74d55cc59e667810632d328708e028715b3a,ok,305,1108
d52aab91f1a2237c09487fa74d37a0c7dcf7cc2c,ok,512,1848
712b9c30c42b65239d5f3386fe685c0bce3cc5bb,ok,74,249
34acee6e2f37f8bc0924492b2f22331530171236,ok,297,1074
97c019cf7f4e88914366ba0c6142b15794509b06,ok,14,40
b4f7053fa423c4edc62518f47cdcba1354812372,ok,512,1808
337d213ecf7df4ad9341b817a38d4d0259746581,ok,218,766
3983a123a80b892dc70fb4c2f43191e0ff650724,ok,20,62
efe830e0b96009fdee7f74979ea5ae6ff774c285,ok,512,1810
9e0aef47aba758884fbbaae2735ee4114f196705,ok,512,1863
b4b7b4cfeb455c1507ca00933e69409963db1f04,ok,512,1790
ede29a00a7787486b8f621e3f7b20ff6ce49101f,ok,41,128
77cd01c84763b06fbeecd5595fe8b0a7272211e2,ok,451,1583
95ee0950c787cda88822f5aa83e0c23a083f10f6,ok,512,1902
ef6ae874a6c5818784392872772872b5302ac8d8,ok,19,56
f6e09aa429a106f00ea77886cf5e0630a5cd8d1e,ok,512,1740
b2f5e01e7ed789cdf85bd3ecd0e0e1e0f06368f9,ok,229,830
e7e52efff63eed3235c2d5a2a14318cfe4d46795,ok,78,256
b89adeb1c2445047c666898bac333db492b8ee1c,ok,21,64
1f8b92d242b70d20c08d8e9d8e52172038cb61a7,ok,307,1057
cc41cd548ea21f0943d1cea10ca71d144bc11719,ok,197,692
a787b712cf2323076e11a1e88603904aea2587c4,ok,40,132
b8d179fefb6580825ec9001187e2df5474206e03,ok,130,448
158e6df4ed1d161009b25be4614cef9b8c07a87e,ok,512,1790
77bb9e31b50ca45918d6ec58d233b00644b8b3e7,ok,512,1801
2cc650ce9fd9f2906056589f601ae3fea80c5335,ok,192,664
c3c839f67d9aef7f0c86e0bf3466d93d4dc8ad17,ok,512,1827
cc39f7624328670879255f212652ff7da1491fd8,ok,393,1437
72649d227cdbd30f8596743d5956f6ad468d6dd6,ok,143,486
21d39b7e5eda83d3f8674c72039d2672663bd23c,ok,512,1825
300fe613f0d21fbae9a5ac954fabac7e1201a5ac,ok,512,1807
3ff8ae5558f4676cff1a83f8e54344bf22966b7e,ok,38,124
5b0e35033178dc1f9f1bfa6e71c2ead6f8223e05,ok,512,1765
2a9ee54f8e9384e8db814c1bb3dece5e921f4335,ok,512,1845
663eb0eaaa1d1a20907d2c4285d508785bbc21e0,ok,512,1886
369fc87eeaf29f6ee3528de783d90d47a969a8c3,ok,205,682
6b2ff176e28c37d708b99748a0bdea1194d49bf0,ok,126,444
e5608ea8323c9a72edfc3ecfe901a812d10b2b87,ok,146,504
f32270c6335aa1b6b847274070ee858c6ea7bcb1,ok,269,980
97e735dd9d505ed245ee10dca6728e3406c55a15,ok,512,1842
91fac6c135473b874cd2a9a4efba94a0c2094577,ok,351,1212
cac1ba8f4f11743b4b01910ebb0012d9a6ce4636,ok,236,790
8a4ff6ef7581917f5f7c28c0d29fe69c6bdbe8a6,ok,512,1818
52355b4c209bb3f1c6e49f002c1cd9bc2825acfc,ok,512,1802
36ef51c766c8fed0086e6643f68b747a5436ccc0,ok,512,1888
a8e8a21ef7b691450fad69ea6a99d53bc16cc656,ok,297,1068
411af27d423c9f43888659592e2a29434748e4cb,ok,512,1724
4c1ae98ff56bf6599a9b47ce55f3e985d5f46efd,ok,38,118
01732674f0a667ab160d4ca610c984ec3cb5ed89,ok,34,106
64eca5d76abffb6c6c97448bdbd9c94d983e0c67,ok,140,479
c3b6b6dc5468db31e62106d30f4eae9d96859a1d,ok,512,1847
61566976357ea71e1a639c90bad551271494571a,ok,512,1828
35fcac0df4c78ca2fc12f1fec092acf72fbd27c6,ok,109,370
f43a2b9b63352fbb56bbe2261c046e806cb0aff1,ok,143,518
95e04ca008c814e6b5f567f18c0086e1ede5cb71,ok,272,980
10f4f83ca7e2e9a232671f97247e03579e6d6eeb,ok,179,608
f4f6c72960fa27e9f1d06902b44cc913e00e1c54,ok,106,378
0c9ab083bd04d1ebf3b5da11d084f910b98b8830,ok,512,1839
bd7d5a9ce6fe6d4eadbc21e7540cd14454761bdf,ok,167,606
017940b53dd9be612e65c4da2f9b0c85ea34cd99,ok,512,1929
7094887defd2db49c5d652c56206906e2b7f5974,ok,512,1816
be3b3f101c4ebabdae9f135a43d8e48bc9ec7fdf,ok,106,358
8e28c3e6a589635f076ff485c9f7a809f0d6bfe2,ok,512,1932
03e10632c3f332db163f61afc73e543aa4347a88,ok,34,108
adc54916af8ea1a73af4f0aff193ee9bbd396d75,ok,512,1848
f8db2bc27c13c42b0b659a7c172411fa439d642d,ok,428,1558
0f401170e1ae2caef918b14c5b65f919bb0f88a7,ok,512,1854
e89fd9b43088e85f834e080e0192c62a62165b57,ok,512,1802
ff7b3a3fcf8c2e04009d39439d0e69fd342f008b,ok,512,1766
4b429145a91a51c3361c68cead7ba4f21a46dd3f,ok,512,1819
e7a63b8f09f3d017a934e07d6d35a0e2f368789c,ok,512,1844
f52c4c498a94f649393458e146f3a494374fe5e2,ok,272,976
18a6f29fb03bd41649a7b00867fd4fbdb701ad9b,ok,512,1840
b4ad490850c7fc4e0b54f70119c567908309bd31,ok,490,1794
150a5438ce993b13f12a98313cb000267ed54f31,ok,512,1838
220ca49ca8167a57eaf544f5a34024fcaf512404,ok,19,56
440b323076e0c0f1014192cb48cda10e56562fcd,ok,30,94
2345a822fef22c83d0faa7285599ee9e198fc53e,ok,316,1128
a879cfa84a9b941ed8e5be32b2a21fcf2dd1f50c,ok,112,376
50f45cdb70965f7e12da40e8ce17eb4f983f2b6f,ok,438,1535
acca448794608f03062a42b848f99e9cd4ffd7b9,ok,512,1836
8e8328693a5f1d670dce46c7894eeedb2b40646e,ok,512,1808
b7220ba6dd6287b5036b677e9e30a28d9a1c520e,ok,512,1850
929d6d49707294dafebad8d91c6f221668886434,ok,512,1856
8bb9ae033310e2f35e491f3da1122d57fea478a9,ok,512,1814
f9eee51232ae17dea2e26d7b8d9282af8a17b92f,ok,262,968
a8ebe168e9dce97b2cadb2f026173bd7450fb09d,ok,512,1806
9907eb6c114db82a50ad3986c5e121f8182f5746,ok,512,1765
d051df04fa0b180afd09fdd9886e5ab89b7351d1,ok,144,494
3ed46b1004dacafcf67d3ab9b940cc93513771dc,ok,402,1464
b730fd6443f06368231c5232b40ee311a733e2d6,ok,512,1827
f87ccbbecceea51fa1a9bf72c1c22c98b8945fc7,ok,274,1030
e2c365f60ce6cd28f937ad512ef98ec25b560f7f,ok,97,332
344c905260df6f6106df70e98d00f69e80ecd924,ok,475,1715
6704017837d665c5538f77bf0c77087162386423,ok,58,202
312d28744595c46293e875d9ea78fb194f55525c,ok,101,360
646c27db7d3263ab9d869fb898eb133086565ead,ok,236,820
59a863f342ab20608024052a50df50ed974995bb,ok,402,1368
e400d5b035d203ceddddffb9e30e60ea1b8e8c9f,ok,512,1763
99d64d4881adadc634d12328a2ff7de8f6b64e04,ok,512,1862
0e9f2348caea273c2bce3bc503c24046432a586e,ok,512,1886
dfebcffcdaf1b97351c9827a68f528858a9160a2,ok,512,1829
0db37a52586c39a235b125a8d1943928ea5b19ca,ok,512,1814
c6dcb85bbb4f985ef65a3f8ca753e77180e9b1ff,ok,512,1950
cc6030809565526103e1331c98a99b83f1151c23,ok,500,1754
d7e60db18ca9fe47fff845425400f715e8edf21e,ok,512,1812
1205125379a2c37450d50eba24566649e0332943,ok,67,220
6af211c89ca1eb09d14475a2c1592ed9d5a97cf8,ok,512,1854
19ea3181752b770c46dcf6712955da6824d25ac7,ok,512,1862
731f565ffcde2b3acd01c841104bcbf8082596c8,ok,512,1850
d1be3b1881099035e54eb242fcaf9f25276c9199,ok,512,1816
51d3eba14181134b0c4399dfd4164fa3193df599,ok,183,622
bc2b4acf21707f6c605fb5f3a5628b74b7a1c496,ok,107,386
7cd9969a71fff4a5c978456bc3cb929392b37ba6,ok,154,530
5e766d88eac87aaf2dcef901293f2fa0065c059d,ok,512,1853
2865556a5cb76e6b1dbc94d280658c913c8d2412,ok,220,782
a7657093fc5988bdc86dcad0f4944eee15438703,ok,107,362
79ca02f0a7e2f3ce89cd0cc04872d629377511d1,ok,512,1825
6e9eef6b316d21cb8545486aad4ecada385d20fc,ok,399,1398
a9b365fc8ae3678d6d328d02f87613e487597e29,ok,191,676
a1cb7c34079d5fc612f691b5fe9ceaa54d8858be,ok,107,382
e32d176a45cac261709df5ab707e461072159ae4,ok,33,108
c1606a0fc06f0c012d5e146b6edfabefd57c748b,ok,512,1847
cc21e9bbcb11afe1f56b07304e5fe21b63673f9d,ok,96,324
125b5ec963a56ff10ae9821d869bee0c241a212c,ok,227,803
086ebf0807b3f0163f518fe864d62af2864a6ea8,ok,460,1668
e03bf6ce38a23c06bbb8694227cc8a259b62803c,ok,415,1496
f089d4dcc3d7a610491dc905ede9390681742742,ok,512,1804
7f8962faf04157043014c82f8f03a60fa1ca3736,ok,512,1785
0ee1e853e63e8e743901a849e35d5f16d560530c,ok,512,1828
dbdafeaa3c8a9cd34ca6706906eb9b17b950556b,ok,141,472
c39912ddc6e3f43ee5dd9d1603994fff22f9a58f,ok,441,1615
6cd917fcc2511be2a91c134eaca17d935dcb612d,ok,375,1348
83cdeda9c34778b162a41f0ce749058afd1f3f89,ok,150,528
aeddb02bae0f083a7aaf27c4e2cdc0666629962e,ok,165,556
89a0612b180221bea883439057f7c6661ead421f,ok,512,1829
6e4cb3308c46264fb0ec41fdc25df19dd621d2a1,ok,512,1807
8f9866d2f8a4670a7d9f8a95629e01c09952c6e2,ok,512,1774
21cd9ff6df5e8077cf83a36035ec7c755af7ded7,ok,109,356
981df35fe089061c6959490ad832eba6e8afb868,ok,435,1577
0daee438cda838ed7511d1a216433590d9d822eb,ok,39,128
1ea7ac3ea75e41a217c033c633c5202fc8293c8c,ok,512,1797
2b6b3256c40f338795fc57244e571515ffb5c3be,ok,512,1756
92dfaca4560484f06ff8db710b7dd61e559c9c25,ok,512,1816
9858beaacd57bf1afe002117ac0d309aa4c63769,ok,512,1814
1687ee7e88d9fbea3fd7bff849ecf98407f8fac2,ok,512,1891
681d4adb9f8cf4817daf7e7db5ef2e7e265997a4,ok,71,226
ae782d76f56af7d512cda029f840d90a8742313c,ok,34,106
91c7919007f31f656abd0ef88dfddaa874957c99,ok,512,1794
f6d92cc2f7cd98ba9ad739bb3f3e15765f3ad4fc,ok,512,1840
21756e379b6059927683fbde60ed80d47ce3bdd2,ok,69,228
80a88e1bab7387c8774f39aa2bb5e871e27f4a6a,ok,512,1861
5684baa8a947eafb66bf75851179241644b926c9,ok,45,146
007e38740d4b30f3bc670a8aa092adf50efe6fa8,ok,345,1252
4d9491d0fe2aacf2dc92edbe60eb07333d1c6a5e,ok,512,1842
78f625a731117f9d6a7eaa89bbc7a4d8eea3f667,ok,74,252
3bbe621ef118584b9073dbca0b01446fdd8f1142,ok,331,1200
3e9c9911c8979949274fd1a8da42250a5662e4cb,ok,333,1206
5f8542eab6bb3e5d88d7e6f54810941f9b98fe30,ok,512,1859
1ecde63e5c53af7eaf7f14f81ea4da765ed57f1f,ok,512,1819
8f26a889aeacc851029d6eb51aa07a3429a6af3d,ok,512,1830
ad1ca13087dc232ec2f63eadef405f41ae61ee92,ok,242,893
196ecc532287e8c00a730d35e281e1b2abb9cf4f,ok,40,128
093d1ea2058c8e4fbf497bac4ea23541ebb1a391,ok,512,1756
f189d63af4fdef7a5ff0d9c14c3bc30f9aeb7921,ok,512,1894
631c2d25bacd0417ff2752b786d1b6c874b8f67c,ok,512,1822
9a26c759455cd7b7ade49bf13c30f7d324c8eb43,ok,361,1274
9fa1529a695ee6547932888b03d0c948a838f03e,ok,129,450
dbbcfa8376b6039ad26e208d56ed02ca2003e81c,ok,512,1798
7884ee1b6f12f7ccbc0a5bb98b69e1af3aa0106d,ok,66,224
f0dc0faaf8f8501b4dfe67ba9467f58081805415,ok,232,830
5ac686858f40d2c325511bd2b4263f3acc395fcb,ok,198,676
04a7532c6987a3260bb433e0a55a97d01c74995a,ok,512,1982
0ca0aa4e0d8f3e4045a5114acd32e0248ce7b1c2,ok,37,120
582f0f35a342589c7d0fb45aa270639f7994afca,ok,77,268
e513cc10f275d5be18c86e24d70a214378140ca8,ok,512,1786
484d3053b61c608b53a8564014a1d0f0a44bddca,ok,512,1952
9c8a300d9d3341d55b61f8e18bf0e3ddeadf47db,ok,512,1906
4cd4b07c7a67b90ada9810157d839c1f55a85fef,ok,512,1817
3813c5035694cbf2b0922cb4a5c51fc1d3b2c6b0,ok,135,470
863154a7f312180cea8bf5aa06c3d42bc81debbc,ok,39,128
792f3ee9bdacd2f973004b4a0aea3a32656d4357,ok,84,280
e5670f540a1f5e2a6ffcbce25ab077c15f53c5a4,ok,512,1783
6ff02dd61db0cb331e12478421c143aa8abdc9b5,ok,512,1724
ab48c4a32a5b626bda25b78f1caa38ff8852dd51,ok,397,1531
e981214a67040efe1f03201a0cfc124de820f2ac,ok,512,1896
8f1daaad11c2303e81438f715d21cb7213ec29f6,ok,254,854
ceccbfa40840f1b87e2f2bdaaab981371eb75fbf,ok,97,344
0b9162ef35706ddb72d69547d2a3d5c8e9aef8e4,ok,512,1874
34fcddee265243f8321133cf6ee424efd46adbdc,ok,512,1779
c7764f942806c6ea59cf4e2a0fe2f4001d6bbb10,ok,130,468
bd8badb67e7334c232dc61feec1c6381d422d80d,ok,512,1860
63b1252aed364489935f38fe11df22838c635a5f,ok,512,1750
1230e85f15df3b9bff0ac9a30951eab161b64ad7,ok,512,1754
2b6454f3311ec8e131390ab94336849aec16b5f1,ok,512,1897
4b912fe6b9e95ddbfa7385b1719f47b79af1b270,ok,228,798
6b4645cfe8bcb81a5d475e5dc9c1c8a8498ddacc,ok,46,148
b1066d8da3767d9cf14cf5abbe62fee58a28f364,ok,76,256
2267537f3f5f78f818a0814d5fd7b6320d5c7508,ok,512,1779
baad7d61b37df8c75371504d0da50446ce7ed09f,ok,223,790
4e5b37a6b8d7be52577417943415aae646eec2ed,ok,326,1144
2af17b19136e2009b5720a34ccfa536ed5b7766e,ok,28,86
3f2de233581a879b23317ca3042669742905d3e8,ok,507,1857
504c54e12a10585b37423b4ebc1de33125990ec1,ok,512,1800
059167d9b44a615f05d79d9821dde49855252171,ok,85,292
2e8feeb45f4facfe794d9424ff39c26e6f6e2af7,ok,512,1762
c201a2d418020f0ef5446d1b985c102793b74ac7,ok,512,1812
f801524a36f178674033fe8e7d9df0e76b342476,ok,512,1766
0977729c7cd00e47e628a62eb9181deb3e6d84e3,ok,512,1904
304e3db248e5905c8c1e3331a350fa65fa8ddb3f,ok,512,1852
5f89b01dbbb818537f198363799d375e14b9ac68,ok,292,1014
47e2929dc0be4a624ff21ae1c0ea3481378cf4fb,ok,512,1812
1666ec48e4ba0c432afee64684938e448d491622,ok,512,1880
ec94bf0b52127a4c75b184de213a6434acacd2ae,ok,512,1829
c5f042dd3221b97d325e1cab0faefa3b711873c8,ok,148,540
3433cc5894891f0c9cebef789b60fca6e8d48092,ok,512,1865
b635546ec55172a106032d8f795dbed3893082fb,ok,220,738
7bcc2bf125e021769703f39a1c4463371e3a3d01,ok,39,126
1b046d3c11398156473613ea3919e09dd3cf9b6c,ok,17,52
7255f1dbda71339cc25902772fc1e6ca2f15f60c,ok,512,1958
d008c077d0b1655382f38d882b81affa3191ba2c,ok,512,1818
814f6c4ce9934258a6f78572dee660e9f482db66,ok,512,1823
8354492419452a01d381a0a1c337b625224f28a8,ok,415,1488
6e558ea8b5982e1f617feebfd2fcaf480114cace,ok,512,1732
0df1ca661ee092352d8a9fbcf220385d21cb6293,ok,512,1892
9a0330f7a056931c39d48e4023320ded1bce382f,ok,256,892
33407d87cc47271db72ba1fd5b9cbbecf08f63d0,ok,512,1781
640b6e880563b8b2ed981aa6e656a4bd9f4994a5,ok,213,736
948ae9e4e961c0c568f17ed71a8126d142284b9e,ok,512,1754
b0707f7f03a3780537a5c343edc10d03dd789a9a,ok,512,1812
17fac45d6c6de8e73a68e9c6755c9681a33c7a03,ok,512,1844
fea4db0ffe97c13f1a9f5f4205eabb2f317774e1,ok,114,394
6a996b6acbb928b7cf7adf8e892015c5248c0894,ok,361,1281
8cc3cda8fd86f2d210968149f87b586862e54667,ok,140,490
e86bc477d4e3c888bb76b85573e21b8bb34984c2,ok,512,1774
e0624b26391e01846b37336c89c0995cca8a728d,ok,83,278
3509541f749de706461890276d56f6f2aebef7e2,ok,448,1582
217028d4655a88752cf69f3c2a00528f31eb24e2,ok,324,1129
7c61314739e323f5bb419595d9a560bbe413aded,ok,44,140
3c9af16508c2a7182fc16c44f41341adc0587044,ok,92,308
e5a226ab5bea4c8ec57140c90d7bf90db85c6d9c,ok,61,202
6d46b477a7285b20fb1c90d6f3f09d67ed826291,ok,29,92
df521d0656d56a7e3e4c37cb573fc04f2acf638e,ok,227,814
0b60674be828ba75c4b86deb8f993e6b16318a80,ok,19,58
29caff5876f75c3997a2bc95710a029a90fe404e,ok,415,1449
fd653b780cf382f83ca748c59276d2c69d987283,ok,512,1820
e792ee25f686cf3d37ab9777dc740dc633e18dd5,ok,512,1882
f64499bb38cff84bb275657a975ef63eb13929a2,ok,259,920
5cd10c725e8a2a7a59a35d9d77ec6fd0131d2e37,ok,58,186
8ec926113d56314f10ea9df3ed892628506e9306,ok,512,1710
5eabaa32ee12753288ac38b20497b4c6664cbb08,ok,99,354
457a0badde7e71a3cdd999d9bdf9b6b6a1c52e5c,ok,512,1806
3182ea9352dda104a8f59669989aed884d9d1e3d,ok,458,1585
8bcbc644c235255606f5b4a054d1540957cb68c2,ok,107,372
d3c57f6a9be79ccb6c141ff77185a7faffb694af,ok,512,1863
1cbf505b91829a551c82589d666f6b863ae1fda2,ok,153,540
779ceb9d9384dd71b6f3b863d3adea11f5b19cf0,ok,512,1846
fd5f56b8b8ebca04785a5f07eae33f16e39ea06b,ok,512,1932
245872eaa377f3dc12ecfb7f608eaaf000a5fdfd,ok,19,58
891bd427a89dcaea6dc038136073baa345b89cab,ok,329,1184
5d0136ebf1142c1e66000ce85c9b56569ee71128,ok,92,312
df4d44a234e36e1a069c63184a5b426ae38200b4,ok,512,1795
9a0c89ce12737e497aa6336f6544ed6967ee3df6,ok,24,74
b5c4c546bb6900c289d118b2b34db7a7a1c04164,ok,512,1788
4187827f183f0a8692286b89589b954adc1ebbdc,ok,512,1827
607ffca5d88f0fc84b28f603dc70db41f7afe238,ok,151,534
571d3ea2f4db7e23cecbcb828f404d3f2399357e,ok,263,959
dac3a4f6f98957caccb16a15971aa24192cd663c,ok,169,580
af7acc78bd6c89573c06c5a9107c0e1844c4ac68,ok,41,138
19c95770e4b95d88ac60947a598d1e7523e84474,ok,92,314
796bced74914c78d820464715537a5785e79b8c8,ok,512,1890
d24e8bcd9f2fcc7400c7d3df32317f46017e4ca9,ok,35,110
048692d01f646c75cbde8b3de1465ea7a2fbb954,ok,512,1832
004d818c848510c84d081c5e063595bb16cc1ba3,ok,223,759
60a90c01f573017303aa1a4984289781139cf624,ok,512,1798
f02359de532a4ca42913797f4ef939df2ba94c3a,ok,345,1226
72b75c457ec313848c6bd4115115383554b2a871,ok,363,1279
cdde77765af49d0fe7cd18dae5d9995be3e321da,ok,393,1446
7da423be85cd7819bb3f3f2965dbdb3b90f10d05,ok,186,672
0a62f7e6ed7b751bef10dad52977a5ed0036c572,ok,512,1858
5f94dcc1463df38bbcc10101df1b4453255a3220,ok,512,1844
aef9130e2dbe0ec7ac83912e770ccc963e246b92,ok,446,1636
84255476ba8f724cc219089ef4239fb10b02cd37,ok,179,638
8bf935ec42574df7e327e44fdb41f2f2fddcd104,ok,512,1824
3c1e1c0f28e46f173daab76a80d0c23a91c8e557,ok,120,424
9271a7453f1ce70d637a07c86c9852d3a4f3c06e,ok,172,588
d7f69803d3475410937a423eda1fccbd972739cc,ok,512,1851
b488a601b86eac805030b80024163898abcd1342,ok,512,1838
fc5eda039a6d7d14b7b1935762f951daeab923f9,ok,81,266
fc9e6e7429c5a0b270725f699ac7df3f215d290c,ok,109,382
32bd00ac680f23c50c6dc007ba8744f3648bae9b,ok,113,390
570946dcd8c7dfba0e81f40edfd38d22dcf253e2,ok,512,1827
3ba823fdbd7889095bfee798ec6bc836b5a061d6,ok,512,1886
c7b1f614191fd065aa8a8a351c44571365b96e7a,ok,53,176
ee0ac28abb938c0891ed786ff201728762688a9c,ok,115,398
9337f0bedb15ddc3e5a57132b15f4569949a2ed0,ok,242,842
70303eb83c0cb3aa86aca2f0651280e7dd474ba0,ok,216,751
5d5535c12e98540569527978495f3e9faaf2c25d,ok,408,1423
4ba55d1727b5bf2aff043af50ab524a173390c87,ok,35,110
4ba2bd46e6de3303ab0f5e29bd877421666d02ec,ok,512,1884
b0ab4ded30179bb5308f576867ba14b5772ecb01,ok,512,1804
776d1071217b5268c12747d23b666342b5cfddf9,ok,512,1839
6eea30f30e47226ebff470867730dce5bebb5e5a,ok,31,98
2c3bcedb4e5805185556dfa874c0edc8c844d96b,ok,512,1846
a5595ad3564dee03b827ad5c590ae358cb7d0dbc,ok,512,1834
b888af222dfc2ac301a560d736549a3f34151841,ok,512,1862
5754112ccc70adf59bd59640c5b7496f0a0f637c,ok,240,836
5b27b138b74ed2feab9d1c58c759d5436dd57bab,ok,512,1804
03c5fa600a47b4606aa8de77af623cf242328c83,ok,129,450
0cc9a3e55e7c3ecc5005d465f53aca7cbdc82c15,ok,376,1299
afddc66abd5c19e9cb3bb10154271fc41c5c01b7,ok,83,274
f0a67f6257318fc6904e1e8890b899fb25e3b321,ok,386,1376
2dd2b032876c7d3f259240be8d460fdc3c31709c,ok,300,1036
78b3be81751bd5e6c5d31b2f26bbf15c32b01fdb,ok,225,798
1c7d881c56a91b15700ccd6b9d9cc69035ae16d7,ok,461,1630
29f8119a6eef135ebae096ae8ec7ddd232747782,ok,360,1287
dfbc6c7167de533a4ae46476213fcde8e736cb5f,ok,512,1845
df5c5c40f5f2b5c45ab965c06e7ce9167e2382a3,ok,512,1892
7a1bdd083749325e64f9585aa09229745f225aca,ok,512,1792
686af9d3f0962a6d1ee7bd9c52bbbbc465055101,ok,301,1103
3adcddd85aa9fce7c36ac2fdfd03e2e30aa218d2,ok,512,1885
e229bbe45bae5ea989873e253658d1ea02ead5f1,ok,512,1817
d49592b03a35bbdf288a1ac2cd9921065766da9f,ok,512,1828
53d4dcbaf336dcd9ff40107c410732add30873d3,ok,157,544
65383d060fcadbdced6e1cc4bb9526c47272f5a8,ok,512,1855
ded5c5b01d089d050be9e0af16e9383dbf65b2eb,ok,433,1548
e9668c43e8f6ecc93ec9416a612d5d6d0fd3ce0c,ok,288,1045
fa99e8cf0d460bf011e502b5ca0a0fcc0a8a4e7f,ok,512,1828
24f50de751f30a3d148732dc29428433fc341bb5,ok,305,1096
d3a1d17b477cb6818fd13bbb61fa23a10a109908,ok,512,1918
82573d1a09dec68a03bf8556a91a08df202dc145,ok,25,78
36567d2ae1f1728918059697383d7e3826dc32c3,ok,62,204
56f09608d706263bf3f4103b8a51f2ddb979b455,ok,93,336
6bbf2d08a189a568276acb21e6e6c251f209b88a,ok,115,390
22e06fde708aa58dec4fa7bc9e90e5fa5c161953,ok,38,122
4d4fc5e620b0aef8b4fe52ba5eb63144d67f0b9b,ok,512,1849
be738080110125f2b13816306c3080929f3bbdad,ok,88,290
a7a0eade3b320f77cd026021fd8ca82e47d62239,ok,351,1249
2b7d41daa5213ee246246e554d6dcb73949c1026,ok,256,908
bbadbe8e68ad07ecd455470f86135c95a41f2da5,ok,166,587
4816fadd559475be2d8cc4b047b19ffff16a899f,ok,512,1820
14ba32405444a02c56fb0166fc29a64391086e65,ok,512,1848
17c79e1a2927bd1a5863ce37aaf7d134b79e745e,ok,77,264
3a9236592909e4c72c4a0f91c9d45f22c3cf08ee,ok,278,950
5d703c6202c89ac8f2815349dbf0c23103663faa,ok,512,1825
a0122ea0c36721fcfbdd05197d06988ce3e01d56,ok,512,1885
89ee858fbf36f50299325360ea8dd7b492a7b722,ok,37,118
01be6a1aa5fbfe61e1c443d06af20d3ab74f9820,ok,157,536
c49525c0750fe253d7dcc5a62666c9038fc976ea,ok,400,1382
d6e79b84dfc3bcf3d6d2ad52f1e441cbe1051f69,ok,21,64
75816e4c6792420569e3aa49b27396ce2677cb4e,ok,512,1870
f7f89808676fb49a03bc984e1e17f31263a6b589,ok,116,402
16da70787f62039a727a9f70c3fce759cd7531a1,ok,512,1856
e3ca762a54dd3eb3bc31a55d3892363c618567e7,ok,512,1877
01cfd0a5166b764bba7ecd27accf8a83672733fc,ok,192,694
d3ce179f7ec02ec205b4e357e1fa39198f411aea,ok,88,296
addb07fc2b176ecf3c2df5caa843c35218b13c35,ok,58,188
a3b0cd5e640a5ed66c7b6259048e44edf48b66ef,ok,512,1806
c04b81b53efd27fff4bd63a354bf09664b9610b1,ok,512,1946
712d9362cced0d21cbdc2287a750b74d260131a9,ok,141,466
22c3d0c29130adaeb81598d368f279469a267728,ok,14,42
8c2be174874e9cb3eb67cb545964ccee9306fe5a,ok,80,268
176d1b212ae28f9780470db18c9a57843a8a1df0,ok,9,24
4b500f4930ffd6eb921f4b4118216eb2df15bf0d,ok,512,1904
61b4efd00cded6607ea5b379d65c1d46759dffaa,ok,171,587
54efb59b7b892cde5335f670adcb535503087da7,ok,25,78
9c159f75a3a98580654a962982b923246306aefd,ok,260,932
a55b265baac68f2cfe6411d68de4b1de8b740190,ok,406,1456
45b590b7633e8bc859a881efe90d2b1517a0f1ad,ok,437,1523
ebdfbc71f1f9e435993b6074d01b283ec0c15ed7,ok,280,982
7e3c85b794bf6e141e0fc5075120775ef406145d,ok,410,1477
8237146f69b047357848d987b54b9610033a0bcb,ok,188,666
203906fdc8f50fe18c259d00a0d04490665708cc,ok,512,1912
34d94bb6c5c410b943edfa74a48fb62322d74b29,ok,512,1769
c52a49c339acc6873cc301267cdf28371e3c322d,ok,512,1830
b5b5bf6ef6ab8efdf0f49366be40fda9dc179d64,ok,432,1508
754020730229f41fe167f2a760b83e422439d820,ok,271,968
6d31ec936795f62c29ea1ba2692f53ce5b6741d3,ok,512,1768
dd5fd75cd9f41342c40fe9cb87327503bd802dce,ok,512,1852
928dd97a6d0a39db852b18cce77382ed76ca790b,ok,512,1876
0973b3f0421052bc0e5566b7af6d8f649c22a116,ok,512,1854
ca1d3fddeb97247ab483fb84fea78ea803d3b20d,ok,512,1851
d036bd125007814d60680854359fdce2dde87e3a,ok,303,1060
9136388bbe8d92ef9ec81f186dee793aea130bda,ok,512,1869
943cac5877b5c572132ddadc9ea7887d7ce735ec,ok,99,340
d583a2e1d528552abcc6a403bfa2c17d3a636c2b,ok,512,1811
62dd9a33495e9f8c462c0f85763897673d782650,ok,50,168
c5e70a4325b5770c4ee63ec668e3eb070a9c66b3,ok,512,1817
96e63e5df766c889e46107408d467c2023c7bd6c,ok,512,1876
16faee3682a4e0a1a6f188b852b7dd32f4463631,ok,485,1643
6da92f28ac7149a99b1f4d97e108b4fa53349c0e,ok,512,1812
421d38fd9d06d6a0f5cf67aa809a5597f14a4c21,ok,512,1821
5886fd874b064bfa6ba978433056b00576ea1d0e,ok,334,1185
6051f33bf1bf8d8f4a7cde3e71045390695c2032,ok,462,1607
87fa6cc79f3a907bce6deb044ec43a135f940aae,ok,259,968
04fe16be3fd5b7d5d0ea412a8d5db1837040b922,ok,512,1918
491ad34c5a3a0b9f452630de71c787f1708da742,ok,198,710
c7e8aa294f44fa033ee7e8dd7437a6bf06e5ce82,ok,398,1446
d1c225283858d1ec2bfc0a03e87cc7000e845ee0,ok,138,471
329448a216204402e8d57969d61a2e6cdfbd61cf,ok,330,1163
ddbb9d3bb5c681a6b801c885b54184ed311808bd,ok,512,1844
99b28b2a9d500eb5758139b9e374192741ae7a91,ok,512,1746
6aa63aa42a89bed7b76362da970c016566e13abe,ok,174,594
ab81b6130e06e3d8120e25235a1121bd618eb33d,ok,512,1847
38d1f341b050fdeac5143136f7673c975d2a82cb,ok,34,106
f93ea1e3f54c456e8ffae3fe3a4857a51afeeb71,ok,177,616
9f1e9c9bee8b1c94d387fc3ac6bca0611ee0b2b3,ok,333,1201
3537960e5bb3aca5d13d302b201829903669ab61,ok,140,490
582568b66ae302a85965971d3d908fe60c0de2a9,ok,51,168
7347cf39cff8b62f9592b001ea8f80d225265aea,ok,416,1586
2a47572054aadb9b15027acddf6898f2cd9c85cc,ok,164,574
10b95c65ae6a7a6cb576aaa4549a02f46ddbb95b,ok,262,939
8d73726118525c6a7d1c2a1b9cb5e2e3b5e6487e,ok,512,1846
5cc97595eb67715392bd5af5f4f7f3bbb4f846f1,ok,302,1082
027a2faee7a8227a850e4a9df0876ea1b7591e77,ok,512,1773
11bc9b33d59fe80cad9e69dec00f0ea93746f0b6,ok,96,334
b465066f809609bdcc7e505237e37a7c96604c0d,ok,27,84
99e6978db5d6ceb439d0d4d90c84ae4ca43d2952,ok,318,1114
f58228b9df26f30503442a64dcb21d6e9880dff9,ok,59,194
16e0a53c959ba73d5bfe439769cb03ed17c7a0a6,ok,53,180
ee4441be86ae8b15101f618f8b04f07f7adf6827,ok,512,1772
131eeaebfbc17f3c82a25066e1262bd39497be6a,ok,512,1804
d5971ca7d5cd9dbbbd288a13ecccd42fbcb17817,ok,512,1829
c1351cb0b308c6dd72f5cb6f52e6777505d8adcd,ok,394,1480
d33fd6266aff7168734a3df9553a3d45b6584e87,ok,512,1776
7692a59299fa632131ff8ded259de5546e3d778a,ok,512,1779
6f5befc047bfd46fe62fea0c3168e07791742a1e,ok,166,572
696105e19a2b16363ae59c35caf47b69ebfa7782,ok,512,1883
9255e300d9e119393bc4ea7ec8b5230d7cd6c793,ok,512,1796
3322bf7ec5a41e69dd51c0025a67727dc9b5ddfc,ok,512,1784
9c38f9449f044857ebae46916aff45a9d0f0242d,ok,209,748
abcf2324f6d927d51b4638300ca8c7c716631941,ok,342,1215
1a5e01112d9badd8e846338c8a0b0041ed4fb2e5,ok,315,1127
262348265bd4defcb1c40c321e322ea678a1de43,ok,512,1799
0aa046d21806ba7b402b7e435c6babbc648c5b12,ok,512,1784
5c0a032bd33905efffeac042329116e763dcd912,ok,512,1854
2e89c97c7ee47c379f6b5ef9a7156bf55bea0a8b,ok,65,219
219840f8d6b1791a6821b689fc097f7d623e2168,ok,512,1920
234b743369462bc5433a3892113fcf26f1bfcf7f,ok,512,1702
492f00f22ccc055aef66268893f2f2fee2aacbc6,ok,129,450
00ad8cfa06072550a198590ac139dba7a358aad0,ok,512,1890
a04061a8675d47cf6f25f95c836f4e5a6537ce41,ok,46,150
23b02ae182f955eaa372fa8502588f6ad6f113fb,ok,512,1888
2544fc48554e3da9ac1d9fbf4aff905fd175320e,ok,512,1838
27bf5c1702f6f293d404448a52f08f630f31a965,ok,146,504
21bae8625939d7c4b411ffe6b9669351127d83a1,ok,512,1773
afe8c4b714f89be1041d932a4475fad42798eefe,ok,512,1824
1e832c26d41f72b4708dda302586da1bd9cdd554,ok,512,1839
d23ce62d1c63dfcc1ecd0fedc1693915502325f2,ok,512,1916
fbd4f6843a4d1b2784b6255e810ccc611a156f78,ok,313,1133
5d8b36dee4775cb4d3e6add44b93a3ccb4390d0e,ok,28,88
8c2d77cc6f8e12d8ceafe13df75edfbd285968bd,ok,79,260
4b22b17731c936b48f7fa032329077b2faae2989,ok,512,1807
39f0e3d49ce4ef23d4f955ef6df9e60246eaefc7,ok,14,40
6ad989af77f85413fd3525776d1c06c3c7ec212f,ok,512,1814
7f263f97f275f4e80d1490d76534f4f332faa79f,ok,31,98
abcb02e4b1f561b654a002c592d99acca1d2dc31,ok,512,1886
1b7f202309736d78effc9d4ff378d656c976be36,ok,75,246
f5a309847f5041200af5f29bf37bdd63d680d7fb,ok,62,194
39be2604af2f16b116508a038f9dd8799feab60b,ok,278,948
dce6d24184a48952d8332719d34f8fc62f3097e1,ok,512,1776
cb1141bd69364c193e0703c867b78600cee0e9ea,ok,153,533
4ff350c43e1da4f6fd015c46605bbada5a786366,ok,72,238
c2be33fbe24367bb76d886616272012390bf86f9,ok,136,474
966f892c8560dcc19443b7fdfa618e2a81510244,ok,360,1305
93647e42615a1344ecb72b209511a77db0e6d5aa,ok,512,1917
608a5c6d13e17d15127332cf84c5cd4eac432a23,ok,110,378
5303d760474877c3c9b50276bcf41175450b775c,ok,116,406
5d239d21f8159a89f1d19577a9f342066feddeff,ok,273,992
3e81d00263eefa64b084e004b95264bcb8ccdc95,ok,100,344
7abded373e74dd7d27a036132ee80e29808887d9,ok,512,1851
47a70f10caf328b12e16d63b193a268f2d12edee,ok,512,1846
5a0977b657326a7e5d3fd12fea08c872d3b6ca0a,ok,200,702
6be5028495bc8cd626aac88d6739c490ef044fdc,ok,512,1850
e5a71713165ec20ebd6ac8b7df36166dc6834d01,ok,14,40
630ba30b4c5cc7a52ce3da6ef5ad903387e6eff5,ok,129,436
c9ea50401ce9c8ff62f30d09665ce508a781e2a0,ok,58,186
8325d3032da7bbef598403ce630feada5c65e453,ok,151,535
4d3d885d88a82819234a8a7684d3f16785e7e916,ok,512,1741
1d1f9d48907922c6fca74eb454b83206cfdca0fa,ok,201,742
ce4bf0af585a3fed5277ec78ad51349cbab0d8e9,ok,512,1817
c523a9d71b8f291d72e71f02c9dcab02a7c471b9,ok,357,1284
24b5d7c193c4f7962865c322bf2bd7059de983f3,ok,512,1813
c852e41b471c0c746f87e03e89bff052997b6efa,ok,78,256
3c2025e2505e18a1f0a48a43d1adc3b2882260eb,ok,512,1767
9cda102cfb8847b08f8fec0f3055789d9cbd04fa,ok,512,1818
73df28799609256634577cd36cdba868ac854748,ok,512,1887
36de592fdde2da5bdb1e47698b211fcbeb4db091,ok,512,1864
70c4cdacee78e81eb6e78bce22a6e73410567c2d,ok,95,332
20824b0ec82234b7631dc6d2e4084f689489d698,ok,141,500
c7ec39574d1004f0e72f83b9f90fd4888762aa06,ok,512,1770
a2ab36325927fc181357dd64905e5a352c2079cf,ok,512,1834
8040a84f8054c1eba6c96f3baa72f763e45c401d,ok,67,218
ac70bde988f9a3a96d75929b02a2acdd6316f8c9,ok,114,410
3e406cdde6a22be5c1eb4f2435843df769cefaab,ok,22,66
b8ecdb63d19effcdc7eea6e3e20b5eb686ff6c91,ok,512,1874
86c3f676f87dbd80a9a2b81e49dc756649992b5b,ok,512,1820
bb10c6c18bc8fc011113055d071f1305fe4c4b28,ok,348,1246
1328fbca3a4e38fda97e0541536dccefbba832ec,ok,512,1864
a7279aeb6e7c575885002434e383169c7cf6ead7,ok,481,1721
cecc3f90e18bfbd3f92d748758923b107c73f99c,ok,512,1847
75940aaa6f066d78b0e58e98742c64affa055346,ok,213,762
316ecf3f064893aff804781beda25ea2748cbbc2,ok,181,629
cff5acad8a3444060fc53cacee588b5ce2038f61,ok,35,108
85972fec9206c876bfd8a6f322971a6d38e94e28,ok,512,1880
2f0a671b07c013d1db96dd90f7d6507f88c7abb8,ok,512,1920
348119eeb4931cdf0ea9eb37ed5fe323dd33db38,ok,512,1862
0a737f8a55f9fbdd587d690bdaec510414e6d7e9,ok,90,300
f9521557c9a4a51386ebb3156ba8587a7ead9e9c,ok,263,923
40648ef5ab372c916e4e88daedb5ca952c205e05,ok,512,1822
7ec688c176c0b41eb818b7fc2a83c214c9c78c27,ok,512,1870
100d399890fe596edab74877df7257fa27552e01,ok,39,120
375fa34870082ac413ba6fa3598d5ab77ded8879,ok,172,598
d464840fa7d22c7fb1afe1265092c532dfc3ba68,ok,512,1871
c560a9334a7c1e3ac96b84f0ca2346feee0402c6,ok,512,1823
82565107614143561f507d48619e6cacb3dd1287,ok,85,298
8ff495924ea47932bd44ebec014eca32f80a724b,ok,124,431
4753d824690815824afcdadacf2a03ef72abbdc6,ok,29,94
0d576354d03ba71cde5cedf1110c54137fb63b17,ok,512,1853
dd5055a6a4c636f7d2587b4e24ef68faba01579c,ok,512,1821
c205774e64cfe829f8575112d08ef290c9d38fba,ok,512,1883
021aa3082aeef30dd2f08c9c3670083be8d84a83,ok,25,78
669de6fad4c21b688cc992ce23957005e25241aa,ok,22,68
6b50e3597b65841612bf118b1c38cba1625cd1fd,ok,40,126
a3f8e2f74ff99129caa51727a5f014729a5ba40b,ok,164,600
63cc5c72d061e6448af2ac3a81573e61fb30df59,ok,133,484
93c143f2570accae8d956864d887ee5f452d4d27,ok,512,1840
1848f408b7f280720a600d50c8dac08cecb866cb,ok,25,78
1fa917ff4079f3790786304e3799213f4b663895,ok,217,764
d48b6ec022c4151e0357cb8c50bb9fbc76a780f6,ok,185,664
2539820ba873d63105ee118d7e9a0911343261b5,ok,171,556
104c83ef42c1b2f6a555596f9d536d41b7ec83f9,ok,512,1801
7fa3273ab768ea6b8a962dd1f1d162bca698ed9d,ok,512,1884
d31433eccbed21ef623f396a1604e8ba59a198ce,ok,512,1846
e08db824d046fef3bb6059afe3ce21c682a61f80,ok,386,1419
53494b36cf7c4eb0a737601882268690c04472a2,ok,512,1850
3fbb4aca036766ea9864b4543117d653c70e239e,ok,512,1834
1c13ba97d0fbfc36a04eaacd7c22ef5240b9e944,ok,113,382
02828392723192835f64352617d4b7c2ebce2c81,ok,512,1790
19bcb85c6053f095dec84aefc63e71879bf22cd2,ok,30,94
970afa3cb77a318da92d5e2b367109d3a23fc92d,ok,124,414
38af5f046ba805e708a095112b4339f8b47a0f96,ok,512,1784
e616c706566a09c22f064fd71e1a293b6e34cd78,ok,229,792
f6ec865617238ba229f89981512280faebf23fa5,ok,512,1843
b57aa47b5f479a377af6488a2eed05b25be6bcb6,ok,90,300
c9494e450c5256e02754f4d7a8f6a7fcf1b9b2b3,ok,512,1886
63332db7854bcf222b080665c9135e62abecfecc,ok,174,610
13b62955b32c9f6e60000e1c535c3fc252cc4c7b,ok,322,1144
9b309fe2d88fe30785418059c66b7a5e5fb981b0,ok,512,1811
762ccfd9799da163aa4597f4b265b21e695fd2e2,ok,127,442
c0a6b7fe02467ef26b54f143823ec06594fe93f9,ok,222,744
631843ba51964aa1ae796112b24ff21ab5c0adc5,ok,512,1834
49830d37dbd82b23f7ac101d2420128cfa9667d7,ok,342,1246
704869d78049d65476246024d50f2fa5da450df4,ok,512,1840
cae1a3850cb331a635fdf43c507c75f3b5b3f88d,ok,186,638
b9aeabb1cf67b58dc380a3de7cc1f98ea0e4ac69,ok,66,220
d50de4261e6461db735a211c80914593c892fbec,ok,137,480
5e5d95838505e8b513271d90ae8160f2c567133c,ok,512,1823
4387f88e04af5bae39732ceece79491f6ac7284a,ok,512,1855
a44d221426da210c10a25ee90a2c2216466bc251,ok,69,230
e607e4d3cba8a6e4c4c103452e1e6224b9d4e3c9,ok,512,1710
7c684ed50a149abbd84d2f70e9db051b4a1211c9,ok,512,1809
f5ca0d755281aa20237aeb1b5e2f0065b243525c,ok,413,1514
9f7fb688fa7772fb61f1380900723794fdd07e2b,ok,512,1746
b3a1d2acf4c3f2c0b33c0aa7f9d11d7ae5fd8a6e,ok,108,366
cd6162a3dac22972b0019e87747b7fa842f7df4c,ok,512,1870
1f18f9c25fb37e0007a6ad57f479fd89bbce2295,ok,512,1822
5194d83a225e07b9690194229c41cbf81de1abe1,ok,365,1278
7d796fb8027851e9f01418bf712702335d9eaf87,ok,512,1847
88975a4ac793b3feae39d49605992a798885fdf5,ok,512,1852
904c50afd7696fcacc9932c8b1c03db56af4dc23,ok,512,1856
38ef24cb7d6de9f1d659d1ddaa1737d8bead16a5,ok,150,533
344249385e8923f76fd67038e84658393d8a92fb,ok,512,1771
2e361a34bb376495c42df0f0724d6634c343cbf9,ok,338,1233
de654722202ab69735eb72e3c0e03f91af251f03,ok,512,1812
3a0680fbf581e3a65ff0237d931d6b3c107d4d62,ok,512,1818
988be6535c5e9bff5a2ed13db95cde1ce3d65bef,ok,512,1822
0250c2dbee1e3be320821529f200a5cc52d39e88,ok,314,1154
5d187b3566bfa9ee0135f2bb0f4af8d157e1e0c3,ok,512,1825
f6811d8f12516df2a7a0c1fe92b8958f9e822144,ok,512,1824
e6804f76c8e088f00492341507acd3f7a48da9d3,ok,512,1798
520f3ce3312c67e3f2ce5d82092dcb26045b3399,ok,512,1758
4ac2581e5d73fd94584acd792bfee39df35b014b,ok,512,1788
f2fea704c8dc3ffb8ee80320d61ee7f40d4b111f,ok,202,695
7bc858f48377a3d773617c8a41dca34c34f61199,ok,94,332
b4e86050dc5681282bdf60271666fb3a1db3c449,ok,512,1976
6eef1fce0fa18b2f55c9c68e087afcd1d29ba9ac,ok,235,834
171896a5eee2d333bb8baae77eb7f91c52ea727e,ok,49,168
ea618da9a3c6f74ea18054ccd3277d31ef9a35d6,ok,415,1484
36ad99de579cd39559e0c50d856788e1395d71f9,ok,149,496
486e8183be55e44d7dcb6065b203f930226d175e,ok,512,1870
fc64e09192d61078cd25e1ebc32ade0dc0e4b8ef,ok,471,1680
1aed7ead0cac18e5d75035bc70867f4119296ab8,ok,159,518
f87542cd67eaf1f7f2d7617e7e8a414d981c041f,ok,512,1898
9f4666bd55e5fe0d06edcc8ff81f8eb480f7cd6d,ok,105,364
ab8742cd381ee8d94b62ddcd75c4c3026263962e,ok,512,1828
af5c0c630b98552e3e1c24f77b5bc5fe986cc2c6,ok,512,2002
3c38fa21244b75d58a75ea113d4eb13b07904bfa,ok,114,380
4e26751f92d4c19719c66f84d57b2a04663f0462,ok,512,1793
57c88b6bbd4ba46b7197ea9eab6a4dd5e0a2f4f6,ok,126,438
0078b3490d6b3a0e53aa4b21e2721e7a689279be,ok,512,1884
841f12db69ebd1d63b3d8b21814924a5af714fd1,ok,124,424
fb1358fbd0ac405a8c9e531e5b62bfc413e462db,ok,120,418
7ca4a2082041e052f7f794f4891035755f728962,ok,512,1794
3b1c93fdae0d4cb58d0a84c099c3789c717e0b24,ok,277,950
a6d6550520555645141e26bc7ed9c037d54d6d34,ok,22,66
1b95ec28bf83b2e420d6b4240fbc3ea0333caf54,ok,358,1288
39691edb8e0fbe8d9b0464309d978fbb086e2195,ok,68,228
76259e1cce2ff13f5727303f02a1d175ba28527c,ok,512,1760
c65152c3f5350f066210d4917053d174136a7175,ok,34,106
0ffb2ac4bde10dddc44830664b24a76e02492333,ok,512,1842
344827a64d33f74f9c5f0210f98aaae83b24b97c,ok,332,1183
ddfe7f5e9f959adfbb4fb4fb780f2fc7b6e1615e,ok,512,1967
06fac7185de70e811f3969c4102adab658ffe056,ok,165,594
72f33709ab0a5896b87718a4d3c4105f272ad2d5,ok,31,96
7f42a51377628261dc704ec5fed65119e6c4ca2e,ok,512,1842
bee7676692ba6435cc736ce0b930243fcf33e1d2,ok,510,1811
547347b539c040fee03410004f6c91b3ea78aedb,ok,512,1880
5883860e8f9b1ee69054a46a42c711660cd169ba,ok,512,1922
77f56b2ed01fd68df2ba216ecd66706c0e6723cd,ok,16,48
ca9b578d1760a1ef43de8b92f84647db09286ff7,ok,512,1881
73352596a5ebde47dd432045bba88f8f463aa263,ok,512,1786
fa1aba322bcf572ed32c8be8d06f27a1bd09935a,ok,129,450
551c04a1bf099a5be2e5ceb6eb09107b2907e358,ok,79,264
3d379e39c49d3616e61789ba915e49ad16deeb64,ok,512,1779
2e7d9d19f313a822ee8327e34679f43d64521c10,ok,512,1934
c63e4000e6ab1e28dd7700de144dc20a610a352d,ok,17,50
3197e86fc03b5b7b7ae5ab71e9c0f12152568ff1,ok,512,1956
39033287185f27d3362b39e40e83001638c13805,ok,406,1464
eaf15be82f02bd58802a6f157c35add0dc8b3f04,ok,512,1852
29a3253b3224d66b2390bc887b230d40efa89473,ok,119,404
864b904cf4febbaf6bd2542e951f9eb381029acd,ok,288,1008
7d6b183243ff5d28ab50dc72a8f10346754e59b5,ok,512,1803
c7f7aadf4578fb67e32b6e08c0e6abb23e736e3e,ok,52,170
65d0602056d565077eb4693840805c7fd90e4521,ok,178,624
4a3257b03546d3b3deed90cea4c8ee31ac9ed323,ok,512,1799
44b73e21c218f4bfa6cd139a165abf4c95458c4f,ok,414,1520
73c28622068c946fd29161ddf570318aa0307fc6,ok,407,1480
03f90bfd5d6115f3fc8340e3b7216abbf8a4faa0,ok,512,1856
aeb28e2c67f6a35bf104e134aa9c28df132ce020,ok,512,1812
890b758e49290883c0164e7ca1b189cc1e2b0f83,ok,109,382
3f097dd31bb3efb0972c10c4ec3ac9f6009813bf,ok,512,1833
8eb6387eecdf39cb3b790e5c097861fd70dd021d,ok,211,750
2602585ea40aaa2f2ba703516866ea00a54af76d,ok,30,96
2418c0a0cd8c23ef31f1a3b7d22edd9283e15b06,ok,421,1508
b278bea9cc25d436dd1b5c07793dff4b951dfeb3,ok,512,1802
193ecfcbcd266feb3b6ce06fdb2ed66ea7ade6cf,ok,512,1938
631956c3fe4a50181346bb7c0d22da1be204fd97,ok,512,1810
331bed86a0caf6c5a63cbe5bb1f09bc99dcc46ec,ok,512,1814
ab87d51e3487f221e11c83c8470002a1d489b55a,ok,330,1176
d51a492f7f30e9ed369e3ffde14c967e93ebe9c4,ok,512,2012
29b469827035edb861ea38713b8b11279432e9cf,ok,141,486
760030985330359b5188dc393fbf8127b5429c7c,ok,512,1799
e5e312a713f5773cb8a5d315275f19bee810c022,ok,130,442
3e9fe3844761cdba177e3f64ebd15ca97bf02885,ok,122,424
12407ef23a66342804b66bf8d10093115e074d18,ok,381,1357
7c694e1832794aa8fa6d93bf53a0d1e619a3f9e8,ok,512,1812
d52eea832d80681bc0dcf1934ac514e7003ffd13,ok,512,1747
2f2eb8cd1b16d34304f518d079d063a71be74d5b,ok,502,1812
74ee464dffcc383a9b2fe1d07cc3483543045867,ok,68,222
e508cb0f4ba1a4402b8d2f6479baa034ac4e9677,ok,85,282
034cebb4c687d67447c5f1823decd08d2526b8e6,ok,256,916
2b858560fd35e3384a36b5e4ff6105c2c796eef5,ok,512,1850
8bb8a505f85afe2fa4b91355c210ea17ff8fecfa,ok,512,1852
c4625e7cf285c296bfbff3c388ac27c5a5cae9ef,ok,251,892
a8b69d8a66237474bfdca848451a08641e5f0b31,ok,512,1780
2d8200250039f0704865d8dfaa0c7d8acc72c673,ok,57,184
c5a191c927e15981123e7ec799d983feffc3bba0,ok,109,374
3edeaa1a8fca67298aaaf4ac0a46038bbd7535aa,ok,194,668
2cb0c220c8709d3e6c165daac6ccd67fbcb22ff3,ok,512,1815
3288dd517d8a41eb002ec91c682c332fa5eabdcc,ok,512,1777
a11eebbfd0ae877545b159a87f3e8cf06176dd11,ok,512,1770
ab574a4f347459da5232737b0a7771ceebf8e9b5,ok,398,1418
48c9065deb14229314c70f633b946d931fd5fa74,ok,512,1821
9d21be98210c5ab2a0285f228c9ede0635be1a0c,ok,512,1837
3f076be155b497693f3b595e6bfbc9a34d0eb70b,ok,100,328
b8b41c9c8a64e9918e037aef3e950727e42679b2,ok,512,1841
3030e3ce2614adee0b0e875ae834f9c27cc802bc,ok,85,282
1045369f43e199548a205ae250a8bf3cfebee8f5,ok,512,1790
cafaa5ce42103c78cb7138a713405f9054ad7d9c,ok,512,1810
6366be62dbad5ba175a11567077f49a8108a846f,ok,245,872
910a63ef2e5d07d2627a5d6e54b6d5da1acd6ceb,ok,71,236
05235e0e47c81fda3c9364e66181a19e45aeeadb,ok,65,218
a9af55393e95b4a9af28c9dd107c8fc44601a13e,ok,512,1846
a39d294f98a647c5d24406cee41a24f89539cc27,ok,162,582
83d7c76e38676957d1958dda108dcb0f9b501152,ok,512,1804
2ab0bf1ca7392a461fb0a23c542d0ea318a36bd0,ok,245,864
58624f437b7d254060bdcdc7917d58062f4a6222,ok,512,1877
93a81b07009117b90ad1753023b0403efda90607,ok,203,718
2b21d2af94f1d935ef9b6b30e1df6884595fd077,ok,512,1904
e50dc7011eef6081c7f567b82d2d91b742714ed5,ok,512,1836
1e50bc3c6a40597c195ecbce1e7b67acc8cd6d80,ok,512,1799
47f1f145fefb24e7dd57dfe9bbf2202a38bfb4ca,ok,144,516
4dd52b7b94163f607fd559f79c414a0e028eb5d3,ok,405,1428
1d5ae9dfcf573fa64023a7501f7e9842e5788420,ok,512,1777
b58a301a4ccd3e6240b14bac60911ccd14a76d56,ok,135,470
1d1572425ab49cb60bfac2b5567796d0ba663878,ok,475,1702
7a6d90c07b0c2864aff47460abe9ad2887b94e10,ok,512,1830
f6d15c1b141aa392e564ed09f2d3cf1dd19b111e,ok,146,510
f0edba9c88314359cc979ccecd1110095602b2c3,ok,333,1178
0c16a98ef463f01160c75c6b6585c962edfdaf97,ok,232,861
ce91262d4abb7289e0b75dc96130231149fadd5d,ok,125,447
14e9a28fa9c21ad2e52cb1c5ef84872aec076bba,ok,512,1843
6d4675ba7a469277979fc0e2d32daa63d36aa30e,ok,193,653
d079b0b36ed60a50fc28e32b51f5b31eca52a0e4,ok,512,1845
e8edbe88053b4f20286a08817348e4ee08afacbc,ok,300,1032
f6a12c31b561d8fae1fa38a4473ed844f3477a73,ok,512,1855
c0179633050f546112d06b3e7c87e61f06eeeeec,ok,137,485
658ba25b781afd53ac208c08add1d85746493b6f,ok,176,610
bf38961f5f26a45f1ea036924e6b4212fa571965,ok,512,1809
41493af5f54f5d097c3821cdf07516d99b3b2636,ok,35,114
ff393a21349daab8cae55464b847c39c003b9bfd,ok,512,1883
06e0cbc3ceadc885de0d6756cb655caeb091522b,ok,512,1815
488a54a1aa5543953d95395a5162e5c602d8a73d,ok,512,1916
0255bfe9eeea7450b5cc205a2434d42fd5ec09e3,ok,512,1823
5e896acd474a26786d4d4629f74b16529d2f5a38,ok,284,1006
39ed81cfb22a079fce4609fcd75a24ca4e06878c,ok,87,304
f80f17fad2af95b26c707fede439505675b790ac,ok,512,1818
c6aa6046d159d8fe78e6502f40b0016fe3cfbc0c,ok,293,1061
6188bc281935298b9374c8b610d457067464e134,ok,512,1809
4f1602999c8308335c7bf03cacd5b0f2836e0e12,ok,512,1794
fca93c7c8073d18e623fab3ccdd8ecfa1474c573,ok,482,1722
ca7995a5bf827ab8335796eaee6e60c55e35a11d,ok,512,1836
8914007bf0db174bb7f15bc9fec23c8ebe0661b3,ok,79,266
74c62e889511bf40080ecc1c65a8d5c1f5bbd479,ok,512,1848
856f598ea5c07f1f2036f37d6796c619edeeffb0,ok,34,106
aaa6bdbd1959132a2fcf8aec43ab05deb15c39d1,ok,284,1004
a8eb4b26327090da9a0d15ff4cae249c83169746,ok,351,1252
20dab96c169df4a2d29dc66a3016f4d1b849ef7b,ok,440,1589
018a6c4b917fad13207fd05430dfe1eb8f6621a6,ok,37,122
08f22a8387fb8e85aa09b214fce60d4243655720,ok,372,1301
7b75cf708449198a60e77ec9999f9a72e75bbc3a,ok,275,971
13a7814ec9ef07601a6a384af78f4be103027946,ok,34,106
8491f38b777beeffc034a578de7c879339d98a2f,ok,512,1798
5a515d91b681af68626d535d70422033727bf7a4,ok,512,1843
6a0540a802326bfcb1f9dc24b16cbfdaff0ff559,ok,133,485
768aa4b9fe21bf2e05b398f5b83bee4696ce21e4,ok,512,1864
5510607a572fcdc14af74ae3c19e2217af8bc53c,ok,423,1522
b91b43604c644efde1b807f4eeda43669d2b1a38,ok,512,1813
7d4817dbcc66414476b3afec946c38c43b224977,ok,512,1818
a0eb26ce6737190ecff0ed4a57d87c1b8e61591e,ok,26,80
edcb54caf3e3c27782311a90aa55bd7042fb701e,ok,512,1776
a83533089e9b59837e98eadf490797d7b414c573,ok,512,1867
0872c8f50a264c0d04561535752acf59acbc11f9,ok,512,1846
6972b01f49bbcb35bf836b63b006ea8e90a886fb,ok,176,632
5f9ee75d645505f777f24bdefcc3120ac9a7d7a5,ok,512,1626
8e0c23835de32b953233846ed831718ebb312116,ok,70,232
e7ab4eb58ada02097cafed90907585e081dab23a,ok,512,1807
f2d933297d814276adba57c238b6ba614470bb20,ok,512,1861
57f8cccf3ac212b60c283f07816a6c4573b98baf,ok,512,1798
799a16a3d04aa7601e60529035204e2eb764f599,ok,9,24
b0ebb0b3c4951378e0e6fd6cdb98e8b7e102ff73,ok,246,915
19ecb7e84be49dde62cff2c112f3047bb11eecb5,ok,114,392
d3b8986aded3d7b3699f3f6d206ffa822233c064,ok,349,1241
fe72be74d7a11eabe38b3e8249e038db89f944a9,ok,512,1835
c725be4991a624ce5ee530e41341118ed3d30c9e,ok,32,104
6f0b0c43595bf1d1d7b8893a22764e1e2375e65e,ok,512,1791
f935f5ea352c261d899091ac471bfd0097edb58f,ok,512,1833
b6977ca3fb52c9d7e9f51c0571c560caf4461c19,ok,512,1780
65b2cd84c7d6c657825ffc2048a8a83080ff6bd2,ok,214,787
9c2fdb76817821c4633a20e4e9e18a1024c3e02c,ok,50,158
7e8b81ecd31edb2f41a590a6bf706ef85c6bc46c,ok,512,1856
14fb9c2242228f1c7dcd536b164e7db9933223b0,ok,512,1805
d32c81b48e1e9abb5588456530c09dcb97d6d0f0,ok,49,162
29d5ab3fba364e0b3b1c7fa3eacb1a4e487571cd,ok,424,1481
547beb48c456cdc72176fd21f2fd2d2a6d9de067,ok,55,180
0fead2c53472539be599acba4b7c6c661a9dfd83,ok,512,1852
6df17a233500908f9b3403a595bf578832bd91ef,ok,512,1770
0bea077fb4010e28f0a188fafbb8f6c73c3d668c,ok,512,1826
e444aa7803653e7371d1afba4d3e77fc064c8e6e,ok,512,1778
195532d9c608cd946ee9ef76dee430d300f55494,ok,474,1721
d86812c9ed08ac396f26b20798088fd2dd9c9a19,ok,35,110
6b01f3c322af7dd1eb823a811f9114441d4a0d8d,ok,512,1751
db7536ea821681d43fefa8145204f8e919a21d6e,ok,46,154
3432b451c10071ebac16fee0e724f256db425da1,ok,512,1850
1622e8ebfc6613e970fde1060c6a2b09931f949d,ok,512,1834
9fcbf3ba52a9f6be65520cd8708b4656d0221a5a,ok,320,1120
af56b1444424f48bd8bac6d011bf045b2c923508,ok,512,1849
cf236da47d3dc56a4e0609fe958a23c7f41ff7cf,ok,416,1522
b2d52ccd38c4b1b3ff74f83c5ffeea5e179aea04,ok,24,78
47456c2d8cbddeb06ff0347afb703b81a098758a,ok,92,298
67bbcf9efb471e66df8c68c8a961c2905b6173b5,ok,512,1860
b19b14761a31db46ff64a7f2455bb875bac059bb,ok,298,1060
7a0aa7062526c7d2933092c6782d087a307b4e1c,ok,105,358
06182bb3f8bc4b03bbd0a6947cbe443eed9733ac,ok,244,854
530c0560bff2795d28006ea661e54daabb41f4b7,ok,272,979
c3750beba55950dd2d4abcca5a06254bb8d68e93,ok,512,1834
6e2bd39eb03b59c7c36920bbd2240258a1281d0b,ok,10,28
97f704cc2d25111b07c725590370f6674b5d45c9,ok,512,1832
917f1ec22920e8629e8f748ef58eba835ea1d8fe,ok,57,186
02b301f4d05716dab877af6e1d0b1116481a2341,ok,131,444
bf07c089fad30e8ce866fb08cba31db3f2a7c098,ok,512,1814
d6aa35975e0a455a4476a4a9e9cc9228f468bfef,ok,335,1209
9b1a19aaf383b8e54336de775190d73c8b9764e1,ok,512,1756
e0cced748e948332d871198383ebe4d0982429b7,ok,135,472
7fc8757d085efeacd52d6ba0f0f10b6a43cea015,ok,512,1886
e8137c6c5a57f29bef89a580c1685c4f0c057a33,ok,219,773
494772e61f002d1681cd01e0e5654c51d0344d07,ok,35,110
3288eb3de6f0a24f5e936340305d00ef4d88ee2a,ok,512,1820
5cf5d2194288ca2c16d575311e9191017ac0e7aa,ok,138,471
a56112ab781eaf82c44930fce03de37e2ae84d3d,ok,512,1781
88909801c367c062cf9f337fd61221113577e5aa,ok,512,1796
73250d8a9528151ec42bd2d115838eb33f58e2cd,ok,512,1836
d1a6a4f7f17025336954586c1c8fde577d8315ac,ok,137,490
2a9a4c82f77217b10a067969f0da06a9432a72d9,ok,48,154
37d2c8b6d11c2eaddd034dd838d42f464a317081,ok,101,350
ef6f84c1f58b8b2949423b3db529ef622e824206,ok,512,1821
f4e67496297345fe8c2a5b97a1c90598bcbca3b5,ok,34,106
246cf5a3b5bdcf16602fa868903368ecd88ca15b,ok,103,350
283aa961a15503ff1838c3b96a175575ad159a82,ok,512,1885
1cff3a9ee2c176049f63628b8e0b56d23c7508fd,ok,34,108
09232fd53269c4acc6c205d794035060a503513d,ok,512,1797
af3ef90928cb81e2878edb8db5ad461c675e059a,ok,14,40
237e373f5b5f444067c5a1e1e67f9b25a52b0194,ok,25,78
fadd47afd7524691e3208f99e6efe2d2553feb79,ok,129,450
9cb0e6b5a7cdb133744ec2da58cebc7e9772d8ca,ok,492,1840
5b697ba41413f1a17908ba66e3b5c66cb0290114,ok,138,492
fc46fce7cc076cc627bbe5f92cd331cff285eb87,ok,512,1938
3351ecf4a61a7e124c295462f740bfd7ee7cf88a,ok,512,1829
3236384b37344da97bd2bfbad2c12f7cab502597,ok,494,1742
6d4859fe68b558c8be6e079da40fdec0ccd2e905,ok,151,534
e8bebafbe83d042915d0241e0ee2c0fb1cbef050,ok,105,360
ae3383dfd8e6b4f361d9adb1426637d1fecb490f,ok,488,1758
d866b57560e9a98eae20647e3d79ae662043377b,ok,67,218
c7474a6c8cb9a690d05edce3381c7cf1763c614c,ok,512,1814
aa71963d16a0eaae1ccf65b75d82ee4708f8547b,ok,229,792
82ab95ad71d0352d3eb3a8afe2828bc5acc2eaa2,ok,36,116
5fcf79cd412785076635239e6b0ed09366b0de9c,ok,512,1802
9c5c81a6f79e79d7a4a23ddfcb980dd7717e24de,ok,512,1850
531b651809e76060aba3d9f6472dc2ef2cb17807,ok,278,975
95c6a8087a7165e0b380ede93ca021cab3861dd2,ok,512,1862
e23f095ac241ece2b475f779af276de592147d8e,ok,512,1848
68de207d5564b63f5d754fdc4186a139de833457,ok,512,1875
787558ea236de9110d0d305fe2d72a9798ff80cf,ok,512,1848
662684130971be0fc8537231936539535cfeedf0,ok,117,388
b01b700bfafffb1ab50a6c0fb48f190cfe1c07f3,ok,512,1886
1cf008d41fea7fb44f04451bd524bfe43d950f83,ok,512,1890
c6beeeff83a3fcf99cf38e0896538bc14ea9f6d8,ok,512,1799
cd7a28603fff0910c510f31960bdb7a5054fbee5,ok,512,1772
22c44f95ad6d908e1ec9dd35941956c6d035a51c,ok,236,830
35d5e0f775eac209250668191e0454b0be18fdc5,ok,512,1794
e947211ecd846c2302fdda84b9966afe037f41bf,ok,64,212
4e2268244009ac5d6646575690ec487cae5148ad,ok,13,36
252f236363dbedc726966201aa1d0a6208077f29,ok,512,1820
995fd77cd7d288fa7548c95b7a7b6bc21a76ecd0,ok,512,1880
e058b36f76d25f804d6ba84593aad95a49067de2,ok,378,1395
466d7a37e1fac6df6dbda537b21d58c192a63332,ok,319,1132
6b5142dfd9c98e7b09bcba591b6ae55dc04d8949,ok,512,1790
d153471190a16e4bb2d4a689d5b9dfff7f4d6e4c,ok,162,540
0b7fe446dc5b9a456d5926053b1bbb7abab873a2,ok,512,1864
30bc4a896891e0ec891cc92573ceab9a07ff505b,ok,512,1853
fdda305ed47e5ba50eb5e9b20cb2a61c3b1eaa71,ok,512,1744
fab76ebf8c0c2e7c675c37921cd6772037fada90,ok,386,1340
962cb4ec74e0b3d433eddbad624dfe6b5f829dec,ok,151,526
992708d778cea9a175fc9d66d44f9ee18d8a69af,ok,512,1859
19b78f5e2bbb800513dce636f43db1c44d5665f2,ok,357,1297
a931b3d3e9bd931999a239ca81cc2bd6b1256f02,ok,512,1850
6c15830fff0db206cf1c4d12c35ace8b00256340,ok,512,1868
08116b4300fef502fe0bdda3dc89d2deb86472a1,ok,83,278
bf1e1ca7a76999af46f3c82b046f3d5bd44049dd,ok,512,1877
3c4f01aca388e80a8c44e1310b34eb38cc912731,ok,43,142
1a5c4f1aeda4192eceae7fd6b5addaeaf3bf093d,ok,512,1900
920ac1c40b3ce9a31945fdcaa36ec6f342ee6691,ok,512,1848
ad96868949d04d636dd28fb7fee47a678bdb3a69,ok,345,1235
de8a80615a4ee8d661e09973d9beaac110dc4d02,ok,52,170
e7e0df39326356366d59eba87d98220e93eed7f2,ok,50,162
268541c79542f04c1b01b6376dabce09a95288a1,ok,39,128
2e66492fc723cfbf3df0b3ac06921e092f1f23fd,ok,197,690
9b8d93c97d228df935147ddc0c65bf0990a48a3a,ok,512,1799
0b6a08cc8bf42f24e066cd545a075ff03df2aa80,ok,198,676
461c0e11d24ce46d94139eb86af112ba5cdd52e6,ok,26,82
60d84bc1c30e283d1ea80b959c212582bc386d01,ok,512,1816
2084091f18fff02c84e3c38369ea442ef5d474db,ok,512,1825
8fbc79e8a664cf27dd7d558f01028e69f1f12d47,ok,35,114
7aaf572dfc16ffbca7a2a6a5a0ac5e75359cc7a2,ok,464,1675
1def6ae9d6686ab71f23d71bbf393f3d35eb1152,ok,512,1821
3e1d1565a1e5abdad4b28d70c8dc1c39120b808c,ok,512,1790
57f02ef7bde4ad8382897d676d011c79897d14df,ok,401,1458
bcdb54498d96a4c06f6c84b1b18db489c7b258d7,ok,376,1250
fb12506149ac14f3ed111fe52c642c798cb20111,ok,155,543
66b0f169822683eb9a852b310bf1460b55b9bb30,ok,87,296
124c7409190649117c86de4f83ab67fedf96fe96,ok,101,348
7ab2c6580f4879af670f60548669bbba3cf1fba7,ok,290,1048
cd2d82d65cfdcf15c1345ed3cc6ccdb897f2405c,ok,43,140
21de8889952cdbbfdefeebd11feea8ff16a4631c,ok,28,86
d2b7a51337f5153d4424444c086c5f5bb314a7f4,ok,512,1846
58bb33527fa0accd8376e8a62ce371b4c0960c36,ok,512,1877
7f70bd823c9310976f81119edb835f03c4ff1130,ok,237,865
a09eb598f7d2d9a486318a6de12543815c4cdd3a,ok,512,1810
8e80b47080e50b38adc57cd0e621c45661148457,ok,512,1843
3222851a1e9c392c7549b05956efd70313a284dd,ok,17,52
7c8083218472d7688a003047ba094d1d45c57fac,ok,470,1725
9a60c11c06a18fa4897e6bb87e94128ba4b90a18,ok,459,1641
ecc716a5ab1958ce0864a9cc2a2301b8d64db1c2,ok,205,718
09a0fb919da13a18d85e98a1ccffae805be7a1b1,ok,280,999
f2ff7d793cc677e45de14961848888dda01b352d,ok,58,196
6b30ceb16f4fe28b699cf67c11ca7892ae834296,ok,35,110
a86b9f2f7438e3036a4d57e25b4a124e3dcc5964,ok,40,124
d966a28d69064d6e59347a458242b6db1fca407c,ok,512,1786
3815eeebc065f0782e78e98c321427d6dca6351d,ok,182,628
e95a1183382ea5086080c7fbebfdefc829612604,ok,34,108
4797d5183668fedeb531476d509c05f45d966e59,ok,512,1858
a68eac7d11fb992e45292b3a262aff978395ad38,ok,512,1830
327611d0ae8c6cf7054cb2cd605e1aa3decfa2f2,ok,247,870
35a70187cf8ee31bb8c8676080e4fa1d6a40c11f,ok,512,1830
c11b2a7836313ca7f00eb80c9610e54e126e2386,ok,512,1900
81c4cc2fa59a983289f36043329c10d7cb1716a5,ok,387,1402
fae7daf257cb006e99e31e2991ab94fe8ef57e39,ok,512,1865
e49f9525d565c480ec9f3a46329225618ca9bd38,ok,64,226
31797ea49f9b0041c16339666c1fb8cd11aa15ea,ok,229,816
ab359305c82c168367b800bce44dbecd7f0d54ed,ok,512,1851
c703e6604fda726bc729f4d79efb41f0687cc614,ok,22,66
b01dfa03449ac24ad34c02bfbbfd3bee45199b04,ok,15,44
49f70a988c377469348529ab22c8ec55f4af1e71,ok,30,94
9056e113ce5f64031a2eb065ad72f16883f1abef,ok,512,1884
a5124d34c96c36ae5a607e148c283f744ddfcf73,ok,283,1034
82549be30aaf930e2fb70e90c4eac2388f9197ba,ok,186,662
32e450b18b71eaa9d43b278709447e0c58d027e1,ok,512,1826
9f2e0ff54576ade41ca7ee2f7765e819da886475,ok,512,1860
4860586b1de01673fdd5c168e7d79b66187641d9,ok,512,1820
b26a8dab1f6213128dea6e1cee727929afaa08b6,ok,512,1736
a23b68e716c5301e1c1594a7d1e9b1f29eae2b94,ok,108,376
34fb1e1a4272d43e793c38026385fd56a8e1b2ac,ok,199,696
6a211837c1d7bdac642b22249aaaf8c6fc30a800,ok,51,166
bacf180e2c522eaea09b2f5df3abafbcbcb64f80,ok,512,1841
73d71cba7eb93287e785607fb91582ac3bc55bcb,ok,245,874
78a9a5294210e99b6324e82bea7d8b9933b4226e,ok,393,1348
125311f9b6d8607c8e31f952c00de623533d8e91,ok,512,1855
6f0f571ceda9d17f1e8b512858dfa87d1cfd16e1,ok,425,1554
5243758d0c20e9451969df1c5d2492211185082d,ok,512,1803
e9dbee7828c393e50844bf4d4def0dbc99f091ee,ok,399,1426
d5c4047ae249f5273c2ecaedce473b5932af663e,ok,79,270
343f616a41482e16b9d360d22ad592c561e9a22a,ok,512,1802
71d7705d2b45a720c2ea465dbf04c1afd2ae9294,ok,512,1859
edb78f9cccfa4847edd2d5c0dc1621a7214dcc8a,ok,258,900
57508bb25bd1d071585a06915b9494db191a1327,ok,512,1857
de66dc9cef4f7cb65ba080d17a873f7e0cbb8fea,ok,390,1413
9e5155fb466d3ef74afaca1621d446270bf9e843,ok,103,352
d9c7003265751465138d9d9ec066290b8bbedaf4,ok,190,668
22855420dbd20f8aa4d2d6ca394b69fd39ea7c58,ok,512,1787
2563bd8b2ee4f59c77f19e7e41a518b1bd2048b6,ok,349,1238
4a5b7ea43cd181631b98135361004acc4c733608,ok,512,1822
80c75fa2b11b5739c7f098b20b1fe3766c960353,ok,512,1800
f818bd06f3b3e266e7d06f4e8b54ba3946b817c4,ok,209,757
116a0b7c493f1e6ab3ad7ade0e3e58d7fa5a83c2,ok,512,1849
f23259455d3cf5be392bc0c755da665a040112e0,ok,311,1042
74367858e07c2d50b7fa0eb48665f4bedd55538f,ok,512,1796
30b2e2784dfe4772c29530d68223e49f932b5604,ok,35,110
3e17718ecaab5dd653301f2635e7e68b7cf94833,ok,38,120
d569cccf72a6224a0bc0b4e40ad69679763b5951,ok,41,132
385ce800aa513b29e86f1f18626c772a3e06b3df,ok,512,1835
a2b376734038ec3d45d38f4dda5de082cfb30bde,ok,170,584
5780545af585c29e9999245668a661636777c297,ok,271,994
e625174eaecd5bd48f5e91c85f6a5049ce474d0a,ok,141,472
bef81cebd1132b527707cc530837c90771652e9b,ok,168,592
0c141c413e6092cf35d7ba551d6ea2e6e53e2c19,ok,311,1106
287715fedd8d33cf458e6fe9606c5a69a317e458,ok,53,180
bfb1baeacd3c1167080ace4282203a1713de3f40,ok,512,1827
9da3be63dc1a03ae4f6ef88cc64552a3489ac885,ok,512,1864
56e2c591d4ad805475f8cd9c9a12f3c1348dc563,ok,66,228
0de33078d2bf615766f955bd45c588d05721fa32,ok,512,1870
1374b78fdece9d5a829546396bdc0ac389f96d9a,ok,278,1030
e780fa8d796af068b26d9f25c835f024cb09ca8a,ok,512,1846
6efc85c005747ca7ddc6fbfa7da5e24fd8a6f5e8,ok,512,1854
186c906b04a62d520ba8e8d5194c579bf644e9d5,ok,368,1378
85cc193f161397cf2838cda69ff172a98dcd7354,ok,512,1941
ce84013e55090094c8e7869ad7a6fbc2eaf3f583,ok,415,1557
c2a404d65108a150f962fcd82b19792b5ce06fae,ok,512,1756
5fb49d594903866cc1f99a9a3191eccfe2237469,ok,512,1844
0d7bd9408233965d690558bab995989c3173719e,ok,27,86
6db4c0d8565359f7b209a363a92c8b616d9125d7,ok,344,1205
c28d2a9304ae3dfa1a50584af533ec5f3eeee4bd,ok,288,992
c873e69c7f6c39ea7d1a84baf9103c00e7a7e2e6,ok,512,1790
bb5b6a710e7206f2db836d824ffea5cce0f809e5,ok,172,574
544885563a5a2f8bc0e2f9e75b39a3eac2158715,ok,177,620
6a84b9e5e6cde061e272ff015f1c2f0f47ef5fac,ok,148,522
aa516893c9255eee2799188943afcd0bb94844b9,ok,458,1688
49aa96a746203840f3272b18eb29dfd21cbabf4e,ok,512,1845
69318f5363c24b4b29ebce482f6ab606df032084,ok,512,1724
50efc1c59409c52202d18bb7c71272e934be8217,ok,44,142
17746b31200c7f3c04bc2592ed1d81427e1b8c7c,ok,27,82
15d5030e3a6dd970cb7330428142cbdeb7c591e5,ok,17,52
6e1f2ba2406faee7a62ffceaac72dd874e6eeb17,ok,512,1768
79fae6903885f2ba864d5f749c88f392b0d76c27,ok,512,1848
699020affde754fe6067402b9a4766f30c7309f2,ok,276,967
68b1941893fbc0441e57d923fd7f1ffd39006aa6,ok,39,124
fecbf5614c14c0dc9f7f8708f57584a5d2926f37,ok,435,1538
0c6b66df19173f07597855dfb9cb72794a82f390,ok,512,1836
c4465d251e40a22d6adf83446f10903199f78432,ok,512,1784
80edf6a390b641c8afc61db7584eb2859efcc4d6,ok,388,1358
4ba2dec0d1fa0fc960830795cf08e618b4e2e145,ok,512,1898
77eb6c63b49720220618b1908f86acbabe10abb3,ok,512,1850
dc2a79e79816fe6f9c59c7dd7076d652579f1564,ok,512,1818
14e00242a75930301873b7412030d174709da0c4,ok,33,104
a3fa29ad528bec03adc92b72f9c2b00ca84b95c4,ok,512,1864
9b2b183cfb0f18cb0c741664d69caacb4ce171e8,ok,91,298
c201d2bce5d38a3c067ea7945da777d46aedf91c,ok,129,450
801b1f5cb1191f1ab534de26815daf49f4a0bb6c,ok,512,1782
c212fae26537e9dad85a0176e0106c7575733073,ok,512,1799
fdd9f54e4f48bf438f23a74b41158fef9638c9f0,ok,512,1866
210535438da78f5c232c226e1d1319d22474f82e,ok,156,544
a97e421d47e38f68a97afe40578c6d731d48172d,ok,313,1117
3175c3667619413ae2a8b6871e903da80d2e1f5c,ok,81,274
10e0f72b35cef4f7e211d539d1d426612ec19eaf,ok,440,1574
647b2094102424c608a697dd2d50e44e7f74ba93,ok,512,1803
0ecbc86ad5558068afc251e22464373f9f9a6321,ok,512,1841
e9aabd4d7a735c2128a272020403c92515af022d,ok,226,752
5e1ca5d60fe5f6dc13e62c05afe17cd923ecf8c1,ok,512,1820
d9872a8022c2a56321d8865cf7bd57493d9c9895,ok,512,1748
ceccdceb70431412138a9244781b00c5e8c53f07,ok,69,242
7b8674379ec73d3a7fa1d87f73af3e9b9a5e66fa,ok,199,684
ea33dec99eb5e07079621d85d4a75a2ca6f39508,ok,36,118
5fb8694907357ec3c45c34e25a1a4ff69de8c908,ok,512,1833
0ffbed4f22991293340d6dcbde0470f38ebc43a2,ok,512,1824
ada2e7cdd93b841caefbc8115e23b0b7565dce9b,ok,512,1860
5724f56f121d359ea6b096807175d7ff2da027e7,ok,433,1532
a619b3b86c3c52c0534af1f375305d4a93e95a5e,ok,177,630
db5d74449c16252e987fbd2aa5edc0c9e5faa2d7,ok,512,1840
9387a2705cd0c053eb0fcc1a915565e697ef7736,ok,70,234
bf4b34e03524a765774d6ca68449690012b6e2fd,ok,265,934
8c86496968b76e83f2ae70f3cc73b19926ff8fc0,ok,512,1786
b64f89ebdbe289454c9eadad29daa8ea5d26e2e7,ok,196,697
5c89663fb3f915226cc6f1931fd8451886c96e5d,ok,476,1738
e750ce6d47b2e97c96d82329865f8ff2fe74b3e5,ok,506,1853
52d008360e97155469dfd0524b527495ad8bf034,ok,512,1824
d7469240a32d474a3fc05ceecfb299d1e5a86e4a,ok,180,644
862681bf8af7e757504e31b420a9ac23aa0031ed,ok,512,1914
deb30a1e4e063e7a8925c25f2cc9178877186650,ok,201,718
341e91fa413a0cb24d53ea9242b485f37b008737,ok,512,1770
1692868a879e595a4c505c6d127efdb5a3e4f1f6,ok,95,336
a216439b90f86ad94937210afadeed7c0453974b,ok,512,1766
c7b976eb7ac0daeb72f2eb10e0abe42db032a642,ok,512,1914
839a1e9e7c6ca320e25733ff70c88db01c315176,ok,222,788
5eaf670b27220ade0f9301ae703d96adcc34323e,ok,86,292
7412b71db1d4e299ca4cbc5c93289343a0348ae4,ok,512,1796
7254f274a0f55150f8c51839e520f410f33741ab,ok,80,266
94297c58081390dd97325f63012985d3af1cda9b,ok,25,78
3389d70584b2b3697375d4f2116854b262ce7762,ok,512,1949
f8f97281dfe181934ef53bfa0937f841a0a2dd18,ok,512,1848
836f7598f2e0fc8a8e75119e9cfc96ee649dd336,ok,512,1854
34f6b30471780e3580f401c6152f6bd4374592ed,ok,512,1714
39b1d79cfa0ecf725285ccadc9cd6c8f551818ef,ok,28,90
e2150f681d09f7b794fd395b546f93298a719d4c,ok,512,1805
93bfcb827473825c1833a7bfc1ba4e17f9641eb4,ok,512,1754
f9fa1e79ff202ceb80627e15faee64a1f184470a,ok,512,1846
29114aa549c2f3242431a59ae095e9db88b7f76b,ok,46,152
1cbf396c94c9eb487c79245521ab5da7d7c30034,ok,38,122
207212af448343631ebc323b00e0b6d59ad068cd,ok,14,40
79a814474749eff0bf6f4006c22b3ad07a9bd323,ok,512,1811
f08636a8c923f7734ab89632e555b0217ace28ee,ok,164,570
cf4a418e42a5431910631be486d56819797bf8a8,ok,512,1740
aeba2f452b2e8687f4784e3e6c78bf40994341d8,ok,71,240
b4a74d6698e698f6dff3a7ec911f0add64ac0f93,ok,14,40
1d559009c744c79d5da83bf9a58df3b2db16d0e0,ok,512,1798
03baea0431e50423fcc067d336bce2c326362fa6,ok,216,724
f22cb6e6e791944df53180eed24fb66f2c357cb0,ok,322,1126
5fb849b3c672835d9870a728475c6ed4bdef342f,ok,512,1814
aba25b5ca9e95cadc7efe2df6d281fb3840c0e8f,ok,124,435
aabb53f77dccaf05e6012f138e6c06b4cd2863ca,ok,341,1193
b7ad019e72d47369050c8474487989786721236d,ok,121,420
ef292f20aef85ef86ea4dca7d2bd592580c6d095,ok,132,442
f9c64c390a4eca4d89ada207355e3efce951bf54,ok,512,1825
b08474cac76068c072df078e8151154c775c38f0,ok,512,1742
77af99ac8a6c1825ade1680e371ceb8a7ce5980c,ok,512,1805
66bbd1b5564c841da2537efa634c8c21b371cca1,ok,512,1853
86e590e821da574568aa2f95dde95550279d669b,ok,512,1814
bc1f30841c45a4db5c45cd3047acc0656e789861,ok,267,938
bf6f56535c15a6b14d3774d0fa66820913b98915,ok,512,1840
4c631d4d95ca354de0e9331817d0c3b68793099c,ok,41,132
bd029d3b5c09a355d87d44962270b852cda8d8f8,ok,512,1786
2b733f1b954c7fdac13b6e0c142dbaf8c9d93f73,ok,512,1888
b663c4fc63d881ecca9391079149fcd99dc0a5e3,ok,255,906
c401d3cd4d58bf3629b55f9d70a6ab47e78f3184,ok,174,640
dfa0fd77e55db51fd9cb3accf43876b31d875d61,ok,203,712
12a2020c2830c07d7827e02d9177a4a2d8c1019f,ok,259,920
cbf258bf5bd0763fee50e4fc49d5f5be293003ff,ok,512,1804
9c3dff306615e383e3cd8bfcf6ad181b76c5e1c3,ok,512,1794
646e23e63b584824db0d9c46849d2fd5781dc249,ok,34,106
780442fadd08bc7a853122ba546fba2ce1c63767,ok,512,1806
2a76729517d30a4d087bf55477a8e74c94310525,ok,356,1267
139e1142859da81241f56b92a934cb6842b47cad,ok,512,1710
f68ebd5d9c11750773114cea7b988aca908040a1,ok,512,1859
aa4c4a0b3c8f52b815f0ef53efaa835428bea30f,ok,512,1805
6178d8d5ab149f5426ad5b5e8fac8a45714ecb9e,ok,512,1833
95a37fc0507175a9f4cc39aa5f0abdb2ae24011f,ok,143,504
8dc53527b94764206cba890959f35614e2b22756,ok,369,1292
404ac259e2ae7fea876dea54af0ff57eaa2f8e90,ok,163,578
78c10d17d36437c939811c497bb9e9d4effefde0,ok,261,947
de004542912aadaaf4daa3a888ce9d4ea65d4939,ok,246,881
eb85c978cd3d04d4d8c2207c97a1d3d84e921117,ok,323,1112
76042690060dd59e9cb6b57563c9bce5d9651883,ok,512,1804
aeb97c78bca10e07e29d8181a27f8c537a558900,ok,512,1838
0d3143a671eb2117222ae935739f9eb775dfce81,ok,512,1782
79a67cdbf6df3fede4ee4eb9418905eaeaf70f52,ok,307,1132
bba0b70ea5b3f402d4fbc2db2d63efffc2c537d3,ok,64,214
0f2682edee216423c0eb399cc277fa8d65e11265,ok,512,1809
dfb6ce54e1511414a707c27b036d2ecc9b1f3823,ok,512,1852
f6b9c9fb9baf6a6b4bfd5081ff9b70a2d7d23477,ok,193,668
8f5b040e2d88b7e4d5ee2f026d359d776e16ed5a,ok,512,1853
a87fc93fcf255b20aec4f63575b060ee766ad1d3,ok,489,1766
856486d37272d2913ae1cf92131040f44d7077cb,ok,242,869
6ef68fc70c16b14b27202126b0d64fd9dfb6b5b9,ok,272,981
cb14dc649281c937137a6926e282df0383ad7f1c,ok,449,1622
aa5ca10d79e3281477a8422b9b7f6f39725834ab,ok,57,184
7640eec52dac3ca27e5cd5d2bbca3ddfcb35a5e1,ok,512,1821
89be8726368dac9f0d6cb444bdf6698a64685a07,ok,512,1824
86d1034634657a8cb8b5a4c4cad6ca8ef6e3e02d,ok,73,246
f33170ae234089a73907db396eb35a3db3953697,ok,512,1873
888c7b64edba7c415888f8e7633fe9852ad461ff,ok,509,1879
25267422e8f1ccef931eba21be008a6475a338c2,ok,512,1836
da0f5352dcfce3bbce020b05e5155515559894e7,ok,512,1813
ff0ce76844b4b5ebecc033e139a6776dc96643d2,ok,108,368
b1a3277d84301b800eee6495423ffabbfe07ec39,ok,81,268
0070eb4a7d75e58f9c8fa5203fef8e03e4e6206c,ok,83,282
1d103b27fc3c18823d3ea4ae369d8a4758bfad3d,ok,176,598
7d70e0648248ca3792f7a8c0ae7eb8d87019b7e1,ok,456,1653
0634d497c687e3c788f5498e2e1ae96faab241a9,ok,512,1870
f9a57deba009b8f52240a0ca2a69333a394eb320,ok,512,1772
0da4110aa3542555c5569ee87c060b2af24cf33e,ok,512,1752
a26301db7bcf7f49a8c012d4c1fe11d94e4befe2,ok,191,682
7c17f1bd7d27ebe61e72ea5be748582095ed2154,ok,208,713
21531a1128ddf48e3affb6a67f4213a6bae1d185,ok,238,824
fe6b08568ce46960ab299df50144ad478b7705d8,ok,69,238
176cf91ee71704571976c2a9b66133a9210c1d34,ok,512,1826
4b752f08cd9263d5780a406a1982c1b02b19f35f,ok,512,1906
44d06a01cb0ff936507d5e9451794b77e615c33d,ok,99,337
36e4e3854e0419d44d86cdc751625791379fefa1,ok,512,1783
2e7561f6f8d52f16130b43c661c77692c8ba5ccc,ok,183,645
d0278c3f53b1eb380b599a14eea12ff48851bde6,ok,110,390
bad8243d89d50ecb0ac56bb765e8ec9001151e2e,ok,53,174
f72323f65be2cfccd3af3f77e95985e1bc320e85,ok,298,1050
39697c8c125a3af2608a92eb8624148761568c18,ok,512,1871
812c65e93bb2211b1b40d2853881338d5f15b9cd,ok,512,1772
524b20bfefd64fe3b1e1bf1872e241d8f4ff87be,ok,512,1738
ece3d85814ed0048fb18bf8cd2fa5858ceea0e3a,ok,110,394
465a306f271f6a265f117ff3d9952bd26a824222,ok,103,356
69870c5653b22d5b53c5dfba6482b3440df851f9,ok,302,1084
7f67f3635edc5b25f125ea60e74b34dd93afec88,ok,512,1876
ddbd0fa56b385513fc41ef264e5599aae2b9dd39,ok,512,1874
7445046810ffbf57cb2aab7ba4358eeb5ee7ea56,ok,512,1825
73bb11155b8195670aed5013c759971a30da52ac,ok,113,388
4dd5703b0de2ed09e852556480c18aa533097a7d,ok,192,649
0f42fe806638b7b8b8f49f5df71de17f74afa55a,ok,338,1199
0201e87e8241bc7b9ccdf5c40e1babc1d6e2052c,ok,512,1915
3be73a53d4892384b1c2292e4466d464da099916,ok,99,340
f6489155eaa50a26b1bed0c52d976d182b6f1184,ok,456,1636
51c4d7bff8545aaf0017b60fcc0e3b7ff57c1089,ok,512,1858
07a0318b2033ac92a63bc19b0ba9102150864a78,ok,234,804
23d47b24823bbb5ecc2e3ba577d04aa194ef6fed,ok,512,1824
78616d8c2ca6d3f7028e77a9c657bb16b0cf222c,ok,512,1872
8335147b880ccfe62e15e8b916d99902a3d63c1c,ok,323,1136
612e514f52c3296f2afb67fc9a1067586a9b5179,ok,280,968
ccf8f08411ac07eaf18ec3f487149b48056fe370,ok,330,1199
454c6272b6e741ddce27e04b369c24c4813580a5,ok,319,1139
349378e016361efb24e73e8bc7cda8dc7f8e8e86,ok,239,839
f9892f7e06bb163fdfa043435fc945a665340f28,ok,212,777
0e795d47ee89d4fcfbee9f069d8a2879ff347171,ok,238,786
578dec4e140dd9ecfba97eb5aca39f1d58b28fd8,ok,23,72
709765f7ee890df7b94c78a5d9ff011afcce1ebb,ok,503,1799
0c5df3c3c456dbcf3a5fa661d18fb7f755da7049,ok,512,1783
0276075a00043bb3328a350a006eb98be81706bd,ok,301,1140
22c871a087d35de4e41059085615ca377b40d5db,ok,24,76
2fe88f833dbd80a2710dfaed010063cb6fcc5eca,ok,512,1838
ed2c71573e4286868ed831a2d575246d847ea95e,ok,512,1854
f2f91bddf19a06dd67f707d02c5b6e7c4308925c,ok,14,40
9a39cfc6374f97c11c67232c309ef3463ed3e34b,ok,512,1851
55229173e9ca64f9f5798d6167a5dba642385dd8,ok,512,1830
4f426fa5cde4aab97628f2e779ffce4bfd57c612,ok,83,278
def72647b6890103356596bfa3ae114d55be4cee,ok,512,1888
2487ef656e5a8ef27ff8edb11ab6953cfe696482,ok,415,1472
4255fb4a20255ce756940fc5bc937f6332ac1238,ok,80,266
864483a57621d3a780a811e924a5624158614a97,ok,512,1799
f728f740336f48c849c6ee990ddeb99f7dbd68ef,ok,197,698
01f72357a6976660ef287cf101ca682d7f157128,ok,512,1772
bc79e9d1a3d3667e715071a494a63eba1999d6be,ok,290,1032
275b0f893843db1c28553ac9b96a5364a7cecc83,ok,61,214
d679241b9ba524cc36df05ecca4d4fc417decc15,ok,241,864
6fd37ac31b7147f906b098c1fe3378695911a17c,ok,512,1827
451c9e9b137e1ed9b647354c1144066a144fda21,ok,512,1835
f8499cf30a76f1998e2d52cc1272ace043437df5,ok,512,1864
412e0d002c6d1df13592e908bfcbfd6e21ef1023,ok,512,1902
e183c770abe12b804201aa21fbad2442e23136ed,ok,512,1875
4d0d413bb945d88bafbc3382e40f8ac1ebcc6e49,ok,84,276
845388fdeb990c3d0c1f9441bade6e0f02463ee3,ok,512,1832
073d12967a036cb8c8e70eebf7a1cffdb17ce187,ok,512,1961
f1389b4952da4463af3b3c8ad68892eebc8487ed,ok,447,1598
b5233646a5383f9c1e27c122c2a6fb649019246e,ok,203,724
be6f3cb2f7b567a63eebe8f8bd0351c4ca025c44,ok,132,456
464d5ea8ebd97bca996fcc2f5c259f0ddabba02a,ok,35,110
1f3be18bd0b83ef64a3dd812e829649538a23a77,ok,197,686
5f00bee7adcc3f845468a1ddb8c740e51c86bbfa,ok,512,1843
777b863ea8db9c3258c895554562157779ce3ada,ok,129,450
fd5b1c37b17589aaf035744d737a10c5e75353fe,ok,505,1773
8a47cf3882e0e10aa3812416aa3e889d3a333ad6,ok,512,1872
6e4da5414c3ea038e35851dd3c273ac0445c76c2,ok,35,110
5aadc305c526b345befee6cc69e7dcfdf699bb59,ok,512,1856
625faab159df04e30422be095415f4dbab9fb062,ok,512,1848
16298246f39831dabef30044c2071f36e71094c2,ok,512,1876
b57805cc74867e452a30e6d3edc0fd7ffda08702,ok,257,846
2d45f7956011214784ef2df5b9002e845e81dd67,ok,253,892
6675be5e4e5aeb5300fa2d3bb33505f7f2a33613,ok,265,1016
5212984ef5d237eec5b1cbd5fe746666080f65b4,ok,512,1953
5b639c0608de85d5abf35971c4d0870a6d3e5add,ok,480,1760
fc8d06a879869ccab05c63461d135818755a15c1,ok,512,1810
2cc372e4c3e06697a62e169d809c1a4fd2343fa8,ok,219,744
2eab45b001ed505628fa659e367e9ca45f3cf2c6,ok,512,1799
55ab79355f2f3f5147db335f52e718aec6b24f2d,ok,343,1222
cea5d09219a5afe3133fd4dd400a7111f3bfb7a9,ok,168,590
bf37c80d8edc779c4420c19650335eae658ebadc,ok,210,757
edb04a236f3600a79e111cfe505594782e10bb6a,ok,512,1874
4a574d2436d3c3a21cc9afdcda97f281f70c5eca,ok,512,1766
41ea30090505e181b1a407628b04ab7f0971ba5a,ok,464,1603
e058e71d261f05ac9207e30015e9c88e7d3b162c,ok,64,214
f26aaae8354b146319c0d7b5539847e6b0db12ae,ok,244,860
7fb318d794ced06bf85b2a71f3d395220e371af6,ok,369,1322
fb33a0a7bdad09a8440df3d185216f0202a5ad48,ok,35,110
db34d154cc3f22bb7aec431dc772c88d3ca4d999,ok,485,1782
7827652319e753074bc5519340e7c6680cf862aa,ok,512,1871
68a8dc6719d9255883a82cdf20556ee5e785ac9f,ok,99,344
620496913b6ea2e95f20f69907ed6ae8e15bc37e,ok,34,108
cdf1c17fe991c1fcfe338e406ea53f839b86c47b,ok,512,1920
27c39c6b45f1963b1a44b4e5c3fa0455a8fa44d7,ok,512,1851
c4962297fee5109351028e89d483bf04e222f68d,ok,512,1841
d091d55345a81ce647a4be92c8bd07224c74ac73,ok,512,1833
4d6ade1948a72e1b3f57cf5b0809240d0e0470f3,ok,512,1808
c2c7b9078cc892282ec187818c4a4ef2ea43507b,ok,19,58
63ae75fcc1d0de95d2cbbeb6507a701c9f2ea198,ok,293,1051
e85f6ceb37a1f23351503fefe4101ca26bf7cf18,ok,512,1840
d8d67019c22a41100951436979020032589d08d1,ok,218,753
42e342b3028236bad4d3632deec1c49facb2998b,ok,430,1543
298f8d815530da72bd5130ffdf855a39f7a09810,ok,512,1726
7e02a62b203d810a7c36e7a5837382152a20f3aa,ok,512,1848
28b328d0ec158890d3a1b5bcaec1560e9d2cf43c,ok,512,1823
a9c67f7bfa8d7655f45f7be9fc8249e69fe9a58b,ok,74,256
9bf4230cba85e44cf5a5ab1ec09194d91082598a,ok,150,501
8d25cf86f08bbbc3839261f7fc0fc4c0aa8958b1,ok,339,1212
347ddedf70c762e353d6e23b38ba149c79cfd979,ok,214,767
2158629ca486133f1a25a8b2877172fa77535fcd,ok,199,680
6d19eb17de4c53432952bf7d5db5de59b6b61f7f,ok,89,288
8787fa586c982abcf4b98bcdf823a5c3cb3a94ec,ok,431,1596
3b35d00eb88587463793920d8298abc7fc1c241a,ok,512,1908
c6b1960a3cdd5736af841d10dc72bffea61d6303,ok,512,1752
b370a4c5a122136e5395d14be0d2079b037f2a04,ok,109,369
8f06688ff2761e83090c5ff49ad53583bdf7fd78,ok,512,1846
d820d50fa1e5f3b8f04218c54f56cb5e8fd6d336,ok,34,106
bed95e9eb14ad6feef7e98ceb6f154a4134768e3,ok,512,1880
d47ac3fd71c2c92c1e03a026a1191c07246a317f,ok,512,1748
c608ca87b518663d00db1f6b6ca19e166f843af2,ok,125,436
00cf5dffa07523e7cf1c7887f16f740241e9151d,ok,92,310
63ea0af28ba0f8d6924f11375a43b20a1d898eee,ok,116,392
40d3fd8079f9c6dd1bb2f27869d9df314e867664,ok,512,1840
a9fb83b184fe7fc8d96cc2ffbcf817f11df9d53e,ok,48,156
6a8cfb38cb7d16f58e1031c7328c5fcbd51610ee,ok,29,90
dc11695f063a71bc97012a23e59e68cbae8ce281,ok,512,1806
61c8ea35507d83af7f461a7deefd0bde13f47257,ok,512,1835
d6af2ab5cd4b19c0b5ff81d1b477bca2efe6bd67,ok,512,1844
75a06ba02dbd573b028b345e599be82830ac3e1c,ok,48,156
d7f4d0360fe0299161c81f23c7e3178093cd376f,ok,270,953
384d635122f0d1484c8f5b8b538646f0aac767df,ok,470,1689
22ed167e725d20daffc21dacd0e7dafa83fa2f16,ok,512,1798
a37b97c7d05f9bb92f6da56d4c1d8e315c8d421f,ok,223,756
745d18dda3a45fa46dddbf1f04fd03bb6dbefd65,ok,512,1832
6f8e5554c7c959ac1872b7343b1bcfbfdb0f44f9,ok,379,1306
34343fba67d25f9ada21f97b3c65cda544b16712,ok,141,484
4969275c4a63e075a5492b5d8e732fb3f40e70a3,ok,512,1871
ac1ca0ceaadbe25e7d5c1e85adceb7309c39adca,ok,512,1760
f4b24c0e9c79231ecfdcd1c42dfff3b3c6b3b1d6,ok,512,1908
a039be26f8c72aa1b81536809e4de10c98d51902,ok,376,1332
5f8999a2036969fc43b7cdf51996e0f252dd2a94,ok,39,122
ab8912667add6456b663a833cc4e7b083607a2dd,ok,512,1842
906e977058fa0beca7e3a51f36a0489c75817b0f,ok,312,1106
9355505284be6ee664feaa77472830880d9c1368,ok,455,1670
0632cf7961f2c701c5bfae2047a61e059be05be9,ok,512,1805
e2e013a450f074eca29ddbfbcebd3e3d8b2e52c4,ok,512,1736
be6312b116193499363be2d648f1792c5b58d47b,ok,174,618
1d0bb329bcd4abe9e45a6810c1e65291485554e0,ok,138,488
57da62514fe52e01f51c9bb6d109b5c00c7aeda3,ok,327,1198
e20fe5c18a5aa2c8ac63d16406f45a0e03f42efc,ok,40,130
1873aedfb851d00003a9abcee41e5351880aefff,ok,264,955
9fd49a8628779dbfc06aa021839f1619f33c9f22,ok,512,1883
3ca55872a3b5f74288cda47fe87e7dd4231acf19,ok,512,1765
020fc8132b0f0bc48768e95f28480e8afeb1ea65,ok,512,1788
47ef2d5fc76e781d7863531b0dbb89a792a1bbc8,ok,414,1460
5b3cf819f92eb8adc238b1f64a0884b89e1d9e51,ok,512,1812
79d4ff9d622b475828b84b8a4e4eb2f7b133de48,ok,160,542
bfcc365f03c6ff45a5d48041d998f0091825fc98,ok,172,610
68213b13ba81622fc714501b3fc3d4516ac54b67,ok,317,1136
a2f6ac518ba847fc31be282d47234ceb2771353d,ok,49,166
046e42834057559593cc2412e785d5808451e63c,ok,22,68
ddb0c7abe31207b71b4b3c8c3685a5dbfa86c91b,ok,512,1793
5e27fa3b65821b6339118dca0cdccedb73d63a48,ok,271,982
0efc21130752aaee2b70a17522af0a5fb30b9fba,ok,512,1834
0628bd2c4cd9a33c297fef3fe4c8c46c82980f2e,ok,165,570
7499fe10d82a45cfabb518c598d55db13944ce74,ok,512,1854
dde379d55f42a9c501f1b003511c02da4d29b85f,ok,78,276
9bd16dd427fdb4146af5e7261fbea20dd911f44a,ok,512,1828
cb699c8b772d737dcab06e2dbc0c1f4c1b724085,ok,35,110
8b72f92a32c71a0bbea8e96965b4029248f4d7ca,ok,512,1951
3e1c60b22b707a38bf3f9181c3bd5bac007fc702,ok,512,1870
c3cf49e1f3f068cc5b7de86e1c50a42a251f452d,ok,224,829
aebbe4a562747416c5cd982499c49c5a1596f818,ok,241,868
168e30c3abccc5a8d6bc29cefaa476b330bf3f38,ok,34,106
e3cb1ae56461e913dad966d1e57670dfba5bdec6,ok,512,1797
4109f1668058bd9b48dcc252e8bd4e60612afaef,ok,198,676
44e3de6c7ad4d7a402f389b995e136d3002d2b6a,ok,512,1860
1fd27c9790830b08d70a9777acd98a53bd572d12,ok,512,1839
ed3ae7e3b7ae19f808df5cc09bfccc205485bf02,ok,512,1882
553018eeaeeb1a4ecd5d462d38b4c60d92136b2f,ok,512,1886
764575e5c053ddf2ddd9a2db5f19b69d12474b2c,ok,16,50
95223b36505af6b18f660c219fdafb9655cf1821,ok,85,288
e77268fff7f95c752ef2e4eb74247491f0a11bed,ok,25,76
af08f31ccbcf2bafb2492f857adc05645447842c,ok,129,450
29249d91e3c8ca0cf7e1e50b3d8db7c66a644b05,ok,88,294
b6b0702b4d1ddc57185102837d742d41dddac945,ok,425,1490
1744eb9c08fb26f0792ae5c312998ed4efe919b0,ok,168,584
f9e1c1deb2da9e58c52a7354b9430c45343d7c6a,ok,152,535
535ade52e374aca6cecacd378b5383b6eea33eab,ok,512,1819
ac3e36772c4ca256ce68bac6389f20db2b3eb105,ok,512,1862
1eb8463cdebdbe831c850c1ffca79cc6fa4df42f,ok,512,1769
e1e8989ea2e795e1a2a77ae526eebe7b6f0956db,ok,512,1808
c0c8bbf5bf3a2528d20de1118ab1924186b87f93,ok,370,1374
bb650bef02e2aa9588ee5d684b53944c6198dfc5,ok,35,110
84619b0dba174bb900ae2de9ffe79d176c2722f0,ok,141,491
c02118a983fb29692afc3570ad90cef2dcf8efed,ok,51,168
9abcc00a1852fa48890ead390b99c383a0fa194b,ok,512,1849
834b634dee13d609be742c913408fbf88b5d8619,ok,512,1750
4bd49f1c28d3bebc8fec5da76a4f33161e387555,ok,512,1860
da5c165f707bef42ebb21513f25f068b5fb27741,ok,512,1750
8e96d4099b850b488f7568fa444beac872919fcd,ok,144,504
c55d2b1eae2076cfc2b193e2f2770dea9fdafa05,ok,157,550
14199893c397364a3c15ae6123ce9726c41376e6,ok,20,62
d919e517cd1745d6ac7ed18e480e9cd72a5a115d,ok,356,1256
96a84bd4b82667beb23108c5c77c5334f1b98689,ok,462,1648
6d00f5c367b447987ef047ba8dbe10375f663e99,ok,512,1858
7648e4b1826d871fc377c42f1d739e9543335182,ok,512,1854
e798c0c65c5f9a03c1e0a5c03f478e4aeed8724f,ok,512,1830
fc78a4f32a96323c0f7b46821414c444d2e86740,ok,512,1844
a7fd530d02459414a993278495fb34e47d7209a6,ok,512,1829
53e50fa00669d2aee83718a669c9fc4e1f6af06f,ok,512,1872
5e1370cb2655c0e1d9c9d50fd5d89d1192b2d513,ok,314,1100
679e2ea33a956a79c7916ff101b27a20ed39506a,ok,512,1809
43f826fcd7aa4e8f4b8a0d3de0a21809ec14a46c,ok,512,1842
72c75bddb3330ad51cf85282b6f21cbf06c448cf,ok,150,516
7e3a0a895ec440e14f96073f2fe7747ab5485aa5,ok,47,152
2841570252bac9bd126cd09819cf28b5bb7023c5,ok,201,690
edced1011675b1af538879e6d8b7c7cfdac63994,ok,471,1664
af64ba33aa85f94125d52bff740707294c00903a,ok,465,1645
2e90aeecc8b9dd9013bca117a74b7a0376749446,ok,512,1760
b4c9718bf4588b2d54a66cd4203e1c0b834d0a1c,ok,140,472
f607453f641940057f2c6a135dce3cb9ff7ff7ec,ok,109,378
840481ef790df78f22a596f41134629a822c3bca,ok,414,1493
7f98eb582c818097c6ec53abd99ad53c19be9494,ok,318,1114
03b96f440fb5112215e2d3eec07b3cf0493eee91,ok,512,1844
038ce7394548f2cc14e8a2582f64dcc4d3fa6390,ok,512,1862
2de828325e49f645a505c50d0d3f9bd63fcc7465,ok,512,1787
aa608969f90d2f37ba67e6ec799c7eef8a2f7e03,ok,162,566
aa3a0bf849f650ae7508417bd6b849ade80a840b,ok,512,1827
8e1e0b4ca311912362ce0fca7d6591791cf22f3e,ok,73,246
b6f6eda5912676cca37656156646b0bd940e6f09,ok,68,222
92d1ff17422fc2bf80d7faa1a9cb69ce1b4d6aac,ok,512,1771
63de35413dcae39f25128d9fbdddd187764d0b4c,ok,512,1838
0a7e77e6340eab4fd0a41cbf585ecb34befa7e6e,ok,78,262
1e756bf5c0af9038faecfffbad9417ee4b431be8,ok,512,1850
fa7c629e92f8f4f8eaa6b70efb2c8d383d53ea8b,ok,113,390
1503b6a1df0b5cc9bb9be7a97e396675996c50aa,ok,388,1428
19046889a26428b79df11fc9edae049544fd5813,ok,78,254
fe3e58b914d0acbbe3c0e16ab7f60de15b10a9a6,ok,33,106
d90b7a05da99218400412b4d26f080ff7d3fcedd,ok,164,594
457553f33ce1a172fd620720c18fc0bbb12d345e,ok,197,680
11a914c289a5b4391d6105a629e5d3c45d40205e,ok,512,1804
1ecd45ab2eb70a403acd04da3cb37e0fb1e02753,ok,512,1822
302c2dd1fb62b1d34b118798b45215a8a435e863,ok,512,1810
7284a7a339635181ce29c420b651ef76963749a6,ok,512,1902
2ddc1af01b2765c9336e515a54205875edeb6f81,ok,512,1840
020ca6d0a8e23c0bf7f3418676aeea28138c296d,ok,35,110
5cddc2cc9d9074798d5e38c94e1d6c7b9a6ac293,ok,271,941
f0bfa2065057b162dc40b15573bc0c10a9f6dd07,ok,490,1768
438db3023508e8815e1f1b562002890b3e62d126,ok,512,1861
25d475915024d6a64c9bcaba4ebf1e6caaf1f16f,ok,512,1837
38e732dea2acbe12ac7843860d348ba22d60f19b,ok,57,190
b50132d816fd773968ebc3f63894f0f64e135553,ok,80,270
e54a39c23d3c2bbb29eb40d6a3ca38d4ea664645,ok,99,336
10e8a6b4ae38f6581a89e32cc1f3d0f903019ee6,ok,512,1812
985ab99dd997faa6ccc164e2640ad0d456c2e9dc,ok,512,1852
cb3ba70afbd154db7cc444c0bb36eb5b35cbb110,ok,469,1598
4656fc4d7474ecb3f960f4f066285a7f54e86040,ok,195,688
9d304fed96632564c61f4ba74bccc34b0ee902dc,ok,512,1792
8c6ac8503d11a33199168cd127da272b52fb3388,ok,512,1926
8229fd14f66d0ce7ddb6fbc32a6c9f2294628d51,ok,13,38
8c7e1341a9b43f4bfc3cb51b331a18a0c2a4efb2,ok,271,987
4585485a7f594d8c73419f15a0ee1ec21bad22bc,ok,512,1877
cb74f3cd3beed50c22bde8e9a40f81d7bac0b607,ok,350,1237
782aca8d8fc1c73b1c72f8488cb5c739d19d3d25,ok,382,1348
4fb3f5acbb35215d9cb0d329a7e703599dd45bb4,ok,43,132
7d2e78604c889000da01f43dee318d13997596d3,ok,214,745
89fc4c93c9dc34d940d4df668d7c6fb24cdf0260,ok,309,1093
b1eb88368a4c25d828453f48d540b4741730f611,ok,287,996
0b23476313449fe90b26792be70abecf67927cee,ok,145,506
6cb8c254080a8ee4664c73f7d1e2eded1a5b47e7,ok,92,314
e3c832308d6f00314afc1dac3733ced3c0814bd4,ok,292,1023
71c4c92d7fd4d54f500128e300c16c4585103254,ok,512,1831
4d7fcc203430ecf24443c5c5786df6e348c01e08,ok,512,1843
5dd61b7fad4fcc043af64469ec67e016ad1ad451,ok,512,1823
181e52d5405ada38f888ec16a6299bed52e845b5,ok,512,1802
62126257bbf94d2e11ef881848847867c0379c3c,ok,127,424
ac163275fa7ab7c89dca999ee02323147a6b08b0,ok,12,34
bcb33949a00e8df988e1c18d6504286c026e72ab,ok,42,138
0f3494db4d284e5dc565231757eea1c259ecb68d,ok,110,384
d0010cfc0019575437126dd79ec47e63132651fd,ok,512,1829
117d34e0a9ae09ba8ab7c4ae944757f0620d8bcc,ok,249,866
9ba2744b72a9da78ff79548ae58a0f95111d1664,ok,512,1810
d42e5cb26eb5dc57c9b69b25bafed670bcfc54a2,ok,512,1796
d9a054304db5a378d00c7c9e2e09cae99bad985b,ok,16,50
c7b4ef3851038309d213d6f621b5a531de2de969,ok,82,276
5afe20339fb37245eb0a523f4ec41917d357268a,ok,88,290
4f6b66da9484f85df56780145c191b9a55a9298a,ok,512,1802
f77789c119ddbf56d7cf4c3bd3b2e7b80703fd60,ok,358,1328
187c49caf832d5bc5e8e3dd73f0fd2aba11c002f,ok,229,792
3f5a56ade4167e4eb7fcd9c961971397571acab1,ok,217,748
bf171f5a29487a221f082dfae1c7061f3419616d,ok,512,1862
5b7380f50962821e8e7c53c3045985c1f44f79bb,ok,261,928
7680aeeae7c46d668b87839a23f42f26e6153d6b,ok,512,1817
68ccda22e929b52fb8ff6aed62824eb994fe4ad4,ok,512,1836
ac697d117e5c9950f0ea4ff621f73f6b2046fc90,ok,155,541
84975a9c47b2c551322810ed360036e50b95fb43,ok,512,1871
8797b87268e8d7256fa121162873f52660fd7578,ok,33,106
7d296a7e1fd6f81832ff82e9d4602d0f19e81e27,ok,512,1868
633a79eb9db728e1692e281e6727ffcc1b41945d,ok,512,1810
3c0f1b1599f5a90aa0fb02d13db4cc3484242af3,ok,512,1768
a8992600d13112403a6fa0196f1519f7d0dc56a4,ok,512,1832
df0154df21747e2c3af58f7aa75084f4ac513353,ok,25,78
a9110fe11ec977269f92a35c79f85373035c3434,ok,27,84
7d4fb307c55e48e44af976835db3085aa576dba5,ok,42,138
60102552bf71f1ebca34baada9a2854be0879488,ok,512,1805
4bca13db21e2461dd5fdf5e6e6d015621cb878b1,ok,512,1815
61fa657c7e1b2034dd434a36641c6ecbeddfdda8,ok,32,102
343b00033a659f5eb410e6b57a31d26810f58cd5,ok,62,206
1caddf746c52b569b413461e7e5da33bccf66b9a,ok,512,1855
f9b478daaaed012244285a017c25a7a841c95db8,ok,197,682
d9e4ff6d2067e9cca4aa03539ae206ff468b38a7,ok,512,1848
bcbc35814ecf1c13630418fb86f29051c4645f07,ok,512,1874
c140fc1d1a0bcce09db852b0c0f6f93839184114,ok,198,676
db7cdece3cf54b67712e3d0209a1c91d1b13aaa7,ok,210,732
446d99d5c1f002101ae6173b97da72ba9b655f01,ok,112,384
44c290b76dedcca9491f0d28dbf3dafaa81adfb0,ok,159,560
8e8aceff162619c25615696abc623c909ee9e6dc,ok,512,1938
470a3c4ebf8baff37b1a711209b2d599179bcf5a,ok,512,1834
a5cd7e99688aac170936af756e6fda832a6f5c8b,ok,279,952
2299ec7a724693e84ed015dd96f139a3996fea6d,ok,512,1826
fff86ee32d3eff57b86b2b31402294d7c2549a36,ok,257,906
0a125c862b72947f8c3f114dc0f9989fd1a600aa,ok,24,74
2e3dd02d64bba0504d02a44013b950725c5e8e29,ok,512,1830
694a321921f889a59990b75fa494070f96c1e345,ok,276,995
d9de098903b540c6482ae5dd8a35a4caf25f3b89,ok,512,1851
2a03bbe452d598a5b5b7a408478fc511f348e68a,ok,87,300
9c5c8aad509d88ac9725130eebf3672f65b115e5,ok,170,584
f481c6cc95a82147643262284d97368621fed3e6,ok,403,1449
b16f794e6a8f11fccb38ca2d8ea2515f9bb7a959,ok,104,356
635bd6baa1b190012b7a5694ae93d53466fa23b8,ok,512,1862
e7c1e211b88e7057bd2065a5916e0633a9bc9b3d,ok,512,1850
4dcebf034678c297cc846026622a8f58a0b08f2f,ok,414,1464
7fa659f136d29608649d632a703910680352a3d0,ok,512,1868
0d708db3d4713268b939993d7016eea45fe24d23,ok,466,1711
7207d25c3a06e3a16322a52367b04effb4feb855,ok,17,52
f9f243d861e835a42b2c2fdfe70082554d388bc6,ok,79,270
953b4fb6ad60e53ffdd1d291101a6a206290d605,ok,234,828
834c57f6eefe4ae48eb4a858f99eab126829299e,ok,34,106
bdd85d80240f05142bec46a7c39f4a02e59d45ee,ok,512,1828
75f55f2596705acc9e5d3adc981ceba31144c0cb,ok,44,140
8bd38c7684c944401ce8a8a10a8fe851b6f63f99,ok,170,579
c22cd56fd2ba23a66a4318cc396161d4d9cfa437,ok,43,146
75443c43dc70664a863d0d5ffff603709a115a28,ok,174,583
72dc354c681fc309d2b4ac7e9381d762fb6ae6a8,ok,221,778
cce53bf0faa367b6cb423fe5af5044a85a92785b,ok,60,204
c246b4c4524672faae97c8a4bdefe13f62220600,ok,512,1781
c075ee2355b96156d20a8ca41a6e11bec1070261,ok,208,782
4aa780540250ea56fdf1701957b70be4aea6ace0,ok,157,546
54056d133368ed5585fd8a85e1f60a74f109bee0,ok,202,718
3a45eadc8e16427fb0075b3166abbc8b6722afbe,ok,276,941
59dc8ccdaaa50d6ef16499528588f2098c50e9ef,ok,35,114
db07f2d5503ffeecc6ea92261f035a2152c5fdb2,ok,512,1818
d799066b200dded7b0058e7135c273e5237264d0,ok,14,40
5401282bb4bdf1a213a8024f60f21848038e4857,ok,512,1832
0dfb7db21ae9ae6d0cf33585fac81dc42e42548b,ok,512,1854
e7889ecafac441dcaf1517fb089aed3ac324f156,ok,512,1783
08bdc1eb7c3c16ca564aa1b8b00cc485fb93acda,ok,218,768
29178807f6f7602c898ebe182307c0d94b92cd5f,ok,87,300
23aecdcc90c20194b527d20a354c97a49e7802b0,ok,512,1787
6b765e694c28f0d022d6a065a3e6aa584bc6036e,ok,190,665
f0748ac340f19f3dab928a961b2a3d057c1a3315,ok,32,102
471f0bc919f68a7990df36dbf437f0bda3e308e2,ok,303,1085
b04b3d9ca5e18986e9aa8988a7b9db43d96fda86,ok,479,1699
9e409ded7c3d80f21e252d9325fe9e55b6942027,ok,512,1845
df36d70eaad2dce7218b6812c497a5793f79dcbd,ok,512,1841
c663c35c39df693a3e83a1c584a11adea7e6ae7b,ok,126,438
78fc757ee1d366d4ec772877ccecbcbedfff5d2f,ok,512,1850
15f1e0a9532de0f59327871ddf1cd2bdb52f936b,ok,512,1842
bf5b89753554c33d912f255c1c17b975d9b27e73,ok,512,1824
14ef773f9a3dd92544ae178e46afc18385de0bc9,ok,36,116
211a0563ab8962410f6967cc67501d6da8e76d71,ok,507,1898
fa84a8405c9ec594c5398f9e3f10b72368a13c7a,ok,57,188
6f59a5fa23c40592b07101149cd01f64f1b39457,ok,512,1818
58d68a57c44eb1cda7fee9680d6789f4037e6748,ok,108,358
d1c60c05835b6f41ac1565d60d0ce8669a1c6f72,ok,512,1868
9ae669195daae426f6dc1a08a885f03bac6e97ba,ok,512,1829
4343dc0159a4290464d3c9ed71a4f5ae863a773d,ok,512,1878
6d4ab25bc006f60fe5fee0adf49d03f19321b33c,ok,245,834
2208756a9084be78797238ffa3b0eed0108b3b3b,ok,512,1854
77d63e9981a9eeaf0c89d550ba3df0c086113edc,ok,512,1797
eedc58fa53f75611f75dc1a67203e354b8f17def,ok,512,1762
4e741d28133b08f4a29d2be672c72aafd35be1af,ok,512,1827
4d8a6b7d1f3e0321fcc395a59d59e331226f51bb,ok,512,1907
6aee3f55238e6830ab9675b955b6e8ba50244318,ok,512,1876
117bcf2148d2aae6c132eaa7fbcd5886fdf3dbe7,ok,48,158
469427aa7591fe1d3aac0eb5eae8be1bfab02279,ok,25,78
d61e6bb60fde0fa0cb062e739bf1ea826d110906,ok,88,294
607fc1cb57130d835fb811508e4ffbdc1f709484,ok,127,437
2a917d4a0902314d5ff77c530a62e927d4b28a46,ok,317,1109
9a6730fe5cc7c5df6b694ecd32234adef51ef372,ok,512,1894
b0fbf6a471211e97e554beb9b66f0365c2c8dff9,ok,512,1806
ba9ad29101d59fd95267c5011a6d8c6b1e35b112,ok,311,1182
3b9eb6f7f8d19adab6859178e53917c48d5bb0dd,ok,280,1006
126e2edc2a59e97acc369917e0583014e72805b7,ok,477,1742
5c2ae61b17db5bef46a89423c8f20184d563df77,ok,109,368
ee1536c43371e28d1bfad8a47ad7215838ff6b0e,ok,244,832
1837a381ad6f192abc0f1d44d4f2e22e06b7fdb6,ok,82,284
ada98698d6bbcb806819d35163369974ee3f6f9a,ok,512,1870
0325841675442b0e1a32cdb3271f97b49caddd85,ok,512,1820
def90aade95e9c8e7bf04dbe1e44d445f65918d7,ok,512,1786
3adcfab59187a8cb89fe3b0867b82691f32de4e3,ok,512,1843
500134beb7080819eb7185910aef05b04b14da2d,ok,131,438
0c6d463235c2276e389fee65f1fc8bdeb2be6531,ok,512,1845
d2d8eed47eab2a774ba3f8820188af33b8898b5c,ok,512,1742
19ce36ad59da346ec62be1a4075616148f996672,ok,512,1836
e48806271f88d42faaaabce61a13b1218d60b124,ok,394,1414
4f4325751a6b41206123bfd7209b2bba7b72b500,ok,70,240
aa3d9d2f8b8192252f698c8351eb1fcb00532092,ok,512,1842
2bcc12d0510b716779efa1e2fd1fc9489c873322,ok,448,1656
bb4c9db3138a55e352d00d8d1aeea981efe14ff2,ok,35,112
f60f7d6721122f2d8c9394cd83a87222d1fc739f,ok,100,345
a22f2a804709d0f74519aa890464b50269f07d1e,ok,108,350
b5c007027cd1f989c738adfed798e78772142d3b,ok,221,750
5277be341007bbf666dab0180a53ddd3b208bf2f,ok,107,363
c6834db984774057b76184af8144d31d8ebfcf47,ok,32,104
9caf90d99de4af397c8c36273b7f666728eb69f6,ok,158,559
5006b2e54c9f1b5b5519eeb775463bf1422ffc0d,ok,512,1726
fe759dd7228ddcbc859ef50f1b53a670ea125ce3,ok,512,1878
f83a6fc10c2bd318096a5840890dfa5c45178bf8,ok,131,455
8be752fed8eb8ca60408a945522890265f110e18,ok,512,1875
00861cf3eec90862a16c05d3b15301a80985d721,ok,38,122
7cfdf2a6983c0bb4b5ab0b2b95d9db4590cb4317,ok,62,210
437fba35e39fba5a8299805f2d579b26d2004b98,ok,178,642
6eb3d23c587c9760d7e410fb2fcf1f900b140e3a,ok,512,1822
99b22ba1b9979acce51d0bc0e44102b1fa0d5a13,ok,512,1866
2049e44a668c79c01dc44553ae6cb90dd020dd39,ok,167,592
2db0bad83db59f8b724b3ec208faed8adc7d7e22,ok,512,1817
35bf8ad983cf62cc1bd453d0db7dee996be12726,ok,99,340
40b9cf877f1ad6b511b7a7a40ccc2a6a0689e950,ok,30,98
78f4f4d93c418a3a6e8d57aa8b9548fe8cfb2790,ok,512,1804
6c81473810a49bf52e6d1a6fa7139f281824de66,ok,512,1834
dadf9667dd873374e35f69f3e719490b32eaec81,ok,198,688
61a197830f47eaa15594642a655c7e83344c3bcc,ok,512,1797
8fe430e6da1afd604d5c5031b9dfa3c44bad6f7f,ok,185,659
bb6452e62133ec3a157921af62caa3eb1cc80ae9,ok,505,1905
1abe709f7f1c9432d6b19959045b65441ad31f4a,ok,166,576
297eaa4e5e98ffc8e4cbc5b2f5c521c47ab6237e,ok,84,288
6876071a9487d7613d148efc33804c13e7477224,ok,234,854
144ca1ab87f211ae2a8cd4b33cfcf513efe6f779,ok,394,1441
f5e701cb558dbc1503a0f660e18957836e2b4e2e,ok,512,1910
0dd9ae8d27a990d5b74f40511b302e4a2495d76f,ok,142,486
29cc1258ab67cee5f3ef06ed997b5bd2bec10c41,ok,512,1883
c0b82d3d83616117281f42f1f3fb7052529254b4,ok,512,1844
80429efcfd32343ec8117341e7cfa944b4b6ea95,ok,408,1442
1bb7d6c04ba04f2a2919d75ada8b87dcdaff9368,ok,174,610
804b581d48870165a1d7e371139999208b22ae8a,ok,61,198
a908c1c9cd10bb1cc77faa2419bfbc3d1af2a787,ok,512,1821
660d46f8a60da04e0c79b7c756e5123df0b066a3,ok,512,1922
d4adb785dbef93d5e9bb553006971719383b20b0,ok,37,120
cd3b458ae22e3f545ceedfbea5c362a3773d2f7e,ok,512,1704
70fb969b26d276af1edcbc88f1916887e290f4a9,ok,344,1162
e4f4af2ff9673de22c7d4c0bd61135ebb53f6337,ok,512,1819
d173b4497ebf6ae1eb6dcf42d3fc8fb97dfa093f,ok,128,441
bec10bfffad6e32e4448bd34fc01e7731e3afbcf,ok,85,300
92f22a31bd294f5e36d927058a621d61284f464b,ok,512,1876
54329bd8f50264018698feea9ce2c0624475bf0b,ok,268,982
29f54381b6f17a29d70c2cd9f2e12374ac3aa3ae,ok,512,1794
bab8a261fbc234f04f1d27c10cb5d2e32d76e564,ok,512,1922
94e968bf2e1cd0c5b8abcbd433685489727bc56e,ok,248,885
5b2db9cd134b952e1919b4af583d7d2f1458486b,ok,285,996
5d69f2e7e15ade808b16d56148e9703af20e1c43,ok,25,78
7e4072ac7506a0426cf9d3dcb74d0cef3c57e217,ok,20,62
8e9cc2fcf5ddebf8721ec84fe960ae3acf42f1e8,ok,512,1812
c76962054bb4f3b62f84519025a82b31fd45a27d,ok,492,1714
494c94c5be2fa4287f91d1ec2c3c42a2c55d9e8f,ok,512,1837
07aaed28786b5de8f48b9943ad27ff609f534bb9,ok,512,1794
761f585071b9f6fa0b643ba6eb603bf226c295ae,ok,25,78
650793df1a03f5a53eda15033db5f02867213015,ok,251,896
bb3708732df5ea5b7bcce92a3649ccf076f4d37b,ok,214,744
95dbf50d491d1052adf45fd874c634b2c0f30e0c,ok,16,50
06d1d7c2c821511a541d93f5f0f8ac8c83d891c1,ok,349,1286
872c50cccd798bff0e1aca4255f786521f913f03,ok,512,1812
703e3e697a3fee9f52c929bcf0a75b130543800d,ok,153,540
79f9a2011ce6ffcaf267d750d83bae0088576177,ok,512,1866
a4fb93b7e940f60b13fb35d9eaa0078e46c76253,ok,512,1905
8152ce2cb586d6c24e1c42b9f9cce13bb26f2105,ok,512,1879
a2505efd3146aafd173e6551156c8ea7004a5171,ok,299,1060
e27ee11f97dad529d526a30263c0984ba85e5826,ok,512,1819
29f455a684b71eb1541c6e6210c846f45c1dd932,ok,483,1701
492d916bc558c8d63e6c13ff1382beaace785704,ok,246,887
59bb357f897d221731164907e87b6970e83cd3fe,ok,130,478
e0c31100914e1353da0515ca1fc17554e58c603b,ok,16,48
6512e88782b984b8a4e4a5bc7c75b4ffcb8b8320,ok,157,574
2c05585767422b3faca4f96fdeace4486c2b27c3,ok,70,246
fb5ad66121ba903ae11e9db8b5e8f24b58bfaee3,ok,10,28
ec7e8b8b951cf5dfd97b40a939cbfda093bbfb1f,ok,512,1870
eb9f894a5aab14fb1b908b37df40c51ee7d2c5b1,ok,512,1943
ef002fd5400cda13c29c185a3e0a6c5349775bb6,ok,250,878
2d538964b288379e98d778147c6ad2200681abdd,ok,512,1807
ce793984d422e7ec9b8bada0bacb4ff1f5368635,ok,512,1874
0f417fb8a6031aa3afc9d568e6f1d5b1d3cfaf85,ok,512,1898
2e7317c790b75cb714055c84c4bc9ff999190e46,ok,512,1824
bcffe016136f7af72560b7be5d9d635b818cd28c,ok,202,722
f59a7d5c2f22da6b572ec1a825025df177cf181a,ok,512,1857
09ed76a90f915b9f9cdf5de01dc58cf63d3c0d94,ok,512,1830
322173e87f2fa283c54b63dc04755191587d715b,ok,36,122
2e7911117949ad736361d1a245f50f517ca930ff,ok,28,86
b83069752102c6c6e3a10f1c6ac47cfc92c56336,ok,512,1857
64311d68abc03dedfbd855edabaa468b4c004ab1,ok,187,646
fef833c433e465b009ac8fa50e6dafcd3a5e7b66,ok,512,1841
d86d3af547f5fbd9ef823eefff68f5a4195317cd,ok,237,826
656d924a34728c7f37b44c5b9cef8f5644defeb2,ok,186,655
c308f8928003440b64e7a005ca76ed2f9987b0b5,ok,133,449
49ae9523d0becac982b2b754832f06bb38f7a6d5,ok,401,1441
a730e76ab027e5744b2d65b62a9bffb068b28c56,ok,512,1768
da93f5c5df6107e65bb51544aec5ca9933bececd,ok,124,436
d5e33d5ce9298ff596ff450f7224080f06dd59c1,ok,156,522
85319ad6df25cdd5955e3a545ead69548b97cbd7,ok,512,1810
c7dfa6a4d5b155a1f4e75c1e27ba8faa47306ae2,ok,512,1828
96a2a04ec377372d7a56e5eb372f2987ddb063e6,ok,512,1748
2ba617b52932f2e244d2e5c73a55213060769941,ok,374,1332
2649cda76692ccd4bee8b060ea987bc3c392213f,ok,512,1813
351b9768747790f6d96358b9816183b2bd4bec47,ok,469,1574
772cef7bb25de26b57dfaa604ab3c95fe3743a44,ok,203,708
381f7724f7dbf6eebd0ae3178f5b72ccd314ebea,ok,495,1797
903739a1d1d80a0f2246978a672bfb60f2226f8a,ok,118,402
621e630647150d21a8dfd486b50884dad3a9564b,ok,512,1800
6a5794771d3eb7db35f609b782543afb41ef3bf8,ok,43,138
33f88b8c2f9a095d07c9f92aeb19bbf0daa2527c,ok,113,394
e2fcb52c214e927c6e904916ab3517912c2e6680,ok,314,1111
ff36b212739e0859320d13be1276f1cf7cfb9190,ok,512,1702
c66a9da5f95a890963f53888046ae3540d820325,ok,512,1754
c426c5d8295d6bdddc294536ced67eb043173cad,ok,512,1763
48d9f6f4f0fa1046d7e75b7e7a8451ecc277dc59,ok,98,342
85e3cb1c4bb6feb64d2933c0815b8f4e8bbc68cd,ok,512,1803
786e83525ba67dcebbf18b1b1a0d283ac5587aab,ok,29,94
8d968bef0fc6e5da1f1a2d56a34d240d9f1eb75b,ok,125,430
cb37696034906d544deb839445ea05d834551a8b,ok,512,1901
3ebf3abe262df3517c4b8247f001ba866003dc74,ok,508,1760
953005539d92585d228de50ba5057cddb6d33e19,ok,69,232
c304c0fb63070307143fc0830757e9269e8f9caf,ok,310,1072
e04b541295bad2eba6e8d626c9e24e5fc6125c27,ok,512,1856
f6f5c15da97c02b6840f0e973932bdeb80f1951d,ok,75,250
d90c7096dd1db99441102cc7b9e2253465feca6d,ok,14,40
e860c54bf1a88140d5dc8702e890a89c3da9909f,ok,28,88
0d376a8c9f8f61a9cd824098a01c6f865aa250a6,ok,56,186
304212565d81ebc7c82b02e8c6dd859561cb7eef,ok,512,1908
2c3667315b3bbbb04c17f8424c9ef5a912566048,ok,512,1739
9ee846fe9a5a82f3309cd640294650fb669ea80c,ok,512,1864
56eccf2c153b597bf91cbf1f62c49fba95029b11,ok,136,450
a679ed0f09334782822d95408f4f30c6cb0ea40b,ok,512,1801
99f94303b0f9c6bc972b097b1f85a6a356b194d2,ok,512,1835
9d9697dbf0bf8edc35b885b5c363010b9e7f09f9,ok,218,774
074a18746317e83ad561b71573cb23c6bcd5dd83,ok,512,1909
fb9d544ad5c264a6724f2ee4efc843c9dcee4164,ok,512,1867
85674adc170abee54f9ad5c6f678ec6f7c5df6c7,ok,512,1768
8ec48db64a724f59ab64645d73bda9cc20915c90,ok,512,1881
2e4c14327f811cde94fa21e3ab9349cf3d60d4bf,ok,25,78
e7b9084b29952b28bfee61e716103491ac3c10b4,ok,512,1865
ec96cd9e13cc454d32096f2f1c04c1c620c67a84,ok,19,56
9742c0ad8591386fc34c008aa41f6d36b52fe3c5,ok,512,1812
68f968f85c9ddcae0183e2af95ad16e690a01c3e,ok,512,1871
62a90af70ec160e851c6702a15e6748a2f95092c,ok,512,1842
9238ba6ccc372401d24f1673a5b3270b01d83f24,ok,37,116
84f766dac8147b350a8255c3e53026ca86eae832,ok,512,1834
f81ce682bc7c588dd862e14a7ad538fef1970e12,ok,179,612
d4a1636f80f3934ddf748694604bc1d183fff90f,ok,512,1787
2c3ef082c03a011b9fc317b81ae9212370bd3c78,ok,512,1833
17b00062d35aaddfd2d14246efaab11f9cb6595b,ok,339,1166
9d057dda52a315f2035120ddfda280cae057604c,ok,35,110
d1ef509071da5db7bb104c20f8a65edc90537826,ok,288,1098
72ac0e52c57e041a2728e83673536dffd244d200,ok,317,1097
b2b41bc1acc5dc52340286d4448e26f6b22aeecb,ok,138,470
690226e2c2aa1c7880992216c6fa728d01e6af1d,ok,512,1892
9beb4f1da7074fe259a55f7ebe1612ecfdaa5ada,ok,27,86
6e37885b74347bb0a66d2ead0bbc055b43dae455,ok,31,98
b6d63760f86d2a4737ce75b383d9a3fe78ad793b,ok,412,1477
6783a436549a9bc72a752e598089d41dc06e9561,ok,136,472
37bf406333e35394a9bb0855a946ffd12a3f5951,ok,512,1882
a11b7c323e8c33bebaf781d4ae56cd5eb48943ab,ok,466,1694
7bafa757fa092b4bcc4bc0fb1b13964ac7486901,ok,47,160
a3e74e85af218bc353fbf60178e8b1cfcf6a3334,ok,512,1802
9e8ad7e80e63b0a67005c34965746049c9633d0e,ok,512,1815
fe46e326a7400899a74e4d0298e1cee0d51f29bc,ok,64,204
2376b3fc332b280b0f499720cb7bd451e9f90212,ok,102,340
9e0494a2adfa7b8c23c87e9effbca3195cb879b4,ok,52,166
c5a0d1f1bc935d5ccfcfdcbe65a1b93023038545,ok,126,420
dff4eeebe38d2b1d22ef59d106ea7bec883e61c2,ok,267,951
5cfb351df950f53818d2a75d361c53c70f6f369e,ok,512,1831
c1743f34a87ec5cde256e5ac2336030af0835d08,ok,512,1840
9e0d4e0097a2e142c8f3df56f5eda1fdf0f2727d,ok,127,434
afb1d47726df7e98d84458ec7c84fc108cd1e551,ok,282,1004
58ddac9e3fd9ae43a10583af270f709f4e51c907,ok,512,1854
fce9333b21ff7654ad1d67ed848e7225ca126206,ok,512,1815
a88475d2adaa686e4dd205db03108168a2e20412,ok,512,2012
e68765e75259f6926524ba9a14b612b78944b6f2,ok,108,368
b4e93284b7eb5765807aba2c2069029ee9950696,ok,505,1800
c8ff39eacfe4bd1a65f57639c022a083ac557b2e,ok,512,1848
7305c454a712d8a1fc1ff1b97b80c602152bddc0,ok,49,158
d122fe6f13d749499fd55ecdcc76e7e83cff1190,ok,373,1325
a12183dc1f7aaed712347db162423ec3a9304d07,ok,512,1817
cad647dc6e6db01e0fd9a271d300f02a63946002,ok,512,1810
b0e8e6276f84b2276cd9e5809415b76335763af1,ok,176,608
ebaf2b1518ae4e8e08430b4b6824b520be8265de,ok,512,1858
81705d8a9927e383863346542a35a4bb1ab80254,ok,68,228
ae10baaeba1ebe1787f507f744b121c7dc95702e,ok,512,1824
81385ae8d9b4004b13c08f7f33fed55dd2f2e840,ok,35,110
475c358373532dbd71c4073dbed1eb8ea3f30569,ok,512,1728
7aaceb5487362745a558ce24591ffa8ea91c9e1e,ok,255,923
7ed6146c363fd114fd783ed9438170a363ac9f65,ok,224,784
168518b41059d31089505d1c0c497e93bdb61d86,ok,512,1844
3d09827aad994896856b73629e4f138010317689,ok,217,742
33ed96bef48fcb3186243c9a40b6d6ae48be173b,ok,512,1850
46c29355714fa55f6ccd55d0eb46ed72409f6fbb,ok,512,1823
ecd9f1102219dd6455a410e78ec389cc09b690f0,ok,512,1810
4438d71261d540e901e3a8dd51acf7ab1f259678,ok,512,1948
354d1c0a6367004ded3d9d53a4dd0e529a3f9629,ok,81,285
637c208b122b58126ef319950ea314d32480fc33,ok,121,438
62654f31212deeb00110b39e9f9529ddb7d96050,ok,64,214
fd4fda1261659ef4dd0010a78fce080b28d5c572,ok,81,274
1ed97cd0e346232a9287eea8df2ab8e009cee4b6,ok,99,336
a077c19092f1c8707c0dbbd1c106e93dc89cd303,ok,512,1824
b1a6e9b6f321016541bb255e1b2157ad1889c2e8,ok,512,1874
4a8f1815150fbf5475c25b9d7666d14308398983,ok,512,1822
be84e7458c4f5034660054554cc1a9fccda24421,ok,307,1065
6690777250709a426cab23ed038ce7cb98c068f6,ok,512,1852
cd5b2ffe765ecf563f71e25e2f5fe9f798e47364,ok,512,1804
629ab1d772249cc8e9ffd54995cfe8babab8d773,ok,512,1874
c3a0fb21c43d355d1759abda0169efd8393dcda1,ok,472,1664
177e564c2534ed260b9acabf4df9916a2c9d3458,ok,18,56
9fe6e888c59418a2ed4ea9cd0e5d47e5da492fb9,ok,80,266
9ad0f66fa8816dfdad79fdccc897718d94ab6441,ok,347,1152
7c31953cc79a8fb03cbd042598a66c8e287e8fd3,ok,512,1890
39b5b421cf89c694c3907c7370929ff916fba773,ok,49,162
ae81598c6cad87f27724efd2a7ec878c6e0a10d4,ok,18,52
f932a5a3ad76ba5c783da6e8064907e3194e89a9,ok,179,616
fc35a1bafc964d74caa7be4dcb2ddd1d2d50abcd,ok,376,1310
473e282f7b02dc5646f2f6788704cbc4614e1582,ok,479,1699
7acb8708e34c41d467f94aee2c50e6e8f0c177f4,ok,512,1840
48feacecaecb168a2b7b02755811a7ceed212d90,ok,512,1763
298a1f5aff9c1ad368f0fa4e489a3e54e8b8cb15,ok,512,1821
06c4ff5a66db5d76b3b4ffc4d927d6ebaaa206b0,ok,512,1797
b70310cf92ade88c2b6a8d78724ef01ff425e2b3,ok,315,1070
b4c2167b8b3d680f36cae0c6fe2ab32da59acda3,ok,512,1873
f2f574955f0b3f410f6bec73543dffb5c881c48b,ok,117,414
a9aac0a58a703afdc61558b569699249091b3f61,ok,277,1012
e95a65ff8255942c1a301c39236a8068a6de3aef,ok,512,1807
3a302bc1862f23a42413c171149a9e532da93213,ok,512,1786
fac0f134d551b9186e19b3b432da7a8fcc37e209,ok,512,1902
4efbbd1771efa1529b27d512ddc43aef2c1a6e42,ok,512,1867
8130b68ee2244046ae65e69e51728b9ac30636b4,ok,254,892
86482304dfffad431b6b730200d18ba84b786563,ok,512,1864
6133ea5e7a288ba7a7635e046755d9b83e7aa620,ok,22,66
120df0a0f87e5fd94636774bc687022452af49a3,ok,512,1782
903c6d8b234fbc7b2b46ee6b460d06463d92355f,ok,512,1820
24b7ba6d4a7ac01cdd54990f065a833a10496d3c,ok,19,56
d844428e9565fee8638899ff7fb43a3752fb1511,ok,23,72
c4ba391485a2895de3a84096e307200445c33abc,ok,487,1775
50a586b4ac1b61ad082c754296e1e8229a9ca1c7,ok,45,148
888f828f31d2d6ac41c63fb78676c947ef45eb29,ok,45,150
f1f713145cec618b018006d014e83de34f1a0811,ok,244,862
68ef2043f761a3a85001adbb02984aeb081c3c7c,ok,111,376
c057485561935c8a6e6a933cae517e61e60d1c2f,ok,512,1804
2389ff3e0ca0c252f866997340a9fa9122ff1e62,ok,213,722
c3dbe32fdd09037926a9dc5c0579fe79f7334053,ok,512,1857
b29a0422702d954bf97b23c21bf0e3898078462b,ok,244,862
f135f70f75b73234ff7010685199d83662c77b12,ok,512,1841
3822cf56dde67e1fa6c7d80739df42013b1bf8eb,ok,88,290
650efb1be19012d83be138d6192c8e33931ba7dc,ok,384,1392
c9b81898f0ff553152e989324b09d153e0faefeb,ok,342,1270
eaaa74c18e89919365589f1ef63328d087e93438,ok,512,1902
58661bc98917b74e5a23e1a1989e669779df4908,ok,512,1830
e6f3bbe030baa548d493b8a9cf0d4e4a444d9bd9,ok,512,1849
1fece1ebe8515ab983ed2f0c0d20d5d14ce1f96b,ok,454,1608
85349b853662507be960f044c1996007e56b53d2,ok,207,715
fb37f4cf9ba2883ceb79dba02325c564b36936a8,ok,87,290
7af9509368c6bec8493c74b13caa3a0f217c6196,ok,512,1748
d06019b7c63d0105fe7acb986f8dab3eda23c61f,ok,512,1858
4539911c8fd3f71d2e21e26aaa82d1ef96180b29,ok,512,1835
5907c65e442d21a27dc93fae1efc3342b8b93c09,ok,48,156
790a875ee5b714d1825b7602787dd2127ca0a8dd,ok,512,1862
77635d7be146a713fff110bf3551092a0c457a9d,ok,160,561
7c203fcc3e8158b746679a927cb96a4645434c49,ok,50,162
6abf13c673e1d7ecb105dc02c471983e2ca64bc2,ok,372,1332
a398c796aa24da34e5a68616754c09fa2303d002,ok,194,682
f73f722ddadd0fc82241238ab7a3b9c178c9ef5d,ok,429,1527
c56e4e451025973df7c540200c1b7eb8bbe206d5,ok,283,1015
ef6223c1ecb8ffc6124c4bda054c3d2c964badba,ok,512,1882
61d8005d5771a507b27c21d87640603aaa6c6867,ok,512,1820
8cfad99f7e2b4e8b592b87da30b8920e2c8d0f80,ok,512,1762
a7524aa45618f48956f83ed6cf54a905d4fd310d,ok,267,953
0956a58c6db2fa36d478e76265a7cdb047f53e5f,ok,183,646
b03c1faf0598f332d4694ce291cae6f0de5403d8,ok,512,1842
31f29065636efd4dee2d8627b3e1d6ecffd0eb8a,ok,512,1787
ec504cfd19e74124cb439fc52b20f922e6a590e8,ok,512,1804
340c525385ae78da693ebe6aa6e24440d3be8148,ok,490,1795
389ea958d23eaa20206caf83eaf49ae7458ae885,ok,512,1802
592a2f9c7611557f8c292f832b2e423363de1436,ok,337,1200
bb10a6d34e6e622457837925594b01e5f9d46ffb,ok,512,1850
5b69fe1a1a4a71b60ab4be627502f51a3b6d6c0f,ok,512,1775
ec5d7bf353dafabe64801eec51f66923c07bf79b,ok,512,1826
c31ceb85299da9a370db306546c2a2faa164fd92,ok,512,1846
393d0e8bb05eb528365530c09ffdf3f54bef6a99,ok,105,365
bf0ce8a771ad9b16207cba757167ea930df824b6,ok,208,727
e48ec20a0bc77781e7a5a55e8574d3dbb927b975,ok,512,1852
4e58269b0c2f76b56cb73858f36b26043cd6f624,ok,512,1857
598c564929d6a491626c37be054e1bc2fd26033d,ok,512,1821
373fdae33720fdcd35d66f41bb511a8174d077fc,ok,512,1840
1a644b00cb214c0a60aeb3d29b1735fb104d2421,ok,512,1842
985902836cfad6a33ef252e21b44d65a4bd9f3c0,ok,512,1931
11a900c8f54cc708d8261034d62fa6c8c9f6247d,ok,311,1118
ae637ff9eef9493f0655c8a41fb61781ee110631,ok,512,1780
9914fbada65d59bdbfbd60d9fc92103be9277fe9,ok,65,214
f227d15f73f5f9348e82df097dc8db442dec6845,ok,512,1793
aeb1b761c2c61432f8a029f25c419c1f8dc726f9,ok,81,266
66c95995ec4760c56940d2f4ccbaed9226cca4cc,ok,512,1772
a23c509be00530c797d2cff082f959152a55371c,ok,122,422
f93f140b2e77d26259450cc1afb3b690c113238c,ok,512,1807
75c528f73580c39f1eaf89bd3ba2c25ceab73dce,ok,100,346
2416cc64bb397cfce0db951291878a3b9430161c,ok,212,706
6ef3daeaf098e3fee51c7e795f90cf64700a21c8,ok,512,1844
aeb0105780c15d84c7398e764f3bfc7930482e84,ok,212,760
84133344327a25cb577b087b017470a475664217,ok,42,128
36e5463d6c46bc8b6fd6748436d2872a923d9be2,ok,512,1801
90538fc9d945ed1078efc91521181d8dbd643eb3,ok,42,136
155fca84eaa87e5a6881cdab36e2e4c4edfe462e,ok,318,1140
354790de82987508d058bc275f2ea9cc23eb7609,ok,512,1865
586913d45c5d6d7493b84eb0870f7a5942a50418,ok,512,1812
535d34fdd5eb1607fc8f57d1098a7873d84d17dc,ok,150,537
f11cb687e2804f734ea92fa1fd87312b1b0693e6,ok,472,1691
35e93ecc837e4e30dce29e1a5e4e32369fe4ba4e,ok,512,1812
67a9a1239633f6b8eafd052cade4db08e2f76844,ok,512,1777
55100a2cf48d0fb1bbce9539d88cafaa57550325,ok,70,234
a23e0a9dea89c5d45bd570a830b096768f98e512,ok,512,1878
8d0d1f06db7292cc746aac3c7fe4505ea82c4a98,ok,512,1840
6dbb443288f521582d50834aa5b398ca4d09ef7e,ok,512,1882
2e65a63f5aacded76fcdb37544399f77df310f71,ok,474,1700
573e99d16e1ea803b67c880aae5ff614f42a710d,ok,48,160
c28d06d5f4dccbbdeb73a91ffbc666fb63cf231b,ok,512,1890
6917d4a2d9f7058ce5dae23c6ef906e44d5c98ee,ok,512,1754
1e07d76c69434481753febd85b61769a10a83d20,ok,512,1888
142cab5b66c50491a9d0f239501218f71bf92b1d,ok,512,1864
60357c5fb55df5c63478492240b1ad4578b89137,ok,22,68
cc96c1875ae02dd005cb3d20c0ca70832eefb4a2,ok,512,1816
34725a1b1169fa9ae175d4e1699830362012bc82,ok,186,626
fd695784eba7feafbd1297b6c99643e7725373fc,ok,512,1864
b64b069a395302de30015f38e930258dc8795ce0,ok,512,1876
eb9ec7f0d91f1298dd96a43a9b3115f955b50664,ok,156,516
42b3a5ee822a0a58077290e6844788b98fd41758,ok,512,1821
d690617d5a0bea206d9ef04bd9759021cdfba749,ok,512,1790
4dfdcf90b813e451ec0c8806d3192ea7abdc3a5a,ok,59,196
a65277e0ab2f8bf7c9419d62ff602440c8cd3b2b,ok,46,150
a8e238c290a4f54c15154d673de77779632aee7f,ok,160,572
7b5e4971b34f3095edeec5bbde400ca9f1beccc7,ok,342,1165
cee7194792eb455b3efeccccca958508fef2312a,ok,61,208
207d4de146055f54f96fd04307bb4b703e8e4f33,ok,371,1314
a0c7ad0b781cba498118847aa47aa86f46af95d0,ok,512,1842
73e356cb962d8d8e30b06d21dd9ef31867d31d69,ok,512,1841
230fb9040564ac8b05440e18095f671681b0c971,ok,512,1871
d7022892890892f9dd60bd56f6feb3c1a4233349,ok,254,909
584555834e25341bcba29738c929d3257b171197,ok,512,1797
0214c808cd645ecc9719048f076e1c5a7e86586d,ok,512,1837
e1576cb47b7751d6d88d44461f6fe16218fdf497,ok,43,142
e1ad96c2795f7dc90484359d6efba136116debcd,ok,512,1838
c8ad607a0a6c7f9e279cc2628364c8ffabf3a944,ok,374,1374
b865e5cdc8a1e4087c9f8c10ad41761252bc3823,ok,129,450
513c88d45e7e093e97a65cd5319667946dff34cd,ok,337,1176
31af0d59c35f9916390e145814d161c13d7a90f9,ok,368,1300
8d9bc120484d09154841af3712b2aaeb68b4f958,ok,239,839
32d0df3d69e926bd6365b1f5c8b29b13ce7cdc9e,ok,512,1892
d05703c8b9d8f645953f132175791915147637c0,ok,80,266
47cd322909aa53de248375deea66ba2832fcbc5a,ok,150,536
9937f27ebc097e7a79449fa77eeab0ec6447104a,ok,34,106
8fefb67c717ad24f9c9580111a70abf0d90d44c8,ok,52,170
fc642e093bf99e30ad326d5f11a10c296db9b535,ok,302,1053
ac4d32e70ac6dd1029c7deed89964783bede34ec,ok,512,1770
165c6b3a35fd2ed3ba15321c4ae7d6f49bae2184,ok,512,1787
030023502f892bcf6c4045ed53799915d5a081c0,ok,35,112
83a28ba6f486929b8deaabcce670c3e9592b6d95,ok,42,140
ed9ff7e52f2396560bd7e873129d6698c5469ba2,ok,22,66
6b165dafc4128903dfe20368216754586e24edc3,ok,512,1835
dae70e507ed5b1c41178078d50c2d0ee70cdde73,ok,201,716
e8f56adc6fd52642c930add7791a4af54980ef22,ok,512,1783
e4f16d91f3ab066262883447be408a0f6f0bd968,ok,161,572
6bb14d05bd8131d9683f3e43aeeb1bfe0b7efcd3,ok,512,1758
1bf35ba7fce6e1079b049c75eb62792a0aa694b3,ok,375,1284
ca1adbd53997cb9df5f0d23e116f66e0124b6ace,ok,512,1789
2107bf464898c0434eb38c8f83e291d552d4d1f4,ok,512,1869
e845c2454cdd4416abe0702f44c4f7f17e072bc1,ok,482,1736
6984b22260c9a86ad36a5d3d5eaeeb5f5754054c,ok,486,1768
6f24e384315295acb29e30e69ed9d38973717fec,ok,167,593
a5e057a6230bf1fc70b8aa83aca29789aa5544b2,ok,248,853
eb4255a0354684cbc486f7b89625d33a876dd902,ok,104,361
468370ce92766331c2a5c2fcf5e608b12a14fcb2,ok,512,1832
64e3d93f7d4053bc59ad48e10182c3ab5fa9690e,ok,18,56
38fc0d9dd140b49fbf35d51c1b7082402b909408,ok,242,834
63e2c8b504ee5c3944556ccf3821d1d025a8ce73,ok,512,1851
bf845617370a32c38111d967bfbe8dce298b4893,ok,512,1842
14782cb0c92947920d1ece732b89fc24415d3bb7,ok,345,1236
64dcc4139851b61e0892a54796185838135ee705,ok,512,1762
95f9bf34143bf06ec84c448f6919002369080682,ok,28,92
b6579b04cc385aeffaaff7ebb7586a62d1af0dbb,ok,217,752
f3d44f9c7fe5d1ee1cf6392edf24f4d0f8f42299,ok,512,1826
4807599ffb8d31dbef166d65b3c47187a83379e0,ok,9,24
ca23f378afea9325b92f0353676dc065159bc4b7,ok,61,202
2c041e8072c7160b8b4ed19a31cfa18b4785df28,ok,172,624
5c66a38b868e9861f13ab670395b0b3c15985977,ok,234,803
ad3384dde9e2c68d7727986b50fc7348a86c2db4,ok,265,935
34f9b14b4e0e40697aa9443e4588d434e92cb17b,ok,512,1793
2f4de30c9a23039b9674a3d73c4e93c2c036265a,ok,512,1832
01861a89f393f616b49ee3382d0f87afe37dc370,ok,96,324
74256258f8c5c9e99ab6ef939425571b22424c2d,ok,512,1876
acc6228c7df91f2bcf5787aa6237e23bfd40194f,ok,33,106
8ac1c02bfb3376ba4f0d3caf99cfa3bb236e34a8,ok,512,1798
7ddde311efecf7df4d86abdf1dcbe9438216b6a0,ok,501,1856
