sample_id,status,num_nodes,num_edges
39091521780e221dd498221c1921fe4327375b87,ok,50,180
c327df14d320ce7f85d1ef05785cdf7b9b6bc95f,ok,440,1582
3ed4b6d433bc5defc1fbe09dd9f0f8020ebafd3e,ok,395,1415
e33e46872cab70bcbe1cfdc1d1397a8d65b33b85,ok,71,240
8b047dda7ef82ed9de556c21a6506ac85a7fc1ec,ok,19,58
02911dda87ccec11d3ec757edb7a80bb07c496c8,ok,24,80
72f92009631fed325c9e7be4efa15e79a0c98e4c,ok,69,241
be811b566905bf58a4fb24cd91b6f4e5d2b028c5,ok,119,401
921daef8f030b7bab190bffbad24aa1a3621892c,ok,44,152
026cf8b4629def9f4c64c0688d4cfe5b234fb18e,ok,48,156
e3239450dcbe6e1eb822960103da9ff011748050,ok,88,316
8ed05f00c1999b709af4dab75eb7ac9021b4bbcd,ok,512,1838
811ab1c1fb97299dfacaa17c29063a48fdd8420f,ok,70,245
0f026d8f8c177718f0ff2b5d7e513d508920e4da,ok,37,122
3182e1b5571b28e424050eab56d2a22c27301677,ok,386,1407
197e135e199318e402c72e7426705d6f2ed7c9f5,ok,376,1402
942173645892203c006b2bc7609a26a98b4e883e,ok,49,168
98e17afa035b2dccca99b87c55eefd538b4a3ce2,ok,22,66
0b8a5927eca869b0d3ba12412604f86f5db80df3,ok,315,1155
2c11dcaa75a8c374da3a285f0b9f390e1a2ad5fb,ok,512,1873
27c3d06329e427133ada53ecf7bf7e293d27ae7c,ok,288,1044
92076f664b32e5ddb38f209e95d9e9bb9bca0fa4,ok,139,482
d760c144c92d0d112a9c6ed07dfcfbb8a417e477,ok,81,288
c73fdf02723b76f992b0e14a29ec03a0ed351e1a,ok,21,64
849511ba193e6a1e704f107f34ab4e4de52b8603,ok,50,170
ed1c81060bf878df1841b7cbd5ad1f7552bb378c,ok,20,62
0464b55b1a9869a8a7a480b9154c45fd307d4e02,ok,14,42
c240d7e26463efe0b8a23eaa5338f8d69bf063ca,ok,37,128
715c9cc67840dfdcb9a264929c44b1c7f8493105,ok,67,238
2d1afcbdbfc8e7498859b5d246845f5a80a79f53,ok,49,168
405c382e64e0c7193d9bb18e5ecc6eb91c885d5f,ok,95,330
d801dd453e54cd636ee70889de93cc1532545018,ok,53,177
91b6815628b41b3a1f37f4bdc4a888dff0570fc0,ok,32,110
cc5d9bc23072c8dd26bcb9eb5d364f04071beed1,ok,440,1572
fe9186ba8ef0661c0abf923038bf2cfbf085dcbc,ok,148,518
ed3f9d17f9da68be48c38dd60fc3ea6c8435d351,ok,25,80
7e6de0048c59e9a581cc63eab545a4d24b1f0f30,ok,19,58
7447d02b9f6d924339c2c55fe8bfc2e9cc9fba96,ok,50,169
c32e6503b16b55ed13f5b23d3c91e22df742f70d,ok,291,1075
a7c0e9746ca616884dc7dc6c72587ac99d2b14e7,ok,55,184
4480f20c9ec9aad84414226aa8569b41a0c37c6d,ok,28,88
4cc39dac51300cdfb0d9f1a0e7c75c10c5b21235,ok,16,48
f91f3021dc01d1962da3502fca854b460ecd9815,ok,21,64
9433977831fcca7702cf8731f2ff1b95445ff6c3,ok,512,1878
d987c93ecd68a4472badbec2f3ec9528175b13b5,ok,512,1794
e88c3853e33a1860998058d71b57c0b88c3a1f12,ok,65,225
3aaab518d25ca6cc62ff97ba75f9dcc727e913e7,ok,111,396
6c2955a0fa3386340bc928328e4e1487ede99782,ok,25,78
e7aa22e73c38d796b75ed0840fe7a8077716c5ff,ok,475,1744
21b7843f7865384d5e831ee123800d2e9cbbf818,ok,233,858
7b07e6f62987b2916fa0550ff31ab0b063933984,ok,302,1126
82322864d7007320af63526d226922663e649f92,ok,512,1882
7743cdcf772a9fa0a83fd01328e7d7eb2929a54d,ok,50,174
02579b3028e25eed2e9fa7471cbdf92c72bcef6f,ok,98,335
021679ae89191b97d3f1a016035cd37404cc9ad5,ok,17,52
3e985e5e08ff9ce44460fa3b6cbf2335f7f1522e,ok,71,247
335976db9ff86d18fb5064af5458580b28fa66ed,ok,24,80
34a68a40321dbb3918d827689f4d14d358a9b7d1,ok,22,68
68693dd335b84095d522d11bbee7b49d6bd92597,ok,23,72
a0955e3815fe2f7d88844863da05ae374dac3582,ok,24,80
2e5390aff5628e824f64ddf8679b7b5256b24912,ok,31,106
adb5d354ae7cdc1ce75f94a428bf253fb25ca6d2,ok,24,80
1c9a6612ebf3bb0646df0343dde295d03a2f7e1f,ok,16,48
03b68a3a504bb464d0ed4abc5a4eb329825be6d7,ok,16,48
1eafd1c36fa75a390e8d1b25366b321417498e2c,ok,24,78
5f215a2809b093367c7c27520f612207822f68d5,ok,40,130
4b999c40d060dead52399a64c39754503ee04ab4,ok,25,82
ff659bb4afe84e327d42993004b12ad8a60cccfe,ok,23,70
44e51e438e8beb615f6f557447cba8f2077139a2,ok,25,78
f4ab0b85140fe01ba849ca823838a41736e062b7,ok,37,120
268a53e97017dcbdca0bfbd047b32f40f7614b70,ok,23,76
1fda091c518d7494372f29f98f1c35da8091fc0d,ok,226,818
f67941ba263ec0bceab10e6e9a10978c8a2737ba,ok,19,58
7dd9edcb37f7aed7450a5b80bbb0175994903be4,ok,91,313
aaf9b26451a5f57d844304744c424c23c4aa03ce,ok,94,331
4c610d3871d0bae7d4480356f2f12a3dd92b700c,ok,28,92
70906d34c977e61f490fc48ce2e40f274a15140b,ok,20,60
ac7f7f96eda11d9acd9d8eae6d5527f4e182f4c6,ok,28,92
7c9864aab32a8d7e6d8e485d7eb65961d23efa54,ok,15,44
4189ceae09a47d0bb7da068ee1736152d9cf7a51,ok,512,1867
4cb63378e1d58eb3e6bdc486c2a12c333c91ca2b,ok,166,630
68d0a1faaf1f59f341722f260280b3b194371393,ok,251,898
eb363a3f28ca1b12c4940aaeae0e8dfa78b37a19,ok,24,80
6e8c7215f343645cb3d3065f64be84ff49b17e6e,ok,70,234
407a982d8a5672e74eaad9b52d63212e17fd1281,ok,76,248
dc23b775911ff1d05011175d80b734ce012c4bff,ok,273,1014
639c71e7097fb018377bd6eeb281d4bbdb921bda,ok,55,186
45c9d22d495c23e36cbe0de95ca96db23541061e,ok,19,58
175b9d9c9030403afeb82b67cf14ecd6e2719d6a,ok,48,154
a6f47185437c192d8be43ffa857c67574583db88,ok,21,64
671d747b2ec521c2477dc54dcc43e0f95a989f2f,ok,22,68
3eddbb7c5345f2d94a4111e5bcf05c878c9fd5c5,ok,204,744
561ad4c262dd0ada19888e276dfd54aa2ccd5d2a,ok,245,870
51f648cda3c10143a89ebc940c922ab441ed1107,ok,48,168
eb42f462a6f6ad62a1abe00d0c05af7614a1e7f4,ok,85,300
9050ce0e2e7d3f4975a828da12431db45f15effe,ok,16,48
715a933e8103af41c2571cb3e34ba5f4e8128ed0,ok,512,1802
044f6d31be7e7306f8f348cac4a84cbc2889eec9,ok,54,186
dd6818548356ace18def3d3eb3083d558e7d04d1,ok,18,54
cddb82b74c50c3624b2138ded47534dffa4979d5,ok,57,183
95ee6e6cf14799fa57bd4dd37f65cfddb33be7bf,ok,38,130
9548c7b7f69fc4f765c53fa297ff25f41001a193,ok,69,229
6aca46e4475cc8e02f901a5e6463f1e8b18d127d,ok,73,253
56b9e5818091cb7344d567207d6c5fc20fa4a93b,ok,45,153
b37ccca2381a7c365d114a24e9248312d35dd060,ok,105,371
1354309fb66c09d819b373a58e5e39bfc71aa6d6,ok,33,110
55a3d0b4ccd8c06bba44ad0ba9c70c55c5e91aab,ok,35,118
1d1f775053d7950f80cf5d974f524239b4bce70f,ok,229,793
e9562b104ba88e1d6d8b7fb42ecd6d62a93d464c,ok,142,496
42d7e7a5a3d96a87e10a9b6d5b7410a96999ef08,ok,22,68
82f15f67b352e790fb558d192814f64ae1a9a68a,ok,25,80
9d7a8deac9d520ae7f1ea240b436202f78fb0b70,ok,35,114
db841fba8397090b54603c61e4f41f90ccbab456,ok,42,142
53b7a491172c58c8079b835611959dc373a89300,ok,17,52
1cca913d14d9f49f5189b983ae7f3c6d744ced6e,ok,23,74
7dd24f0d1daada9d4e9236c91b3637d40630dd7e,ok,69,224
b78142d66dfa172bcf0e9a25c55ae028ea9b6a37,ok,87,303
60459d64077b32f90cbf9038850541725380fbc0,ok,16,48
1720e75634eac58f0a11d0b1b195c13a2335bd3e,ok,63,208
bdf5aab5542bbbf1b4c14d76b6122fa30c93f98d,ok,45,154
df5b678b7f5a07595673723b1220f8fa388f1002,ok,178,617
e8e479ead321121830d7999ef32f6b0d3ab8d6c0,ok,153,524
a35c3c7aa37471447923f2de3b20f11726a1d991,ok,23,76
7463d8d6ae8165d8079550bccdcc37cfbe7df12c,ok,17,50
2de5c3846d0019a63c3460ede392d518a6a8f1cc,ok,60,200
06c77fc89544664049986593475ba54b320e28a7,ok,24,80
a0b0e0b886fbe9a731dbf7c5bc86d24e75e709ed,ok,99,363
90cc16263af889bf671d3fae7ae7262aa3729494,ok,81,283
ef15267fa0e7ae073e5616d2ef2cf97b932c318e,ok,186,664
0c5d30411a29b77813cba3ecea58a827f6096115,ok,50,180
e9c2befd754913e20ec7ea15b80b8c21c9b68202,ok,65,225
918a15c2e2639eed4959797ba96778d4e9578a0a,ok,436,1628
e8f8d5b7b1ba51c1761802d56782d2cda64870a5,ok,272,1046
56f5fcc4a106864d25c95edb4f9531aa5f8576ba,ok,512,1875
fedfa31ca67ddd27bbb37e3a31bca0721c39d73a,ok,37,122
758a6a642af8d748d28a78fd4e20cfcfd9ae4180,ok,408,1541
216b516f1b1242e3b40573ceff8ceebe33b5cfd6,ok,56,180
55e293ba8de752cb8a947b30fe3fb46e8e51edbb,ok,475,1819
582414543400f90c7d8256947c36fe1691fe0c00,ok,25,82
c331d0231fdffe796cb6ed945645a146116e541d,ok,299,1085
11135bc2b30027f43edb4c7f783ea59d9dc84c3d,ok,142,545
14ae99826b0314f09925cb4dce005ca63a4941e1,ok,33,112
88c6a9ecc64b8789f9a7496f26df50a89fd6ca19,ok,150,552
5a83e1cdc24a32ec8ecc6f4a8057987e3c8e606b,ok,40,138
6d6eb3d69ada92aa890e683ee613f1b0ede115a9,ok,20,62
8326fde62ecfc0a279c64e28299c1a5eda8617e1,ok,58,198
3d9a77f9e69bca442cdfb98576dc8002ffb2d4b7,ok,209,770
cdf76b2840dbb11f9ef10707e315d77502531711,ok,16,50
e15147dc12d41105848c740e2dcc53418b6bb6ce,ok,37,116
ac1d962b59ac89b678e1794527c0ff4a81e335d2,ok,154,574
822dee5de9bb6d86103f026b26916b88b6dfa4ca,ok,22,66
b1d0e5dab331cba3d2587954fa5df9fefc277db2,ok,173,598
d106cb93bdc26fa4d9db804a2a28bdcc51772782,ok,32,110
2c0400a457546fbb97b654f103a25ee92b8863af,ok,61,209
584dd308fcf70fd99cb8aae03501d067998ed818,ok,331,1255
bfb6fdde8e6e6df961c69c28905cbfa484305e9d,ok,27,84
2ec58261bc2f4536e5ac8831ab7a5a5e446d7fb9,ok,223,804
3ec61d03d525dec023a8b200089672c9c798f306,ok,202,722
59210cbed319fe275b61d17cab0510cd207a14a6,ok,14,42
8f86e3ca2fe0d23b79e02d3379541da63c6e63ac,ok,414,1466
e57bfde94beac608f51f13d7eee773dd0fdc74db,ok,76,280
7718fd000230560c00714194e36f34d72315884d,ok,22,70
aafb4f8393b2321cb6b3ebf23f63db147f4b4102,ok,93,330
ceb074844bfb222ddff5516943cdfc28fe4fef10,ok,512,1838
6fe62d68f6d4f1df4496f6896019f8740b078562,ok,30,94
6db9caae4a92c8c4ba8f8d86707f15f00ae0f8b3,ok,496,1848
2b6edcb3d195ca5f6302bda20111e305c4ede131,ok,114,414
ed10d25b4162573da14a695c2091fd61b65a59c7,ok,17,50
66934347bf510c29e1df2ba56c7d9e10cebc6b47,ok,172,619
5eedb533ab643d8527d52cd021b217d884467699,ok,40,130
0ef277cf793ea4ddd63c128e82cdbd9a131ce7d1,ok,27,86
9152a51b6b0e4f5942a801de403fce09f39230f4,ok,54,190
3b0ecd88a740cbb689dc3509153b66e419067ca9,ok,114,400
866a51ad07fafc301cfc983efb146b0785c6a66a,ok,32,104
a3ae5ff11d1f64558aa5cc8a06604c99fa797956,ok,158,563
e5ebf9f3c7c322aa1bd015b22e7bb9f3c4f07504,ok,158,572
03d45f6ada84d38409a88804348aaf468ff41f65,ok,36,120
d10af3ae8194c0ef0283aa33a0d180be31e2050a,ok,463,1716
736ce7e3560167673b484ab194bca05a3dca3c0a,ok,71,245
bb426d2a8f35d6f97964890a25c547a9ab526dd0,ok,22,68
6650e7c00017fef11d40edc19f28854a6391770b,ok,512,1903
15628457e41352d8bd38608c06f11eb37c4e3337,ok,34,116
b26c8908a7319b0cd9124088ebbc4db6316fdd42,ok,35,116
71cf2914cdce890f47a0e595ff1cf5f47b36adfe,ok,264,954
4af531b29da5048235557d351f21591a6e7d4a14,ok,45,155
7281b92650861648c2ef6c7ede75b2f578fb23bf,ok,54,176
af78a879a249120257317cafcfd3f0c649b040a3,ok,436,1557
bfbc75d810699071d48871d45d85627fb47e72f9,ok,13,38
458ef4d0e671fa8d7a0104ad008cb097a59375bb,ok,55,182
8d3f9020abb3583ce4891f8c06d0d7763cb7abf1,ok,102,363
4e61ca6bd087c12d34f5d8dfd1f8013d4e7a21d7,ok,74,262
a488f01522c91332f1985acd00aa9e74d1a05e25,ok,98,346
7402ca8b7e2ae7ead4e2943b80057d33cea74765,ok,51,170
5907264c69a2e7ca0db1765cdccbe43f08f2900a,ok,23,70
4a76fa4e51140ce156062fb340fbf566c2051cfc,ok,202,695
fd360f829f782e15873a54829e00952eead27f64,ok,25,78
a9428ba3c46537b616ce4d296833f85201eb5460,ok,348,1258
09ae298260aa7f23bae41eb68c7da9b9bb57f9db,ok,30,100
3b5867ee6ab88ed8025ef2e91edbc8d0c1f57f7c,ok,485,1826
1b01fafea159881e1859fb102c69398147f201cb,ok,512,1897
765f84b37ad9cf7e74f9d4094ec2b20b0fac7985,ok,484,1744
1fee4baca2bc358af4447f33d49589bbdff35607,ok,24,80
2f5f1ae0fbccfa23a67f9798513f24fb8a5a07e7,ok,25,82
63fbf9d9b3f57b20664b8d8eac551473eef0b7f3,ok,12,36
daa1df799f960920c99ee8ad44844e63621e54df,ok,410,1576
b10062c4d3667edc234d1cfdc140806f5d15911c,ok,113,410
e73f1dbfe283e6eeab46bdcdba260e86f8acceb3,ok,97,342
2c2b7a8914a259e63c68a3a7406c0d47de6bf12d,ok,70,236
ae1f36e57c0b6f64c8cbcd7f9f0e101aefe75ff7,ok,20,60
b0e2da0dceac6053d0246c4c48ed2188b11e9763,ok,27,90
8199d41c14eff9ed22db2851ad94376fe1e7abe0,ok,166,578
0194b91b4ab64b1254da1ab949650ec8e8d01c4f,ok,348,1275
d81e1962866e6f07ffa63195a260c06b274e4fc2,ok,142,500
ec8881171cc17b79745bd4b30e949d0d1f7ddc98,ok,16,48
69a0a9306b764860fb5197b6430a74d28e824836,ok,512,1852
2c4cece73491d0bc5e3dd01f29169dfc0aaef5a8,ok,102,349
6c98283a7a2a62cf8a7ae3f4e6e4549543a7515e,ok,22,70
7318cf69e78aa7dc96d10b41911e529e00a49dd9,ok,169,572
a70b66eaec1c4b488bd323efb10f5469905821ee,ok,32,106
1ad7b5a6f27aa3533e1d9a69b44f95ac4443836e,ok,99,356
54c8527a0474f0491e20ae8277daffb2f4d0a4ae,ok,11,32
98316e003e8620e9c1fe3f47bcec37c57fcc4d61,ok,28,90
752276d6ea2e6a9c0540c8d854a2cc25e8a404d5,ok,183,638
caaffb60635fa1ad5a6f95906f643bc44047b6be,ok,134,488
5fffc4f98b953ec93469a7a36518da30c1a7a5ff,ok,21,64
fb8c84d29349454e1f98226744bb0dc9dc0917fd,ok,64,216
32aa2c91791623c36addbf97ac5861b524107ce7,ok,21,66
477c5a6ca4303df164f0bf84bcc5260c4808b2d3,ok,96,336
b2c75646932028fe740097e8e1a20cb1f186b295,ok,23,72
f7960d8495b84074333804d735416600d530c65b,ok,19,58
c9919e95db622e398a46de439ca4be5cc4d2732a,ok,60,194
ba380b3a8cdaef539567cbc4cea83b72f4d7998f,ok,512,1909
fed9876dc0af3b084d8eb1e0985eae12bcbf6ec5,ok,25,82
46034831cf6edefa460d4d1e15dc620f11930c0b,ok,19,58
df300bf245c68b78439c6655af69a1f4d985e252,ok,24,80
769d855c079a1573ef04987554f06e49ea322e0a,ok,512,1830
12bbf0234e7dc3ed9613d8179139fbf2637dae12,ok,19,60
27cc1f6d6dec28a74b5b8c47e6cdd9b148ca0e0c,ok,180,633
27082862aa60e56303be598b23e49d3566362544,ok,512,1881
48e2d665c3cc7ce0790fd4f94ad0fe37a0c68404,ok,50,162
114e0b9cc4d3607ef333189be4b9e6d126e06806,ok,16,48
602d33fc89e2f481c4d1342334c137be235e818b,ok,33,112
05652ec9008817cbe8c3570e59c1e0b9179b8732,ok,512,1881
da72bd921f2f458623c29366db47907252005c28,ok,29,90
6f2fdd819165657c42d441a282e889c01e5c795d,ok,368,1364
ef5148e994d8d978bf1032ca4b381e5f40e7b336,ok,512,1774
983e517bf42744ca6ab4272d4b434902512b1f69,ok,96,336
5e42cfd592160997c4c7b6b37a22318e0723c0af,ok,42,136
099db30b5189702aaf389634a7d6a75065df092f,ok,27,86
098db4c14c3d43a2db51f2fb607201321aa0f77c,ok,16,48
5635600203e2aa966bf3a7744d9cf1e6b98386af,ok,73,255
272e827cb52e84509f4d0ff5deaebe37ef857729,ok,60,200
e9ebeb1e32aab0a459b8e286ce9a4eedc67d633c,ok,150,540
827839035ee3c60927a6d1652ed522a54ccbc4c8,ok,359,1294
d272fe422c71346a8e058128e9c794f44a228404,ok,512,1887
77b2baa584887ee214aeef53f4c0f75fb4d4cacc,ok,489,1821
4eb72e56f76929f34d98a017de5ee84b10e37fe6,ok,15,46
57804611ecfa68fde570377e5f24b765c5109b8b,ok,13,38
ecfd57bbb9016570272b77097adf911661bb57b6,ok,20,64
5c611dd18038f6adad898284cb39035624d86308,ok,181,627
810d7f2ba79259d1f3ef1730a8cc8af209acc9e3,ok,12,36
cd730383b785ab400934f104bc83b8075a7bc74f,ok,365,1260
da9b36482eb87ce621bcb5ebdc6f69ec8d5f85f4,ok,512,1902
3d3d6d7f02423abd0e150fa713c61e71de9ecc1e,ok,21,64
596c1696069b1129af31aa46f7e46be1851923c2,ok,38,124
f3eb7f1d04a4881d5fa2cd2574b39f458463721c,ok,163,568
d9a1833363f687ea4c14316b0766378fdb5d8fe7,ok,56,196
a18e0558ac89edc9458086eec416b94d68e2ec54,ok,29,98
fe798900cb825b3c5d9f9da73208588cb6b97703,ok,166,610
b537eeeb371581a34d446acc0abba0945ae352b5,ok,16,48
0760b6f4d5ba9e26b2821ad6da66d52a0fe8cd76,ok,34,110
10a5d7056814bf18c688e9c5c450f4cfa57f9f9b,ok,218,799
1ccd8d491d08e9e0dd8465cedcde2584b9b5c763,ok,144,506
61956e918ca239e2e251d0680cf0ed91f4fe8d5f,ok,45,152
26f30fdd6ea018807f290bab74d78e4a584da2f4,ok,300,1144
c9d02f9c662c23d911163d15d03b20a76ca63e5f,ok,512,1902
1a61fd0f82494f8bad81f28a3b870e5cf9649736,ok,76,263
d448bd97185de5b08f1be779003250ab7937be02,ok,97,342
e1b7c8e1e852ce61ad6ea3844a63f8dc852cce50,ok,512,1843
ce53e34874de382725e17d522176882b3e748004,ok,157,560
51aee61e0f92b10f95bdd409082ce0a61e93a733,ok,31,98
e564526f417f779b2223bfcd2e1e5245eba10194,ok,12,36
653db4b6c2ade030eeb38908fcfad6588cc70eb7,ok,27,86
e902401cc6563fb47768f152316ef4b3e8e2e463,ok,202,710
109dd8bb054f74c4ad8aa61ac6f8393f993b5ec1,ok,49,168
ce6a8d002180c9fea2fe5c08d23fcf2586623d7e,ok,512,1860
dcc8e30a79bd74b462c96150c2140b65603ff698,ok,135,494
32fd249f4e14fa6ff5bb980534e1e1e6fc0745a6,ok,209,739
9e48a4328cee015f1683c0cbe58fa3274d24868f,ok,133,469
02af412d5240dcd2a90886a64158d828ff63a064,ok,512,1869
16437b36b850b376a030472861a6800e5ab43e29,ok,20,62
7296c842bb83a5c599e78fe9cb65e19c5a8f6141,ok,29,100
de71e0346b069b06a0b40018075cc81440443644,ok,225,782
94bf626a52646043c40befbdacb215f5970f828e,ok,300,1093
8651b79030cbd9a909959866564869741d88b615,ok,16,48
a2624dcfe7cbd604cb98133aed2eb3d560b715e6,ok,25,78
c560af66554e4da45ea031dc2661b05fa946f82e,ok,148,538
304bfbf797f844a39139dea19536a9ad9d75ab4a,ok,163,590
5196648a975adb88cd51c87959c80c45d353e592,ok,32,100
26aa977629d3991929cbd76b7468752baac433eb,ok,148,532
855949b21efbfcfc78b62cf0f4f3877008b3b495,ok,31,100
64eb3dc11912f0392dce63e63fef64c324208d29,ok,16,48
4277be9806e9126a83d1f6261072f8cb49977ac7,ok,16,48
1f981c98bad2685c0a57329320eef291deedff51,ok,60,209
6c1e47ddc534ae0508441ae244e2088a66442c6a,ok,22,68
433d496d304a554577bae609e516615e8f0a02ef,ok,35,120
44ccd817c7cab4a6118f953543b85b13f6f21a81,ok,370,1349
3efd492160d3b1b325368f10e2298a28c3441abc,ok,512,1918
73e2d3ee103f843acfa2a3874338b085f9777f56,ok,87,295
93f7acbb8825a4c87212514f87f760b5f6d1fa8d,ok,135,483
04b2f9ff0d2d8e24e7e64dfa5b74884fedb8e196,ok,37,120
f934867db2493c3e955b71a0237b26ed2136311a,ok,183,663
16d3710aa89d8772aee75ad0256591f5757c9c51,ok,16,48
3f5d187bed082174ac630f1113de66220671ff27,ok,236,894
f9c02c607cae2f5220b8077d78fcc6da3767613c,ok,29,94
f762648481db6490c9baa5aef6c30d8239e92783,ok,25,80
2e6e9a0983605991d06e3594ac73118ae3bae399,ok,10,28
3dba75982ee996a23a0735b9913436e42c529db9,ok,119,421
bbbee4216463c3b1c43419585c69d5cde37ab47f,ok,16,48
5320916295ca55dc44ce06e980450ef3d883b5e0,ok,89,308
aeb04fa5ef8bf634aa660a693a923ae7d9a0aea3,ok,99,344
e8a1f47440ad620afea8dfb2c0c0726b93046e30,ok,512,1906
25d49d00673e2d6a61955a3518df80ce521a61f9,ok,231,842
bfb402c00ead9274e9e37166911a0e2640b59137,ok,512,1924
9cbff6c974adf6cecfea039befc651a55bb70a45,ok,36,124
e8724570992096b58105680f934a71af3c1a83e2,ok,45,154
a56045e7d52b04c8e378155302effc6f92deac05,ok,28,92
605ffd502d5fa50a954c9fcf83b4ab18e24de1c2,ok,137,496
8e25ded5ee9df2055119146ccb748c272a6b9f29,ok,30,92
56ea92efd0ac832c4b6fe3b42809927f75d84c42,ok,46,160
83c15b66e33b96240d66b94c1a944b511a89159b,ok,273,1011
dc936d4b0d73b30ccd3124ec511770422d04d2dc,ok,149,550
ddd9375aba027b72a80ae5e6fe93c0685b8ac3d7,ok,50,173
07601a5f20ae683dd9f6ff73c19d674fcb925028,ok,157,546
40561d12d9e7f90129ffdeacf765fa3a0448da97,ok,37,130
c2141f701fcec32560e0ed7d9a73352e2373186b,ok,17,52
75ce3ebf51264ef0623a806cfffc255bff439d0c,ok,29,94
24ed3b12b09adbc860c8defca37e05500cb40500,ok,363,1276
0070bd4c7e4ae12c72989893f9c0ff2a3887675e,ok,125,443
35d65a5424b2f7c41138e69cbb967a57decd9d3a,ok,387,1415
0b54a67e87d803dab1768a2c5d22ed3d502257d3,ok,110,384
202d28c825afc9738d13d161bb812b33ad30c705,ok,16,48
41d5473081c4d7e4bcd1acde8929f183ebbcbe92,ok,160,552
2cdc2f5c5ab2939379860ccc651356974b60d656,ok,512,1904
41cb29dc8fbfbcf5f93396dd3547162846e31289,ok,28,94
845ceae3c1139a9a3c32b378a78626f28fe19d22,ok,134,472
be280d8841a264b4c3ed898367dd11e60459e7b5,ok,46,158
3743f59b1208136ce8d5fce0d6ae5bb96f4f842b,ok,71,238
8568529cc62a9afbc18445f5509a7c4de633d328,ok,34,116
c517dcb30b268401e5382cf505a1d8f2b8a203b9,ok,450,1724
2b912aa534545a66638b2429305f28de1463b43d,ok,12,36
f5315f4e24fb11e396598400d255bc97ff915a40,ok,15,46
0f4e1bb892cbc5a199e0cc0249857ac0aab19487,ok,216,772
bb369d592c9419bd1a018707f859ee611364f8b0,ok,110,390
96bef5e6bc13cc79fd221c1ec0fd81ea1e06a948,ok,60,202
36902a8a3a28d29b79a173de384e005a59a80b0f,ok,160,583
89fdf7c1c8fe31bad30da31a866632558ce61c50,ok,10,28
2d18cbeb9a9b67a3126f94803938642967f35653,ok,51,178
c781987ee537495399772dac252baaf7c58bb448,ok,477,1768
9c5008d4012bfbfb8ce4699cf6030136f639a1a0,ok,33,110
93925be10bedb9782baae9fe18dd5450c2c9e464,ok,98,341
e1e44b94515ef759daba7269c7e27f24273a10e8,ok,19,58
da2ac56c9aac4fa42dd6fed69856560cbf5d2ae1,ok,12,34
f08fe290b23820cf6122367d40ca6194931da876,ok,113,394
0f60c383d7efdfa3da174d9fca1411921e17dc6c,ok,24,76
65c67cc06eb4ae2cfc41d1085abb3af2432baece,ok,43,140
61407269d95d61f3725ee62e6ebbb96a08cd38e0,ok,166,605
92d40a21be92cd1639af1789217b1a2b09820058,ok,41,140
838666cb9c450ae360167cd5dbf40fd3ce4100b7,ok,16,48
b729c131f1ef15553d3a21611040893389001581,ok,512,1797
2041661f63c59eef61fef4c89871c2cb1ed2ba35,ok,58,204
4736e8f5af8775d17f33afd957b5168175a9ee62,ok,16,48
f2898e320bf7ac6f3474456165d19a34810f97d7,ok,39,128
ff6303a2d572ac5021dd8db7b236b7c55fe8768c,ok,425,1484
33dbdef7618aa3cfd69ce6c37d00ba2e6d3c4b9c,ok,27,90
4f22f2a91f6c83ed72791c7fd74442f8c815c5c2,ok,19,58
1a095f205492b6e5768768a708de12d85c1113df,ok,37,122
66f9b279b4d0c20ffb73e1f1a96734135f858e84,ok,80,287
822ebe599cea0f714c2a972758688f9d9931a759,ok,134,475
61fcb27187c3fa599c6d6edd08648155be51e49b,ok,20,62
6dac0fbb89fe9685e4f8f3d90e97e32c25f91ded,ok,35,114
2c1cd65f23b3a2b10016eb48409a6f7a950f4658,ok,37,116
304b1e6db7ec75dead8b5d3fd879e1c934b6fdf9,ok,87,302
1e30ab0a8e952521ff4f57f06e66e0aed5c87efd,ok,21,66
dfa5fe736a9ff0705f4889e4bfdbfa5992bcd0c4,ok,474,1739
1a6f07a31932d1607ed76bd47b964e06c563d2f7,ok,290,1068
6ac8acb0aa80d951fea47fddf12437d6c2da1e33,ok,233,829
5109defdb2a6e25da2ef502d88d46c364da9b573,ok,265,972
3929cf8427c6c5a9d0c7788c6dc81c8c40ed00ac,ok,38,124
b51ab18f5261460910bd02ec3608555d6785946b,ok,163,588
bd6a824990151a2c924a269da3aef732f99faa71,ok,18,54
75ac7f11edab5103a2c28029bb11639b20a660c9,ok,17,50
d83a306465baedb5bbf9b3633a898b191484438a,ok,36,114
c6ac7921c42af479f364ee1b34e9cb8d65083e6c,ok,19,58
b07248fb631d802822ddf3df6cd77c4d21eb493d,ok,20,64
5f57ca408de1f32f227d5dd8e3c31f9493774fb3,ok,29,98
c47d8cc641fd41a624e4ff4ad39eb6511e140152,ok,62,207
6ab0cb09b69f3b4ece626583b35e148df1d7c6d4,ok,95,334
cbce4a86a98f4d72607f12e45e2b0d8825b40185,ok,39,136
d24c7d474f2101dbfe94cf5f9a21c8a746c5c7a4,ok,24,80
98fd47a4dcd3d05d4bfa077c83324d16c2f4b468,ok,412,1443
32a0a0bc32d456eddba55ca2f31013f406c74dbe,ok,104,354
af4f8623288d3b2861a24831e58e43baa6394451,ok,489,1828
0969f9d165eca879f3c1b0e7714529cac6089cdb,ok,188,687
a1cbb59be5c01b68fdf4e050cfe2560c4655abac,ok,26,88
5f17e10ce15a783566ab6848078e7c4d84a32f01,ok,39,126
0d1a2993e178fdc96603613ef3f116ca8f5f24b0,ok,186,656
f23b89b4ec363bf472da06783b3fb70f0d8edda5,ok,61,206
7dd183af9cee54fd4d461aae53da9c329bb0c2a8,ok,16,48
7b4b070a427c481699ec027bf927a5de293f0760,ok,464,1665
bcea81ab32c2f5decfb2c86ee8de611ba30d5fa1,ok,13,38
8146e997696d19c86f4061bfaf4988c3aea07aad,ok,104,364
3e0cba1994838f07490892adc0625bdb9c396a60,ok,13,38
41d02e14867440cc2abdb2b67d92919bfba9acad,ok,51,176
d2239e30a40e84120460e32dcdf9b1e9646ecd10,ok,512,1866
3a26677e5e902accd820826c491bd37c80a9ee9e,ok,366,1346
7d658e003468b2895d9b63652d8d372f04a45282,ok,369,1341
9359dfe1f366bb784db84a32a45645f70acc7fa1,ok,64,214
afa674a8dfd9798c74b0911f6652672d0e3d968f,ok,55,198
ea6dfb62e068cf6ef9e51163c02044c103ea0816,ok,30,94
e773c7d09f6163d0cabf38eca1fed0db047d949f,ok,123,431
12c8e39cea76ec99cb687a1311e8475efdd7fd56,ok,424,1545
1cef6f1d3d42b0b64e1da06c62934433eed76d03,ok,56,198
9a96c4bcc3219b586be5f212c0d7b571ef652675,ok,379,1390
23960c87cb682ee25b6bf83f71037c012d561a52,ok,512,1895
382036982c41f38b762ca28e89a329557fc080e2,ok,341,1236
f0b828d31936c46235d3b6c5a1dd9c74a5e51961,ok,512,1764
1f02b350a283f50247ebd473f6bd4ca5e0e87e50,ok,44,150
7c10e9d759b30291d51ee0c1db1b8fcfa5e48eb6,ok,78,272
6ec35e4b6345c95b898677a922d9aade386d95b6,ok,161,561
afa03c9f8826461e281da3aa0f4bba08491e65b5,ok,162,586
52a2d80372b8fb65ebe657058161c975fac2a125,ok,25,82
7268fbca7fb058eb458a5c47a1777b043326ce6f,ok,18,54
1813830675f4a20fc7afa85c4ff14e64027eae25,ok,17,50
198c3e8af542a08d4ef2178beca7bc61a6af25a5,ok,92,312
7f6364b2c9db5d6a02985a81f4dfa142be060776,ok,39,128
72ba5db98e5bfe0daeaa5df370ae50a75eee96a5,ok,82,284
cb9e7179f8554352c3c0b720cc99c59ab1a59cd3,ok,31,96
2f94a2ec3ff6bdecd98b0b0c8244e36e03c78eb2,ok,30,96
90e9a992472b147de8f10423915f4f9271b68d42,ok,512,1848
c49a46cc43e48e4af7dd86de980e49a891021e16,ok,144,502
b6ae9294599869f55d3d5b354424a2fd919cfa17,ok,12,34
3963617689c4848c09ac4e0b369184d589cab03d,ok,27,86
8b83c5c0c12bfbfd9cc1fe4c36ebd8c879f23547,ok,73,256
088a6df1da7c8a1980238d8fb483c2ce04b2c004,ok,48,166
bca71ee2542e062fef7f93992fd65218734db089,ok,16,48
86ea3e8c492f2227818e909a53055b80be955759,ok,361,1331
62ca3a849f78bc92f6d7a51a432937f53357a115,ok,13,38
be4a94b44a036755bb530a9a0486ee41b7390d3f,ok,46,152
c3635fff7720ba9be732c8364f19f29613046d85,ok,20,60
c6a8e8e0dce6e7177b156206e5144b804d36cbf2,ok,193,679
146fdf7bb6afe16d20fba8e096c3efe69f702300,ok,344,1320
00e314f002b97d4c4527f4bf0228c2d8ca4dcff8,ok,18,56
3ab56db715c96e0ff1104f784f07ed0ac8593c6d,ok,23,72
21fa5b2802a2f83e6a6541a6966e123f92e8c82e,ok,222,809
20cfd47a3afc7b2d7597f0b8cc7d81acc247fb33,ok,159,570
62348b0cd1b7e2674e9118be6fe633324c41fab9,ok,12,36
6ce2ba7ccc7c475957634a118606ea2576c2b0f4,ok,512,1904
fd03e81467eb7d6ae89a946811135373ea300e4d,ok,16,48
811ebab10d8cc05fffa88567a362fa4d474ef965,ok,42,146
0cc86c8929b6d4061121a471ff515bfe463d06ca,ok,45,149
aab5169d2d93f25dd902949e550132680450c809,ok,67,236
4e56143461e39627afad4d52ae6c58160e1fe3e5,ok,119,420
5b12dc5580e662f526130b08c86bb7567efa47d9,ok,465,1556
2e5e14c0f18a49a37d6faba5554d96a071b09c04,ok,149,546
64ab4d3f13ee90ddfd18e02d06bd2294664d23ce,ok,18,54
29eafcc14598aba166dd789652fa16a10f25771d,ok,22,68
8e90622fbfe0123ec2f5278f2047bc2d58e0d82a,ok,32,110
cc3f9515e0a24da23176d09e93040bf816177568,ok,104,360
9780762cec54a0ce6f107e0d0c0b5d625ea4db58,ok,73,254
c7de30ba182ef9d848d3dfad420d7efb241cef69,ok,512,1920
29fe26172d04d68117de7840c47867294352249d,ok,24,74
c0a026263e50192f4d5198e56c51cd3179ad5799,ok,512,1883
391b26353711dfb0f4958f36e9a7ece447a8b0b6,ok,65,228
f331ed7a174f0ca6dec055df6cbbb3eb2726711c,ok,187,656
47ee7856ab870691b04a4883bc846dc023024496,ok,19,56
7eef702d8b1cb7fa91175280eeb4af343bca5898,ok,16,48
284051661ffb5c627e1748b207eede74134d880c,ok,22,68
a1291312bfa4dbd47d8d867cbbe0116536680420,ok,24,76
d49011bc5bd93e80988aa97246a1b4814dc62e74,ok,62,218
6c61d7190afdfb7af702cb9b080dbeec8dd07190,ok,512,1828
89a9876687b604a3e404711fbd7e5082b5a29cc9,ok,15,44
c2a97983304384b382f278b5586c992dba4c2958,ok,60,200
d1bcec7a02ecd573ee0d05247d547e9e4aa0e6b5,ok,18,54
45ad87c988ef300be87effeac85866bd1491dd71,ok,43,140
5a26992cfb9a947207ebe4a34e0ba61c4008e811,ok,302,1102
f7d9c986cd1f354eccda4b61556a37ef6b6409b0,ok,25,78
e09c1c2cc5d0978172fb959b42fdcdd6b5f5ab2e,ok,87,316
7ec7dbb85af354b67791b90145abb867c508652d,ok,12,34
4585fa658f2b38a1e0a2811b2cd8e02cf706a99a,ok,24,74
59570f80a602c6bc7aa49067f15c25c0ffc07608,ok,30,102
b6eb8776caca28b5c75a4accf84a9f743cca8120,ok,23,72
9100445d93ef9bd7a07e17304dda186d65b5818f,ok,55,194
8b30c8e5c62be46eb5db3c69114de35f9d2e06b2,ok,208,734
8a0a7a6197f338e548e86a69d3031bffff3d87de,ok,19,60
b2c62cc79edf410def7258a75dfc1505ede1c3a1,ok,50,172
2219f8483cefaf36ddc71bca4bdad38e4a778de6,ok,512,1891
72e4c143147cbb3dacd01def2dd769bea32dfda3,ok,206,729
6f6f2c4bb0516a89c46831643504a404f0e946dd,ok,130,443
5dea73fa49b5b5ec5a50a04c9ed76fbb8b76a8e7,ok,203,748
176364943518aecbfb4bccc7b4a87611490d1b18,ok,177,660
e154cc188a3d412b761752cfc33bfe9bd77613ac,ok,512,1830
b67b4ad2e8cb5fce830ab185788ebd47f285531f,ok,79,276
b34c4c7f0ae641393fc85228d446152f30ddc957,ok,512,1868
b4e72102e15d68110342ece1261cbbecdb0d5f98,ok,299,1080
23cdbffb06745096a223b9ff2dad1f43953f7329,ok,24,80
33e1c9146b105080874e9a00d2118c982d001fe6,ok,30,102
c38f28efb859508cf5f9aa594319b7c33f3a6351,ok,22,68
0d1efca3b830673b2d0602ae484a91b0682e895b,ok,226,815
e7b652b9f36b4d612c5625d08354885054d4da82,ok,255,900
ddb23c74a9e344256f2efc10b0c5aeb2a49b14bd,ok,12,34
43c4cdb0528ceb1c9ac6653fdf45c2ed276dc95a,ok,512,1830
6c56451f1398408288e20414587a7a6b77fde6af,ok,31,104
7d4dea87961929148acf4cfb165890b4e423e7a7,ok,20,66
7e92a91a9b00d5ae5252634117c93230d44a2677,ok,28,92
545e106f8b5a2af75c59a573387521d23d5f2a77,ok,109,392
1e4f842721975e44ca21db11ee8d5cfadc98e0fe,ok,36,118
d14fb28d90da1a1a101da1e2b7cf535e304a0abf,ok,194,699
9590dae6521b28b3c06f7ed89a87690c5726bbde,ok,114,397
97785232673dee634c6bce7c05172effbaf85518,ok,103,374
131b6d0d4ea34c55b2a3cd49a9c4b1b1f621269e,ok,29,90
4d63b67cc9e1249511aa88d9f42c13746cee29af,ok,19,58
33184f58f8140ffd9ccabfaa4aff0b55ecdae3eb,ok,249,953
18dec3e243e6333ea3edf4cf5b1e93147ad5107e,ok,176,614
523cf00b3364938b8611ef5ca1f05cc61fd7e3d1,ok,312,1101
486dcd8604c8ead8da5733bfd7f8523b979ddd29,ok,18,54
f1ca06693aacfeb9aea3465c6751b15870272ef1,ok,187,654
0f49bdbe931e65db2ba04ed5aa946e09f277a82c,ok,38,119
9238bd6fbcafa117dc37b4f1e92c46b27c07b9dc,ok,117,388
1b1fdb4922707ec4eff79f18917f1b0dd2ab90aa,ok,24,80
412f4908f4db402aea9e17b8ff8d31e8b67c0e18,ok,33,106
8b6f58dbddb66acd256dd2d2aff6d7d520b57e9f,ok,22,68
6d8f279ffef66c277462cf7869c0da38f7c4ee52,ok,179,662
49375b35ff3daae0e44ababf2f2c8ebd8f3880c8,ok,317,1129
8ece009b6b466def3a0c75175a28834bf0635bdd,ok,89,314
3289cc44b4e0b36b3a2e6506efd2ee900c5b1128,ok,153,556
d1f4b767e7654961363ad710bd26f6cfc18521c2,ok,20,60
733ab33cb8ecdb26b4c101d78618cb729c340255,ok,512,1826
931e71b283b4b0510610c096aef504f6bdc24b62,ok,90,314
286d176b284e7b859bd50d9558521979dbf0d908,ok,27,94
3388343b341d07b04a21a3042d44bd89ca9bdd7c,ok,409,1482
149a3a8ed083ac7ad38c8249b047994c8618ce8f,ok,47,166
7649f44d9391db87293ad933cfd08efad4cb5fac,ok,19,56
de84839510899ca5df1552f371b9efb58fb24a56,ok,20,62
adf84c647b15781cf3d659e3949937e9a1b57282,ok,12,36
194dedd3e6c0d8eda79641de448f33d864daacb9,ok,107,366
2acd1738b4597f98fc8768e82e926cd31af2ad3f,ok,24,72
43d7cd6b4fe11d5bf82c6d391568dcd14a868b76,ok,29,96
9f5d1f16c78f9be12b19bd1223af597de3be431d,ok,512,1818
7fcb36a7efb4efd0384ba689f0f27881ae05707c,ok,317,1124
139ecc975021fba650cdb396121c3a31074522ab,ok,472,1735
39419b18012acde63b6176a237c25840bdcbc359,ok,167,593
79a9035fbf41ae92e458dacd5713f37eaf2e53ad,ok,17,52
39a5c97c9daa85ec7436fb6faa7f18173d10c31b,ok,25,84
f20fd35aef09f865d4e94ce1236c7f9b18447d4e,ok,468,1687
15f2f48746734f94000f2146a0cdf0cee6c32030,ok,69,240
552bdac9364864280e9097ae6f3afd80362a931a,ok,16,48
846e7bb9e482028ffbf19aa7a121f2fc50c77469,ok,283,997
1c6b685b0acffa2ec94771fe130ffc711d3b0ddb,ok,15,46
1d19cb229bf54e7ddd689375716a41dbe4832fa9,ok,287,1010
bbcd36639ed716465c1927fe34b9fca6dc129a5f,ok,27,84
602d058df93fcb41153141b36a4e0f3ad8dd0fab,ok,71,253
52a53f79a5b8b32e7401b786ad2065ef737798bf,ok,35,114
a4e8b72ca9979715b899c5d830fd55e6b7be9227,ok,46,152
db5b6159eee84e83d3bac0a047d51bfc38289f96,ok,77,259
ee5cbb55f6e7b8d3c1dff81fe8272972a50c829e,ok,59,206
e5c498e56ed9c04e96c37715636caaffdace5d33,ok,28,92
daf5209c919891114a4fbf1ec20de6ba7f4ac8e6,ok,327,1156
b1b9e926db76f922368dc1634af9dfca752bcf9f,ok,17,50
99aad0f6ac6c88ebb27a02080b332d15eada5d00,ok,55,194
8ec8d05339a026ae88f7bc8776ebae22afc99ae0,ok,21,66
6971638952791449a85ffe6e6400c6078b5b64ff,ok,24,80
81b348e049ab93402d306d986bbf7078972c0d7f,ok,512,1794
00d0496bcd1952b18f2167962924f9cfd80059f2,ok,28,92
03069dc87f3224baacbdb02fb66b6130a2a1fea6,ok,113,400
4970a392174c6bc95b32fa91eb656afad6e8ec02,ok,27,92
49b95934362b8d546eb5e320084d567de266b92d,ok,512,1932
bec2bab3d65f5001d8f376690ec67f4891563ba9,ok,38,126
3232fcc6c2d254aeefa6fa6c424189fb8e8438b7,ok,512,1830
78f7591a1f8a697c6bf3109d568f5768e02b3136,ok,53,182
7a95ad7392fb5945d0c3f4db0cf2914436f5dc14,ok,490,1784
e398d3205b9c19a12c63d2e4278af00527d36522,ok,30,96
ff3f26dc71eb5f037dca689f5d15e34326994d8d,ok,417,1482
7ace54a427c2f6713ececfebd3316fb39ab2d81a,ok,237,868
6528938d79582c40493e0c82024a9de7a133792e,ok,38,128
8fce35b2e9df75d096691f3127f91a09a6ba42d5,ok,234,863
32f8926cd542b50b8d0b0d951fb3f9145405d397,ok,28,94
e1a416dc6758888d603d8dd2e50ce23e38b91642,ok,11,32
ae7589cab0e4d124ff59fccb2a1272adc470cf50,ok,86,307
76da592ddbb6c489885a9608a7ba0b525f63c702,ok,51,164
d669d86bfa42487850484cac56f4838e3712caad,ok,49,160
89875e3689edf26c08f2130ad8a3041c3dd183a8,ok,24,80
d61f025d607968660b8067afbb6b9f21bd4d3361,ok,31,100
56789b5a0d140cfd701b61a567d4782cb093c00b,ok,128,447
5faef3bb12ea4b036cb3968efb42122036bfabf3,ok,32,104
771acfd435f739aa87ba2e094956ec4d8de8fdf1,ok,256,904
cb69341d5c5ba4f62c8c31351c41c807381a9c4e,ok,512,1810
c991f3cfad0d4b61ddbb7c9450dc8c4d88c292fc,ok,319,1153
2f6167094277582311815d04fd2aa3a6ede0515d,ok,33,106
321b9ed9e4140b7c8c927a67f81cebec4c2f895c,ok,44,142
063567fea6c19339ebb65af646301e23911dc147,ok,28,90
dd454fa659e9401ba597f80f0fe838ba7f7005f0,ok,153,544
bd099c241098730462d0e2f0d63e57e25b1cff77,ok,78,269
6ec67158a939b6910c365cf1452f23168e33bff7,ok,104,360
b35531d877bdd4765f29d6dca356ddbdab8030be,ok,17,52
1def6ca44bf7f3eb2816bd855c48a97cef04e616,ok,255,934
c197c0853239f336951065601840d6685ac0dfcc,ok,30,96
1e9fc4a1751b8cc1f2c34f963405709feb6dd5dc,ok,512,1730
cd9af217579ad0287a303cdabbb4d3a0fe0f127a,ok,22,70
7585eeeee4ea65a1ab5c028dff3f6e18686d45c6,ok,15,44
fa55642004aaf624f98aa86826e342e54a4d6d4d,ok,24,76
c4b74397a9f3eb76dd1200f433d0937d85b40e86,ok,21,64
c0e9666357598fe1038d8837c8cf10c9819dbbb3,ok,31,98
360e965284a1e3cc4e17718038f05c7552907801,ok,305,1116
3c7cd5640d9ea685f1d00ac730f705f242150503,ok,28,92
e9ba55b28974c09d139471e33d27996f9a36d8e9,ok,143,509
6483c87ef64cd3ee0b5bd510f60bf85c127f5092,ok,78,268
7d505b6af492b1858f0031277cb61233090ed97c,ok,164,596
93cee997a54d2544b2a10baa5c34bc5d8038c577,ok,61,226
c9308333b1086cdc1764e2b9fcb6e5a0dc7ea4a3,ok,364,1319
efb3f92941cfceba934b9f210c30a2d66348a804,ok,29,98
a8c329d6f8d2eadf6882129f7d49e0cfe75d082c,ok,41,136
c7ae652e1533abf6811f77d7c5d69a26c20dfd4f,ok,26,80
da5b5da83783b274a21b1e6130808ab1d9266401,ok,30,96
5136fe0d6731810a41d83215ec18ae580fd16925,ok,512,1892
94587b0f85d7bf3d16ae677585fa1cfe1a8273e7,ok,18,54
6c7a8b08aa14f476fd48fc00d84898e8de10f60e,ok,231,796
0de45848da29624952f6c7b6694683dea69d8f6d,ok,18,54
78865f542f6227cb8d45166b73fd0c74f04329e3,ok,12,34
93eebf68ce864aa7e251c0c84e44659bdf823f3a,ok,16,48
a55db0ae39baac41b71b79a31da671202cb4a92c,ok,24,74
15c57641287fbb24ee4cba313b01eaa464c79576,ok,61,210
e48e61d71fa31435a2c2bd788cd26a522a0ce6a2,ok,502,1725
a16f2421df48eca096478f9209c3fbf3874e06b8,ok,413,1494
e4d45bbfea5d270308824f6255860a238da19ba5,ok,161,590
f7d50351f46910b69ffc87b0f70bfaea107a352e,ok,84,286
0197624b6f07230af00e04e398cdec4d41100a0c,ok,104,359
0b0fd34c779688bbdac5ef73a353828ac1ed483f,ok,228,821
4de921b8064c81a8086d40d5b3879bfb51c54002,ok,154,559
d6642fb7c947131f8934432dd99e746f21a1d053,ok,448,1640
31fafada217c4c50a33af263492ba3378de1b7ae,ok,25,82
7085bf84264799ba3b6513c31b318b90904f70ff,ok,12,34
b265a556850160d20ec006b53bcc820e86ab7c2a,ok,81,278
f8bc6c787fc845e0e484aa2d42e3def61fd067d1,ok,11,32
f1d18076f4e2955870fa72e6c27cd2b9656990e3,ok,59,192
e747b1e97f6823bc681d94fb468219ca4637f698,ok,21,64
a23f994a2f0ccebe2ea8770fe3d0f21531512c8b,ok,423,1596
a33863a0481113bc5184fea413c523acedd72fbc,ok,179,645
9758f95d80520d6e7882e63add020a6c4fac86d1,ok,459,1591
6f534bcfaab854ec86d3eeda5c05c4fff5eb959c,ok,23,72
ec01f7d109e36a0cbaf962ee06bcaa98a28ae8ed,ok,101,357
53199b3a4493185c86a17a6b949d217b08a2b1eb,ok,361,1266
7090bb4a46625eeb81f347131eef9ee7d0204557,ok,17,50
0b0ce4d1076a543cf4c2e565b808c632f78a22ec,ok,59,199
edf5b510251ce5d40213d0257ce338e30b9bb548,ok,25,78
651f84d007f03e4bbd274f66d025a3f2cc907f21,ok,25,82
25a4b2b9af5e4e678b1309653f3dca50ab79cdc4,ok,280,1011
9509a3e62658a264677665ed94edd2ebfba6dea6,ok,54,186
d01a859af51e23d9c77f49b1c10a260d8881b2a9,ok,339,1235
2be4dec3a3921567ae25d881b3e02940096ee6f7,ok,24,76
d99d788d5eda9c75e0c234f3cf33cf16114738a8,ok,110,387
3953ca0df3cedde1bacbb9cf0a78cdc21726e8ab,ok,348,1277
15edb4b1b80d09a13a837ebf0086c259ceacf396,ok,512,1778
f5df7dc7c7755786ec39448580b99a8f8e00eae9,ok,42,144
e154b91cce97e5ad63ef2393c843b9b622cf4213,ok,16,48
65868cb9e9043cb2f29237d30c71b305acdcc6be,ok,512,1914
a589db57e16a3174d5f4a09fb7e11e07a2d9138e,ok,12,34
b6c9298aef509d27d5e05a2bd9a1f1a4707a2340,ok,23,74
3d4e5002ae8c4505d89c1eeff2a585a7ba09694d,ok,101,359
3ae59f7f86e2f16deb915cd5bdce5235d65dcf70,ok,55,186
5f74f241a20c94082427913f484b1d54533d30eb,ok,512,1834
c8e8cd81b3bc9b1881b0f4506eb463e3df1a23ee,ok,117,407
d50230cb0735f79ef569a5977457ea7f6c4ff635,ok,112,401
532076417e173522062cae17bdb7b273008642f0,ok,92,325
e491d7da251b975cc1fde2570c3eaaafeed19585,ok,39,136
c0246bdfca201bdfd34ebfdeb5c8d5120545e005,ok,12,34
dd532efe5f56738c44906a84916a0d04bdb8d769,ok,154,535
2782463e244f7d9834eb75a96019d21b814d2587,ok,512,1910
92b288c740f1af9e2ded8414b3f1200beaec15f1,ok,216,784
e0af056c782aa52bb10ec412d6734244bcd8f910,ok,42,138
ff2ca96246382817e8d741cfcb097f03d11bb143,ok,23,70
3bc986bc880e07edece07a588e853f8b7bd2d9ce,ok,29,98
04dc91139efb273b5a0d65815b2f9d211ae5a45e,ok,23,72
80a0126f9a84bd1e78a901722a164e98e9558b41,ok,34,114
22d5df3da751fe89a3d42a993a3f36dd4be87b8f,ok,512,1910
6e9a23a83adc7e1b2d1220949154bcbf4525fe57,ok,16,48
dd456cd7a1aab50ba0b7a9803269003a730c11ec,ok,447,1633
707aefcafd28882691c52a7ab6b44724bec4fbd6,ok,247,849
aec7ab72a622c3da8e98e608ea8f64542f7c007c,ok,58,205
77735fe85876b9c64e10146aaaf324e2482150d3,ok,55,179
752add551f8e2f82a37991b117d2432f9db01543,ok,17,52
aa8452a57531bf4ce205c6baae528f8b261420e2,ok,208,730
3875662d584e246e686487e6e2f17dbd439b3a7d,ok,75,258
be33679fc9c11bf774eaabfb070b8c9770f35ed1,ok,151,542
bbd8b20fb8571e68cebd8a16036761af98e1a99e,ok,17,50
1668d5c26da207457ffe2898041f592b0220f2af,ok,15,44
2600c8ef89f07050ea3dd623d76535c598d1298c,ok,18,54
5bc87663ede426bf7c9a2c20d9e0d1e44a30959e,ok,32,106
242960aa4cfdd51084430bff381c2e69141e5cf0,ok,44,148
b7a6f1ba4c4bff26f297198e660c7e0a62e69b8f,ok,85,302
84006eeb0370b7f2c693e15fb708305bd7339457,ok,95,316
a938b7fadc8dbf53f408113fc78e87b66c7efc27,ok,512,1890
edc7f8fd18d40f083dde20ed9050faad0bd40f2e,ok,19,58
5c7a6382cfccd1237c333bca27f6c1f9edd6a1fd,ok,16,50
8b40e967e2f079cf8aa4652d3ffddda780403bb6,ok,57,196
c41366aa09a4fa173d4b96baf8e26b2583ccd879,ok,78,278
a79b0fa0d0ccdb36d760f8ad419c48dbe0f13bea,ok,25,78
2d3f9881a448316473f6ebea39d3142e0f9c606f,ok,58,196
92cbdb3bbb16f76f27ef8361239631770684fcee,ok,512,1808
a707cef80a409e48e583cc1a1d754bdec367da35,ok,8,22
b387e050417979781329342be64a1cd3f3bf3ccd,ok,282,1002
001fd68ae0fdad0aceba84478abd76249fa6605b,ok,14,42
9c13ec7ea0215d69440a903de8cafc7f532c524e,ok,200,701
199ce943b6eb4a4ab69ba04b408a35978a43df98,ok,512,1922
277c525b10758aded746440b0fba3ba296264020,ok,109,390
eaa3f4c0646b5bc7785503ef2515156d1a36895f,ok,45,156
0b6b9d9aff2e28fc3b820322b74109a33db9d899,ok,170,588
3c4df6332572683fb55c0501164eea0d6bbac672,ok,80,283
8849226556f0a027f187cc9047241631775a83bc,ok,10,28
5ea4f4e23fe2aca46bdce9ff411eab4416b4bf7c,ok,106,376
628f1a48962fdaf6c05dbb5d7163e29e3e0762c9,ok,8,22
bd074a299bb859caf6a938bc9a88b4e09f341014,ok,128,454
af5b126643783f896c9f6774b5231e38b634d884,ok,265,884
c182a0f47dd83d1c4950fb14f838f5ccc5afdab8,ok,36,114
eeecb4969a18311709d51f4b836ff8582bb9db6c,ok,210,744
4bc541cd650e2cd6c5af6ffd666d4dcd5acaa31d,ok,512,1864
c977bc69cd43e7bca01d9846179bb081c0a271e1,ok,451,1743
f7673cfd510179230e932c6eeee48bb0c8cade8f,ok,90,312
9df0fc7725da69e9309096d62c2ba2371dfba63d,ok,128,442
7db70acaf9f7c043354bb8610d8085d1a1e40078,ok,9,24
4821ea07ac56b2bb0f83a5a85dfaf613bcd55c4f,ok,30,96
12b56c48ff5d113f900de138bb395359b2dce140,ok,175,629
9c534a37897e3e98e966c558d7a498a8b3e2a3fa,ok,94,320
5e7afe9952553808bf0140bc4516abfdbc2faf30,ok,182,646
193d533136595788f4bce381ea43c9d422a41873,ok,16,48
dfd28e6811bf63b1322158a8113b9aa169d0d7c6,ok,69,242
b1c3a01add83d354adf97e4a4ab43cb580040d07,ok,8,22
f208736062f050c9013788217d6941c2de0b4662,ok,32,106
f5b103fa2928492cd07d412489c13c62c31df67f,ok,353,1214
80cbede1cebd22b03f338be6af5f45ef46e49043,ok,22,66
d7f87ecc3e610c6ab90389db0205dc8c28ce412a,ok,268,892
0a76df16a33ea1eafcc9d34007e7bef3e3c752cd,ok,178,602
5aae8466c4f1c13b71da249e29e50146329cbf00,ok,101,346
a45bf2c89ac89d8dcee15bbbe25cff427cc54315,ok,57,186
4ddefeaa0cb46fb2d0802bcb933681039940772a,ok,26,82
8180f3a42964c9ca91215e4df60c163d0a56f646,ok,134,488
00cb39a83499c507861f9e99d43ae22c888fd6f9,ok,94,339
b0a73113139b8d859a00d773bc8c42de09d5b0bf,ok,19,60
d8c1d8c2baa714dc6439d36d4169d036c063a85d,ok,24,74
3622489405ede64d8c5537b3b12ffb6f6aeecd55,ok,11,32
c5b109dea7726b2d7e1e61efdd63c6290ecbdcea,ok,29,90
d5a19f0b623571e5f53b4bd4ed3ef644a4e63765,ok,8,22
1de95d889f4148c71f7fddb0f3dad916503433ae,ok,72,255
136a7482d46062d9488716a6f6264129f70ba257,ok,301,1082
5bd84138d7c0a1200985a9f26fb4aaca8f917941,ok,29,92
6e8631905812ffb18cbb7aef4a732a5f9c55b04b,ok,20,60
7266f82958a12e4b1f0f7ba545fa7fc6cad8957c,ok,31,102
622bf0d46f08e50c6d9aca12a8ac400ece0485d3,ok,60,208
6933769a39f1a5c57a999a45d91ce71463fc7185,ok,57,192
b1e07fc8191a1d0f45cf22cd2028041205f0ea28,ok,8,22
ec516699cdeb24df46e88b63100348af9ee288c0,ok,271,972
81b8e47f4435d4a23481fa9c6e35f5539e9d0faf,ok,512,1916
2339307a6be55d8097ae043922698a845cc85a2d,ok,73,252
6c694206dccc57e3394011706cd41a1c7d719848,ok,22,68
afd72f1875d7b8d34c87d5d986a7acb0ad08dfcb,ok,27,88
deb3c3c971a2df54a1b20071ceb74ae2a172f9b8,ok,104,371
6d4397dac0bbd1addea2202f0d3db7f68b414541,ok,395,1445
a1d3c8ab26dd4914746f45c4d186f33c88be846a,ok,197,670
cf2d9fd35e01963e210b4f0c7eac06adef72c955,ok,512,1841
7da5872510f45950f10906425573b0433573a0a2,ok,82,281
51cd54dd117fe19d9e1ad945c528fc83415a193a,ok,81,289
e707628214329eb1993427bbab8678081d1d4010,ok,170,647
2a72050c340636c9e7d9b68900ddc77730a91c92,ok,165,592
c33aa51377eb1ec4ba1ded9d7f2a5973580edaa4,ok,31,106
7f866525fe9403615a49eb7d4ff7efe86b0a832a,ok,55,180
59de22b98b6cc4e4e4875ca77a05832f2eb622a7,ok,95,345
f3a73c192f94278eb01227bc04e8cffa6c4ac8f8,ok,131,470
f3c45190f924459b9e9878ac5bde15b160445a6d,ok,54,177
3eb0ffb423143e4a0e09047ab61d2db242e7f611,ok,512,1814
c9df235075564dd74d82b3d532d60d60515175e1,ok,93,321
911137cefe7fef5ee6be4d99058b81748139d2d9,ok,19,58
488cb7d8850cf07f667ae78969a27e9346ff35a9,ok,17,52
802736cea75c605430f6e44979438722b87826c4,ok,65,222
283e50ea2638d0887ad55fd0b37dabd14f2b69d8,ok,512,1853
e1aa577ccf6602e2b03a507b3ae387399b30dcfc,ok,110,382
ef64c5be6bfd6138334c07ed0eb3393b3ea004c9,ok,119,420
11e20d7881f64381fef4322d5b46e4a320fd1111,ok,144,511
6e4582559e83926034ad00c595f51ac2b6b356c9,ok,512,1864
8b4a6ed263534924afa1ae0411f2c3033b3b6d70,ok,165,590
2f8d15099d829395d7dfcd0fd036339862b0e54a,ok,221,792
a900127e68b4e75205480681d171a22cca74034a,ok,12,36
e3c7bcebd90315524704099eed2425b81c0ee5f2,ok,403,1482
3795964e8721f6c3c2ff79a4d3df90e05d0497db,ok,12,34
8c09df0ffcaa808afa937a5a6fab413d49817805,ok,34,112
ba25d698195d332c7c562dff23e60eca0f2062f7,ok,143,508
260b4a743422f4bf71a12defd216811776a0681f,ok,21,64
8ae8bd72952b8545486c46488989e041b9c32e0f,ok,202,715
21100ddc1c7109b81ec0597e3cf31fb03dcabd9c,ok,23,76
8e9997aa0b0e94862ccc6a4869cfc10109c8ec12,ok,373,1289
91722b5443d6c2af9f59af717525f1017f339fc1,ok,25,78
44f2438d7b71930fec5c9e3aadef104e7ae4a3d2,ok,149,566
4c44839b787a7ae92140e7593bbd52057651e161,ok,19,58
55342f8a0f8ba34316d02f0a589d44a04624f1a0,ok,23,72
05f4d2d607abc389f4b5218c33c3cf9a8cbf5b64,ok,51,178
63e0445891ae86e3e84007b309b68893a4367c8b,ok,512,1841
4996b293a64ec9cb5933b78d5432d0a1026b5024,ok,202,732
67e4fed1b0c3794f24725daf069b48bcd5187645,ok,512,1900
aab692659fd6a7fddd96dda81fd55e061c0aabbb,ok,22,68
acd3405f38bef4b86c62c1aef04b1a7a3d06b04b,ok,79,276
373cba02087af038721b28248bef2eac79b6766f,ok,67,228
10be70b8b7c4e2054fedd953975fdea3af1b684f,ok,16,48
a2259a7483d8f3b9c79813761fe7fcdb66db786d,ok,38,128
5848f8ec08aa253c6b77d30660e019789b725a5e,ok,56,186
5ec1326f27594f8412f467d42eb64aab248f0cb7,ok,43,142
e683f37a74ef0ecafc20a5d7966e789a2cbaf4b2,ok,61,198
d8891d824055db8e60f1ec4fa7908952ed3b3ab8,ok,185,676
dfd6b0267c489d942cceb848660bc67c7bf0f71a,ok,28,90
95fc17eb956411abaaea83ce0c2718b479264ff7,ok,512,1916
c97cea8c158edcddaa940198af6ea4c285ce78a7,ok,73,261
b6e3bbd4a10c9ad86845e8961c6e880aa7345bbf,ok,19,58
1b978dbb2734cff7b38dff444b2d931610382012,ok,376,1394
1fd5b2eaa57bb49e98fe6bcd59cc213f897441c3,ok,313,1117
b7ce8eb108e57c504565cb4c0f94090e825022d6,ok,60,204
9aecd82fe3bd327f5705897052a1ff88bab54f57,ok,16,48
8b38bedd54b7a9c49b82ceb469197492935094b2,ok,60,206
cbceec329c1b40ffa711f05885be5c1b960e32c6,ok,56,191
0b338e88591fa3ce043ef501bc8300e7c254a05b,ok,187,686
a048bfc70b329d0899f0b08902cb807b6afc8cbd,ok,22,68
61fcf14118cc8789ee964e5a7bf595d1fc9e2f1a,ok,87,310
4da41fb32dc64d3ff55a50f82209e6e4c4709feb,ok,40,136
0e9ab433520d665af2fc64478994a123c12ef551,ok,40,128
f0ff83739fdda93b9af33605eee3da4f958f9d19,ok,96,320
e2fa4667b2432439100e10360ec3829ffdfead4e,ok,178,618
77bde24917b57ad35d445d502e492f1e06bbbee7,ok,34,108
5ff29611ad0dbc3845050cf49d043855b9a197cd,ok,19,58
fe4da31d8f0d4144e3eb7008893bfb237e275a5a,ok,341,1183
e4eae70193cf0860a33f72be17ee95b6f7920dde,ok,415,1506
8838b92a2eba7d1f9f39d1bfd3ca1d2fc8c932a6,ok,42,144
c5c05593334dd943fd3b79c222b43671bf875708,ok,512,1871
4007c377b1e983f4d1ca004bb482590297bb0970,ok,103,371
ff8ea5989606182dba97178158448a4c6fed4cfb,ok,17,54
6d349773b9bbe407a85755fbc9e41d6afddb04a6,ok,28,92
224e561acc7dbd9a6fc5f582327b2758da8011f1,ok,17,52
5ca1aeaf7e643805fde5e7515040e69b21652e54,ok,512,1812
dbc4a90bd2ba207ec7ab4294076d7b1c099e79a9,ok,45,148
6bcb791be793abfc392eb9cf628d86da9fea11c8,ok,183,650
57d8e86c1ff8b29d5b5d58840e910ab0a07939ef,ok,270,975
82ce0d308287b6ac9574c6c9a82b1b3ce91b5555,ok,35,116
47ffc4f9f8b4b3339e7ec0064fea1e8e78cfbd07,ok,244,861
247a5e5219e0d1de7cee21984c99aeb5acf753c9,ok,512,1804
12ddd74741705d0a7761c6b64d34914460d9faaf,ok,28,90
ea3554190086dae8843f98e503631fef261d9f95,ok,18,54
417f3301228c500580e6340722b2a366349e6ef2,ok,199,722
6b472e9379b493a40eb1ff631d5b380d3584375b,ok,43,144
4be84a483d08cc70bed2bbb789d17d2a61511548,ok,371,1349
df941db1d1287378feb2622d51ebd36a7fdf09ec,ok,30,96
7c89194d4b8fba72e59633695a449c1bc251c659,ok,34,110
45fa13f712dde97bdf4da29be4d3827c366ee341,ok,16,48
57e45b84842cdf082c162537f8d073eb428f3401,ok,56,184
6dbbafec76116252553b7a076081a4367426b2b7,ok,20,62
8ca1b59ecc3875db84282bb247edb8bfe8def929,ok,159,554
ade0b7a979c880eb1cf6530dea02bf9bc3425f66,ok,75,265
3f15bceae03d1b262b7aac9c8f278dbf65dbdb4e,ok,23,70
3563eb4f04ba9ad63ae1582cb866f73df7257219,ok,24,76
715f806dd957938b7e3e1182dddf47de50ba394e,ok,249,896
6efb0bd3f92f05a3d4008c3eec5ee0da2bf7d46d,ok,24,80
5fac1e41347da598f50fc5e3dfdff0452cbd957b,ok,16,50
0d8016a04fb385533c135c4f249ea5673204472d,ok,21,66
943246f6852f86895393e9ee19d59f8df236d70a,ok,336,1204
c28790cecd40478ebb1bbe24061e18e36225f7ce,ok,54,184
8db404ba2b4aa693dea04ddcd39643f6087ff957,ok,24,80
0ef1b8be40e0dd5b320f3822464cfae975776c1d,ok,119,413
8468ace7a03a902a87a23427d9b0b00e10f94f4d,ok,19,58
3bb36576d6d9a2a4c16ae0ff884f8530c2044268,ok,34,110
194106f3722825f3b4cba1b0526ddf0a733261ee,ok,23,70
b61f561393e682061938607efcd8ff5378858e6f,ok,98,341
f13c6e194a85e432b6ce512561349ef5b195fb9d,ok,19,58
7efd3ed0be13a6bff4b003c7b2282ab6ec813176,ok,109,385
c1b86c2d9295c9ba9e5a2836a0fbeb01c647b80d,ok,55,188
bf5bddb8e5c4f640127b76196dde88c4eb398f39,ok,12,36
aabcc32d873f873d9938241813d3c2b6d65d464a,ok,99,354
ef6276a92229841e72250f21a913717f1d1a3876,ok,512,1849
6b25fd3684248dbd7dcebce09c32e93e3472f31b,ok,31,98
af50eac98d852e8b893385a625ba9200184d3933,ok,74,259
56872a4a00e435fba9246000e566c7467f859d87,ok,22,68
077ed0b560ba525ec120f4d5e72e43bfad815178,ok,512,1892
594f555a5d0ff14b46aea1bda61f9d2645c9e3ef,ok,35,112
67ebbefebd18d9d7d0475bd8a2ae32e3817e0996,ok,318,1099
91a3d10044a2463a7429465489dad46bcf02c63f,ok,107,396
1f52092165c653ebebcec3c849036bfcefdf00ae,ok,260,926
bc485aa1b420082f82b39de8f23ac1e15f66ea85,ok,25,78
0592e92ce5b753eed18ba11265944d8cc9e1f055,ok,512,1877
fb40b75a3ad58906b4181b11b1c545dff4e0e99f,ok,282,988
1c7978c4538133169e257fb00fb50d6315d95be8,ok,131,470
bde3af67c7950e05e78fed1f62483a1bb65bcf8e,ok,54,190
7217204a38465d913298b88eae2603cab3e8590f,ok,40,142
2e186040a04554215b683a3b7537b4f0ebce36a0,ok,163,585
3480172dd2ab73e75b73390aa46371a93db0733a,ok,41,138
439fba42da471c1b7a084c2ac4a02eb46d51f80f,ok,22,66
29857259379b79e490a5a834469e891788ebfa61,ok,68,236
9c34d42eab4cc12d8d870852eb08261d2a86d1fb,ok,24,80
84512f15316892e6f7d6e2261dac5b846dfd63fa,ok,72,259
375a22f1e8a09d89dc7f5495bd9c02980d299583,ok,22,70
cd1b5a9b2a996ea9e75776a8dbe2146bbdfbfa62,ok,83,298
08c83297114a02aa9d81336885752c9cd421cd6c,ok,9,26
bda216cdd6e3ff40d6b43b67b2f1a66d107101de,ok,48,154
aa8cadcdbf712f9f3b12df177f81bfa56db389ca,ok,273,991
3bb8382b5044f669b092e99a84e8e82fd1107bae,ok,512,1938
77c1b8e8f09cdde59cb4b524c827b19c258b2337,ok,223,818
a3c96e9f9ec0ef0c2214c99200082a371e5ad59e,ok,25,84
6002e95c6450bfb39241b4c91964dd11cf19a9bd,ok,21,62
defb82dd9fcc97b478dd74929260812d197b2402,ok,146,519
02d4ae220e6bb53589fbae915b650f21f3779357,ok,512,1885
d381aa64b1bacdc803da1be72027f0c9f945da8b,ok,206,738
6f2d8858abca61195a72dfa747388a51f692fbc2,ok,218,803
f1398c6e49888f728c8211f5705932cb0aa5a23a,ok,413,1468
a101ea56795dc5de5a45457122c783edfd0ef87a,ok,305,1137
9be575ca922252933bff77867718e27029707115,ok,30,96
3c045f3987faf9570cc0fb0c1a790a28f528b51e,ok,512,1869
9146e2d727450432aaacaf2ce1a8c9675d31ee78,ok,143,507
ed03b46066a2c161cca2a29c8231cc07d96dedef,ok,24,80
0a3a932afcc1605781c11c21470aeca7fc23a523,ok,24,80
0e22ef5eee26d2f6834e93668602d3fdae34977a,ok,218,790
dfeff08cf60382e43977c98d5ab39fa873511038,ok,30,100
c50e3777ec312e7135e2bc49a93120512d4014da,ok,22,68
c7937b549f7d17189b0eb87edeb1308e560f5bca,ok,29,96
83adcac9f80469a562e694a62b90eb77fba61d75,ok,140,479
40ef7cf31ab878559e31bdc755022f5f268acec8,ok,349,1289
ba220e0beadf4e410dc26756742f10dd8e42926a,ok,20,60
2b9b37e57e32138109b1e668efafefefe71632d7,ok,47,156
715a4250cfd7dde97283679d890dfcb6e96a45ad,ok,324,1174
6967ce5f0026505189bb43feb1edccefee093432,ok,107,368
776fb7cdfd21fbadd4928db5645347f013a43882,ok,19,58
fb767e37b80ed15fd8fb54d7617948f12aec0e32,ok,189,684
9be4b95e9bda369d549172abfa79785648c286f8,ok,512,1810
7816ab6bba1038c975ce18e931d8c7244ba13f65,ok,16,48
a82fbd1bf8a6d753a4d7176072913bc6823bff97,ok,512,1804
03299d233ddafd44ae68de6d4b06cc37433aae1a,ok,69,238
e68f40d4e520293b8e074b33ee0fc44dab58b9d4,ok,34,112
94e1b90ba18f671f5393a338d15797980645f0b0,ok,16,48
67b841e3939870d739df49a4608689973b7e172a,ok,26,84
510cf9644eff4a9173f1092b1e6f135c3d8a96ea,ok,512,1881
a222352604005e4104921c0fe99e554b13c8fe1a,ok,17,52
812ab8bf8b347866d4c252468fac2cfe2db76e4c,ok,25,84
a907162845707199cbfecb4ada3bc10820b1d442,ok,23,72
5cb8d3cf66e572ac9080d8daa009de1798602df0,ok,49,172
0b01c65428d68a9377300f9c94440075f631e9df,ok,44,150
e576a7e7196b2c8e028e4fbee1bf3eedeeed922b,ok,143,538
61fec1bdfcb1447cc3744292a6b35e9648a794e6,ok,52,178
b8445457be4b8c8a328d317bbd2e39804d8aedff,ok,32,108
5d73c6a9dabc4d025c6472b247a5ca5bc09320dc,ok,12,34
3bbe989682f75955b847d0ba3bfd80714801823f,ok,45,142
35db3d7692a2514ab6b00ddae75d4cce2e784f03,ok,41,140
029a6a3ab8d28d2cb3dd3223a2f29d41c83a0726,ok,76,262
e255fe46906a33921005e96c9a96aae02970a7eb,ok,9,26
c55692e6e3fae390c671befcbd686d4e4b377d2e,ok,145,512
3275d8774ffaade1f4f4dfa4f862377e4ab13b1e,ok,24,76
6dd5d507ad2b6af9b9aa5e689e92754cf67905da,ok,512,1761
9615d0214ec9595d51023da45ce777af5ab5d0ed,ok,170,647
1de5932b12110e2febaa64511d16e56441ca5df6,ok,27,90
89c0be02438e11fc580aad4c3b1d65f214866eb1,ok,122,439
f5e1e6153136021261f49b445afe499e01d39559,ok,111,392
7fdabdf251aeef54c4caca552478f4f73d2ab2f0,ok,87,291
751bcc39360267c52d6f41fcab8158b3d27eab7f,ok,169,612
c04bfc5eb87fb4068b3f1a20a45d37d43c323cce,ok,120,429
c4ff775843510ceb870b9bf042744c3494810612,ok,512,1877
f8e63d81d30fdcd78ccaa33a4f2e3a2cbbd46f2e,ok,410,1509
fd806c07ee4efcb4edcb793ac168f8a0032565b4,ok,18,54
93d38a00f125bf1125077dfea05da29557b95d90,ok,25,82
1d18f273b830e61758ab5ba1a1224fd7e8d4ce43,ok,183,660
c1dee64e473d165f875941f5a3640255b0df0aa0,ok,30,100
29b4ac6122c56023ef3773a9469d2e427afdaae4,ok,15,44
6b749b61b0f3f934cc4b29222dc70922eb84d6fc,ok,512,1872
e39dc2fddf0fb7750f1f485ec282b7e6e6f74a22,ok,390,1437
89720fdc8a3ae6389992fc36a938c116abbbdcfc,ok,57,182
0ad07ffd359f1129f227a21e7645ef5848ab28cf,ok,275,972
b91ad7f96ba81eab37f3da75d87ea27221d2d6b8,ok,46,156
7db620818a289145afeb21242e38e1505684a30b,ok,27,86
e04dfc12e9dd8df293ebf90ba557a3d9a544ceeb,ok,378,1383
c0941427376b974d1addda7c9e19e76296c80b7f,ok,471,1655
d90bfb2620f950610e38a36f382dc40288c21b7c,ok,65,223
3944684dde6e540c9f69b9f2ee6b6fa98e20d545,ok,103,355
ce6e8e844cb6dd287ba0cb252502f2ff0fbe0d48,ok,30,94
575bc5e3294924ed39a45e1b98c4b757e5caff5e,ok,57,194
2a82a3ee3a328396995fe96e072b3e3b6dd15971,ok,38,134
8a617c87b9ae06077c0756d34fcedb821a8523e1,ok,512,1883
3cacbee8145040a776222b9964665d64f8f053f2,ok,156,548
e1826b6398095144f4be74d46ffd2b31c21886f1,ok,512,1894
fae7cbba2f3d8407a65560895f2664d0b6f07478,ok,24,74
bcf89defab8db2e903cd606aaf9d4833b8578113,ok,130,488
75900fd17581241f77af5d7df808b9e34213ec11,ok,112,395
9685d93dfca9bf8f984be2df11557523c9264db7,ok,9,26
6e3c21d90cc178585c7cd53fb27d89a71424ee01,ok,256,928
f998e7db6b97ada080608142c6dcdffa26f67189,ok,67,229
9c9eaa3c7546983b640fd5fb5f4fa62357dd4ff0,ok,76,267
20bc7c4fa559f8523aee26b6937af38bd1b016c0,ok,512,1879
b570afb7cdd764550a1d3228eb77ca256e5f5faf,ok,67,235
83c811dcb0ca55d936f294ae73e6b53d9d3acf75,ok,127,452
b73d147709bd5b9f3674d96fbf2ba137cd88e9fd,ok,17,52
151eb4965c1b134b596bbf1c7e1d2ddb85d36036,ok,57,198
b0ce808f708f716539fbda2c85a07314136796ba,ok,100,356
0775abbd77dd46710dc21f88f0274851f9c4d63f,ok,255,949
b1ea6b99fd3bcbcb193afd6d1dae9becd3ec825c,ok,150,539
57583f40c7202eebb5ce2176e96f336232d73f1d,ok,23,74
42e6aeabee1824d681defe5aeeaeecde816542c5,ok,188,695
b7c1c19b6ad15a017ca03324bd75081765ee33b7,ok,178,617
edcf119319fb20717eec972c37b3076ca5fa73f6,ok,82,281
656d7b01ee8d0810dc4613fe1e67150de626da6f,ok,178,617
f77a88896d84750a1fe808abb6209051a0f57f93,ok,37,126
07897e1581e8b11604c707344954a1fd346c99fb,ok,315,1212
642a2d7969dc9bcf763406a76e435739109e6063,ok,466,1709
d9d5c941ef5813b71c1f9c2461892241c7ff1005,ok,24,80
0cd79bc256ebee1d412c57a02270bcdc53c81e95,ok,90,302
036180e0db6fc411d142f1d6080f5b2ca9b72a8b,ok,25,80
7efa884f241e2c6d781757744f8fcb4b08d99660,ok,194,703
8a6f76c0289a12efe9baef07b367162550ef1585,ok,45,150
93cb52e5c58c64f5fb396aec7932b50fdcaf167b,ok,289,1031
0f46d3b9a458aca9ed73786ca6ea15d43bce23de,ok,19,58
c31cf8d0f6388a6e63a972e1c04555d1ec12a802,ok,24,80
3babe9a8c162b614493707fb653f31ffb4d123d4,ok,117,398
03d9f80745bbb2573eb9ce675182b849e4e75648,ok,18,54
1e9abad7e2f3d88894be23b815b50f111a7bf41b,ok,151,510
ac777894568e5cc8b21bfe81e8cd9a0e104c552c,ok,512,1800
ae07a7a68beb13ae916e124d408c2697368fa905,ok,48,160
2b2c5a501f484567840da511f944ed780eec8d5b,ok,218,793
ae9bc1fbe6583e387c913221772dd3d063b7686e,ok,512,1886
c52f0a79a46d9f1fd863f8503ee6619f5c3ec716,ok,124,426
603f9f1bbb02b80aa6fd6648ac4e7c3edaa2a185,ok,27,88
73835eb427ecc56de85b189c8803f88e11ecc057,ok,68,230
b75f6e8714915dd5a3f1beb1c6f666b69204a2a7,ok,12,36
dfd88b18f5109b7152a94ae81ec1ef30bd9b58e1,ok,40,132
5f6a8f40f4e2cdf8323145f80674b3408bf5e751,ok,256,941
5ef3b5f8fa935c92418624bb0bd4be89dfc9b77b,ok,136,474
c0dcb87fb71ea440b512817e91bdd2fcb5a98be9,ok,94,328
89a769d573d66241fed2a980438e9a810683ba2d,ok,101,348
69c24881ee7d7d2815500a92ea492e0caf32815a,ok,156,555
6bf7991d8d67b5271c628b4e50f3c0450e1b603c,ok,144,522
e20bdf8f203c139e684f34e715a65cfe776a424a,ok,47,158
d50d509263399770db176c3cf8afcbc59f2cd6b3,ok,314,1143
a69178dc101cd33c77ab7ef226c7507a962f6528,ok,40,130
9fedc49b56f1879bebcfe8153c88082f755cb65b,ok,169,567
1d801560680e405f1a8e54ebdd32b73c5f1ab013,ok,23,70
f737b700e053aacc98cd2fdc770058b6156f88b3,ok,35,118
ad1bbd87120aaa1da6ba73d95ba4cf606a328441,ok,19,58
d01b58c968cba6b22e86152bcc38d613c675e54a,ok,165,571
f82f0e23d0a3cb29ba9ead2033b11b204dcc4ab9,ok,98,330
0d7e6dd96d09e2c7f398a4db123032d22e109b3d,ok,202,696
94240ecfd2bbbe1dccc45f3d317fae81f2783071,ok,50,162
7b4f0c1ba20d865602901f545f157925f99b9c4d,ok,22,70
2df7b1b4f76ab5682455909e90002bf071be6f9b,ok,512,1856
8ca277ca032152db00a0366f1064b13810e2b586,ok,58,194
20881078a0abeb4d676e55d823f7db23f9a13050,ok,33,108
5f8e4dfcc16324fd779c0684aef738c0d433ea75,ok,32,106
7e2f8c95ea48c97565cf92094d0496fac4dc8999,ok,16,48
9052e7a5c24c101091d912b0bbf4b86f5f6ae3de,ok,40,136
afca8bf7a5fbec57598bb8158ceffebb7123f6be,ok,73,252
31cf8e5e10cfc866671ca2adcfe916968b6c642c,ok,61,205
38552e786af4e023c57824acd50c4ef11cd91f30,ok,187,674
7cf301b68cf956181dad688c4f12ceafe97acb7d,ok,150,536
14cae0ccbc055c8d38e1a7255c7f00d6e79db57a,ok,53,182
f41fbc8013f07beafd5c33aac7904f4f3256cb46,ok,122,420
a9be7d7653b5ab9bc8554a811a347238dfae3ffc,ok,62,216
d56bdf5b20f38a14f445e239ce4755206c759ea9,ok,176,625
6d5d24fe75d743472c3c0d3c370b8c51bab26687,ok,37,118
e30471a39c5f7c956c9d2b6e30370e72d369f9c7,ok,75,257
b47d4a13b10c04406c5cdae18096cb481fd47e94,ok,349,1314
e3691038812b978e80efe7cc3f1c215c10d5d116,ok,34,112
2cb70fffd745acf8c85e6b37e4ec0511c32a560c,ok,34,111
143f698aaa210d85dd5652b9c9d5dec463fe64d1,ok,265,953
5ce20a99732c4b4773f929bbb84b63e0eea3eaf3,ok,40,136
4c1119d9cb564886c9eeb9bb3f8522c5136bcfd5,ok,114,384
d872f7591226f3def9b56f6621aa6dbf1fc52480,ok,107,374
2d13b6ec26c78f3f378f2ba477dd45540fb95bff,ok,22,68
efe9061a09ee42661c44d10483d056acddab4a41,ok,60,200
a6f474b34d6033e6befd1ceef0f841f6d4088a8d,ok,193,672
d6cc7294950cfbd45a51a75f3f7b7a4158b10c1f,ok,512,1823
1da6219ebcd20c40676a18e83b9b2c9217fc9d89,ok,51,176
070ee6eb7d566383fe815bb97a3962a6526f6f41,ok,98,349
418001ca8602d526a17667cd8b04464aa5611372,ok,512,1920
0c605e67f67163309c3242477ca92eda4c7800e2,ok,212,804
053c23d765d4f9b5ba10c85f76e6a4b27dad49cc,ok,28,92
c9812449b08c6fb4bd45d4070a6a7d8a93e8a22d,ok,512,1850
d72efad774da5a26d51e65f90d1416101dfc0fea,ok,61,211
bc413fd54c6740cef1944b81724c2489d0ebdde3,ok,99,350
413818dbc7a1eff79ad9830b5363784a4e9c3056,ok,54,177
0262cdd91d72b9b7f00cf4aab3f5146206056020,ok,9,26
45535ccbfe21afdae2348fdc492ab2a681857ff1,ok,22,68
fdd95b846934e8aa22bc9fc49b64c117c96ef91c,ok,31,104
d236387e776d29ed22c0a8538dafca6a75e189ce,ok,22,68
f31206097c41029ac10ecfb9e2cbef8501a37a22,ok,48,161
b7fe55af3793b97c2f41a8f19d9ef05aef41495f,ok,24,80
0ebb92e5e36b8971c4820ae36b70ccfae2d6e768,ok,24,76
98deb500ca0bfe8523a0088cd26c3b51343e9066,ok,75,259
61968da6f780dbc42c7c1dd18b4929abedee1476,ok,181,652
c392a106f1ca70df757441941eb672fffb6c6e03,ok,29,94
5e8455ea97e04c8d709e9781796086ad7a465668,ok,125,434
5e8be38e2c3aefed29960d3808cd2a397ec32d2c,ok,8,22
c4d36b072c89fffcac0c53850b2b6628ea6ca205,ok,512,1796
7e3ece33fe5c02325b0db733ea3b0c7c46eda577,ok,29,98
f298496916def834bf5ecc3ed7dd0941c9a913c3,ok,126,443
eda8daece2c7eba1c33428af9d6f67552e162a17,ok,474,1784
2f02fe9a9201339749807f9fdfe42bdc07e12f0f,ok,101,380
35ca44322c16c79a150cdeb9e2849092985ac985,ok,81,277
86c98119b9a059ec89c559ac35c1fa6a5d6f66a5,ok,38,124
3e01749e694d2c3a3a6b4a7ac357853aa90a1b4b,ok,27,90
41b1a7c6bec0d0b3a15a56a99f2776a37cc5e065,ok,97,322
b65d8d902afd170ca7bec41a9aae2359a4b575ef,ok,30,98
58ab1f2411117714236a843d924502438903fb54,ok,512,1900
a3b1239ec16cce420149fb6a6d950170422df8a2,ok,512,1871
9ae0ad8c8b0a9b6c0fbe632c33d507c2d1627726,ok,289,1054
7513190901ba105cdba744e0ec39bc746664f206,ok,36,114
d14034b812bed2138759f94e1a3244f689407808,ok,512,1842
979c19e464df3b9cd195ba6de0c5d68207158eaa,ok,110,394
38d9d97e57c705b28d2ca44a2397244a5ea70251,ok,103,366
1aef688b3ebcef3c2d973661ce07004155f91716,ok,512,1926
d67654333c9912acbf0733440a30e3c75e26eb58,ok,66,225
b9ff9dc7cc3f18f1e06b8e3b0c750c19ee66c9da,ok,25,80
ae97a854173b5acc613fcbda0045e4b8482d334d,ok,512,1878
71f45544158a277d55ad809817fffe75e6ca55fd,ok,12,34
1c7e03a11e0adf4fc621602d4aaa5ecdb2d9a5ec,ok,212,790
2362900c6668b687efc7d040de55acc4899cc83a,ok,97,340
5d025baecf2598335a2d09903ecbb2c5b17b91b9,ok,15,44
74bf4abb602f42b4de68377c7612b59e884dd652,ok,37,130
313adfcadbb38831ea7527b2b741b1e45d74cdae,ok,29,96
d519bc2cf8504135538b93a11deed4cee678e83f,ok,13,38
10e69745088aa10997d9e8ad09fc23e953ad708d,ok,136,484
0ac959b07f02e6e8f908a4dfbccc2851f73d78e3,ok,14,42
f90301afc9b61fc70cf5d19af8f315b45138b412,ok,373,1289
48dd38997644960fb961d8e693be7649a13c14d2,ok,27,86
10c71fe693be931453b3c423386a04efd1532c1f,ok,44,144
a451e5c8bf0820b214eaafd0a1103280758586a3,ok,206,724
d05a460baf1568dd350fd8ac6d1b607b26a30543,ok,512,1909
f7dba72762a5e7504e1929d2e4dbe68ba4147412,ok,22,70
739870282337e102c0cd0ff3b8ce50056cf6d5ae,ok,16,48
557f1acea920f7e304d12082b52186cb735af63e,ok,67,237
c58120a43bb784bc95170cdfc8d4d756b5e9d297,ok,237,838
4bddd140e2b104f5a2f5cc1478672d2ded38f5a9,ok,512,1852
614126907130b182a0b70e8321557e1de26de5da,ok,460,1704
19f64d4cb2f404ea018faf6e47c111cbbf5f640d,ok,20,60
bdc7ecae62f1d0cd78e564c8069221016a9b3c22,ok,312,1171
5262306bbc71f16de2edb0b1cc4fed6c19b39b0b,ok,69,229
34eda488ff4e1bb22c29559a7ba631c118e95ee4,ok,463,1662
445871c5fd41de82dd2d5d7780d82e3d64e7339e,ok,69,234
f220754f9cd3ec7b3efa7097c53f889cf9ccf81c,ok,54,190
ed434d470a9b15162380d05affdcf97d04b76e9a,ok,24,80
709336f58e881146eafe2d4f3930a5f7bb85e049,ok,512,1929
09392bc4281902c55f2514720273a71879f482f4,ok,113,393
b0a3e337f4410ac6d6e06349fd45c4460d9aa314,ok,20,62
694125698c3ea30da8a39494b8d67f97a3ce7ff8,ok,78,278
6e624501522bb2301429acdd5d88e90a1e2a1e71,ok,133,488
eb2700e4b9c913cdcf4c72d767a3b003f61d9124,ok,22,68
515b63c49d5d567da697c4ee4cc7449206c143c4,ok,173,599
d232cee689535d58a465ca050ece5b6c572e86a3,ok,53,168
bf95eb94e2bc3980a621d2efd6711c33b55a9b41,ok,179,633
370ed93ce20484973fd7a9b7e8ea225d2d7099be,ok,80,268
628901074da021cf8de3822505bc656afd3f8372,ok,132,474
170544a4a5c8c3678b3d9ecf13741908277c0ef0,ok,24,80
1e05ea934da64d11f7a6e84c4a2cef9ca971fafc,ok,19,58
121f623377c97460d43cbbbb7445eb8a9b62ee3a,ok,328,1202
7910da09da1d71a06ed114decbab6cd646b04f40,ok,84,292
f09d13f9a94f880616e6e5a47b7fb809cd0c62d5,ok,99,346
88490fef90c0fb04098c03a864d1c3600f9dd21d,ok,31,102
e731af737494d1e6277f6b154e84b7ececfeaff0,ok,27,90
9d8512094718cb87b9aa859db5487101402b7b5d,ok,19,58
d746669ca54513843f215194917fa92f6c1eec93,ok,86,300
e06dad6aabe57de7f7ed94f6aa465493ed496985,ok,45,150
7de136066466c06b23d144ca2270672f9b070048,ok,65,223
46e34a302bd05d5b5c26efc74ff2f4e24543bbb5,ok,33,108
98c285bbfc0d73eba749c106cc882eebb25413b7,ok,27,86
cc19df48077f88286e27a6964ffa21c571eddac7,ok,59,210
8f23fb20500e7d0ec426fa5c44da326c43446a84,ok,16,48
171cbb663c7b7e1e33574d2708ed11661823132f,ok,134,468
263bfbde03e8d5e82e3a58c3690b42b240bcaa91,ok,16,48
4b97e3062f5fc315bd4aa098b3dd401891ec6b7e,ok,396,1469
515c54acc5ba55a55dc5e2e3605d5d79ac4a8cb4,ok,61,204
8f9fe6b9e1ef9130ae60363d43a5b84c07fa177e,ok,27,86
e34e14a71458ae3940ce8b7a6d88683788fe4290,ok,22,68
c875414709c86f3f025dbdfd9a0e79d55414cd9e,ok,211,786
399e4b7fe0f84f66f227c6a2273ff0834a7f3efc,ok,8,22
e034d9d0013cb16d3decf84937851e5b22804e75,ok,19,58
ebb508c540f1c03be01cd01b77b9ac2db18bbcc0,ok,260,916
9c3fae827ad62321830a81a73a5a17778b0d018b,ok,512,1788
6c12724c395ea2fd55691ffd573f1ff1e734f244,ok,49,164
81a15b6e40e475b0b7e610192162e07f88d5048a,ok,144,490
cde782d7bf3ace8164d7d90fad50c8178b61e103,ok,84,291
f8e92886dea58b01f65a083f7eeb00b83cdafc3a,ok,512,1905
1c87476e14cec4ae2d2457f0fe9ee6b8004543e7,ok,512,1854
78e81ff7acce536c08121278807766c65b2ddec6,ok,32,106
07fa55b393245141ee26a97ac97e5b922ba07290,ok,502,1895
13afd451bc6b3588bf4f9c1daaa1098ca1419a85,ok,241,873
27b62470b5e5edef98f6ef70378b6f96ccef62d3,ok,47,162
2dc103ced39381a88fc3d6d5875425ab99f8e39f,ok,512,1839
71c417e123adc1802f7ea76fe143f5becfe226c1,ok,28,92
5a838f0839833e9bea54af195f5920191f08cd8d,ok,208,749
687ba7d205bc293dab61c5993c950fad2f8e4c55,ok,24,80
e1aab6a1c1e10ee05de9e7a7e6d478a45710e39c,ok,84,298
eb866701eb44e8e917acbf642571a0fea28f8c70,ok,24,76
fbd3cc2d13c0847b70787a6ff1658983562b235b,ok,26,84
832b2327aaec6c7f0442081cc912a027087a8f1a,ok,512,1909
a362e85d959a7007e9ebfcd8cd6620246f489d9b,ok,35,116
614dab2ceb576e36b417c499ef0bed3bae4e2486,ok,133,460
c8a03004ed60fbea3115a57f7b764557364d8369,ok,42,140
f48b8972dceb53c32d30db85b4edd8b061e95d39,ok,110,391
cfe25080f1a1ff51a46632062d454c2d0fbb970d,ok,339,1234
3ea0d3811abf19202fe327ec76b8cd6b2ef84b23,ok,35,120
99a1277602a31d1df645b212ec62156f1a019a12,ok,41,140
29810dbdef919d1cd205e9e429a6e6d5cb967f84,ok,321,1221
5c76f903720066505d9e31b19c4cbc954420a6ae,ok,130,460
2edcd785fadb336adec12ae940c5ee608c71488b,ok,40,138
3e8d41951e37c35d9283b8f5812262eeda497b60,ok,22,70
d2a1f477c7f2a91f8fc277fd0d10649d9ef03e63,ok,83,292
90c1cc7153a0e075a3b1d5e4d6363ed01cfabff5,ok,20,60
8837718184a718cd853ca6893b12257b25b449be,ok,16,48
eb8718ec7f150a6d9bc1971b808e6fa8933acc5c,ok,77,271
5c622de2dc7c7b8b743a610b5d8ba30a1bf35c26,ok,74,252
705e5f8682728a638812cf8fa1506eb07930be9b,ok,28,88
2d0bb78c2412e26c36561d77d3257fa1c07943f5,ok,512,1831
b7783edfe8e26f9dd258a0f10fb83b2bdbd1db4c,ok,24,74
801ab99b1faa16abb92ae770c6f21af5a9b33349,ok,159,587
e0ce4078ee87afef43e2c79580b4ab59dd27d9e1,ok,299,1037
84220b7bc8464a566096134f2b906d09dc0d60c1,ok,106,369
cb9da4f4c79d951d5261e8d7a8a79cd93d3fe88b,ok,30,100
1b290a7c5a4fbf51f9137684f93f5c256f7b1979,ok,19,56
9186c3a370e1305d0fab283ffe4b0b164f19af75,ok,13,38
0a0eafd20d21c9fc94776330807df9bc58b6c553,ok,22,68
6cec7866e70abdf208315361cd14904da59b8bc0,ok,299,1113
dd78ae42757b60623246d824398d0da2de77149a,ok,512,1859
825accb1ef9c52a82800dbd5137f79394d44e069,ok,33,112
d828e4bb2d9305156b2a4599b182eeb5c5091b6f,ok,29,94
4e802b7db4b8aeab257e4972506019227aeeddbd,ok,17,50
3a2973a290e914ddd3c85d8e20312845ac7e61ff,ok,28,90
99de66974e860b6059c5b38a4ba5efdbb9c396b4,ok,39,129
a6c7626c526fa06921487b4cf411e95ca1dc79b8,ok,13,38
f384d5ed9e75a122ac5ceaf96fe802a6f761956a,ok,25,84
d67183caf8d163b0811e89c337e1c80d7b43023d,ok,17,50
59bf75630d4a15a13b73fc88475e10ec90ae4d5b,ok,20,62
dc1b68fb589a0f126c3d589c8661e07c59b67c8a,ok,32,106
da5d3c9d40309549dbf7c39a5e87612fb0f92503,ok,15,44
c1cf61ea91beabed97d5e9a2a1ea9fb21a622a0a,ok,406,1443
06c18e5cff39aae3e372939fe32cca52d7b55ef9,ok,99,374
a32e00b2e3291d75b30bd53b9eaf65b7d7fe79f6,ok,27,86
8c5d365c9957af5a95376d85979d90b114f823bd,ok,213,808
50b6388c1ba4573cdbc48d5032e4b7a12dc1d9b5,ok,74,258
194418155a00dad4d55dd6bcba1e592c734b640a,ok,512,1843
c6cf05d1a86c1c1e7bbf4cc50021dc8b051bdaab,ok,213,772
ac05e4a8e674a41f812a7dc30202bc393b129569,ok,25,78
f2cf4386ac86e73441cb3f9f29da645dfbd91004,ok,21,64
fd628e26caa32a05bad05116da80deb8296c42a3,ok,65,236
a5ad70f2520494a163ef31affd80c791a42179dc,ok,100,356
365f5b53d9c0ab59983a191e65eb47b28451b65d,ok,22,66
4d6e877e1abd69649eb54f2cf8ea8a071fad2f4a,ok,63,206
015548ed97672044f9440a40050a0c26670592da,ok,35,112
f0dad545ff1fc106fb7d1cdf6c8501f9f9145630,ok,41,146
8a1a93b65077f7c0f46129cbaad63e0ebd82b597,ok,26,86
dffbabdfb2d73aff969ed8f0ee27d31a8c2754f1,ok,24,80
7a425489283a08bbc361384cdce6a99e3a4cf007,ok,87,307
b1ba1395aa771f9f5856dc02ddf47be2053dbfec,ok,49,170
4f013ea5d854cfad5bf84195da39a50e523e14c0,ok,512,1837
e6731a3b258cbb5b1e3f71a23b9fcbb5cd734755,ok,512,1967
8356bd0ee102def3698a3cf730e7c05317be2117,ok,248,891
aae63f92a5884afdc4cd307c7aa94b0edba2dcb6,ok,32,108
1c798ab3665a9b877c997b26ca4d4f633ade5ec3,ok,369,1349
8189b92a81c83da9f0e1060f020285e6cf2ce1a0,ok,86,304
15dcb0bc77c5a5c59f30badd81efa5eaa5d5be20,ok,9,26
2dfb931d4bedecadc4ee65a6419ac4ec8fad0b70,ok,38,120
edf84285a349a4ceab0eab08943eb9abfa739e7e,ok,33,107
17b27693a757ccc326b6d9781f99eb7956613682,ok,16,48
7ac95efb42d174dac8cada0e5bbd763c1a8bd56c,ok,38,120
45f86e6f2adbe20922f908c62fa7ddcc14f6315c,ok,31,98
3aff3d0a0b4d0b3f5dcfa344c341a72c5736a939,ok,89,312
9592c3dbacb2923f5852979195712a9763cd4aa4,ok,512,1851
e28016801b4ff8f9fe82cd49308337d13459f621,ok,39,128
bb58ea8c2950b759ec6c9d9e72dc8d99c614a8bd,ok,155,558
4a07a15ec9f07ca608a56291ebe81ce7d88764bd,ok,71,253
ce6e57e788aa390d1ffd74a311946c825509e5b8,ok,19,60
384ebd04326e904dc250a00a0545d76babd85c2c,ok,77,262
351cefe35afdf544ef77c8e62f94dc5d01922592,ok,363,1239
a2b0491f74f09a38f97a43d1c36810f1f2a39878,ok,512,1798
c29dba1aa8423f6dd97ad683237cd62054fa08be,ok,51,174
e9237b4d493f6ce494ba45f101b63b24461c9d28,ok,23,76
add7b5c4687b105a466a131fbe9251c6efcc256b,ok,293,1070
25f5e6839871d1aa9abecc03f762f0059f6b74b6,ok,162,592
93c1ed08fb2f127112f487c4891ca16cbe8ded75,ok,512,1815
f02b3f7811fb9b482f5697fa8955e28d56edcaf0,ok,12,34
4916050f24f87477d19dab6944f2bd200679142e,ok,221,794
f100c6d6c1147ab73f4359899f2ebf720c4dd5da,ok,156,522
be67e827688fc9f44d2469e6228bc571627804f8,ok,22,70
8e31e9b100e056d154a768867214ef107a32fc99,ok,22,70
81f43a0ce6ff759dfdb63fac9962198acfd0e1ce,ok,397,1436
4e68e129ce3e07839e1109262414ea53a4ac04c8,ok,48,160
895df24732ff9145502d9210d857f81b5975ba49,ok,17,52
48f33f9c92c01a8381d9b0401ac6161117d3cf78,ok,32,112
efc9862d20e1ae44d54aed018d52d96336abb1b0,ok,93,327
33d2a62d65a6ad609f2dd6b1e9171ac5a64bad05,ok,106,374
9b7aeeeb7863f92effdee5eb41d1da79e8896b26,ok,103,350
1f06c11e6a6d9dfff2a5db99a7e16c5484c9f162,ok,24,78
006138824fe90826056dfed6bc25cd388b1aadf4,ok,512,1898
c5db24d239b67ff331d33954f6860a5197fc43af,ok,36,117
04d2d2d677aed68843e2e6963e417c2e4a2c972f,ok,21,64
1a9b4f3f4e9f2e24c376a01f0fcbccfe30b8be6c,ok,115,409
1e500fc5cbedc4bfceea7648260a70053a331098,ok,512,1887
523a7b0dc7cecf366fe1b6f3b341b0c3800c57e5,ok,397,1462
82e2ddc5a519e425c1bff631ce68cf6063779906,ok,24,74
ec280520b36588be67f54659d44f23aff10bd453,ok,11,32
a028407581216bb19e49b9d4b6561a33ec2347ec,ok,512,1788
9d868535dac79c0811731be69f9773c5f7f87200,ok,368,1344
f04ac6a16d0897acda535104f119049a849131f8,ok,58,200
fd2f02f91718d2651d2b3dc9a6cf4f61fe2afba5,ok,71,246
c577da853b67c5a7103a4c8a5c4fc9f06b46f9b5,ok,356,1296
2ef7feb1cf4eb5ea65a1948029b82c299e68e4d0,ok,89,311
02400f1d0c9aa6ac139f3d61a7858b0066a8e9d1,ok,232,825
5aaa1418c3b2114a4cc3448a97dd84fd05fe8d5e,ok,30,98
386f47fb67064acf3b4a360d23049e80c7e55077,ok,22,68
0b0078cffa529dcba14140b47bb142df9092b02f,ok,20,62
e0746766bcf9bc1217900bfb16b77f5cfae677ef,ok,78,268
921ff72e5703e12c73d8a742946937f31632bd7d,ok,111,401
bb735dc842d647e1467d5d50edc3e9b9027803ba,ok,29,90
89cd9a26fbca10a46eee3a0342c4378c633dc126,ok,181,651
c152de99d167ea7faee85f4b78e9adb7c7795a5d,ok,301,1143
70eb4b827e3b02009a9b31bd4362e55a491ff647,ok,37,130
333af7f1513e792f0eedcbbf083f2171d803270e,ok,31,100
5260a785b67b53d9db5ff7da5a531c27792d20b3,ok,14,42
a82a0305d1a7fd8c0d98057b44370d4d1a43f7b5,ok,31,104
1d603f72c31f86eb49990621aedd01e2a4c745b6,ok,340,1265
43738c5e96cf22082d0d31ad0de30f55d12e44e2,ok,24,76
c4fd2d8be5b72eceda884ff5398c1190f72f48b6,ok,153,560
d3a94065e3700e13be329a7f9bb49f65c83a1e0f,ok,8,22
62bbb8166e6dad6d233a05f5d45164b17f7848c9,ok,512,1859
1ced6ab22baca99fcc8c0f3eb2317d4a666529fe,ok,125,447
bfbcc4d7fdad42d216a1baadf4e59377341045e8,ok,153,538
6d21b35ad8dbcfae5712fdaf790ddae0f9c679c2,ok,34,114
af33151d76570da95cc62d9aadbbf5f7ef4860ae,ok,398,1458
a030a2246c26f2f6dbcf0c56c16c46bb971a6d1c,ok,9,24
94ad59b7096ac6eae880bc81799f96b3111d705e,ok,16,48
1d3b16c14d2b19ad56dcd03335391dfe27b4a196,ok,247,887
f1aa6e880e6e266d81abf57545c395bc081ab3ac,ok,45,146
7a8c9f18dad24a7306536ea71bb1ccfef3519c09,ok,505,1928
44707f40531be3ddb1678bc5e9e79f7b881632e5,ok,34,112
67c3c91ae8495494f0992173e6a6c1dcf6e35e28,ok,16,48
8e948394861c37734463f078aec77e4d1c53559d,ok,70,240
c8e8ed966fe0d281f0c8047e1077779a4052962e,ok,41,138
fbc62e3c6e2444f729a07733d356e21134410d0f,ok,65,220
ed9899c3d39e11e8753739b5080cb1bd75bfa81e,ok,114,410
e91ffb7203a67ee65247ef08733274cc3897caa1,ok,65,224
9bc7ff00fbdc1a1f6e86f27d798f896910ba884c,ok,97,330
748a355afbc5aa362caf9b8f0cd64c804f682965,ok,25,80
72ba04420c511b8d73b36c95a7290ea83e903dd9,ok,91,325
9a95453ea95f6dba26d0a79ef479c7c4fd21f810,ok,42,140
6b428494ee50b2c5893d7477db621de34e3cda31,ok,24,80
6ef75d53056e5b300187979f594fd37d1ea0523b,ok,63,210
ffb1f1b98e9ba03992837c21b29e256cc69401cb,ok,459,1604
0f3ff29a8424bb223989506dd6a70a7003073cfb,ok,14,42
2d86d2b32da09d49bb7e106532a02d12704e09fe,ok,36,124
013b0dbd876ea9cbbf2fbf16b0124cc38f87ce08,ok,24,80
c22ee3145cf3d3d970c8f376d8c196886156fc9c,ok,58,192
0d013a2ef5b5af8ccc364cb9e6726012ce41163b,ok,66,225
afe22430ba6c882671fad5d21fe6cc45658d6fcc,ok,125,463
ffb15b04cf3ae5feada8ee2c61a12247f36266c9,ok,512,1858
156456ebe5e5d0360a4ff2b15f5468f0ad2c1b72,ok,134,478
73202b6fcacbe6e95b1233958657abec08d518d2,ok,90,300
91ca5e3fab6ad00e8b202fde9b86f019db53dca0,ok,55,187
7a87b9cb8eb3b93c9aa3c47854f9d7e4fb34fee8,ok,279,1041
9e5dd99923fc9826b3dcf1595053f94470a7a19f,ok,512,1871
8ce5167f055c39dad54e3aa369a6c6b58eae9fc3,ok,325,1171
83465e0abc66cf4619367cdeab3fd721f595e6f6,ok,184,655
8620d82e65f5fb82d406da4b4d5bd80a1597f4ce,ok,33,110
d05d6a7a1f0ae256931e66b0a26f6baa81bb31cc,ok,141,498
c8d279694bfc57039d5720c7e105143ef9bff498,ok,242,860
21a2c13f39d9e2a88ae1687474fba01a918dae23,ok,23,72
e1ee9296a2d08a15e33f96cba6427b694e9cf71b,ok,32,106
31dfbad61928ee85ad9ca88bc8cc944b424d4c76,ok,40,136
aec8c3374ed181cce78062346699df965b2e03e2,ok,24,80
21cf4a455d5a5c3e02a10cdaab59ca6dbb784e3c,ok,35,112
8e7ccb5c7edf62c21c9371157c6e55862a5d38a3,ok,285,1056
cf42c5cddebfac8bc8b0ef39ab1752e86f7ccd6f,ok,19,60
ac19d6e755b164574e6956ac275a8b5e8e81bafe,ok,512,1808
f5a5310625d38ebd6ae5377d2852b7aad9d1d4bf,ok,125,436
5f787dd72d98ce9961ac1eb5a234f888bac3ef92,ok,32,104
cd34ce959984b520f8bb0dc1eca9d638418ad6b2,ok,14,42
67dff1788f1aa8ca42e95faa256df547b1089b4e,ok,41,142
05ddc3318dd5afeb579469a4f8be4735f39ae000,ok,87,298
83a1a5fbc6cb1e69e6be87021b2217fbc69c6166,ok,325,1188
57212bc7026bec8c2852a7f2917491c78dcbe28e,ok,70,230
a0f9281c83b2d0c72f9dae9b4e4df73ffa2acfb1,ok,169,625
bbe76e8831267b08bf527847e097536cf98ad8aa,ok,16,48
48aa46ad00d2ea873ce5ee9faa48eb9470fa4bfc,ok,379,1406
5d0283c19a37f4b12e67bb086e14a0d6d941d8d9,ok,20,62
fa47402f4cc21ec7a504285a80272eefb743dbc3,ok,51,178
9e47372f8f6d8c626e38f6dcc8d87ff330634cca,ok,25,82
04c3209797d9557e39fc1f008264b76136e0178f,ok,120,424
b91aad052e8458274f2945abc6f36373075d68e8,ok,512,1876
c3ae48316910cc7ffff0e8f38d3850f924fe030b,ok,35,112
8576c2eb1b181784aa724a5938b571877c5b607a,ok,512,1823
1a28b028e3eb2b3e38783bfbae36cc4a0957dd21,ok,346,1281
49a129da02c02484a72ea32ceeb06e52b29c24e0,ok,17,50
2b465e1dd45215361b6daf95caa5fbb8cdcc5646,ok,24,74
2430509673bfaa8086e7a6f782ab3d8898d7ab76,ok,31,102
cd3f06ff93573b6a447a83971349fe93690c7a72,ok,68,231
484a18fdb23678a144848f7108bb82381d43392c,ok,82,278
ccc63614c435fb2b3b9dbca889ca3b69c7d63217,ok,61,209
5571bbb38fe17047241030acf11fbbc08dac6e53,ok,51,171
c004afdcbccc074cf33042652a2821dc8305e0db,ok,243,876
9d1c64af9aa0b629ee79c375d2210e9a3307b110,ok,15,44
e7b0a6517bb4d8a40a22eece1e582ec3878ae64a,ok,54,176
6fcfa37b2570b7989ca1b77880970f1a3b0a23f2,ok,241,878
1ec6f4336d9b935853001940bcc0836e16aaa255,ok,400,1478
8b51386870aabbab961a573e8257d1a2b6233846,ok,512,1847
4920618b66bd06b4dcded05fca6fc6f80d10b2cb,ok,16,48
ec9f4a559ac58108db95521833003d3312a1bab9,ok,512,1877
9a2a46546b1a290e3d951c6231c27f19083dc494,ok,512,1886
b2f31c2db1f970b9c6332d85c46e4e05d284da2a,ok,24,80
aad57d2af9c4e7cf6593731ab3266556bb8beb2e,ok,265,954
4884a694e38761e360c5130f71fa122c3c17ee07,ok,22,70
14ca038de747f5edd8d51f14d7b6efd429e95ff8,ok,31,100
d6cddc76185bda0d68830ff048c12db484c386d5,ok,97,332
83bcf6739072b5a8dcf92e30fadcb0ba4f1b128c,ok,38,124
5352b03f8442c7e00193df5c6364813a9e6da85e,ok,35,120
a82281966573d4b493f91c3d32e04a0efccb349d,ok,378,1402
74868bd348e6a5df84d1e398a5c7e87e1b0703ab,ok,307,1113
60966f9be7bd5ed2b04d3fa77ceaae7ba922c90b,ok,51,174
3beaf8edd9602e4ba66e5bafee0005ecc1b64d60,ok,19,58
e87d36805253a021f2fc3f850dccead8bb409a43,ok,55,186
789e8bb47b89a0bfb4042a0ef3e060e9a7321289,ok,41,138
ba0d478f69964ec881f8570ebcaeba9080ce3426,ok,13,38
89a17a877768d964d4324ad96d510ecf9ff2cc63,ok,29,94
9d9b60b38402bba3fa9a988d9022c4103c7af931,ok,17,52
ed795bcff7ad87c4e6927871d50f2f4e2bb279c8,ok,36,122
c288d03e4e835d0c594fb3f726d1d5aa63bb6e4f,ok,39,130
78e33bc1a8ae54261d7a94f41ac7422b080d3ab9,ok,12,36
61699e26b6770c61794e0c4bbcca182ebc11f8b3,ok,84,284
0a28bb5d35c323aa490e58d108726ee82664edd6,ok,20,62
3c735a22ed064f51448eac35feee99f56d7165ea,ok,114,412
982547b7c803f85d6492e033e9a4d5befc0055ed,ok,33,108
4e8432c9cb64aaaee67466184f7f77c4c4b35105,ok,85,286
03aaf87d983b0294ffe61e32ea27931e463cd98a,ok,35,115
60f3fff88adaf6b4d09885e2ff628bffd16ccee3,ok,109,391
4b14934a9fc926694abe7a4fa801f00a88a7e4ab,ok,121,432
fc5145e7f0f95487c7c5bf6561c588b46ed58e17,ok,105,395
60200c871d4d1627891743592e72a68e78f59250,ok,106,379
c12357b14b22bd8251b847b29883b4eebd40c6f6,ok,31,100
75f6abff19f798cd2114d0cb63727bb456abb503,ok,181,684
d2f73fd6624056649479c12de553b8e080275d51,ok,108,385
8e99f26be9a8f1b1bc55dccba836b742cd08b482,ok,196,699
20691bb3a856a027fa750fbb187b97c257f00879,ok,29,98
6420b456d897ba59168de6967c1cd7ba0b23bf60,ok,235,838
6cc67c0679268ee5841d877f2a02c66b441b57cc,ok,35,120
88f9cab21d07678d8d688d21d6664eedba220cd2,ok,33,106
f082ba55f99b6f95036b70351915d13174515d3e,ok,38,126
a10b1b22530a687365299bc902434913c3b201bb,ok,9,26
b348067cbde9d2ea17f4b71dd09bd506651bf1f2,ok,40,130
3af41d1f38c6e9044a2dd68bae6dda9245dae6ae,ok,48,160
3df03b781dd6f0d048870cefc6fb0fad87e8dccd,ok,176,661
fca5432f9bf69b1631cf1ad88e2dac53fff29818,ok,113,403
5cfe635ae346b5938f3ddd7a7f1b501c653397a0,ok,203,744
af316dc2472f793a33c6673de58e778ce92d9a94,ok,138,509
e2064b31cb160ba80269a2082183bdeb7e844ed4,ok,156,565
e67679258abd199a912787448129878439180a8e,ok,464,1732
256e911f642faef307905385a1456affca5c065a,ok,512,1889
8d5ba7e847adb2129c452fceb2fbd142e7c047d5,ok,66,222
0ed7887aa2e142f73959d6107e4799ff4727d6a4,ok,23,72
17e47bd7d74568ddf2fecc09253ad627787c9206,ok,64,208
82afeb1e4ae346ec81fa7cfee03e2e8ca24a50e9,ok,152,533
b49fc72edaa40f0924659d6e7b12b5f634bad51c,ok,28,90
fa809380e94b64e9075acc0c3b80ceb43e0bfc2f,ok,33,102
7f03b8fed7e389c2ff728ab01b9bdd66acdbcc4f,ok,271,973
408b082ccf3a905e4788ef1986c7746dfa2d07c9,ok,37,130
02de83040e7b3246a8b55a009766d084f03c71d2,ok,23,72
5236118b89ad64c9cd2f8a77b4f64bdcb4e7410d,ok,178,640
78ac9486c351d39fa1cbb8a1fc7e0e215877e293,ok,17,52
1d2b94cdb3606f0519b01ba03dc65f69614687b1,ok,37,120
e6eede97b6e0cd4e3c3e48b1b2bbee1078fa85e6,ok,18,54
4e37d84a3fdea1262ce5fabde58e131b19b124d0,ok,382,1401
eec0e04616b68f7fe5752f32cc86cef6f5545c0c,ok,184,660
4989e9098c3e4f5940d2b32bce7c4bf23c4789bd,ok,65,240
218d3e835371bdd71a4c0d2d2316bc1ed60d2e2d,ok,120,403
4ca3fccb9b3c499083d0d48aa679cc4e0b77866a,ok,62,220
ecfce71d221cdc748a6e01d3edd4e4bcce3a94de,ok,191,703
e4bb40e30c866a60250cbcb0e6764987d3b76186,ok,16,48
e67e23b6344fb2e98c27dea2e380f35a1e96349a,ok,41,132
6108c5954668df4275997a320025db00fecc47f9,ok,487,1702
ce38f7386bd4ecd3c56758f14f1b3a96f616b091,ok,31,100
8711f2539db59fde0c797f221e6790bbe1ec061d,ok,60,208
3deaffd68ea6741b5f0aa9482dcd133ff563dc0a,ok,55,182
4a48d4434221d214aa4856b8fa7b3a9911c5d408,ok,62,222
00d6da2f77c57d57176820c386d2ecc026b187d3,ok,43,146
3a97341e87d67957bb9b1ffd513d696d497c13a7,ok,27,86
709036cc156ada946183c4626700dd08ece781ab,ok,140,486
11ba3c2709c19d42cc39bf4ce66b3c830fa9991a,ok,32,106
488416c6d961b35dcfb81dc10c9868fb005f1f56,ok,9,26
66ac6b59dd3c335fce57aef0eb6b1ebc1b664fe4,ok,24,80
c4e260e147fe4a51aec5e361bd0c27f78014d4ba,ok,110,385
d1c627941ddf2fa45af52ea6b36b6b245c9df479,ok,85,303
8367827c8428c02b959bd5ebe1cdb43290e68fa5,ok,36,118
adf47311a7c59c0f230fb8768bfda96295f3ae47,ok,24,80
17cfc2dddb6918f039ae54c9628739f482a7f910,ok,79,268
56e2a7cce2a29621c14ee29b4e97c430c72db736,ok,267,964
afcb9d629c596ed0c8e63e0a7743b8ac235105b9,ok,71,235
3414b64e7f6fd69885d837aaae0748facc18ead8,ok,38,122
12f75a514e49ab76228faa451371c383043ea6fc,ok,13,38
2a83bbfc5bdf8cd72752e0f468cb3313361790b0,ok,232,858
47e545fc7e5dd3c68d8dd39bd6fe9cedadab86a5,ok,270,970
60a408abee65503bfac07e4c4bbc574e47747e34,ok,23,70
e4c52c93400db9ab293fe96916d43e4b9193f185,ok,189,665
98b8ba68cba71713586ec8db047f107ff74e8c27,ok,84,294
73f2844820e599da366a129e57d20b3de48d797d,ok,512,1857
9f345e5eaef534ef2c4bd705a093292015b5e59c,ok,512,1887
0da4211c421d75439f56a9e3f7e29865824570be,ok,65,224
e359889b674ab57666a4071fe3e5f1fda317ab5f,ok,210,772
d1fd6fd2a2cfc1abb40b1c14bba07db3d3438e3c,ok,236,847
94675328f6349eef22fb69b5959003b036e1553d,ok,35,114
cc5ae2fd5883179854c055be934bccf624678c35,ok,278,978
19c33c9a43396442f88bad9f25de04bb62641834,ok,89,298
6c47f459efcd6fc44fa59f80af7640407eacd41e,ok,512,1887
5fe090d61bcdf6fe6a07f9195b203a495f107fce,ok,29,96
e298bbfd4fe6a2c6c2a20a7ad0950bf146125f79,ok,20,62
7bdcf7b8b516260d1937d98101c94505873864a4,ok,24,80
d0992cd4391a75d162cfef1a9f6a52333cd84952,ok,16,48
6ffdd7f2210382902478459f3f64f2c10be4a13c,ok,20,64
f4ad5cb8c12381348b2dd413e990ac57559f137c,ok,65,210
5bf296dace1abbf46529cbc4294dd216f944fb1d,ok,18,54
16c74b087e68c2ed6138ee2a335296fec5d9adde,ok,21,66
9cb31a2a3db086bc6ab3d3efdbe7a8923a4edd39,ok,62,219
1ed683970be624ac54500d8cda03abe2b1a17c33,ok,318,1217
79487bab24c44eb5599b69711183334c197c76c8,ok,80,290
f7eab4dd31cc26318ddecf49f3280a03db9f9633,ok,403,1446
7bb2289fa400dfa9756368b2513263745a520fce,ok,17,52
0bd53e9a391b6e56e4480ed1842b3170b7357b78,ok,291,1034
6eaa6ca75340f14e4913b218fd28d22737550a69,ok,40,136
7b4e56d2cc460157242ad8787040a67d0f0d2878,ok,145,510
fcc8232d0f11566a995839c0b1a91fcfbc4670e7,ok,32,102
14cf4a195f68524bb83c97c732b7a5f240c40efe,ok,269,966
d44e56a81c785ceeb99a1501b30fec27a88b80d2,ok,208,718
f3ff31074d800171e1411c3c6e5fa3229a39b767,ok,87,318
6666ffc96f3a6e480ce575fe80dc2a8441f7c70f,ok,63,214
43659103f668583eef9ee9ee79a37c7377aa30a3,ok,79,276
610301300e3c5f5dbf7cdf30fc6c66691f42141f,ok,17,50
93934210577591933951ae07d368e1febf2d7ed9,ok,42,142
18f8fe7773f67c44e0732ba63d139f66eb195b0d,ok,60,206
7592403793e25e7d6d381ed77910a0881e5f361a,ok,50,176
0a7fe154f9b9cbcb6a7027fc8753848330a148e2,ok,218,776
6f9f3d6436a1edc00072825bd53fa6b74a5ea182,ok,168,643
076b8de2c9d6d6c2071b4c1cc0ad8baa6b386bd5,ok,31,98
3df9d257d28643ac45c334e3c88b8322cf96ec49,ok,118,417
a2bcf7a4f05d52859b1eec8f2fc04ffe378cda15,ok,34,106
5aa78bb48bf560071d91c320d36cd18b9f5be40c,ok,39,128
01433141d1d469e3f4b413ba862c4a1b3ceb117b,ok,20,60
d7b7af5e1846e7b9a724c474fe1ba56831bdd278,ok,17,50
cd66b205beb8e21fe544c213d5922177f70b6969,ok,417,1538
1950570fe1d8638804c095c708d98d7b89e462df,ok,11,32
6501f54f3559b264f8caec326b266ca34deb04b9,ok,18,54
5c8f2234ccda1cc9622b47ca5933079f9f660ea1,ok,512,1825
a0117ba408f46158b3a7542c3821cec80e22d1d3,ok,19,58
fd09043066e4714f6a78d197c002e61e749aefaf,ok,223,790
e96f6854161d413eeb6d903870b9f303b934b814,ok,233,812
c31072ad2af9621597c0abbe5e898882d0ee78a2,ok,146,518
6b6a4c8dc91fa5f5f5020e53c68c37b1e3739e08,ok,247,905
41d92b95296f6a3a32825f26ef155914ec4cc322,ok,157,556
8aaebbfee113f87d7084cec6ce47070d136ba13f,ok,331,1200
7f7deab51c0811acdb8ddb74e4e669063c28367b,ok,83,286
4a52256ac90fe26028873e06915c6f4e0d1d54e4,ok,208,756
f40f91ae5a783b7734fa899ae6a7f9da1c051d22,ok,23,76
dd80691c27bd90154f70fdceda1aa6b2bc0281a9,ok,243,899
722647791cfd380b35c2ee1e71dd1af738d516df,ok,512,1891
6321ae0fdee34a38d0645aa763f33b861fb4c633,ok,19,58
72dc754da468af610809e7394dfa8ecae81d325a,ok,16,48
a7b5da292a1b52cbe5551dac07912a349fe97848,ok,11,32
33f7667e0e81e38e0de0dee1e0c112c1be65a480,ok,360,1317
8bc354951007e8447428d544b49c3ebd504db9c7,ok,448,1570
98a6708d7a74e6c6d83e003b90e36e7057b09852,ok,512,1868
00c359d0ae94a6b261906dd799c867e36817c3c7,ok,61,202
ee9abaa36c490a0e17958c7d4a8286c4c1afa761,ok,41,138
d84bf8f0b8bd54ef0b99da49d39da05f0a1830b2,ok,54,180
aba0ef74080a64effc8d99bb81a713746cf91dd0,ok,60,196
f7390a00645aa79f35858457b6ab8ebf31f0b968,ok,29,92
96c695594212c8e407b55cbd8c5d9ecba7ca0690,ok,9,26
8fe491e0db6f3346ac8f9d8b48503a6f4872850e,ok,273,977
7bd5b10b74c2e09d6fcddc237ad36a51a53ef973,ok,362,1319
d44f949a6721f1e564163ad169fdade9f1628727,ok,17,50
138d9d15b4e902e5e8ec4dff42ff3bc32899f299,ok,424,1546
d60684159ca65e80d039b9356898c9a56e8ed68b,ok,223,812
fb61e7b3fcda4479ed913fddc39ed914c74ed64f,ok,130,443
efe0db1df5fff558a247e043598a203db42347f0,ok,8,22
ba9762acb9ff7ce12bcac7e2414617f9379cd154,ok,145,519
72867ce6ebe9bf779f5854a34bbaf489be85e105,ok,16,48
4d21914ae4a86613b9c7b359177dac20d59ff8d7,ok,512,1851
49f8b476ebb04cfa60a48086b173029f739bcb11,ok,448,1662
87040a816f4135ab3069cf68dd63e1bb665968b0,ok,35,112
743e18dcaeddb2518f814ae2f73233dcee49ffee,ok,512,1821
3925b305f51f020ab2bc465c75a8c6337cb18fa1,ok,28,90
a5eed32228453d06d2f6b6841b1b2ac4664e2a13,ok,86,298
be873f70b0a134ab484d985f405cdcf96b140c66,ok,57,192
2e420016d818ff3b3e8799645343e6df015c5a6b,ok,318,1212
9e699fc60ace8f62373108cdadea2bddcd5c6379,ok,20,62
ef3cab87bcb3befddf952ab950394afa6d7bbdec,ok,512,1838
355c22f7244e385420f14dd4b60609f980aeed98,ok,512,1843
f4dc2f6469e77ec915672371d5dcb4e05984bf3e,ok,35,114
96e03d0d7a921072adc36b37d4a88d73e64c5b27,ok,512,1805
bee69820dcfd327b55f4fdfec302a0c336c571f9,ok,512,1974
cbe4798d7288577e400cbfc2b27d58aac8b5277e,ok,25,84
5dd222a4ae477bacc878220b787583feb26bd0a8,ok,26,84
9b6f2296fe9ccdeb49e45f5229fbff7463bf2b0b,ok,512,1978
07a9b79e3724c2e1c3b718d3067e9258ec432660,ok,216,761
71eba1a1e6c5376121b8f24f7d5c16b7c095c18b,ok,45,156
62da34462b241ac147fef784e63c767862d95c01,ok,119,431
1cb8e280f28903058c4ec986067e385f216dc270,ok,12,34
b14ca3611b91bfb39f1301dfdc809fa7447a08e1,ok,512,1848
a283057cb868cc91bc79c22b3375ffcba9565182,ok,19,58
3f7db004a422a0a523859c03070cc7aee5a82550,ok,425,1511
cf4a449ad5435f96c17bbd94acadcdf8889f95f6,ok,183,672
66312ef6c14b2ba032cb4a740bf0a5d079f21d1e,ok,21,66
6d9f3e4b1579bcc4222d5a4dd630dfec2257310e,ok,50,170
152237c34286f71992bfb17614703e34773bf8c5,ok,27,84
cbc9489814813bbcab5d8f3eb2359d07df6e5072,ok,115,378
7e92f3672d8efcc6774dad4cf1edea0f4d2b9a70,ok,115,407
219b6516b481044e969aa7b8fbe924a544f8022a,ok,512,1891
b6cca3dab824430d30536821e6628918eb4ddd18,ok,29,98
9c1eb6c451e5f66999c1dca2fed331b962731b85,ok,17,52
d4de2b1f66f5f85e88a0b6cde28a6334cb4a6cea,ok,82,291
bbcccecee31bbe2d881f4652e8000fbde4d09f98,ok,71,248
c8871e1decc66bfec1b20c54d55b7501ff443b41,ok,40,130
841bb16b53f53f372c167f9a5adac1d901fdc641,ok,139,475
90dd9027a25d19bb0c4adc5c2009dd6953cce45a,ok,49,168
97abd58fa1f1c88c0b40394e2b1a4deade61bf24,ok,20,62
12fb247867fc7804ab68436fe3fe721e3ee25f6a,ok,28,86
ad1d408de8c5dfc06a2cf3a33375d558023a376c,ok,47,154
4b20b768b5beb31600f16d9ed0a414dfaa092a49,ok,512,2035
82ff9e47ecb01cc7bf2c7211fde7324a50d11b67,ok,39,132
7f62104d06b694202b09ff5dc050ee1e6b883295,ok,123,436
4c4848aac33c15a1b40316af280474b3dfb5c12c,ok,408,1511
c606d67a5231dc764c03596e770113bfc4aa1579,ok,43,144
b97f7470bc2f1f1c216d635f7378765245640150,ok,77,278
4dc4f913a4a8702c7c68938c91353dc2f9032f32,ok,399,1479
6dc83350f447dd02fbb55ea1cf6cd46da91c4664,ok,24,80
fb9a590c52a3c88b87f93c5a7b0007e1fb812287,ok,28,92
85eade09a200c0ca388add685eff010083228606,ok,512,1920
26fbf6bb9b98dad4f8465d872808ebfbbe602204,ok,237,874
b9238d7f5614d3af2ae30dfec4eb3c7e08b38a7a,ok,246,888
a108e66d14aa1dc67ce29376103df4f2c4b71fb5,ok,11,32
f4a95c739429dd49350ec92a7062e92a3ed6e954,ok,294,1076
fa917d1f0108c0d6ea62ec35ee8bc30543d79303,ok,66,222
987bc54b1b446f825cde2ea09d78992f754fa0b7,ok,38,124
6a17c6b595a01a11cb41c7059ede8091f885fd9f,ok,19,60
5e6978b243129911cab17eed28152c2b5edfd5ff,ok,199,705
a491eb61165f0f21645ca0621e664000c8210026,ok,82,284
4b31bc94a177b1eba5723888732d68bea00e80b3,ok,205,754
2dfbeaf79d6648e86e01c0e4ec4b4ce89b16777e,ok,512,1894
e0004056e87e57de6d6cbfeed515452e60954548,ok,206,737
aa1c639b55cd3eae7ca6976ece1d2f1860ede88c,ok,152,565
0c17079f69bf9ec6e634bee838485e52dd599d22,ok,512,1905
83a3747fed41dc2eb4c5e4be13f3599b0c2bedea,ok,16,48
27ccd51e44c4531d6a46e3658f0a7fea46673871,ok,125,455
a7c921d5c04d3b3c0f0fa87c1a36e1b98d0d343a,ok,59,198
539baa5068b9ff2d4688abeb3bf3e3f55d93930e,ok,144,490
9875895e82ad8519ca3fb7ced7aa89dad0e1e29e,ok,512,1882
3d8da92e90229e95b5afccfb9444aaa72282ee41,ok,512,1907
243ed388b7ca5434a577ea29329b6d02c5864b61,ok,363,1331
6ac3df80d57ed0c99d09ad8ff9141fa2e64fdada,ok,61,224
f233c89a679e8b6d90c3a90c01247c4b2b756d50,ok,218,748
006be291e97c20274e0d34ceaa53d0cb2472e829,ok,358,1332
869a91d67ddc3e36232bb48ad3ffb76d839d4ac5,ok,86,308
ea44ddf5a4a2a86d124086c4ea06054e482cdd35,ok,25,80
6f8c149e29d69f8d2e875834fe460f3f45303f48,ok,30,100
70be5e6d9d4efb67a52cd648361d1af346a0cfcb,ok,79,268
8cdb29b93f312f46aa596b7b2e88e82d8dcb914c,ok,217,796
3048ddfb78d3e752f1d6c1fa1a610fca47075fcf,ok,21,66
6a71c405ffb0864d7fab3a836629695fde843def,ok,136,446
5561c02d8ce25f24d70e02e7674e36ba4fcbbdd3,ok,512,1912
9c6e822f840dd97b84e99118fac6d66fb141c6dc,ok,94,348
94b1218de9ad39f55677d075875c8b50ce09dcd6,ok,246,895
3a1f952cea10dfd1bdc7c9037f074ee7103d8fc0,ok,25,84
6d284a274fb2d76358b73e2896a8d4123fd4a1e2,ok,28,94
3d607aea42670a62449df4c63a84af5e01e07420,ok,16,48
9ac87f2796ea93e966d9ae349bae004b5e10adce,ok,79,286
88f8821469a574977c3007cdc6c6960c1640718b,ok,17,52
3010204c0c922c979638fde3fbccf9fa588cc425,ok,43,146
d6205ccaed9c9ff874a8090ab4c8797801dd1a10,ok,71,253
4833f57da21d6f5ebeb2b8d6509a138b3ad4bf7c,ok,171,590
2b7ae49f1862373e8e9a11c58563431743d812c6,ok,23,76
2a76e4dce67b2e1f16e9e73c1fc46a41a18dacbe,ok,512,1827
8a75e6c23504de3e05a8220ef2df90c54afc361a,ok,173,572
19fc54df30f3d3b29201923634c59c810d62b32a,ok,79,276
0f512fe1d31cedebee8c6114f2547a2887bc6abb,ok,29,90
5081a7415d3a8521649b58d9b79a639b4a756126,ok,99,352
b1850eabf036c68f50665cda63f25656c581af14,ok,17,52
de2c4bda2c05b01a28cdc3e38339459941a4d4d9,ok,267,998
e03517ff736a911bd5e9cf4be0ce794822fc6d63,ok,37,118
fda49d48acb6df293b8cf44798bb475b6e131ff9,ok,29,98
ad37f7422dc5475414aa5959660a28491e6de43a,ok,176,619
7776aa203906f14e2a88708fcc7ea0105411ed44,ok,512,1948
bb14a43f1c9342ef5e389ca47a0410e66d285e7d,ok,16,48
749faee6e70279ae6aae22c8ded76bf6bac25bac,ok,24,74
c7d819a441a84a9c7c68c136e1cba82bcb19e6d3,ok,21,62
980b63cba3888ac8681ffd760680c7126b664099,ok,17,50
fe59d2659d12ae4a9aecb1ba01c94edf49623cdf,ok,26,82
468b00e8341f1aa3f3efb7a42b11c3f59b2ffd11,ok,103,357
50a844fa5497d9b7a8a015c43f1ec442115008d8,ok,24,78
aaaf84252b24bc3bdcd0a2a1d7e4c1242a790b99,ok,41,134
8f63d7a4bca96a49f37717f90f36d24c1f485386,ok,214,768
a6314b9703008b8c94f9a79815089ed16610b933,ok,162,579
46ec77766434147e96b3e6da3f579756c0f34af5,ok,52,175
8ea132a12a0130be83de1c19c6bb586ff09ac58c,ok,16,48
39d0d12b4fd00227054427d7d2a4d710489be645,ok,340,1250
e330f4f418d0df521a5f3f3fceeef949c84d63b8,ok,66,232
4adad112733de275003a317ce2d864346d920bd9,ok,146,521
400dad61a66142f610037e7ab4533e17bbeef61a,ok,40,136
7250b3eae021875cb8dee8c4d8bfbed31a12b351,ok,25,78
5681381f3bb1b196b4c54b8cfb9f44dfa5357a26,ok,166,619
028cafaa61e192b5307edc5d88c6e43183a11e4c,ok,329,1197
c56e72e73bcb2a9416bacca5f4c292b6da8caca6,ok,162,587
1e4385c9052e8d1804875426ea1edc1730335bb4,ok,37,120
7e5cf14e0acb65170207d5c9ec12a7189a157f22,ok,46,150
ca48c885e169f00ff6b6851eac3bbcc98570d5c9,ok,407,1498
7166128e5138e5fe9e00063a7f697b9263404901,ok,34,110
0d59c870a4468057671bc3042e6004545681a2e4,ok,57,200
6b7dd2deb682e0cccb6eae907a690699d33022d4,ok,66,231
1221ae16a2b248f103c682b213912879beb74204,ok,265,884
71a4db6e6c0790bffa6a254ae22f01a1cd8c0611,ok,25,84
47d5b05d26cdf44255a4acb8f4a8cb089e2a0e7b,ok,512,1840
d1d1516b7ccc8718e4688eb8c18542f528edb4b8,ok,285,1022
36d4bcdf5b48ed12b1ea1344ab95b97f4b8b04a2,ok,306,1091
9937e4c00c2cfb02f7c70210d4ea03d4e1776e57,ok,16,48
1fabe4a7bc71d48abbdd54bfc86478cb46853c29,ok,400,1456
75a9e58c4c224c702ea1ff9dadbc848188a5aeee,ok,16,48
ce4ac0aea1b68da319afad049b1542809cc5f569,ok,125,449
1fdeacefe6d69a0931ca6c91c344f4ca9d198cb5,ok,23,72
ba9cc50d3729bfb35b3ef7558ae98b3e4b4f52a0,ok,44,145
0c7b0875129ce79b590a2ba8dbd6044c5ad7d83f,ok,409,1480
15ccd556b9cac0bf16443e736ac4104c173f4fc8,ok,176,623
9af4b9df84f6ed4db70fe602fb523453a49c4ee7,ok,101,358
449e52f210413f175912d63d6a01092f66b69282,ok,227,842
54bce6f98306a034c66e33e7699dc8583f9aa46a,ok,64,223
5a8ff8986fa77e7d371fdc418763ccf5f4a9b471,ok,390,1441
193af6ff1e563c58541616c9350cc8c6abc686ff,ok,50,180
1a2f19bbf306d648d9c17d489cd239a571eb255a,ok,489,1749
afde53a7f57547ba7c4ca6eaff12a0302e1fa5b7,ok,122,428
29bf27f4ebeb7d7d411344aa0344cc043188feee,ok,17,52
ec35e591ecbbab620b1804d9f3188144ece3426d,ok,29,96
e64047379d6b45ec3f8cce5d6fb738c57ce757e8,ok,318,1145
6904c88e8c180932a978575929a3130d6c768473,ok,107,368
794afddbdfadfb601db2f9b6ad2cae03e630fa1c,ok,17,52
9cf05ee667d58c827431891fb64e04bb4d5d2550,ok,19,60
0aeb2f4caf8793e887e79f6d3d246972634567d7,ok,17,52
b18c01aa9c349ba8170261100d9c8b358ac7258e,ok,209,752
0f0239d89268edd101124256140debb6e513d5c6,ok,56,185
f5f8845295d69ae8a7765f6aa39a45bb7d095319,ok,128,438
98275786953b0eedff903b1f8d80289611d24717,ok,105,369
5010b96f977bedb66fae710dcbcaaf79f00bb9d5,ok,25,80
db95463a2b7174b8a0672aa20f6ff02cb8c5c203,ok,110,402
b41c76b39702a6b1a20d52652f8db9ff306e3ece,ok,42,148
985f554957c3de44892a5350d45817c7490ce9e4,ok,18,54
57a36cca4936dcb548090f21c81d8a1eaafadcc4,ok,512,1893
5f6b7c7bd99284cb2bf747a93adf37752a5aaa86,ok,21,66
d3843c93b36763cf2bedd30c583177e4f79a21bc,ok,247,891
1d8d80ec1b468b08c1c614857af93c2cde9911b2,ok,54,174
4063538ccedf5d7059ef962ed421908ea63a5664,ok,47,164
071fa23555a5b088d6ca5e316edad90feb80fc7b,ok,17,50
c7302a6d7dc180fbfc792642553dfb9e5561465b,ok,103,338
0a9d57f1a1efdf8a3308739eaa68c31bfcd23977,ok,212,760
52c71c3f1e2d2539a2711e27df294fb6bda1ffe9,ok,79,276
846d437a8fa1dee670b63f33b68cd0e53d328ab4,ok,94,350
614b552de5127e93e9b573253ab82309b7250cf2,ok,33,102
04fb4b796a5f17441c237842df645c75abe0ba61,ok,512,1849
07c1c724664231a9beb0991b8d9951daac7f7d2e,ok,18,54
f33bdc1103ea124f475ec168d5a998bd5b797bc6,ok,129,456
70b1c9a7348dd0b5eb3c0ec63124499713a739da,ok,24,80
6768039cdb483e7f654f925cb145791cbc61d150,ok,48,154
259a939234aff6c2834ac99d99b192d0c78ec4ae,ok,418,1528
85a25a3032a796a494723c374045662ea7e6b68a,ok,24,80
afd73695ef1c460fcf39f936d54f109c6ec9e8f5,ok,387,1405
0a79003818e9ef55746580da61b0cc8ce295bbea,ok,109,386
40e1e954b46d512e47a8609408626d63b0fc9fd0,ok,203,728
f35e19eca89405df2de616412526d70bb2314e59,ok,512,1835
0cf78110d3619739c74fe778f3d500cb29ba6270,ok,25,76
eb315ce055bc005dd4b915e4a50f364c5d569e12,ok,49,170
27ddf9881bf12d9a8128ef8780b5ae4d79f7c1bf,ok,91,313
8f20dea0733fe8883339b545e280a4beb3747799,ok,25,78
b8ad9a8e7f1664c1a7d16177586190239e66c7ab,ok,32,106
c387ade831f7fe88dfc57f0ef7a95c16918682ef,ok,512,1874
ee11d758bd17c60cabb4accba895f0d6fc72e0e5,ok,512,1890
46818b1d41632e02d1d598c1b49a383f70e32fed,ok,54,176
03fa14635893ea38fca928b5f936eb4420ee4d7c,ok,260,916
4f5b2860bf6ddc39f62a5f3236b02493bb29c754,ok,45,156
b148f1528d8362ec6a1379ad5a97c00b1a4532d9,ok,67,228
9d41f126ea161dbaed3453e7226666e197f27a10,ok,91,307
a3c4ece5116a6d197d001f1fef4e9641e7926375,ok,35,122
514541fa480ca2fa4de26c02c2189d6bafa4adc8,ok,146,496
7e0aad6306c4b51e8d2a79a30d22cad50549539e,ok,19,58
76e6c6c329af9810f30e2000dd2702094ff38ec0,ok,367,1316
fd2852848ff6c654087e93f96e78e99584912cdb,ok,50,171
e93e04cec5d751b7ac712f71abc6b3c17dc78da4,ok,17,52
4dd890e1483d826403efaaf0ecef9aeb65c10e80,ok,49,170
55674beee9204d5112cd464a583f36154076ec10,ok,29,90
70f14831a5119680870832d4c6b67be1783f85e8,ok,38,130
d18b0728476b37c944f8c29fb5204dc9db19002f,ok,75,276
b0cbe3735b9f3f51dde5b399b3a544f499df15c4,ok,125,429
3f3d0b85dd9958c3cecb6f54e0def9f1cf014989,ok,90,316
d85978e88570f8bf815053569817b85364979c89,ok,15,44
4888c056e8d752c89b54a0852c401fd4e6f71ccd,ok,24,76
289ee0805bdd2d319d61f70916ca09052fd0ddb9,ok,29,94
cd27308921ed0ab31d0e30b16e5a45c5c757392c,ok,512,1859
24a9894ab938b07ce461a50d2692c3c9f7b119d6,ok,17,50
1b9d34ba16074a7ff986573638110344f91b72af,ok,201,739
49d3cbd8b1fcd958a2aaaa70de2994b9934e1d00,ok,110,398
332c5d58c5e8b82a993376264fe8efa078f78212,ok,203,739
8d5b4343fbbe25aecd0af8f33f9a45564794d8f2,ok,24,74
31a2278b0dd3cdede2d395171f649bc27816231a,ok,192,661
58b1848fa03e43764ad85039da827bc6724502ae,ok,50,172
174f843c76873c25d2d1cb49abe66bdceaeb13e2,ok,293,1070
d26c7897cc1bbb49f2230428c8801e88130e90b1,ok,105,380
94f088f85d0b2699a3040988c2a97669a4d3dd98,ok,471,1800
601a906efa65d2e917761b6f6ab99b0793b95adc,ok,21,64
7eba8348d4f6876beed3141f2f377001e7b6d5de,ok,39,130
f3da55ea25b3e0d8078069534a13546cefc558c8,ok,30,100
0340ebe41633ecbd9063531d8517dd780cd97b5e,ok,22,68
6666fedda05aeeb05cb0b4f05f81795cc70219fd,ok,22,68
77a8f9941188351958da55b02f9ca92c85486b74,ok,18,54
3e5b2d21a2eb2a2f8e52bda7b3791544f5226a5c,ok,512,1895
f9bfc32dc83bef7c426876e2250b687f60f7006a,ok,421,1546
2d210d7a49e74dccf29a39dbcf0e126a7b161423,ok,139,503
080f893e2c43dd20c0dd6808a1a09e0b1f8788b0,ok,57,198
eaadcc2d1999bd2992c6d3425fd3f92b619c3c8a,ok,21,66
7cc384f44280c1a886af013f83fbc20b0fea5fb3,ok,512,1879
b78131036f6e5232a77fb052828058dbff93fffc,ok,19,58
3e55a2e0d212f1c3ddf1fb5628dd8f4809930b6d,ok,442,1631
458c86ebe9115dad9c61a73214889848d3b535bb,ok,22,68
4b74d9e89045865a3c178554ddd5f9c7796d1b5f,ok,93,325
96296c1d72486c0de9509135df5e95484768b6ac,ok,129,448
39334cb703a32e5786ddc8374eab01599ac290cb,ok,293,1044
f403d70ab223de2c4c8a5cab3d9ca2be0c1127b9,ok,24,80
05fb53b21c5c20506543831dffaa34c8059dee20,ok,17,52
493e37006c9bcf3e3fc3256c21494f99e3ce3da1,ok,24,76
ca0fc2d9dfefaac1a1e5f51edf1706e47ef52a71,ok,124,431
70880b51d8730955a7846e53ecfee3136d5365d8,ok,25,84
d5bc543472bff024039b8d20b073990a7d26f4dd,ok,50,168
caea9373d3de02bad161ce0c900f1bee0eb14df3,ok,161,564
5e1bc061f86c36bb3176bba3787748b15405a390,ok,97,338
a16be3939477384e14196bb1966b21fbdd3c99f9,ok,16,48
a1e4cf30dd2519f483260499f2b2d7778cb2233c,ok,61,198
d34d23cda2b3d726c48661068b53ec08991d3d1f,ok,17,52
1068e1715ffdd559914d16564f8cce3a42ba49a6,ok,24,80
83f89841f693a131c01cb12f4171697a6a1a094e,ok,64,214
8eb7655465df73a770a037d5d612621ae7aa40d2,ok,395,1461
309da7201272a7db876e96f3627f48d86ea6314f,ok,187,688
6a487e33f4a156a75352450911bd17022786ebd7,ok,33,106
ae8ec3e707820647b67cb32892c985575cdabe34,ok,126,459
6af33db4c472e7f6958d57e513ddf1c2cf43bac9,ok,108,374
59c57df935bbc17d2cf4976593c6e2cbbb624617,ok,85,296
7be8fcc52efbd4ca022115ce3032cef432a75dfe,ok,16,48
b9f1503d14dfe4bf3b0dac451ca99c86a7c21535,ok,226,830
2f697ffb41e94ffd2570202a084b08e0ea6670de,ok,512,1909
8ece254834db4a5a561bd0d45438c6bb38c78619,ok,182,636
b7dd4245d9972498bfefe565c995b4c30156b843,ok,34,112
5d32d28fc1ca9f3c71c31f6031268e580b8d795c,ok,209,730
2d7bfee149df19e1f3bed6afb6b0be8cacaca503,ok,15,44
32ce078188501b893bcbc01f1cf995c268bf44a4,ok,56,190
f0b02de6b30b7bb776e40b3673b0a3e33c8c1c3d,ok,95,335
8ad091fd53e02f79d561f20792b5b6cf00ad10c1,ok,37,124
1a477d50d1cec6f4133dc56be5414588c700cfc9,ok,125,437
258ad7d14cfad9382f435b3bd903fe45099ebde8,ok,111,400
7ba4307f4a34b46b9bc5ddcbdc011b3dd5fd23be,ok,95,334
6651c4dc5f6c7f6a53f1dcb878b994093b05ef1b,ok,26,86
72eba996ea364dc96a95c256168c7140446860ef,ok,512,1811
5512401c059671b571e45dc16cdf314151df77ca,ok,16,48
1a2761d8f5b744d43670827e789309a7dc8fc3c0,ok,140,510
7e6ad5243ee7837c73baf7bc0870f24e4ecfecc6,ok,277,1005
122aef457a3ee56fe7bbde87a5d11289e663b859,ok,275,967
f6bcccf861a1c1b7be3cf6a779024fada29133af,ok,48,158
d471c523cac6ab2e3a66be4b8ce43db25da422c2,ok,252,889
624cf63c8b4fa55b540593f8cdcb9a54004cff96,ok,12,34
5163460d29f6df4ec094ac69608c4146f9d4e6ac,ok,85,310
5a7fd326aa9d8b53b7a6e61fc127127c790dd3b8,ok,25,80
1bbb2a0cd2526021367ba1da93d3a9a7a572e3e2,ok,264,944
280d4cd1e41deab690d8ef44a2567d1115ec1c31,ok,42,144
13e7097630c4172078555702422c74d4e90ef34a,ok,41,134
03665cdc0e561832e6054fe8c047060171c8ff7f,ok,51,178
fffd6260136a82c2c8c64eca10eddeb0d4e7bcc2,ok,20,60
e2ca5041c45ede8da4442ed4caafffe49c7544cb,ok,37,130
1711db2a8fae48d9986bfb4bed70ff03ecff5bef,ok,65,216
e921fa5e7acf9bab7969a2d56b1c861edb071fe5,ok,316,1107
0ed27f8657b829ed366bdd74ba2fd952744bc70d,ok,512,1944
cef9259d25dabd598ad1cff46162538ccc5d4bb5,ok,16,48
9cd40471a1f4b7616ccc73d82f5973459e23af8d,ok,310,1086
d12a47b9c24d765b97d2cbc969046b9a0401962c,ok,67,235
e4edeccdf628bc3469b3181b765109e0df1e0dc2,ok,263,1006
c41be320aa593087c64d96c9464bb8d643617425,ok,218,793
7be306ee275038ac0978a77456c54eba70ba7e76,ok,492,1820
74ed1daee5b3c4348690fc633bf547b150073070,ok,143,516
4599119baf1eac51f2cf267fce86e26937a43ea2,ok,194,694
63f7ead7645eb3af9649d9fd00d11cedcd649fa5,ok,17,50
2e2bb9c6db4ff83e6a599c34efaa322815d58b31,ok,51,172
2ff141b498b3c2e7a913ae579be0dbda8db783bb,ok,512,1853
7e8078117987fb6268642128d3a6421b5b1e0abd,ok,25,82
de3510a2c5c5603052f2738c3fd826f18f06be47,ok,174,622
838f3c90b547556bd52f4e0175223064e990cf04,ok,30,100
79abb32d19b3ddbfa001a025237e826f19a77e8a,ok,373,1340
36c4d1a687ae5e726ece04b85375bcbcec44b29d,ok,512,1851
7d53fd934c63a9a06d6029f933829fd12f2c50c3,ok,49,170
cd8f46022f5e0631439ac9f049f1dd8791c81c51,ok,26,82
89ddaf80d1e406ec8b5953020b0407ec01faef71,ok,214,776
d3ccaaee4fc96ded5e862a19da1ebfa48b61ed47,ok,59,199
2220cbcfcc979bdb3915d41e37a725f129428d80,ok,105,372
3ef8dac844551ba32d0627c7838ce44f510db851,ok,39,130
920ef164b1cd1342d32ca9df3cc86924b655a492,ok,70,237
d8f6643e5f23da75374c3141afbae5f1bf72ccb8,ok,512,1890
c2b096813645f486143a8559208d1912e7b452f2,ok,85,305
66f507101053ba14a96e43bfeab4e51395cef0bd,ok,24,80
8348a79d46544329c7c6a525a35a306458b5e669,ok,61,216
3ba45a0100f983a1a9719a5cf3b1c45eaec9955a,ok,156,570
25ddfdbd05d0f6d976d9934e49af196f626c8b97,ok,75,254
f0aa24db9536b7329de6873890c214556ec17ced,ok,206,728
838ff1783ad811fd3916dbbe45e54e0a8d5564e3,ok,133,462
a1d5a2061ebc4f8614ff5e54094f08c0f2dbef9d,ok,96,302
c2a6a631bf9844fb30d87d6798242f27093a3cc9,ok,32,106
6ea59e0cada2507eda09b42588af601c331e7e2c,ok,202,725
a3b983142b07e81d3489e7f7c5944599c6d8885e,ok,512,1870
efc4255505d214b7e27e257a258952c5a51d0386,ok,146,536
05f22f8ad41f7a28e8ba769d1d92d1880a18f482,ok,11,32
6c77210b003a7fa341363705b697b6e31f23234d,ok,199,712
261a0a500ea6718e4416bf961f1c2ee6573371cd,ok,28,94
5a8f0570d0046c67284f78e8a86282f35f6acb30,ok,512,1904
23c228e0865319737734f8b27db4b1704abda8fe,ok,24,74
b412afed72baec9cd2f039339f831e2c3ccc071e,ok,95,338
109339d1b7b744dcb8778fd3f13c4552712653b6,ok,32,100
8814d0adb1890db7e92461e850a64f66cfbbe1ba,ok,124,444
53d6cfd673b28d28423310f19fe64dba189bba95,ok,12,34
374fb07c3bb10ca7f2c8bd6f4b7bee19ca9dc077,ok,41,134
5691b3009dfc9a8cdbb38c614f3f839690a8221c,ok,156,538
521a508001c6722cea1f39488defeaaa551ced86,ok,16,48
77185ab7c83ed6d72088fd2c37c3fad574dc5c7b,ok,18,54
8b6898ea548817d3345cd641bd6b0e730b633597,ok,231,806
9ee182ee95e6677333b2bb23cd046f3d2a6fc8ac,ok,16,48
3cfcc483c0d13ce992c8d3bf18a8bca3d8a89868,ok,430,1584
1c772beb1557a78e1703746104fec3ece2e7b656,ok,78,259
6d4d483627407c1ec8d1525ef8339df82409a245,ok,26,86
6ece0f15936104aa4e91909454ee35301a36c943,ok,24,78
99ffe13980504f9d0dbe812cab3f9fbf429f7563,ok,32,108
0f164df5252a2dc60b5da0b57fb8b23fcbef81e0,ok,77,267
544bedb58500c6fb5dda548f8ff3dfee22ec3dd4,ok,31,102
a50bba38b3a89fa99f3f62b25b0760dbd20541a4,ok,99,352
599872e29f21b1e33fd4ffcf96bfa8481842cf7e,ok,21,62
5c856d954e0a2fa35d3fa30d0d9537b80358a015,ok,25,82
ba3704af16a4c2fbaa65345759df01bd9f93f21b,ok,199,728
cd325ed00262ace165c28674989a0602b61acbfe,ok,60,208
075201f48fb10b4210dde859bd63b9f6bf4d3279,ok,136,498
f878c69721112b8e6921f60c15f86ddd821c1754,ok,29,90
ea7a58c2898ce085a97c71e9f944514c5561f1f3,ok,62,216
a7197c63e1157812b07bc6c17cf826280172156e,ok,33,112
c379649dda5193a84d2de62fd91eed3bd19f7ac4,ok,95,336
f3e2a4e62600921e93487bbdb1735d134c73e7bc,ok,445,1649
18ee186a341fd39fab17d671f54184acda548253,ok,19,58
a8e47c4847f72b31240a4b7022576f334461fef7,ok,77,261
3e35776d63d83549c6bc97e5b4b24b13b1a1ac8a,ok,18,56
702567a2eec05989deb6a7a8dd51509fb989d0d7,ok,13,38
5aa953fdaae25e4e0aad4e6065cda9fbb032ca55,ok,512,1806
f1fd5b96b79c8b137d6d9e1be2b108ee868801ff,ok,48,156
a94e54bb3dc6d86e5b3a151724411ea7498f766a,ok,80,280
43fe0ef7d391a15a3965c20ee36ae4cfb9db7b32,ok,182,653
c29581905b61246fa885f6aec41648ae72aee65b,ok,171,633
9a434671f8fd6410ad111fa979ad410d56b9d767,ok,324,1177
c287a2b3ed6c225a9906a24115b8df3391b01dc9,ok,75,254
bd8a5a6236ace845802250376f42d9be49fe95b6,ok,466,1696
f5f68f9ff4b813a956e838b0ec07c24f33348dc7,ok,512,1765
0b0e4376e6ab3c42e94781611ec7b7538d2a096f,ok,11,32
6b7edfb25e0ffd21710f7df8680c552eb4f31cd3,ok,313,1181
154023b961c2a95e42b6edc29c83561efe5579da,ok,46,153
777f7ceb1500e34c11cdd30894ff3eb91060973b,ok,290,1052
445d798b40ba08f9aa49b31471f116861cbb7e3d,ok,512,1854
0b3778ba92e15479c4aad99e8150baa3db2d2cd5,ok,21,64
45b76ca5cbf30f4cf0d92eb6c1926ed14040cd89,ok,73,255
3b85e42372b3a882e9023d6eed396156876a4933,ok,359,1381
1f5a7520591139d96a17b365d2a6597c73591ce1,ok,254,932
bbb4efce78748b218fe0d6e4adf2d60da11e28d9,ok,29,92
fe441ba88d1100d38de9dc84675723d7ce5aa44d,ok,260,940
ee4de4225f4963a9f7b2a104288b1725433b3610,ok,316,1157
1b2979cab78a3debf0c9c3b640bda3a5fa166367,ok,16,48
37fc2631fba2081a79207c8d44f5adab050b33c5,ok,512,1847
68ee4fc01073183d10503f28952318eb5256008c,ok,211,776
a42cc3040a5e758a7e252f4fdded93d2d9c7aa56,ok,17,50
9c1cd2ea8092037a8ada51c06376a8413ffad9ef,ok,89,324
07c25072e33273b825ae7a6d12b0d943fa507918,ok,19,58
cf6aa6db3aeba129d3c40dc8d0792fc029092b23,ok,31,100
7672fa55aa4af6e45c3c8f979ffe745c717d184f,ok,408,1440
e4953a8a7bbfeae347c956c99bc61d17599c8d34,ok,294,1043
a4e96688f25e3a6dd2a2f44069f8d9a8dfa543d6,ok,8,22
d50f16227bce4161a2761de2e226e0183f852d39,ok,49,166
35b0c045bd6b64793080c146e6e465d36404403f,ok,18,54
e31ab83e702aecef74dcaa9e6b79c806c3ed52f8,ok,57,194
3c381d80eefca25c89c2f366e10a38ff1369af64,ok,146,519
2fbaceeb0c32d154d82966d75609e8281b4511fe,ok,74,258
5c975e4cf7621e104d8808e4edb1fc07a2745b45,ok,91,320
c631dcb00ff3131cd41fcbb8501f442f79c50708,ok,121,433
2f1c97fe4592107793c35c325e4b168bfd1218fb,ok,60,194
b1dfa2fa56a78babf5024743b7384beea3049c4d,ok,22,70
f006098a9973c6618e9d52042588e15615094b18,ok,129,464
29621df1075506b177a2e7c968f22730dccc5808,ok,23,72
408d5b91b636abe7018db7a3e6e08c4e2dc10a94,ok,54,184
fc4f2c6b3bfc26ac532ba6db625b446de54ad120,ok,330,1158
b8dcb8e038510e97344c8d1fd59b4e1ad6b2bdff,ok,35,112
c190442550ad96ed50ef6877362e163a753c2dfe,ok,512,1884
3539231b0c2c7c2dd27e78085ad2ef4bfd705898,ok,32,106
2b8eb15eb16c32fa9d748857915765b7a05423f0,ok,38,128
a8adc614a62489be6cf057b05dbe31371932b989,ok,163,574
e501869df190b2db615e37d4d888a26a0284fc32,ok,34,108
24d7315ad6d3de809182eea0eb280322ca2cc3c3,ok,112,418
d1b4723218bbdff7591f24a46bb5efcfb58cdab2,ok,68,236
719a3f2a6429ef42263472c5f2f9d24c60949dcd,ok,165,600
aee2d35a6548c9528664f271cf7c0b2a468f4375,ok,80,293
3bad8b019651115cebb8eb6d0e39c6a5ce67edd2,ok,59,195
26ddff69176771db4842587ef4686d84d4909323,ok,158,583
c16e96d574ec2b75ba71bc80b7328ac6a509f166,ok,153,536
6e52819bdc876acef1e80f4a95f6bf647822a5a0,ok,257,927
83d0a0e4948a6543d81e079a6f1b5205207d5ed5,ok,260,906
a17958340ee072af180fd467cb1b8a4cbecec33c,ok,512,1873
95d7219bfa5ce4d49b19e5e1bb259370ba30551c,ok,42,146
abf216e7ab7cbaa7ede6bc8ae96917f657803fe9,ok,11,32
9ebffad100c086dbc888c2f50db9be4bef0adb03,ok,22,66
dd9a8f379ad2838779e806d8cf8904dfafd21548,ok,16,48
407a53cc47671096722a01c176062efe6983d2fc,ok,280,1013
293defa91831fe973e85153ee31547f086154c4b,ok,85,299
26ab56ef40e5dc069c29528c1260878fddeb428a,ok,29,92
cc9ac563d913de3fd032fa224175abca29c1a08f,ok,16,48
c66f0904c488ec853ea3b1a233d32751f1f9bb68,ok,475,1798
1e94272d64b798ec5fbb75be3631d91997816328,ok,15,46
a487eafee561d53882db77efc7722948bc4421d6,ok,26,86
8297f8abe1b2a1976a749095bb17841ad972b1b5,ok,54,179
8a2e9be2f39d495754385ebfb381367931a1c444,ok,29,98
462ff98cb1ff4784a8b0180baa9e020c9b65b3d4,ok,79,280
ff4c3811aa7d6055b117dd786426b537ecac7fe0,ok,141,506
c56c9e0df2093c5f79a0983472f9589211630a4a,ok,379,1375
1f905d996263189251b4c6142d7188e8a271f360,ok,439,1607
637c36f41f4a7363bf6aee7fdc5cee1526d895f2,ok,23,70
fb1719fc613c16a2e54b8558d69ef323164878bb,ok,26,80
9c56053c8136896fcb75c92654482a56d1fb0c5c,ok,25,82
37cab6115993ab5cb3629e053885a0ec0d37d4dd,ok,413,1543
eec42ea9b770a17445a28d38a2afee39037547ac,ok,215,786
248ea41737d6563f1965c8a7b705a1607eb7185b,ok,298,1092
4fb43c135778c7507a835d414b5fc7a4923dab2a,ok,21,64
bb4961f42b7523d4907155b0ece1919b2d029088,ok,92,331
9a80dba3ae790bcf6845fded650b9bb07174dc6c,ok,105,368
a5c6e94f2f63b5d1c6aec466ac78b886c7da2c4a,ok,249,920
6105470f359662967a74373729c44648895e19c7,ok,83,278
84bba5a53f2d8ed634f7b42a472a7ce229d71b93,ok,103,374
d9b6b11acc5eff95e75358b8cdd74bb7358c4d99,ok,53,188
c0364dd819657c6a7e8d45194582ab95ffb1b8c2,ok,512,1849
88342065563eef8a4f2b31de685beb9aa565cddf,ok,17,50
1721eaafe1f1fff0d6b0688c3a36b474612daa55,ok,256,948
2e7223923d8d9042b80b449127939d9e37f0941f,ok,8,22
662e55aefd2774993c0be9fdbdbc19d62e235247,ok,155,558
edf39d73cdb04389321f959501174baeb002c7f9,ok,27,86
5ff104b6f49c68530206c34dc9a423995b2ff6bf,ok,239,861
63557f82eab869a0980ec853013dc8a7e121d0c2,ok,25,78
0576aee4babe991342bd4a04e9aae6d084bf8971,ok,19,60
ce5a2938775b26b13739452a5beb09553a67a0ee,ok,512,1896
2d69eb06b5fe341cdd8f54d4118590e4095a3354,ok,36,120
29d730292bd671605725ac66c5a8ed661089309a,ok,98,336
14da9094f677825a01a062f881af2f5248b36da8,ok,24,76
3502546b19fa24ecd8f9177bf0cabad6cfb94527,ok,227,849
bbc42987a3e4c46480c72c379196edc59d7c1218,ok,512,1766
cdbe069056d740fb372be9123a67fb15932553db,ok,94,350
ed3ac70c44fc32cfb6cf11b66a00405a5887a2a2,ok,28,92
c09d09a123ab47d90411fffd1025a68dc5e7da25,ok,50,168
cd310f4c6701cd0c218d4a0a3a70091015ff5fa8,ok,67,218
c21108e227da4e9058e7b09cf56cd93b3d125c77,ok,20,62
458fd6d10589b8fea1c6c9bc3599b11c82b62c3d,ok,133,469
524f1214649f28a0e9334b9bb27ef85d36d91d33,ok,512,1826
439876e7974cd23f6e21005f53bd03ccabd05530,ok,101,357
0a26eb816c0fe40ee84256684e93e72a8fda71d8,ok,69,247
45e08f0615192c50a5311b15b6fb678fe1d22b1b,ok,512,1811
dde49704ab0216c6f62422bf4bec010248b22861,ok,34,112
76c405eed2d6aae26e913bf15a5fd6ba5de7da2e,ok,59,202
2b09d6b6fb215765f58fd2ba715ecf66488ef6c1,ok,47,172
29792c5786fd76a1c8993c967d4f83d989e24632,ok,13,38
801359b5b0c78e6fd5d215be8c5e3cde5598695c,ok,87,295
f9576b4875e5496652610003e6b52164b532371c,ok,43,150
7131059103cfac1e6365c132db7c653d0510ab6f,ok,182,656
577c75b6fa9cbfab3ac9a573571c37a090f2e748,ok,96,336
f774635eda3ed09e5bdb5ba6d411a769cdc5e2dd,ok,383,1393
d9cc0cdff758ec59ff694681afd329867caff34a,ok,25,84
a3c8627543c08416eb975ef7aa9cda9b95b61c13,ok,50,168
123abe6b9cefeeb5d7771467e954dde95ceb0da2,ok,141,509
107f74c785fd4f21f4706396624a9f5fd06ac151,ok,123,437
a414ba2809f4644987d3b2003c878c74fb8145cb,ok,85,297
30cd48094f46fdcd014e786a55e3008afa026e4f,ok,18,54
467e6e72c0cd9005312999fbfe22fc2448ef5983,ok,49,171
fadf83c07383d101f10450a0d3155a118a62a0ad,ok,455,1616
f10e153a1246e8be42a3cbf1a2a25aedc9937286,ok,60,206
50bb4beb89ea425652f4f6fe6a0b3554aa67cea5,ok,155,552
b4df8a5b468e62362d931099a83ac203413766fd,ok,16,48
1eee58249bcaa7248620d9d0ce21a377a23f5608,ok,25,78
e7cbd49cc4f7d5c41299ca749a8b9459cd55ce8b,ok,330,1182
4a358bd2b0386a019b14cb7fc7854c5a1dd197cb,ok,377,1354
06f2d7b0f2998459c2f4034173993ec86f9170bd,ok,25,78
373a821d94e3bc654e36d96ea633536d76003819,ok,33,110
5358d97270a680580ccf09175cafda257ba299af,ok,27,86
392a43c72f44e012247fbae22de9dd782820a13f,ok,12,34
db8f3edc43771369a6dd1f4353cdcdbb579bfdda,ok,90,318
6fabdd4a3139d87d31b55d2cacc0927771311ad7,ok,17,50
34271e4b9b4bc2e5bc75f8210db224c7272fdb3d,ok,69,242
dee097d14707d929c40eae75d7e9e5628170c183,ok,326,1193
4d0315d3b7c71c0caa664e3f33bc4f9775226351,ok,22,70
8f93c05b06819eade93365db468179ae017da34e,ok,512,1922
60719a7a04895facf2965bae0ea20d3a2abfeba7,ok,31,102
edc3a19adb66dda1431f5cc7434cf42f27555a46,ok,23,72
fe5b1be3f94b78c93f97910fa8149f7cb43e271b,ok,512,1915
db255405aecbb3988100fa263be906439a677735,ok,76,258
33c2dabb0009baaf3531ea16364a9b3a83de474c,ok,512,1940
cdabff95edc5fa9bf2e2fd574919f68632bd228e,ok,47,162
86f84ce28813af0bf2a4b45ec937398c5f470648,ok,25,84
3f2d1a07ed4b4a3c4cb2e8676c9e06a2bd079991,ok,388,1339
8ae95b45241b4905420c39fcc20e7d734eb43174,ok,64,238
916b75298ca9ad5e58037a1173b0b2a6c65cef27,ok,300,1083
65e4eb88e5a30e34583e33662884a8fcfb9fb470,ok,61,200
ca52e8d85ec31829840fdaaa0d0e5d4e6d812a6f,ok,512,1921
b2111f54a204cf7fc740a61e290a666392008123,ok,17,52
e3c225611b9aed464471868242a81007c70b043d,ok,21,68
2472b58a58f0dbeaf344ad000ca09b8702396360,ok,24,80
de82c009223dd846861cdc634df4c33166f5f856,ok,121,439
4e3a795623172e3e788e9b30a2da3acd7ae0899d,ok,16,48
fca4306352fd8cfe40d82967be983dc8583f6709,ok,25,76
9cd56c6844256f9127700a03c9fceaa003f2c37d,ok,277,1011
432de70e7bb963db582dbd087d91bfc2329f0582,ok,17,52
9ccc699a17d3cc0424cd8b8d326ec9f2d33652de,ok,278,996
78e65312f42702c5c76c68af905090d52dab0a4c,ok,29,96
79867be898120f9395ce3dc07a770c2c652b9847,ok,41,136
0bf76c1dfd54c4880e049830eac688fecaa39d9c,ok,37,122
df1d898b375c91e29d7036e39eba322062389635,ok,60,210
41c990e928b5e772f3afa2e621a682304395ee25,ok,58,188
aed708ee1d14a9f56c5073a57aea029f5b66db50,ok,115,401
93c06d847cdde8a328b195628913b0f9f0066ad7,ok,55,192
0f13869ac2280354ae9fbd604020b2ddcedcae9b,ok,11,32
dd873f4e660ff79766e6ac5ebc217fe5c75f6648,ok,40,135
443f37a77b760731b7b28bad7813cd5e9657965d,ok,229,864
d2cd319dd9d063fd5f28aab07032e2e374fb4a76,ok,29,90
8cccbcc04da826d33357af6eaa793345e28c9758,ok,165,602
b357f4b097f04fcb0a45ee43282aa03d4de81f41,ok,512,1845
1ba36c120eb7df6225acfef1497d6fe7902472fd,ok,37,124
73b68ff9c473870cbbd98814ad8bd93690d7e78b,ok,120,424
56e95959d39f2ba4ab2a28d16d1774f1f434b9d0,ok,175,600
8e7e7c7ad45f524d8c31441fcc1d1594741dea29,ok,49,176
4c21c6f9f461029be58284f26e8ece980e27b2ad,ok,227,813
0a69d3e863fab87e102dd937d02ea3fea2182792,ok,46,153
30e02f064466d79d55bd8f501794278cce3aeace,ok,109,387
153b1111094c0856c50df4ee127f76a46f10d2e4,ok,317,1146
4978e1624c30c20cca1dec29d1c65a75d114da58,ok,512,1847
171355a5134a6d9b594a397364c6f2e7b16aa3b8,ok,55,190
7147a6390859ed3ebf0fed27b610a510fe23d92f,ok,110,382
f788b7445a9e771c69542998175ed10f32f51939,ok,174,623
00ae13edcdf7beb21cfe7771e4c863d5d8aa3a4b,ok,23,76
a9056b5c5d52089fa802d29cf55be1c40fafbc92,ok,23,70
859f3eb6ba9a9f9f21efbae44f8e8fcc39a27c6c,ok,76,268
c7bb902e1e4fc388d9ae72bd6978179d0f09e3f3,ok,35,120
0e6d5b40444dd1b92e186cea1c92550cee6c5de4,ok,34,113
9829df2c1f7c039e0e3adb7d4ed6421ac86caf9e,ok,53,176
d71d8fe119f5355387ab2e810cdd9953ee859b45,ok,27,84
035f4aafd1f6e379995c47a1eb12200f2d0618dd,ok,110,392
aa2c5ead54a6e5e956dbfc82889ba83680d2f28f,ok,17,52
d152b3a9405a56c9bb0e44a6dd65b795abef1742,ok,30,96
6dacd63f5905458e03d23bbf539313a1daaee5cb,ok,153,560
4258a4de274a8b3021db9388239bb9010173c87d,ok,17,50
80015b9d4ff3770a341544e435d07fffbf6d2a6c,ok,62,214
a7760ae26691f2385d1cd847b95049a34c4c8c4b,ok,21,66
210f7aee3c02933a21f50cfacd3bcd3fe6ee409b,ok,25,84
c3c26b25a12bc11970269d5938b9aba434fdf83d,ok,28,90
dbf6e81c0da91008c5cb79c5df7195ca39c6b13c,ok,267,962
41c5ff02a99a5d9ff2a84b38e995974a46c43018,ok,34,106
3a832fe45f077ee00baaa0eb0d10cb88bb59e8bb,ok,50,170
ea74fdac35c4a27581685a4a8c3be962c7e7c4ca,ok,52,172
fb0d7a5775e1d8136dcfe3e095fbac20a3e0415e,ok,95,338
d91c8c4a5103d8ed930036f43307c07bf2480e50,ok,33,109
89f67686560351dc8ce9acc60f9365a5623b2e70,ok,46,150
d20a6ffd09b755126c0f159d1fa77b4278b65d67,ok,16,48
55c9b3ccb0a3dc73717fb0f0313184b4c42b736f,ok,16,48
62a94ff9b4f35f2703453653855f5cfee6101791,ok,67,239
097b42a90d8df4233895e9faf347ac0ab7d26bd4,ok,358,1338
6fe38f7ff39c64d4610415551924266f22af4c90,ok,93,312
3a6a401f1137bd0ac7fede0a2625455f6094984d,ok,28,88
1b1ed2a8a533aaeeb54cf64c8e2b77309d6f9ec4,ok,81,282
c4ad60ff9a3fbf4e7119ced7b62eb561870fcc0f,ok,206,772
f706f23154ad08e56fa82969404b2e9e56cd7b60,ok,378,1344
4d8a7cdb4914a4d465514086c84692174abe0f84,ok,33,106
e65f2f6006e0ed8057431d9f38213407923f1058,ok,363,1332
da24272d2b53624b4efb226fcbd6d1fea3203d70,ok,34,112
f77a289aff1811b781d1675e4459b5f0c54f96a5,ok,105,374
f19879e72f018b316ec77ffa3730145ac27d1392,ok,32,106
3646eecfa45f7ec7f244856746609f0dd483add1,ok,39,129
375b7c5b3a8b24c43409e0a901fac1e1b2eb6879,ok,21,66
deb5654ee218d3150f9421184a888542e86c39c9,ok,512,1860
8845112832e4a167886f9108f2429ba94ff76cbc,ok,68,241
b9a22301a86b33e678ba5895e6912fbb999bd529,ok,290,1052
5ccfbce2e59dcce815a559bbb081abd298866f37,ok,20,60
35de90b8063165d0c23e1adbb0f90d858b922f02,ok,82,278
43f82c84b2041e44fa6f431eb63d742144c37c1f,ok,324,1152
e084d502f258adb4a700daa59c0435712ce79768,ok,79,289
6e18ca04c9740a456e1e9d72460f4fc669edb0e2,ok,36,116
6fccf0cf7f0199b7a27bb1a17b821823ac33e4ed,ok,38,130
7c9a55252ae493369f3691a6f877438d4c7634e3,ok,68,246
16d3c62506770776bd01b07cb6d891350e53a683,ok,304,1101
a0e22f439ebed34c578da496145adbaffed5fbf4,ok,28,86
70c7930e70e5fbf266b84ebd1c41600e78d48081,ok,199,730
29d8697347a0cde6da393844b2a5931085ef0547,ok,24,76
b0075de5bef668238436205ee1852ce00509e444,ok,109,382
e657e3960896473963ed604169c5116095cad8e1,ok,103,368
fab9ef305dc4d794c893c5c130cd164c1d28d4b9,ok,142,525
13b75fa6efab66a20942bb9e5bed458e749e5a3b,ok,39,124
d7d868578213d0230a5df395f2dbcca6c898cea5,ok,37,126
dce0484690534ef373925c3ea3dea7343c110ac8,ok,29,94
22251fe702d8823f891c286331f5cfce1dbe7d4c,ok,46,158
bd6b7ff96dd7e71bdac395c0255cf8f0b9366cf4,ok,84,303
0157007d86c8d6dc1f326af6d9b681b52310afae,ok,35,122
f258027dd869a1821b1b17fcd5244ce2c824580a,ok,63,220
055f86facd908bdece20d001055f75226e5dc74b,ok,74,274
61bb455d7b335b29155aa090c40f8595caa6c7db,ok,320,1131
3422bcd08526f0f6bcc673d7ee49720d3168979e,ok,257,919
4d456859927618d9d89352ee7ff8c750bd3ccb95,ok,126,441
b5518946ba0b1e80091cc9f8f1e746eb3db8a035,ok,72,252
fc06f60d26be809e933c6510d451f42ab92051a8,ok,34,110
0234c9ec2d26895d65d1641d39f9b4da1987098c,ok,38,126
539b5414e920d74e32ec1e591dee754cb901cf6e,ok,25,78
8219bbb4be8e0c576a87cebf0e6dfa83b6fcb9b1,ok,381,1385
98ad71f840ea25ed8875a320c0e19b1abe5231c3,ok,84,288
aa38968f6f53a0916869bbf0361b470cb70fba09,ok,133,488
34042eb3752a0ee0cc6246b084ee521c6b8cfc95,ok,30,92
a44eb276d63fa948b568535853861b9b07ef8dfc,ok,125,434
6796abd09fcb781db6665d43db2de7cc1a03bee8,ok,24,74
3d777f5c5ff1225708ca36239b3e32ff80b615a0,ok,25,82
4f4ac28166b581e72451851889e7102f1da1eeb4,ok,21,64
66c7a5e006ba5f775d8da9a33f9c0db80339b651,ok,9,26
61091ac51fee02728c925670d59dd84838ce1c74,ok,66,223
ddd00405ccd8b7626fbdb156bb319eb6443f53c8,ok,512,1820
beaa3934eedcda1f232dfe3d3ab72ba8b97907dd,ok,25,82
da52da2574ead1b9bdfebf6270f8dbc5130b159e,ok,512,1860
c0bc959be59b4688985cba38bc87cd7ca573c33b,ok,512,1847
5dca3491fcfe729447523b14c78bc46aa1c9c292,ok,140,495
4016848e3faa2f2a40b0725b783c0e394fdbbe00,ok,79,272
60277564676386c1ec11f482ada52d8f82bbc401,ok,453,1712
e46f5a4be1240246bf13a5b97f2989a35c999f2b,ok,57,198
ad8b919c0ea018468367efbc38303b914b1d70dc,ok,110,373
8e1a76ae02a328d8419db3e30a657f985f5659c9,ok,155,566
815901544f89ced118e150e0b890ec68ed2e4d91,ok,45,150
39530cc77ad415003ec48937d4a857880fa0218e,ok,176,634
a2e7d2978ee7f680f366c37a6aba0cec6cdc36c5,ok,62,212
259dd0fe9fd254cf62b62675a27631acb8acaaf9,ok,512,1922
f64d06b19d8007d63a32c8971b9bd3848c4a7673,ok,30,98
229e0d48572ee34c2ec86e5971953ffa8e2ef65c,ok,273,1052
a68277ebc58388446afdb6377fe9472408cc1e34,ok,51,172
d7f4133b7fff612a7e1bb26d5d5becfda4d83f36,ok,33,110
fca26892633c7591a2559feca45c8ac2aad3a9f6,ok,9,26
45c3333dc8cded20e08f86ca3685fb57c3b61a53,ok,512,1855
05527747eade1b57fc323d6586cbbf6928d549b4,ok,30,94
eef67e012b9abb62987ea10bbe9c328c360e2ac2,ok,31,104
69dbe94e95b883305f63b661e49f5bc86d7952f0,ok,14,42
049fb33d34ae9d11d41fea1a67f9969b797fd3da,ok,87,310
d1ab2f7acf718319a68e7a9a73628c7168270256,ok,137,502
1e0c388924cf6f975f8f88e1e78164ab54fe0399,ok,45,152
030c63a0302f902bac7ed0bafca966915aa63073,ok,32,102
3d0cf903e8ecde42c4629b2aca2e17c7542db259,ok,498,1807
ee0916f5dc7bfc9e4634c7b2de33387d8111bc6e,ok,29,94
943edcecc1acd70409749a38b4b2bd16e15c1b89,ok,512,1806
76c2eacdafd77390b59722bd7f03a7d64db79da2,ok,36,116
6f4c8a6abae908a7bd18b021103d7f20f51e151b,ok,52,172
eb36f084ca0f86ad01aab0f64f7988e381656619,ok,45,151
99f946139ce7b1e9fc9045af173f3e487e3f5080,ok,380,1522
040fad035995db16c9d78240ca31c43373f264cc,ok,17,52
7e1d1c3cbdc82c1b2b2fea9daa5e32fe453f7f93,ok,512,1887
55488755c31e9d6af8165045ee280321564e3b81,ok,78,286
7b4cfa4d0d3517799d6ad5e7528af1e8ec3a0a48,ok,16,50
362a4f0713d94d6a257cfa7899685adec698dbca,ok,73,240
23eb4164291e4cdad42be1b905b784ab121cd901,ok,14,42
a4cda7652388487a82c410a8176d56fbb6dc985f,ok,340,1232
b6f13f54a0135e672d6fe2f6af75d8a9f7fb610c,ok,15,46
7c51f8fbbcea92657723eb9134fb8ef95f69151d,ok,512,1864
fcf0c10495793ee8b8bfb18b53bc2ab71f4f194e,ok,194,697
b8e7abce854c3d6c9e22cc6ce984c02adf73beb6,ok,19,58
8ed1d6de9be1512ed1854861e95a58985df79b3b,ok,512,1988
5dad7430d5218069dc26ae977847b789d94b3fa5,ok,512,1897
5f778a54d109e02f5c15c07df4333fd8e4043a14,ok,512,1837
44d95cb9d83d7cd30746f5d1bea2b2970b13c8c6,ok,19,58
96a06efe79e5ea7853b35e3679c4362fd4eef71f,ok,182,669
f64bb09d1fe16943eb71c604b091e225b234388b,ok,367,1320
42881ed4dac81df59c2a5a101a26df46fd5cc834,ok,107,388
adcba72f3b84eb66ffdc23e78160f204c1242b28,ok,360,1301
deaebb6867357057e517cdbc0bf054d69564bdd8,ok,43,144
e9faa2107c2b7cf53ffedd3b268b6c99f78a1b50,ok,16,48
7968ad6216fdbb5a034fd964500c08c075b00cd5,ok,512,1834
4d287c0f282412b90be9fba96decc916f967befc,ok,79,286
232ff47755e70622d4b4ea59435021fc4f6a0150,ok,268,952
351fb73a2cc77e35b2ce5a4e7620ab4be335c1a3,ok,53,174
831216992bb5a776d76dbb96f742b408613f4666,ok,102,346
01f9bac0246388681ff70c3d4423c467cf460fa5,ok,69,248
f86a388a8f957b66e73a76d69aa355d7c192ed5a,ok,431,1594
754dbdd1ce4991367a7092f92a3c88670bb19254,ok,24,80
d32bf06536390547bec89503e5ec6e2459674977,ok,17,52
e8cd47b54ba5b9e6495a6b730851db9455022e98,ok,87,296
9ecebdffe556a3b6a858f1ff4a9138ac7cd0a8ba,ok,17,50
aebfbd81dde3316481d7fb4edd60fbf0f5b7adca,ok,51,177
62160f5718552bbfd215f85ea59f8d8f3e24cbb5,ok,39,122
417a20cd4719f18bfcff807c8c152b60c6b159e7,ok,77,260
659a111155d8be363971c1fd0894dddb92bb34a9,ok,29,98
c40151ca1cc0dcba5b84a9aa3c5c79801a39bf4d,ok,103,370
d54164ffc8b7a070b72d6ec600282a256b70b7a9,ok,128,442
b318dcbadb795aececa8942410ac7f26b498d4bf,ok,83,289
97219912cf5d505544153248e7f3676bf8c002da,ok,34,106
1a53a42a6d7efdf7c8977cfbe39eb7ce086c2b65,ok,365,1362
804ebdf8c647597c264b431c860b82827d8859ef,ok,212,784
958d527fc42fd2fcd16fc9afc3e58245bee65850,ok,80,278
30aa157909d1cb522df099edc702342c7201ddb0,ok,33,106
dcfa8f68cd1d4488de74544bd4c441cb3541ff4a,ok,166,584
28c0f15b2089db9ef1aea123aa12c0788a43df45,ok,334,1219
f4c10b9ab6ec1a36dce22a8329fbdf2fa529fcc4,ok,469,1658
63e4a762f3e7e60d36d25340c647ddc43947c3b9,ok,88,294
42aefbadd3fdc3a130c5c317eff5b34456849077,ok,12,34
574f533f213a649660c08676784e8c9f562a992a,ok,208,779
01f486b3ce48db5d7a0a91f5e407024a16ddb353,ok,109,374
dae3c5105f38ce9d83cd421b4850b0badd35f93b,ok,512,1867
3ddaab62517979cfed61e82dd8e9bf42688b7375,ok,16,48
3775fd82aee53e7914acddde77d00b047a55248f,ok,486,1740
380a3f0546d629bfc9add9410dc693cfaee09d81,ok,347,1264
3b3c5a38c98e4c3f0e9074d0524b2307e643b179,ok,89,324
a5c1ee4aacc5ab42f4b2646f3909982066fa8416,ok,86,301
e6827df22b7825163d1c59cf96df60c974ce263f,ok,77,260
459eb921c0496576b83531d2340c7694aafd1f21,ok,342,1232
1c2665fb5f50f3270e0ccaf71c7a4ed456382d56,ok,512,1896
e9a16decd383d9fb2298753f3b708d0f952c558f,ok,138,479
6ea8da7eb52d5f1d9bcb0fd68e6b11b2bd884639,ok,101,348
cb87e5f22df422b4d6d176da0d0cbb900f7f5112,ok,44,148
85f7020d6a706ae318ad2919af307a08719b79f6,ok,94,341
31d770f6cc1734862a7d614ee4216c9553047941,ok,19,58
f0d9341586a83b024d4e0a0136385ddefba5bfd2,ok,24,80
c0dc23f5f16ae97b6cbc6429ffed465390a07c2e,ok,225,835
98d7c24d147de0e51b542c30b51ec303b7580e6e,ok,512,1855
d211c46df1f647298cc3991faf32115387f26459,ok,60,202
366007dbc469447aee29b9f7e6462319b7633e32,ok,374,1358
a84d0b4086113ae3cdaf5878132027f9af8bf008,ok,25,78
09ea44464a752d232f035fe2bca2a556b383a8e0,ok,512,1791
fa2f83a047840b567fbe44274bf9182debcaa4a1,ok,23,70
655effe8ea6f427f60cac72c65893f52d988e706,ok,19,60
0bfecf0de858607505088c43a64c3884e32703c2,ok,21,66
40c031728e45d8207fd447aa1be0d4f5d5885e5c,ok,90,322
bd92a7b25657df668513a06ae879c0143e20c829,ok,40,140
f7ccb82d3239bc7b69e0675e1af02c8aa606c33e,ok,430,1565
4f023376ed7a0adedc04482801de11891ce7f4ad,ok,19,58
260b926380e203c437e7bac9e9114f7e90a39058,ok,12,36
417ea985a6585b3b43746b96a11e73a35ad8df21,ok,127,468
65ccdea8102b1c370a8e58a0855788b3d7d6e779,ok,98,364
6b67f97a032c448fe3a13d1d85e20fd543caf23c,ok,55,190
a7373425f536b209e1abb68f9cc17094f13a6416,ok,189,667
405dbdf65f8b9b5d2e2645e3848b075e7c3dfbe6,ok,35,118
e8cbcd623cdd46e16fe3d7ceccf75998962c74a8,ok,25,82
c6f21dbf30ffecace7714bd16f01c69db201d7d2,ok,58,198
2017a7fb80097b2a0d01f150a9f2f6a78acbba68,ok,19,58
eea0b5fa5195be8fdace79ee1548c78e85b3764b,ok,251,946
011f491fa6dbb37b73207ed81b5c6f5e5b1b8d3d,ok,21,66
228af826fe0a73cab6cde27385b8a60ced45761c,ok,96,353
e4dea1422f2db0ed7905dbb2f088935524672770,ok,13,38
df213a7e8531149c4288990ef669ae6369e0e854,ok,178,636
75284901110c1c22cdc6b032e3da3c886f11b726,ok,33,112
9388193c3a37896b9ce6721239704610f38cd8e5,ok,25,82
a9afbbbce02e869bc639a0438669f12f609bb77f,ok,221,796
748bffd2ee909003f903f53daee8db08616a95c5,ok,512,1841
fe786e460a4ddbf893fc3e7edbf000fac24da692,ok,387,1442
f2f942fe9d31a916d425f380e36f02b147465ff4,ok,116,410
2d24db1f76c5b6b86fae25bed9b3b9c34c0c53d6,ok,512,1853
8638f2d0a02bcb06cfbceac9bdd023393de8ebf1,ok,93,324
5d2cb47a35220d1309df2c64bbc76c634212d2c4,ok,41,137
d8e7f345142c00badec03afa004e8f7897e5b9a4,ok,240,884
eb42ca55de4385e08f68e1fc14e4ec53da215c08,ok,512,1907
58cdf37c1c9371ea7b3389fa93adc1c64d9c773a,ok,61,218
cac20969fbba2fe48d4b77424ec71381d1b5b647,ok,16,48
03db77c81d38dd576c4ecf206a40ca6a73bb76f2,ok,24,80
0499464568c4753cc34864313bb24c2974f3077f,ok,16,48
434963426b95f0d061856632e0df2ca6294c7921,ok,17,54
dd7c7bf3dedb4c61fa76689400198e61e8fe82fc,ok,512,1877
50aae7cf1d70203d6e2e0b29788ad8ec5c692aaa,ok,127,446
019a6a681687e11fe98e618fdf9293163c1355ae,ok,176,606
16fed7d852a0b6c378bb39a28bc25e22ad8a0233,ok,44,142
c72308092ee72f1212059eed54f64e9f7bfeb532,ok,26,80
58202d3c1b83c24cf6bb4c34e51cf3caf1775a15,ok,71,244
cf992cacaca0ae77f48aaafb4bcc36b9cdd8411f,ok,25,80
5d9f7931c92056df11d6312ab97dbef5af766963,ok,143,522
6662163602ca09ab08c548454ed95aa2a832ef67,ok,90,292
aacbec4797f6ea31d2047f316ad8993b6705b889,ok,72,248
bd491fa39ef474b2b9e35b70d55982d2f4ae0cf4,ok,33,108
eca12750743855a3adb8f230331acdb76828b6e0,ok,16,48
7b568146015154549101291b448c5ad4020d7110,ok,32,102
0ac70f917b1f0199faa0e73e000e750d592b0c50,ok,33,112
99dbde10ef4d59040b16022a53898f6d1dc3c8c1,ok,512,1823
6919d5c82d30e9a54a4035d55d11b52c81a67db5,ok,346,1297
70b4c5386c2982b989483dfa257c7fc17f56a6d5,ok,24,80
6ab2ff2b3ab3a11c763de40e1d64f4cc01b6b2bf,ok,42,138
3583e772ba73c4643000121a661b97eeec699cd3,ok,97,347
1d439e14bc56370f43792b63ea8d5f6f46a410a0,ok,24,80
2612568455863da611f4f54dba52f93e4c1e9c49,ok,209,737
62a339a351fd56acb1c18e2ab00f111ce90cce53,ok,257,949
7f39e34e6776d45092cf7cc83041774f4f8ee679,ok,40,130
95d0ab5162c67e1e8ec201f3dc3950ec6c3d8520,ok,51,168
0e5726c18bd03f0225a78d2f485570b692e39e00,ok,34,112
7383696bf816276dd3019b7a8e03635819239a4e,ok,105,361
61173e4854e5b45590428c9e733c1349378c634a,ok,271,983
1565c405463250a9da4a9bd4009bcef4e41e19f7,ok,217,774
a9a3f1c2914ead732ce4ef18663f1e367f4dea2e,ok,24,80
6012c7e367c1688900c85f09960de08f15a4774d,ok,461,1706
f4b361d742031fef35b8cebc80d29a7b0ec58ca5,ok,201,706
038fd6ad3550c5082350ebb3296bcab98e5d39d3,ok,26,80
e232f8422b3dbed8d077468ea652bd11d913cfb1,ok,21,64
2b6fd8459adce16df91efeeb93a787a5d5b10770,ok,122,437
39513b44b0e40ce78ac6dd0cbb692badce4b4bf9,ok,512,1822
5d7281f9ba2503b997d10ff9809ac37ce58fffff,ok,249,897
f2b2acc0f10b0394d6f173ecf07705072875aa8e,ok,77,258
7f303d8329d863c0706802e00106c43333bb5922,ok,512,1904
56cb7eff7ab854f8020b70f5271dd726d8e80d36,ok,40,128
6d06674dd177af910954bcd09a29c1402b929fc1,ok,188,690
1e2fec76e490c3ca0f05f9c3eca9b648122f27af,ok,59,203
547f673840db258ad908c8e5bec37e4aca6ae19f,ok,22,70
976ddc2c543cc960df92dc82dfe5707ccfa279da,ok,13,38
f239df72f42e594091177b42bad8e817cc3b2d47,ok,512,1749
741d6fc0b9b1d853397cfdf0d7ec2c0c9a96e58f,ok,31,108
6774e78c43783d49729763ea0cc929597311994a,ok,106,368
0580003ae6628234a42ab66338ff5cdb183ea8b2,ok,117,409
cef1c32af953ece8f63e9448b8aff2ef4b283291,ok,24,78
00c0bfc267d2582d1924cf809c2622ac1912aaa6,ok,45,152
9ef155808ffe71342d29c29f559847bb0dccaf1d,ok,188,680
303e18d4ad5e52fa618c68fd7937f76c9cb59348,ok,19,58
6d4e11f1ab1ee65bdc74dad41c7c0ba9ac505ef6,ok,19,58
d67f72217dc9ed534cbab181feb39802c19d2245,ok,12,34
d2521c05bc3a69b5141c29b5d4aa0e9a6855d710,ok,91,318
624931227191b784ca8ae11f9e50a4d4b82d5417,ok,47,162
1701079af5dd375791075d87e962c29949fa69f7,ok,53,190
4359f652cfe0ff36f84392bd4cfc785cce585b17,ok,95,321
0759d3e8cbd543b713892127a909f81d8cd98233,ok,84,306
083ae44523aa64c355e9c87e9aca1935c8060f10,ok,512,1900
c53af710f919b15e572ca715cf17ddb30ca19e63,ok,123,452
ea9f4534cbccaaa2b6f652c76ac14832148fb7c6,ok,359,1320
8664b82082872fa422f379c430f7fcc7d07e42b8,ok,88,322
5538bd485ad8182e1e88f2a20ad0712edb476698,ok,279,1006
4d4b91f2f724f0df5135e8b35bd131f331bd273f,ok,71,250
3a7b71a7581966a9451cee0ee6fbbbf96d23982e,ok,22,66
d79783a6af281c45724ddc86f736feef87f22ea1,ok,256,890
4a3099c91bd59f88858c986a53d592b177b95e58,ok,31,98
0f2f138ce28ae5e776a980aff690fea01e5d8cdc,ok,163,609
9d56bc285907d9c4f534d20939ee99d2af7dc26a,ok,205,743
8f0459cbf5796f969c8a24c0b6f5acdd6718cf7b,ok,84,290
eea115e061b6c955de6fc776d674bdb0f3c450d5,ok,187,696
0cee6dd094b0086d6aaff61d23d1c7e24e5fa899,ok,485,1784
d7812390f3ad15d8adaa6dbcd0dab1003d9958f7,ok,135,488
d676999482bc366f69d8fc87941fb1a064c3bf40,ok,114,397
6f13d1ae5c92b91e4afe9c8f0176296c42cb39eb,ok,62,208
3b100a2d61977192520fb5d95a244ab0e6aed505,ok,29,92
8908da3bbbf08be4eb91a091170cf358a28ed936,ok,50,168
e8722052d831aab03d5ebf06106973f135e4915c,ok,254,900
e1a07eae786d1ebed04dd89df262d84edb68d106,ok,45,144
44281440d31d34a1417d2fe5954d59bd9fad6777,ok,11,32
b79089b2eaf60fb36a0519f089ab1178faef88a0,ok,24,80
dca2e043eb6acf824b11a6a4be5755dcf10a0b3c,ok,512,1960
c9e5796f1c8bd245534012a21e39e82b3ec1ead3,ok,512,1911
66ca364281b03c52c0e0981ca010635c7cca7906,ok,86,306
530f158f1df016b3999f36f35493fd8e7417adac,ok,316,1137
7ee116fd0c1e8f948bc2b3dc8ebd5f872e7a399a,ok,14,42
bff2ff63ea8ee6d98c7c6482f4b6a1112aabcd04,ok,25,82
922322ec11e6fdd0aa40c662216d6d6d056a65ac,ok,111,387
6d985c35c4f0a396ff1e1ae104b95248a04ed6dd,ok,16,48
ea1482c8ec07d765d32f8a54b78646e51a42c5d8,ok,47,156
4514a0a40de9c86f208e219dc55f36ae3181e6eb,ok,95,340
c243f39a67bc45e86c6881a9b5d2953f1412b8d5,ok,49,164
bf6ab28085bc92da057f877074f76d0b2b234289,ok,21,64
15313da3f08ca32cbf903f975ae7318bdc2e15be,ok,292,1060
eb5e4b6e57afddeee0c8ae8a047ebf95da9a3dcd,ok,16,48
4ee667954224d91a1abf2cb18c1b1ba30717da8b,ok,313,1118
2f84520384f9e1b1934cd2eb7f54c702e1232b38,ok,316,1136
0f1bf8ec40f3d197469a4f5d011597aebe66f499,ok,350,1254
87cdab44c84e7b7a0f6994346ab2ca69c2073ba9,ok,25,82
eb2f5ee671f8a849077f8922fead12759a59312c,ok,67,246
68d9b774163ea7fc59022a592213e879859ff29d,ok,17,52
583c1c1e47fe93dee7888454c0de24d3eeee8bd9,ok,507,1859
980a687d1efcb8c05fa40ddcd903ed6f8660ed2f,ok,51,172
e2097c93a6f0dcfa2d696708d339670c0687ad5f,ok,31,98
e32b735a2e28451b47f49f9152231309da9386b1,ok,12,34
6f2da064e2ebd19d7d983b552d1c91342003623d,ok,233,814
914cb304900381f7fc3768c0a8387d55020ac999,ok,258,940
971d462f8adc1d3ea2d3540732e7e6a71ede14df,ok,22,70
1bafcfe9433dbcab822f65f9750aebe73641e2cb,ok,136,501
b230ed89771bdb5dc85e6d11b5150a2435bdb303,ok,124,451
33222016a035d1b1f25e83d2b738147888d24671,ok,208,754
277703a5a0e48ccaa6eb957e7983c9be5bf30fe8,ok,16,48
ec73143ae4af6b317315812fcf5be9abedcb2dca,ok,159,602
70f3af447d9ef000d0792efc4245ec9d991df02a,ok,25,84
8686d0de784ef50390f30243c1558bb6bffb7daf,ok,29,90
eb241fb92e9805f202c32d06b0f7ad943a7e96bf,ok,47,164
4888b94b71076f9aec3d7aa396b0c5040a7f7536,ok,512,1852
a3040e90516f5b4918b45d28a8dd0713e1cb1b6a,ok,27,86
73d13b57cd5886e8cb475fd285f44277b6d41242,ok,373,1357
b9fb7794e738870b5565a304c35448d1a1bb1434,ok,512,1941
d3a6be044f98a4866954b462f2501962cd19778f,ok,512,1854
092c3494023dc49e652815a5d9822be8dd70fcb5,ok,46,150
adcbf991f995dd4e584562e1bae86cd153315a6d,ok,21,66
e3cf373ddc3530bb443666d380759a26846c27a2,ok,10,28
fe49c4a47c06b5ddadd0c62f912475276eb7f30d,ok,107,391
3f2214056f12085393aec9404f0c5ed06bed8cbe,ok,139,473
4e4f57a434fb65b94a986b65d2971f4edc50418b,ok,418,1531
32822bf99b7f0aae75c7b26d73e5631c8bbdda55,ok,28,94
c9dd89269a1160885f28279151807bacbaaa9701,ok,70,242
79708ec16312d61d92fdba57177bb5e973ec4266,ok,90,292
037a8a44d5d50be9dab34d003dbb195827d9d430,ok,17,52
f9d7e2350448649651961721571375c56ca5150a,ok,65,216
c2ac42d75e0eabaa34e996cb1f0d7fbd40f88918,ok,42,146
8228867fa2900a3b98294790219ec540736f0778,ok,208,760
8fca46a94876b17f96ff52a47580a368424728bd,ok,45,144
d30e0f34766061f7750fbb54894d29a91037365b,ok,366,1322
bd4a3983ded499474c1cc168f1f8472d83406962,ok,36,119
70b96cbafef9eec390757a45ad31ef1178f9cbc6,ok,105,368
d99a0ae4cf1cea09a00bddff2358f0f8b2f2c55b,ok,239,848
da2ff196631547e119e92350efcd1bdb4ed8b361,ok,29,98
df72fd9cdfa1e9b84f6bde1bc37d42b8f25799f2,ok,83,308
9bb01eac3acaabc0d44b6363468ef70295dffb5d,ok,28,90
8f30b510cae97ab55aa27f2415c79fb813e16df1,ok,466,1632
c1348637d8016fee570e66d2d4d2feef6adfd275,ok,512,1835
eb3ecfe0acdf0aedd658b257a9cf02d37e9ef398,ok,328,1162
a01c082dae67763a50ae8a62b1364f29fa13a124,ok,24,80
3635b52d89c8fce87a938216a1e3603cd75967ad,ok,24,76
b181794d4672d65feb7c85ba8980e703c5a32834,ok,85,295
15846b8ca31942c7235e03cd5d6c5037fd6d5383,ok,16,48
41afb13584e6d2a2cbf23cb4d38dc13c16d59ac6,ok,512,1946
cb01e108bae8dd424b4ee0d67e7c7f032243ab11,ok,92,312
d0b73ab965b9233c8d85bf615fa21a2c8017f83f,ok,27,86
1a850b94844b5effc4ea2aac47acb7fcbd1714dc,ok,166,610
a8230f7384e916fb3eaab5405637b999dc9d4204,ok,128,454
01ca0e6ed8bbb15d3c76ca7f6b0b0e8e830ea25b,ok,243,865
8ddad3029ecbb55770104494512dcc441d7ae49f,ok,103,360
7d1c89a0d8e347dff58147fffeb6123bc7444fcf,ok,482,1692
7c640b0e694fa7e3fe29c26f4738cb4a5125413c,ok,134,465
4d39053a105b7aa115ef2960ce045effbd8a4725,ok,127,440
69b92fb34bf7894224bb9f2e818527bd9f3298a2,ok,55,181
9e606238eae3417c5c316f0033800179fb0bc445,ok,40,134
8bfc095614fa3a74ad7e39aaae7c068da8e4c011,ok,57,200
2876ef9a7f824977431640afe3f4aede5534754a,ok,106,372
a593b172bc40e3804c18a87b425b9240ed4bcdbf,ok,20,60
06e8351dd095e80d647bb7c2d958a15c9bc97656,ok,200,697
970292651062db8ff5f7d77bf82070bba5a8557e,ok,135,480
105d35a39e7655fce389f856df3278c6bb574b9a,ok,28,92
82c4882c80760e48a31050cde5cb0defcd081411,ok,17,52
724f4dd02a329f0195964c563db6373defe402bc,ok,32,104
99017cb40eb3ce0e6e8f98b5ad576495b027a5b7,ok,512,1900
c36d3d13af36719c27e7808e530785eafe7d101d,ok,95,328
97e1a1cfb27d2513eee48beb20a736d8e54330b0,ok,285,1053
b616306b0bd4c692332c8efb9ec5ea856270eaf4,ok,99,346
24db954ce5f31f0723e4fe917629caea3e029860,ok,512,1919
005eeaec460047a29a63d7592280e520faa312d9,ok,131,464
06e75d027c22db55d1ebb0ea1e8db21db7e765cf,ok,36,114
52b95c7f3923e2ade8dbcaad3de47a79f40c48a3,ok,512,1869
ea83e10e13a6e9dac6356b5645410a17c2459f18,ok,74,248
38de925d35beea95f743840dc369f7efa366f0d9,ok,512,1926
68fe7923d620b82d4f4fcd7a89cef5f53e6d356c,ok,123,433
004700ba26a02a584dd2397607cccae84a4ce54c,ok,89,328
ef2f70ca0e4204323cf01a9f4f5fe1659e35874b,ok,466,1764
3b0d201949c6fc180a4e26fd0ba419ab49a51c91,ok,139,486
a426c8a23dd43707f63b15e0cc59aa74c7ff7549,ok,38,122
67b39ee51457dffb1f919a6ca999a370ed1b2841,ok,264,952
0f5b6c2b30a168fe681cebe88c15a305299a97d9,ok,26,86
92a1a61f8f0a9f3982ff9f955c823b672d66e9d3,ok,42,144
48483bcb5a88a22cf688f682e404d5724773f875,ok,23,76
4edaa25304b1bc407fb70b24ff4d3fb420ac2f07,ok,21,64
b2cf39cd6bdd4fea35e2c14cb8c6db79827d6d31,ok,169,598
cd8d4fd10254844af37a2ae982f9f5d3800a74ed,ok,53,180
2d378c1c7f0b9513aae370c3b2fb5799ca07ce17,ok,17,52
c760c573c578e508d98bc211694998296d998bcc,ok,30,94
fc24ffa02afbee81f4a9aaf34b3c8238348a3f31,ok,222,764
f4ab4da0d75a94b841e049248a204e450478dfa4,ok,385,1426
356fc87ce56fef6ab22fc2af28c8f34ccb3166ab,ok,309,1154
9ef60d5e72379496d99c1ccda28ffb59f53e162e,ok,20,64
c77c0b42c02828b858424f0f54f5949e6da3f45a,ok,29,98
355e32b97f5ebcd47e61f3ac941f15324fe0b96f,ok,512,1856
6ed2c7670321133a6048b246c5a201f3dc8363ef,ok,23,76
fbdf53e13040a89632617fdea9c5263b60eb31b5,ok,28,90
296c737bd0d9c70e85dc3ec37a42eb9997f32f37,ok,34,118
6cf0ae88673c17f458e7868308913ac97b710189,ok,24,80
afba8e08fbdbb3493d38bf0b4359a99238fe27a8,ok,178,618
a5586505e2c9a66763b2d004cf069766904fbbb8,ok,41,132
b31f266caafc520ff4740a336a8b16fab77fc138,ok,39,128
8cc69cd9f08d64fbbb48f7b3b5892e24beac32e2,ok,12,34
dc62bd400e2b010e33f776aeff9cfe5e2bc02c62,ok,77,260
28e68e5f0cae7aae97769b60ddfe8fec872be5bd,ok,51,176
924985a787ad9dbcd30283b3e82a3fdc44abc2b6,ok,502,1803
93e71741a0781c73a0aa8a97c90e61b014f530e6,ok,19,58
58e74423e5ef4ed707349fab4ceba91e8848ad96,ok,272,972
63162f175f25dc5627f05043c575d2b4ed84d479,ok,82,270
c6845c657eb9b01962168e9bfc7a37ce7f512ea8,ok,45,156
458de4e5e96325074d31f26ff6afd10b8caea1e5,ok,29,94
1c98c88ab77b1e9967cea2e2f6acc1d333212072,ok,20,60
75f3ef970cca2454cea313f820e17f9a900b0584,ok,17,52
61f992c92392be2a517233fad178875888d06819,ok,124,443
ff934c43ac7c6bb8e3ebd6493111116060784b79,ok,120,426
83191de94df660dfd4b1a12fefe3868ac73060d5,ok,39,128
ffdc4387635026d11306413d8759337ae18be0c2,ok,27,84
26250d4b1ddd14d665b645b8d9b7b0f627ab42f3,ok,9,26
4f9d161b78dc8f2a4469ac16616c0ce83f97eb38,ok,16,50
52a34066fde32de3e689b925909b9d2dcff50cce,ok,17,52
f2af20ccb743a4c8ea7673682f13e193dccd69ce,ok,24,80
aa9edc223d0b7e3199871e850d4dc4b3f6877136,ok,261,882
1ea4dec88afb0fb84d4eb1327c1574aac2c658a8,ok,114,396
29cf3cf505e8138ebf64047f91733625779f6662,ok,69,234
007481fc3854f56bbcffe14a587d28391a73b707,ok,94,326
94d3441654b1f73014e909fa55d1fa404dfdc4bb,ok,8,22
078771e013c8eb6aa1e7c8153c2a9973c4f9bf74,ok,193,734
dec0ddd59e4ee045580567e74227b06378821bcb,ok,11,32
88a2c3d3e7f26c76c07e423f4339a38205fee1be,ok,30,92
3fbbffbc6f86200104861fd2adde5e155c24f7bf,ok,136,474
472abe60521080e6e8572fa9004300b6653890a9,ok,27,90
16d834395eb010760f4f90d9f0c221b386940268,ok,136,466
489f8d8811f6a608439955822c96fe521884e19f,ok,51,168
e8257184ee55f516ce3111cdb09572c3feab1c13,ok,308,1067
123e3760de6cd434edba3b278e2869a372bafab2,ok,135,478
6db3a07445356892d7e3e21a9884437de3bf3f8d,ok,369,1381
7dd304749bdb9bdce28c431e9dc2c012455e729d,ok,114,414
8ea7502f580fd24fef5906c9fb4b21c435a23518,ok,17,50
2e80ff49ce43f88bd8162127b226f9e8e60719c5,ok,512,1866
f6cf334da6eddd519cbf07f9ad702db34ecd09d8,ok,39,128
6eeaea5f8b27898f90a2086569973bd50715d284,ok,512,1916
47e4ae05d06fe34ffda6ffb71a4a600fab65a7e9,ok,24,74
3cf262a7f0c3380bb37de0acf118d0262da32c0b,ok,288,986
ade332f8a594fc12a229798d80c74bdafcdb3326,ok,233,859
ecbfefab83922ae09b9be4944dbf17c3ced5ccea,ok,164,600
c1c0360d26d9c2c6e89d4dfa88f2777aa2590a2e,ok,152,554
500e698fc91ca8b3c226105e06cd9f660864ecf5,ok,11,32
11299ea18df0f6279089efe5973a62b6fce1a8a0,ok,141,488
c2f6df3c2e25b5520e5e016f1050e68bdee54da3,ok,116,383
8610ce6b7d0e975e684b6fa0c56c7407a5c6e8e3,ok,39,126
2bfe5721b0df6219d133d84975789c7d7d75ff25,ok,86,300
ab0cd14c21a8772d3604ed4029ed9770035b7794,ok,54,188
48193cc63dc9ed3bb9715dfb5cb1a3edbf361a36,ok,22,70
4a12b58a6e61e7ee73121bfaba74ed22a656570a,ok,26,84
5aef80e9fda58107a92d783b00b5bddc7b8ec065,ok,16,48
5c2d453bb993cb343739b5bc3700359936bc86d1,ok,16,48
87726c41fa16d7d587e34f0ded64aaa72d297233,ok,54,190
171351915476d4debbe706a61b8e39276afb297e,ok,29,96
c8bc8374c30a1ab8f4a18ade3c7a72f82988208a,ok,19,58
c94c22abfd311f269be02b0dcba4e83e92df322d,ok,171,615
25f503476b84b75be966679d046b983563d8eb90,ok,191,714
954582dd8fcb614eb8e3a3b62a6092940491a071,ok,25,78
cee6457ca3926ae8d98266c1e1629696da8dde28,ok,28,92
8b6fab6f2f578183c6066dea1584e72e36045a3d,ok,512,1880
e3ac391f556075eb7619fe1794ab2e06e359c70e,ok,512,1858
4fe4438ee6e486eff745536ae78b3b93fa58c720,ok,17,52
7e91f5c0ba51188ed80298bf5ebe881a5ce9740f,ok,16,48
366516d3a2c18ae61b59364ec01c119a75fa8622,ok,113,400
15b9e5f5b384550f7fa5ff14abecee4523b352ec,ok,251,850
1e9a5bc6ffef736ddf53ef36fe655d17a9f3891d,ok,145,519
6c72d3a51c57055cb2c2d11e59224bf459559e49,ok,41,132
ce375e043d297f1f68e0779d62821e5525dbb0f1,ok,127,445
14fe9a71b51c7bbf9f248a6113044959cb444c83,ok,24,80
052fe06641f1846ad8a1b44ae4c4ec8369664286,ok,111,400
fdf02a761a5a8912b423a6b1c9226eba1cd07435,ok,153,567
7ca69505998770e5f88db44a1b9ffde54b77ea7e,ok,295,1104
bda4d92497ffe1ac76b1c86b1bc02779953e68ef,ok,243,886
fdae732321e4dbf76da846b54da365271082c763,ok,512,1872
28aa51269c2793b5418aa14c759985875b72daed,ok,439,1593
7aaf65cc7ec92cc90769b0e14dad56c1ae6ce486,ok,37,122
5a0c5ede33d510edcfc08e48220c299bbf536eeb,ok,19,58
32ecbf6eb1d3e2df6fc0cc23e53e674166ea0ffe,ok,21,64
be1b59f205733f8e61ed166cc12a56bb0c50eb4f,ok,78,264
fa566eba51842a45019a0825aa7619b96e980652,ok,56,186
195d22fb97953ec946013adc6c7b54ff645efa23,ok,21,66
a078be68c6707a7a430d4ae89683b1ddcc4a0789,ok,28,92
00a7719381c86e0aaf9ff719a734968aeeb4cbcf,ok,54,190
3c375927862ff13863cd99ac64732e7230ceaf2a,ok,31,106
de1670e33f19cd10ccd2aad9e1b49239f3920322,ok,154,558
d82bb9ed7cc79d34be7113188dda80f3541d0953,ok,47,154
f71fdbbe8ca93312989b139dce573e4d0e1eae53,ok,512,1878
ee184975f5fe4c5c1de69a383f7a5ec7d813b8aa,ok,22,68
cf473c6be36dfe5dfe4409cd454cff4553760967,ok,27,82
0b1cdb925349a5e22765bd1c595a540e965d9e3b,ok,193,698
843f3d937588963deb13d67fe1dcb2f475b00c1d,ok,32,102
de8319ad29be2aa91a7d15b552d05139ba7b4111,ok,116,398
6ce871ed16ae1572a2ded2903af8476150bb7722,ok,53,181
13e438787af4875062a237e13f42bf04470a428c,ok,47,158
ca1a207ba9711546b4422648c2f9706e9b5d3717,ok,46,148
5df096d5ef12a90f9b4709849239d4e6f9d3a1b8,ok,27,84
f777d0fc785c277296b152c849ba2b961ee6f5d9,ok,93,331
cc9117595bd91159f38b22f76c2f8c98a0a5800d,ok,30,98
67177b71f45de5a9e84c67abbdda8b15fddeffa5,ok,8,22
5538be8888c200c98c44546557e45bcb2f615f48,ok,134,476
8eb4609dc9f11a2be7830b38477610765acac037,ok,54,183
8b272b7e7c2301386598a2977c358cd2af55b894,ok,29,92
bfd342de59f67241b8321aeafe2d5c6f177abdfa,ok,148,529
0cbe27a63e16f39b5cca428e2620f37b0d419389,ok,127,447
4eed16d3471722f147fcddb790e92f948e528d3e,ok,104,373
d08da78b4f0a5051e2de914e1af464b8199c23df,ok,41,132
dc77021e155d8a9b9e41dfa28a422a7e50f8b627,ok,26,84
9b863404e00e6b4f183454fd651d572cb3e98193,ok,512,1978
05bad79377563c4f21c14c357227d957a2e5ef62,ok,512,1902
ec315654f5c62ce0da6d8f5bef7bbbfdecb16e1a,ok,44,146
27e2da93785dd011ea2b99d1214e6e2b8ccaa24a,ok,24,80
a00f5213bd42a9044c731a0dbc394822abf77fbb,ok,26,80
d19d8f49494ba81617bbd005b47ddfaa6b82abee,ok,111,392
091427c7d7515e1f50a85f0abfc7ce9d15312da8,ok,158,557
6a523c632cb1fd1700b0e63fc965af51a58e0885,ok,136,476
7ff54f770df0cbde54987eb3bfe7b3f127a6a407,ok,17,52
d88e14c88b1ea50fa734e069dff2ea2ddaef73c1,ok,512,1854
8066cb8e6da5e03ca1230882ceced84035cc2039,ok,265,959
e98523fcb3135222224c1ea00bf2d8543e4c9122,ok,39,132
85c51adf228f3b977be72c99e37dfbcd65e4341b,ok,26,84
f4d536a7f6bc494a796450977f7a67b6f0065718,ok,16,48
390dad0dbc7711e5360021c3c5bfc95af460c481,ok,237,846
7f85a68ff9966e4058cc9b554e740d436d38c73a,ok,435,1622
2af0afc965bf80205830cebcb778fff93c96b6e2,ok,90,311
ff0e63206e34096c3b898a517a6f050f734c180a,ok,116,383
71c1a3c813ad6848499b3e4f1c38ee08471a15a7,ok,94,333
eb8b399af2990581b42a08ca1775f2194e914e6e,ok,155,564
ddc0f9d44fbe628ff059a0140f6aac9bc105a3b1,ok,102,384
ad1ca566e6e2f73678a3eb1efa539a504b896052,ok,45,156
c17776f15ec3066c06ba29c97ab28f4a2a229e59,ok,27,86
b2600aa5d960f8c4fa69301f47a2496fedd8ad30,ok,423,1596
a0e38fee6144b839ee2d95d33a654ee9d28dae38,ok,512,1851
4a77a01b8057b09a6d96ccdfc278117f9333bc15,ok,38,132
d2c9d2f1156163b5df5902ace6cfffde046bf763,ok,11,32
f9836720d90aaab7a51398ec94ea3078a88f27e7,ok,39,124
7151eb86221f048b62883eaeb96ad229b3180e10,ok,38,132
a3bcaf69531cbb868c668624d6f907e731b1255e,ok,181,642
63267e490bc007279cb8cde81658c0e61dd55c9e,ok,128,461
a7e071c8c795b537eacb3a3ebfcd60e44bf7ef33,ok,15,44
c22653c0c19478a9beef506c8d26e5d450459b4e,ok,191,660
1daad27af2d881acafbf77e458c37d6f52819cad,ok,31,98
e92f086f5146952824ba08c879d842b8002cbf9d,ok,24,80
949b5ce08fdc9e39deb24a29ac26090ac5fdaaeb,ok,331,1185
d98f65f27845812b5a620dc39b962c27bbdbad87,ok,50,169
a4103528b44c5aeaa625d918d21d8fd1d7c4ae11,ok,337,1265
da780c6b76861744efbc4547721496eb09e2bba2,ok,22,70
f56bec20ad65f4128a28589e8affd271d7b8ab7c,ok,134,478
b7ae9177c74b0edb24908e499824467e7f25c801,ok,198,685
e998644d646652e9d3e9ea4dfc8614085b708ba5,ok,17,50
fa01d476c3de1446c6c7c015c3d7d1dfcd456ea3,ok,417,1516
c9a12c888e8b7e5be5b9d011e9d2fe30b47b5cd5,ok,46,160
4d54b13be8aaf05bd9b0646045c629d19711f733,ok,26,82
cd754a3b99f161edae58b1133afa86b3014d5925,ok,137,484
004ec5ba61b879d0d7971102a8adf288f3ebda80,ok,25,78
b65ed1e9999df3d3ea1bcd03086318b1589ba1fb,ok,58,206
642392d743a2ed7675a5769d1b959db87dd81252,ok,35,120
af84c2e5b21d8c1f82a3e13c8dab2c57a3c05b30,ok,132,460
e21c116e4fdc125110ba189a48c50820d422a294,ok,512,1869
c5f7b8002bf58a44f1cedd748b7ccc91af936559,ok,499,1785
c8e22212290406c89e35d8642758cb3992f90f44,ok,512,1887
dff4449d76d9d90bb0039552cf9cfc23416cae93,ok,53,183
889ac24ec46d00ff90aed461a97e5cc557d5e6a2,ok,74,271
27c035803dd96c945fc710b7f8aec754e8f56961,ok,168,586
0e7faf175b115c296f02fb3a19f170febdf04428,ok,28,90
80d672bfbd306fc0b96dec5d8b5f8ce28de865be,ok,12,34
2426e5a73da5d993da29c21ff6de90262f09dd75,ok,16,48
fc3d2f73313dc1409982ff6138d66d2344ef4a46,ok,32,106
cf9b4d8aa80e3248bac7158b05b324d1994d2b80,ok,90,307
6c4c4f113eeb7885bb57e0ecc72605eb11904b5e,ok,61,218
f31140991a0ae4e38ad43fafffde0d1579790d94,ok,197,735
ffdb0f145639c1a7334b8facb4682ad3b131e6c6,ok,82,286
7b511f33edfb243dd78b13efd2925eb52ced8c1e,ok,16,48
e3a6a242c687af1c4d184b9387fa325632baae60,ok,45,150
52b369f666fc4bd4af488e5619b4e384de888822,ok,87,324
63accba2029c9f2b0695890b49f75def46e3afe3,ok,25,78
3e0f31e7f02e4391258a6b4ec1d9d8ba0c17b21e,ok,53,186
14db1f49dbd42475e5c8b96e87c5fe069a267d9c,ok,430,1586
a7b9c2cb3a59658f4b9aa015236b5a1dd7154bc0,ok,140,501
f58cd926d5843deabab5f79d2410b0a9585ced31,ok,489,1787
be0bb3c044be45580caee6ce087eb98e195c64b1,ok,88,306
6ae7d6024aea23a64866b4cabb30e5c7162c7a02,ok,17,50
54eb75e467ee8a5400b4d12df17c629068fc713a,ok,98,340
20b84ad8daff98480ada499d5661ac750a5c5b91,ok,181,656
0ccb427a98f6d1a88f3d4e6463a876ac43c2c2a7,ok,512,1935
694f56e125697e5cb92a846c2b04d525f7688090,ok,70,242
9ee7e059fac19ddea263c048ff2d40a6da8a2e50,ok,24,78
041d059c65ffdb706e9c80ffbb83aec56aabe3e3,ok,58,200
938a9d64f6de5b1fa612e35e932428c53c17a9e6,ok,512,1896
6eee3aa1aa469f805ec73bc884ebb973f0d2e20b,ok,46,148
90d4314512ea02b579e424d5c8906be8f50e493f,ok,59,201
b83138f2ab10ac125d8feed5e7ab60ea075ba764,ok,491,1754
550c0b3d8af84c5d34f9990ddc1a28c9336bef4b,ok,24,76
0070b4cbdba265a381fe23c3c2108fdb52e7514c,ok,23,72
264f622291a0014635832af54c0090b5e86dbba0,ok,12,34
74b73f4f967824f3c90e28dca4ddec90c3fe5c74,ok,20,62
23a24378a9ba12ca32040511f0eb434d0f11fb20,ok,196,702
e02675c887d10d67f1c5f53901c900f576f03b9f,ok,259,926
6e072a0e7071951da45f78634fb01e51b99c64b9,ok,455,1647
4d20fabac8144756f6ef59a1e430f7ab9852a5f5,ok,48,166
2b11fb8db5f53c9e415d26f1426d11ef838042a0,ok,21,64
7ef36ba756bc2e3a084ff122d93d8dcbe0ae799b,ok,76,262
0836ce21b4216d16a6dd8e7eeb8018a8f771ee51,ok,73,262
1ffb68bb3eb3f7eee718b1a3a9c50b1ae7448bf2,ok,44,142
bd52bd0c29a89ecef08dfa34fe637a0ba6dae12c,ok,53,177
96f334a46780787ed1d61e12ef5c57ac54d70227,ok,106,378
55de7538b7d005c649096c61a0d1b7d06eac292b,ok,434,1580
0a3ed02101bad4880016c26ca0a088e89add37c7,ok,125,430
c595d0ba427a347c0cc340ee8c0dde6b2d113e93,ok,63,222
e61c374ad5d4108ec2ba88775aded4ea898c8b9f,ok,193,718
cd6015ef3b14ee24d0545ef1be54d3d5c3422695,ok,216,793
76e57e982d6cd985e96ddf8de6cd4ecce04b6d0b,ok,42,134
d99aeb2014249e6e007151dcb62f1dfe91a45427,ok,209,748
11efb1b8a2af3a759c59b55321848b3d74994000,ok,31,104
9853f3e16483936804f15376547ead5c9fd04cb4,ok,125,442
ef515ace381bc4f931737fa827c68b800c4755c3,ok,13,38
d1cc63ecf9dcaa386abced956e31a054405c6522,ok,512,1807
0d4c385dc24f8aade49f19bf830f2b5a3a38956e,ok,163,598
df7c86376effc64c30488bbe4b15ad2432c37557,ok,351,1286
686035245ef70bb51d957e0af2e3a41fc5116476,ok,24,80
f553434e7fdf0f72f88919a8070ba9d53b5c5e47,ok,140,490
158a50d07c9d119f9d68e40fa427893f4054f47b,ok,279,1106
af58b10208ce44b3a2e7bea98cba15e869e45dd7,ok,46,157
98ff34ce2dadb44465e72b155850655e4daf5898,ok,155,536
c0dfef304b4af74cdbd334ec695afae378c8907d,ok,15,44
9dd899dcda70c9eb00848dcf2340eb11cd38c153,ok,27,84
907cd0ca2ef12d88904535ea92d5d4af650f48e6,ok,207,725
1e4fe851298c8e09a687456d8ee5c62a86b7addf,ok,74,248
b900a1e12bd5048db04102d78bf60df70ad30daa,ok,19,58
80c3ac5e844b11898e9be85f261cc27a7003af5a,ok,138,494
7483049649351b96d7ef49bac192aba57592ca8d,ok,88,288
56cd2de3c7b4a732d8f8a5d4b02fb45287057f41,ok,16,48
914c37de12fbc4364073c67e4a2c91aeb0b8cf7d,ok,22,72
7e004b28ed2ed99ec02729497e10fdceeec40335,ok,413,1465
2e3ba33739dc46380cb2a0f3f9dcde4099de7521,ok,262,963
92f219b37c2a4420abbc9c60231085908b654e85,ok,31,102
fa3fb2b9d77c6959aca81fafcea5f3a43885d932,ok,70,236
c9b924e00b9273936b3437fd32a3fdd54bd45433,ok,71,238
1f337fe1f4cf7224540bb7737941a89343ff1096,ok,225,805
01a909404d1391abe3fba9ba79f2fa72ecd21926,ok,19,58
2becec882c1c2c21ecfc7ada9d243cdb1ea6f0ee,ok,479,1761
7f0864675e473788bfc1706d308c06a03245af76,ok,64,220
3b92fed1e88fe01b9ec72ac9e4fe942d91dc4274,ok,85,304
9023d32052474402f6654998a55679eed5141842,ok,23,72
2997cf926a60a88e4879777b08d8addc28532e02,ok,29,94
e19cff6e65d1c0ef081eafb25634948d7c6ea76e,ok,14,44
f686d103ab47c958aea3d757dc8a7bc717f1d271,ok,288,1038
c91227139d2e1d541f5c96e62aa9381923a4d5ab,ok,39,134
b4fb337c970379b6a6cb0cd2d3aad39481a5d3ea,ok,512,1850
b82cddf88e4063f1f075f763b8efca51279efe02,ok,61,200
b5b9482604c57de2b3962be1c49b8f14cfecc7d0,ok,416,1548
6cd38a0e45b1a5a4c23ba723ebc526676210b960,ok,115,410
f4a1075493f0ac59b66586fb6284ea38e210a8d6,ok,152,553
de3be21b295002b20c14364c4ae86412856b2452,ok,101,346
a81bf9ed4aeddeb7b33de3824749e9290deca47b,ok,112,392
a9590d4a2e8116de7ded9cbc1cec845b333ab852,ok,11,32
2281245c5a5eb9795d2566b4cfff92627179f7f6,ok,53,176
255e7d8ae0c4154a29fddb1744272afafc01f2e1,ok,17,52
991ea28c3f1c6cb71b6fd0f48fa4fdeed1c14222,ok,188,680
fb6a2429caa9fe766cec1449203f4fb68c11b31a,ok,452,1588
3bc8321b4ea6bc1e14686d0e045180e1ed2d2953,ok,297,1068
25d5d964ae8525e76e1278223826e9c7a039815a,ok,21,66
c9414a66f9a37ddd78f049e2745aaa9b921c9744,ok,37,126
afb472414be26d370e244f76a98a29489d4b1dbd,ok,376,1394
21c8d3b231ff5994ae521b2140957abee12e8a6a,ok,87,284
ce297d9694beed1330aa0c32d4c65d9a5752c82c,ok,70,242
b60764be738dc414f57092306ef9ac097d553140,ok,512,1788
c637fca423fd50165a2622c6670995332cbe80ad,ok,18,54
86f540f445c419d67499fdc953fc7f32c4dae0ba,ok,475,1722
8fbd6c6c5481bd4bac85118e51f78e623d800a07,ok,252,925
3953ebe80034ebf28a688e4b16222d2044abcb6f,ok,444,1611
d3c62a956e7885551a4fe5ef694c7c01f840096b,ok,512,1850
904f064d44df1f646ee6a3de926576f5ed046d0e,ok,144,500
1865e6dbf0a1b36799d0b2cd1f932d32ad1dcb3b,ok,70,244
1bb877d786ac84eafbce545a92cc47f536d0161a,ok,512,1824
1e391d6c76569036bc924298da5ab6e7d4d4d10b,ok,13,36
051874055031136b69f022dceca9745393a96151,ok,146,520
19a24f90c05f3fa79f7d82ea2728fd237c7ca411,ok,193,694
3ca3773f112fd34964a8d56931e550a5fe14ac05,ok,124,438
23b968fd58827a21686ae6b81ac52ba0d6e93130,ok,13,38
3e3d930a83799369d6ec44dc1019a907ce1c6319,ok,72,250
e12eea6413782d0b26713338e4d903ea14f55700,ok,38,126
837a4110287da4235dc8cfd6d198764d7752b78f,ok,512,1863
34e9db0d8231d436ae40ad27b056724a69b87d3a,ok,256,908
e8a918df3c79210edaf5f6db2ee06d6c950a4654,ok,260,948
c3b97a91f18fce0f30e6ecc1643990c2a2d0a59c,ok,47,150
c371e7b00ae0bd3510c7a22c4258a97eac949c03,ok,29,96
cdbcc410fb02dfc8ca8b2e65aa7bead891e3e669,ok,26,80
7481f4f46450aef8b5d89c278e1b4a9a866b8a61,ok,39,128
098b794ab7b72529bddf14ddd50f7792643ace84,ok,24,80
dcff7fa4da01736516d2f60e6e376a26186205e4,ok,512,1813
b6ebca5b9e7910aabb8b8b0ef874cf0096138ac6,ok,39,134
d5b13e1c767e5afccd8274b6cd34aa8b38e7daae,ok,110,396
247511acb7fb6ca6b1b26c83004a6d07740d2ecc,ok,11,32
ba71724bdf3257a55036a47d8da9c65a92c7e340,ok,28,92
b13b62a78bae4c850c067ddd9444e6a1dea7e44c,ok,161,544
9a15c43864c7270c6e755233a22447a21a44737a,ok,114,381
baba317b6cf7eb69769f585769ba3d5cba7adf0f,ok,167,664
07fc544150dd506450c86b4599d07ba8973d4cb3,ok,21,64
e2ead53ce39e972982807f51b4ff1481b6a4d8f3,ok,270,965
20b497c83f82f0087721f0cb4dfe1b3d57ad41d0,ok,16,48
e6ef123bc1cd53c1ead10b235e0bbca86c0834b8,ok,68,234
561117981707d1689502cf0b804be1fa931e6c61,ok,132,455
a6dc1c8dd580da5eb22bba16023b220e67f736d5,ok,435,1559
f43c5c0c635eb36f814468a8b0cb636fe2a94948,ok,512,1875
2dd2edbe4f279bcaf8e26ebaef7bd970718da6f5,ok,102,376
35621191d8eda75518f36aba8c920a307b916212,ok,46,154
de50f612b0188448051c9e807a75ee261fa6c47d,ok,95,334
f51015bdf8d9a68651c54c42f827b5b760ad7a44,ok,92,306
354dd289f0bfebad6a57bbd5d40e160d7c27e6b8,ok,21,66
19afe0de71ab242b6fe0f17a71e1518fc571b702,ok,71,248
f499308c7c071f2bf36ab4c4ce4ee2a9be2b7162,ok,51,160
bbe40e3b4650df4735e333fd480f540fa5ac2dfd,ok,168,616
91b0aeb2eba0ce696523ee301c38b358aeec5d29,ok,67,219
20c146e2ba7e2cb42d011aac5487f0b95b10f008,ok,176,610
a53009a85b5e4563c6e1159141c6755f8759dd95,ok,21,64
dbfa5f246add22f125d13e21263e5457f7d26306,ok,60,200
a9a5218d0e7fbc2dc4637337894ffcce185ffc82,ok,25,82
ca17bf3b620e7cb52ee34aa266fdc8dcd2a5a56c,ok,33,102
49b200328d9ac8fd3801d898f98ea6291676fa2d,ok,12,36
2cfbb3b8c25a360a9a96c8d71e6a35f72fe8d358,ok,45,148
5e1a1c368fc4cfefc0b75983b53d6e3adb85fd23,ok,60,211
f92a58dc36b5f1ff92bcf3392252c0735f321e74,ok,60,194
1c922824a0182c68736093c06b1b22a1df354b94,ok,20,60
28fbc505608b0a115997d94c47a86a3935967f42,ok,42,142
ba6b1ad5d203638a8bf4df1baec9d3efb3243bbc,ok,37,118
8e9f5c7d0d9f3b9be9315928723c5fec988414cf,ok,51,170
2d8f236eb31d5966dd51878d73fc0b8d16c3ec7e,ok,403,1355
186e9467109d13e9941c7044dc39f40753008f10,ok,512,1843
43e63bb720c610812f8dad111be22f124e6fb37d,ok,15,44
c34e920e4355ae991bed71dd270a5af03df44d6b,ok,122,464
f2baff26dc8ed8d2552995e2b59b1ea6ac17e696,ok,14,42
9d860ba6535b8605e2c1736063f9e19df0d7a961,ok,71,246
d0df417adc22b4f2e84ca4f7e30979c7a704fe0d,ok,41,144
c1ba784b508f53e865279008d078b9460197a714,ok,32,106
b84b50a32686670376ca3a87d5a701ea6d107fd1,ok,217,798
a0f9e2d3ffcc5d0eecab83bf1301053ca6df64e1,ok,15,46
b176794eb905066dd0825b4dc7f4b57d80c48def,ok,46,156
875ef07100d938d034604813e55631dc9082963b,ok,122,419
9ef9e9cf9a74f9c154c6fa96521ae9cf05eb27fa,ok,192,666
0248a525e549f3f577a8112d42eff52730527991,ok,48,166
6bdbebf5e3abdeaf0a318e7434303969fda104f4,ok,500,1815
e9a15609b1f1ce58ea70499a5e8c1aed9aa94ff7,ok,177,643
0b85b778839e0424adec149ca6cd5341dd6bbada,ok,57,182
8689e01563ca3af8dd1df0d4f8d16fc0392936a2,ok,39,128
3d587bf854b53cc04ba0057a07baf3a502d11f4f,ok,133,473
33cfd2c6e58f6a23bb596df5d7216d76a72177b3,ok,167,603
50b362b6980829da7d8d2aea410d3b412140ca8c,ok,54,178
c0b8698367ddc4d520a3e0558d300858afb80579,ok,512,1805
acf3bfda9451ab84f8ed81725c4ee08532cd66f9,ok,19,58
2bf5b57c8c1cfc6627cab0ebe8dcb8f64798f9ee,ok,12,36
61e3ff3f1baf06fbc7fbe3789719517586803ffc,ok,512,1780
2f74f551e71ac7cffec386f547b0f2a8407c1a57,ok,78,265
beb66b00812b13e754f1adeba4f0853a70795d45,ok,40,130
26149322e7da0b74f5451082ad2cab136c24172d,ok,228,778
9607605af352eb672f7dd54c8ebfbed6ac4de9ef,ok,96,343
6583e2735ba8320aa7d74b71595f782ed173ea6f,ok,25,82
4f186a0707ad7b676287137ad8c6f1e54a920397,ok,228,817
caed6baa08e35b31fdb27bd2285ecee2f3a06c0a,ok,29,96
58b4457c02bc5fcd59b31d1649830270141fa978,ok,17,50
2775fe94d1ae52e4578ceb3da30064332cf23107,ok,37,120
d2dddc693047b19e5e174618ea46fb9094968ad4,ok,68,226
e5db15413eab3afe40f5cb2e82708f4aacb90542,ok,28,94
341e879f42f57d25d6f03850d95c9ef56a40e6cb,ok,373,1289
35d230d1c0ef0380ac44b7eec17a7a75d2cb4457,ok,26,84
c0b2d1ad41767fd8d66ef7b99f4873b41f2b0fb2,ok,17,52
693eace437ee17a6646501f9178d93da8a6fd790,ok,24,80
33ac7f32f69a066321f4928cec79c2c9dae15f5d,ok,507,1821
04dcefd37f95052a473bcfbc11f3d7009a3c5f29,ok,512,1861
c0d333202cdfc314d34c3e188a25ff795943b709,ok,24,78
3dcbe7f7556e828b910d58e989b4ba7f755767d2,ok,54,178
e7ab017383319ec43a3e5d282c7e5fb207c8a8e7,ok,26,80
92dbb3a6e21fd83f52838352291678db795a66f3,ok,80,278
cee4efbc044399f5c9bae8e765098ec50891cf82,ok,116,442
881e7520e73689cc3494b6cd327dd125aa947ff1,ok,21,64
10876195880d5f77db78387b2b9dc823447e299f,ok,16,48
d9dac7d2bcf6f21e5a06acea0d375822e0477130,ok,512,1798
170744ef8235e8384389742f86a36750f42d3260,ok,512,1808
cbff76b0acb68b8012ef7e7014803ccd41b3707b,ok,44,144
bc36437542488d283973f90d4cd69a522e7cba7c,ok,22,68
2a770c2dab662211a44b0a5e3ed2b13fc4fab887,ok,107,369
f18d4dfc4aa0a69819d28f75525cd5cc1fbd7542,ok,388,1429
8859d743973555935eb292c235f799e152b5125e,ok,15,44
022e53dfe0d3d570bdad7d059c5e09ff63579a81,ok,49,158
a3d865204a81334a4a1cb2b1fdaa3c58c8f9fd98,ok,133,462
46ae59ad33924ee173dc9cafd5ad95cce42a27c4,ok,392,1416
54ee8455e3c01cd6544ca5ee06d343fb26996af1,ok,512,1851
25443c739e6ed156a4b7ab509d2f27686017a607,ok,212,766
b0480b68c0269777df0994ca28fb013e1e7b1f7d,ok,36,124
a25d99a8ca411619d683d78cb8d7899fe782ff85,ok,181,705
ad5401c999cefb22524817ed24c6bf5114c17642,ok,117,418
2ab6d0e6f83401cba5e2a50000932a8dd6c7284b,ok,264,982
fcc93378dc2ccd237de40d0db4e1c1cd0a72d128,ok,24,80
affe29d3ef6743f889506bb12a154fc8d33ef367,ok,211,752
53d6088e5da4f6876ed19bca1403ea24eadfc7a1,ok,83,297
dc1ed612bf96126bbf20b4a87dd85d9002a8f892,ok,26,82
dc95c399550b437af1cc83165c3ec37acf8f05b4,ok,15,44
a5be545efead813d5f1c2a92394ee15b39c925a4,ok,14,42
879baecb5515b3597f70c94d5a7dd9a967c741cf,ok,14,42
d1d352acd9beb81aa62133f2b3ea16b9657d1ac7,ok,126,451
6eff0e51e534266c499b9f720431eb914eb3a7d0,ok,124,429
f7812fa9ebba7704435d7d9c11fc74f085c6a879,ok,143,478
626e71430ac8a30f5c5bd2fa3e25384ee5fc80f4,ok,25,82
960d92cb746678beb39a882ffe1861dde85ecb10,ok,368,1381
81c048a3c051af1150e1ddc09af6ecc3bfbdbe86,ok,380,1454
dc594934883d57a6b01c6985a1732dac383ac79c,ok,512,1846
c2c08d4192b6c5fa63abe017addf8d2ecae2bca0,ok,103,362
0c0687e069440d77f4b42e66ce3493a1073e3cfc,ok,512,1824
51ba2f806024c5e69af604e90802a04cef0956da,ok,512,1903
a0a53c38d6bba4cff6d49ec41aeccd731b09b064,ok,147,534
6217a38bed37a9ce67d279ff4d4a5d9769aba720,ok,38,130
86e4306d0d58b1c86a19ced2f452984289b7dfaa,ok,223,781
cfb840892d9ad029b770d6453de71ce41a69c2ef,ok,88,288
fb1a07dd4ad4f3e986b751efb98468159e018fd4,ok,13,38
cb3304d0d337a8246935403c765c828d952a9493,ok,31,98
11be3b892b3902bb7340d705402424864f6f0a6b,ok,66,222
067afacef2feb50ac1b0dfc8fda30580b71b8fac,ok,456,1583
4fb62cf809159d33b90d338dd131929ddab0513b,ok,37,130
b2a1ec8bc0cd502e0dd03e2f648ec0067c59f04e,ok,99,370
6e78954a074d6de00132315fb220aa7c25eb9c33,ok,96,336
243636c89267139e19afb0c49666f1700b6a6570,ok,79,279
8fd952612a03d2b158e6938095f4449ca1bf426c,ok,127,442
b8faef548493d089601d38027d0d528c3abfbd6d,ok,24,80
7c8ba138bd18b1f41db455f757e8e50501951835,ok,27,88
421d4dd7b4803ed595e9d97a86be78e4acb644a5,ok,35,118
7ee5447a529797893f6547b6600e590127726b5f,ok,144,520
1b958486355c87e4153be890757c7cc454b2c7be,ok,32,102
9dede57d0fb3f637fcfc73da092148c4f84f451b,ok,47,164
803312442f880baa09ca4c5fbed13e59d0847000,ok,206,735
736f18fbee4c7dc56ae1d3d2d2ab01718c4a13a3,ok,9,26
ebdf873ed4a8c2d3d7cf870f3054d36a70957135,ok,124,416
f70614a0a32b21bb68f3bac4e34cb96e32b68036,ok,88,318
8c2b1e003d15ca57dd9c42f199ccfa04a95f2b99,ok,11,32
810bf1eff72110b4e368f789fda4f294860a25bc,ok,69,234
d723be6f98c5887e5de40db5ca533ab74d0b067b,ok,53,177
3472b409430621a3f1d123afe993066790840c00,ok,38,124
5e1ebaf7281ec10acbbcaa041a6b79ea540bebb4,ok,95,320
0b8c3c8d166e4e0588f8840d22b0d3e5f89aac83,ok,34,110
c8b7afcdf81df9a93a8d89c3e3ebec11367c0f3e,ok,12,34
9a9e068a92e3c650cda5ad5dc03c9d1af60763ce,ok,101,363
0dbe9be017440343713307092f667363a92f92a0,ok,155,563
e5468e864261e973a95739e6d7c5895aeedc4729,ok,21,64
973b791e038b6f4ccc915fe3967ea4c9ec19fe21,ok,224,811
aefe53ca97f0d7df1724fb024ced30087742db60,ok,146,518
ae3ada45cb3e79f3f9049a7657726aa152bbd090,ok,16,48
ec12e47137724bde1ad770538bce6c591fa9cf8b,ok,88,309
4a512f73da79cc960aba41785017db7c20454651,ok,132,466
034da52f846efe5139446cc4b468a133dff7b97b,ok,223,823
9aa1a221f3d7bd777de572b8d669647784a92db5,ok,28,92
b850f3c3e9c9954cca9e80ca1e474e371cd69da2,ok,132,440
84e16f9c24cc331633d1602bb312f81eaa6222eb,ok,181,665
1e3af88c361e757f9c47b9f6b32095da1a6be775,ok,512,1730
92f29cca089a555cc39034dd9abb868bf012cd47,ok,92,334
dd10448365bb7ab3e44dd2f1d6666c1bff739ebf,ok,40,140
930cebc21fb91ac6285c766e3f46d09bcd0acbf3,ok,51,172
a0212685c1e91de5c9aae9631a7228dc132c355c,ok,54,182
5b627aec4928e62ecebe671862bc9638382ad5d8,ok,203,684
6095d06dd31931df53022a608319c972eaff05e4,ok,57,190
7b0d524c1fd2954235b14efe3ab6d5414fd8bf6b,ok,85,282
8ae44f1a640d61cc3634d2d51d7516610af8acb8,ok,49,164
b2631419a2b7d833428f1c95f368a2a6eb940607,ok,293,1057
2b7f01c7b84d4eafa44ba70754fde96b602409d6,ok,307,1110
d78242085b350c687e1d9025558dfe4a2864fb13,ok,40,132
3365cf835dc03c52cbff8f35dfc3e1e099decb3a,ok,25,82
0d3a52706f761a4742080588d33534eb17ad98df,ok,24,74
3ec2aab73b6c07ae08b1da346b4ee61769d818cb,ok,272,991
03bce0401bcd7ff1299847b9b39d761134a85340,ok,20,62
c104691c1eccc58be9323bdf413dfc9085a5c0c0,ok,41,138
815e7052cca31583554ec5d7862abb9b4bfb16d4,ok,39,130
dc7e25f63230f916b8e4a8d2c1fa7843b46456d5,ok,19,58
5c5db1a1e78f495c1389861354bc5c84057fd920,ok,50,170
98bc2815d4b8c6452902143fea7d67340635dae9,ok,26,80
b79db17c3666eb4d9e67ac910145f7c34814282b,ok,118,410
8d28400ec31ff1ded3e507143e1fbca98f4ae2c8,ok,126,462
062fd4136712b5d8ef4f20e0c7e913e596586c8b,ok,239,891
be8562dbd6e2b92802020e4035369107be43a6be,ok,54,187
1dd7c6eb1f05ffbc2ffca49c4657968d5f883a21,ok,22,66
66315275e377d565b0284b2bcadf7fdf5fe3b9f1,ok,163,575
6fd5d066e3fd74e622e9a489c01068eb6cc53705,ok,84,299
8da955bf7b62a8e06c42effa419da551a17da58d,ok,57,201
7832092b48e2fe20b1744f5d2f65155fe70fad73,ok,42,140
dbc34ec9410722b21a6370e4978f029c9a81fb79,ok,12,36
d3b353a20e7d01527815d3192732235205d60273,ok,209,742
ce302f414da3a20ff0b3f550f4883f13694c7db4,ok,185,685
2db8715b0b2a2a922c90191359f51c776ecaadf4,ok,31,106
99673a7d1116be470bdce985daddcded3b008970,ok,145,522
1625895198579d48d434e9747189c8568e4a4ce8,ok,120,412
a7497f9d1e99a2a573d2097739db732be87fff08,ok,20,62
bde50a2da8469e5824e468039eb5eb21109347e8,ok,16,48
9d335b56d97f081332f543b38c14a5197d0b1cc0,ok,23,72
c6c34f096827d26a731d015a5d1f816a6e8ea929,ok,31,98
cb27621f18e110844d50e98e0638c5764d3e06fd,ok,16,48
1c7ae6f0b3b207982f154e3f6d7677bda142cae8,ok,110,388
dbd5694d0063edd36fb83d6de1108292da1ce250,ok,22,70
186c6ebf2a5dedf56bf98a5ea466dbdf8d1c3c10,ok,197,680
a37b8cb84a40173db723de0a483dacba0c3a5b0e,ok,83,290
57d3cf851875b6b4440f5932811ce125a5a556f4,ok,25,82
3817d1f3e80f663194380bf34cd3c0e647000e71,ok,54,184
5f61397aa63f1bbb67384e10141aa3ca37556ae8,ok,512,1866
651181c44fc17fd706d164f28275be98d85d2bac,ok,91,313
7a48d8252c84f8e37ce141dd7abe4a0ebc755aa0,ok,51,178
9a5245aad63f2c0ebb1c3de393ea4aefe94f74ea,ok,324,1200
4c167c528e5d0e5ed2951ec1431fba8783f1f37e,ok,21,64
74ecd33a96298f6773dee5f09e41cd5f98fcb0be,ok,511,1888
b9721689b4bded9a34e28587351d02de7a71c701,ok,512,1866
2f8e025b1d71e2b5d0086b8317a52022b8a4ee4c,ok,512,1899
10d18f8cf6e456c355104ea38b98b24f7e394552,ok,249,888
deae86801fd68ce7252e70a664c8de0bec565ca0,ok,29,96
95dcaffa5034d27b2670e801ffb4c30525181d91,ok,63,216
3e4b35aba424bf4e879646c32636fdeee3cec562,ok,35,116
53bec2bfabe0fdaacd99d4a80473f3ee6ed853af,ok,98,336
fe512370ddaa8f6775d6547408f9980c446f6193,ok,64,217
bf9d4f7531104ae4223ff64cae4eb61a38e2e927,ok,31,108
cf30579dce6c0c4a4c0a71365c55364fd8e76dc9,ok,217,758
8a6df979c6d2a8c8d731ce007ff776c37458c446,ok,36,118
2f11247478b555fb136a4b96128827b00aca60ff,ok,43,148
5ecf3c41ed310b1a5f7a7ae59d9f26978eb7225b,ok,64,214
0240a6e05c81021f8a1cbb3e04aa2158a08fb22c,ok,24,80
5f37702eadf2e8949c13034aade82afcf9d3d7eb,ok,24,78
6b3cd83a50c237aa346aa949b6eb45a3cbd39f13,ok,26,84
e872f8d090ae39c6e6f554e746211fe6eb249318,ok,36,116
9a7f9e0b1197d754a0f1343952ae14fb852777c7,ok,193,671
411cf7877ed6a9dcfe27b48f3cc3f98a776ef29e,ok,108,396
cffaa7d047e05a6cd776add742c52760b243ccd1,ok,117,384
fae8ce97c4a453a82c3e752bff77e10be5aabbee,ok,145,528
5926d7a9779282871a8694537be69116dd2b57a6,ok,20,60
60d5c07c541fce93fe37d47fb816771245ec5e55,ok,122,431
74f5d03c365e913e2967855778abb33ec62e85fd,ok,97,357
c9c29a825174ec2c8f29abe0adfdfa1930b63201,ok,434,1608
df372209b43fe4ba6d885f029f26af0c9f420ddd,ok,53,188
d383b9739e9b994047b22c24850c9dba3df860a9,ok,25,82
28eb50745653f46d785d7cfc4ada3c2a8ba9d63d,ok,52,176
dda2a555716311ac044995ddf2cd19b650451182,ok,63,222
03c96b92ce8b8f7c8b1c462bc1e2238876ef5186,ok,512,1896
d588524fbddb0d565bdc636b5182b2e943736681,ok,39,134
6fa6d7744e5a026baa491346953114ba0ef00861,ok,217,786
6845077491c4908e01e28f086c3077676a68808a,ok,56,198
68670daecc277004d46d1ff8fe768e7a861e7b4f,ok,168,591
cd7c9c7f4f06dcbe1c7100141f5d912b4aaacaa7,ok,430,1551
2fc7313d235d58b8cf2a1b5ec783254943b21479,ok,23,70
87f6c79c179a764f08c5942f161b4c3dee8351a9,ok,38,122
ae2a7065f32d769d662edbad6f374ab9ed2ee30a,ok,17,52
bcd27de17db62da3541c6132474e3d4edc64cfbb,ok,54,182
cfbb425b6670e6f59a6098fd776ee7a574240a80,ok,100,352
8322c5260ac6a33c2d015ae1a9abdb3ca3487ec1,ok,67,235
f96c1ea2b537f7e7831dc4df8bc58a20bcb1e2ee,ok,512,1888
a8256659f11d41c36c5e9986a9ca14b985745bec,ok,25,82
520236e1c71bde581cd003ea6fb2d6cc9d723259,ok,512,1886
fd9437b4d083cb606c777b11380b97488959951a,ok,77,276
e99694ed4bb54b9db047792285155454dc461337,ok,56,192
9d9e89d24274511ff5bfebd0a8a97e942f61eca6,ok,185,668
97887fd435a424451714777f2c9cb6ff6f18e670,ok,151,532
d56ff9bf9923baf75389efaf534f79022d3deb01,ok,318,1163
265451ebab292b401497ae406ad6cea5dc42539f,ok,43,140
32d2a095eeaa256d256a50d13fdba529d7b13925,ok,42,146
ede8345c8f3eefba96e36b399fe34cf4bd20b127,ok,32,106
4459e3511fe6859bea84f3fd47fc869d743a5124,ok,105,363
7158ee3da0232064f7ca110992fb74ed7cc3b995,ok,38,124
c3e405356e10f171818c3485579c3bb28f0051a4,ok,351,1296
6674f51f7f3f8a6b89439c94ea8ca4e0bdcb9399,ok,189,682
d79955ef69fbd89011ee6abe2374daa8adb7582d,ok,79,275
c6fca391a72ae3120633e7635e6923c0ab5c97bd,ok,79,281
7ff4e5c6f107a88776918e2a2c55dd8b1405eb29,ok,24,80
6336e24be147ab2173f8b8bc35a7397d6704f2e3,ok,98,340
9f80c64c9a9a37860e32fc1de7543ff8044bb636,ok,113,394
b765f025e117b00501c341d1256d942f23cd5f23,ok,17,52
e364e63c9046a84852e704582d90945d9a098b16,ok,512,1853
eccbc5a4c479120f1523e63ce9ef18336aac3705,ok,53,179
07dd85aa8fa7d25af8e7f8c1ba88bd5bd373e8df,ok,25,84
eebe388cfae5959170a032b6a3d8bb2acf329456,ok,25,82
da8863b0480b9478d04ddb466d630b5d5482dd49,ok,85,299
cbd6df29cf43288c6b9db07a7e4adc4987fbe448,ok,186,692
d6584ae1d8f1888ff6009c20dad77dd31a7eb317,ok,36,122
a3549aa1e76cf543a2d4f9ce2a835d20ea5032d2,ok,50,172
c1aaf2c22a5f47c5aac67564c810140a53b5ddfd,ok,512,1889
cafe1c22be3f5870372bd96fe672af4597c5221e,ok,35,112
beea0a7112a9b530400ba415e998f22b020e0853,ok,126,462
cda6b44f0da9066d18c89eb9cd80249602c93948,ok,53,177
2c214675db4897de146e5336c45639c100541bc8,ok,115,378
a5c477daffbd2f109e8db42299b619f63c539d73,ok,454,1701
0e513c566820ec7def86b02d8982c45575ac6db9,ok,19,58
185ccfac1c2278477ef84430e27a99f57640dfb0,ok,11,32
f5f9e3e6568bce743f8776fa1696a3d024a75f25,ok,390,1403
6aeb8caa24e6b1b066087cdfa8a592107c9f7698,ok,301,1099
a923876b8d31da801f4981112f21b83fd3b5cd88,ok,512,1902
a0970989c2b0f00e80846323dcf1ae411cfb7d0a,ok,512,1962
cd97c0060129ec5490eaeadb67a0e6887d700c3d,ok,169,616
ad336b07f8d2e660832ad0b0aec4641ec703f476,ok,25,82
250ab58c9833a7415e1487c730508dd7f196d203,ok,116,383
1cd9e29ae598b1c6b3373fae5ff98143070cdb31,ok,267,1011
2d7cdcf2b31e3d4237b70244a6e0b49a24bbf22c,ok,512,1760
5c8c8b6b74997360e454ed6394c715a6df93645c,ok,512,1889
4c4431e4831f5b0de28952993b36c08d720b800d,ok,17,50
e420c28b801c0626ee6e844ffdadcbe75c39dfdd,ok,21,66
de6376f60706154013a40fe8b069daec9daa75b8,ok,27,86
11aac6c796654612451724131b0e72f423a9da69,ok,28,88
821442bd5784c409d6ce301b3e97cdecf9d82fa0,ok,512,1877
c9d7ae403345c38fc36ee08977dd8bf8f768d530,ok,512,1789
5a12058dbd396a1b8d36b4ddb368ba3b60e6480a,ok,84,291
7929d1a2a5ec3ae2fe9c342050c7ae1f9e27c611,ok,20,62
557bcfa235891628eaa90a0872a133f20449fc78,ok,512,1880
fc998b2a4e35e3e674ec2f122b622ac871a76c5d,ok,44,142
972911dedb2d2609e1a12f0402d547e7a7b34d28,ok,182,657
b557344a8095245b64ff83cc448044c6acbcedb8,ok,401,1472
47b705167afe9b494542e4010a36a10cab360b93,ok,147,526
165439127c77c2095189a307f9faf24140449a8f,ok,70,246
b7cdb8d526227588abe11d220b5542df454ac7a0,ok,220,819
9a1e831b43485e2e18f2f26427ffd95137d39985,ok,126,453
105c14afae7e5bf75a578d501878ae59f23c3183,ok,19,58
7171aa846ffeb37c735fb6e0b6f00b702b81ed9f,ok,44,142
e4d455a2a4cc40e83f1599196bfff4c8f344afc9,ok,28,90
78c2abbd5004698f9089bc54fc4b0c515149b7cd,ok,512,1929
cb1977cc0e6d70da5b081a8d5dd82276789710a1,ok,10,28
26b1652ca53e53ca0d8e2b2b84314bc8ca31585d,ok,43,152
41bbcc04df19d9f55c6de06e2051ab216ef40a5b,ok,20,62
24904f2851e4b9c703058d022d1d3d3f039e8d86,ok,58,193
47b735d1c27e25468327a81ce627b8fee2307f09,ok,26,80
93f405554270c1d31bf4ba29cdf06c964393d724,ok,24,78
f166f943c8c88f4e4ac927752263c77b71cbce13,ok,398,1406
f87f045e574b920d39e16c36e3a08752b818c813,ok,64,223
930ec2b572abdfa252941e215262ae33b473740b,ok,42,138
85be9e83468a3a2522569d84f4c859d353928c5d,ok,62,218
1ffdeba702fe919cb0bf5db684bae815b6c05792,ok,105,388
5812f26ef992e2381c96901667c55f2161146cac,ok,351,1322
c4c705eec12f8116b92ab6eb048b20c599438449,ok,469,1702
bebd9e7cbbc6c01852d40687adeb08128145f2b2,ok,189,686
e2e24ccdc370bd7571d9e36aced78fdc4590e2ef,ok,129,450
4bbf72ce9aebf848c0a54337d8aa1a9feb937723,ok,11,32
9e61a46f243549ba9c1df9955d7cefe614d8218e,ok,79,279
0b77bbb550d23ffc4230b516e4ecac628ad4e0b4,ok,25,78
3df82fd5dd70ccba6cfa4406039880cee7eabf4e,ok,110,395
ba17d53a47280edbb7432cb4db83c6ad32ce71f6,ok,114,418
bda22e6659b9c63c01440c4b9779e2f2978b2e5b,ok,19,60
2ec3eb9670705ed1b2cca18ad79d06847994cdd1,ok,44,142
09f93e09c85b023889887d29fbe79b8f22d72642,ok,138,485
c6231e0105ae60d7e0bfd3cd08659bec12e282a3,ok,243,868
72d9ab1e69fab5b0661c3a41a338a24a05e5aa4f,ok,35,118
5f3d7ffd2d359836aa57f1269b73bf05c6fec4aa,ok,66,218
79e3ff888236022b58fb02bcedacc02a68b5626e,ok,12,36
df103092c7c1061c3e4d367780ff04f797fff8a9,ok,21,66
6208eb1cec37c90fd2969357b703544a8d15017e,ok,65,222
bdb02f6e136a41f6bbc619590f0614bd4f31fc21,ok,43,142
42dc098b1334000993989b38ee414f2818db377d,ok,38,130
d57c9a64a2305fbf5d77cf7688ebaf610a396b17,ok,345,1272
b01c5bd6886e5339a6c0ab59aaf5e3de3301eda6,ok,47,158
1f46b797aa412ac29cb2c4417976010318b86621,ok,512,1864
58b71a7e1de5dac907c4b116935fc9e7d9daf7dc,ok,512,1990
6d7cd77da7fb7c57ae4e2473ee3f7f9dc1a157a8,ok,512,1806
e59660fdff7fd39a946b92f8544c2f1028aa40da,ok,30,98
2323e8e6bd91a5c89750c518100ef481a5f4c030,ok,230,813
d7e1c74c115fb686a21fdfab0299226a44c8408e,ok,172,643
4ae26d07b3aea258c622f5cab4bf0b6757ec3dc4,ok,201,735
1a8092452b01798be81be87acc6723bd8aeaedc5,ok,460,1702
1fecc9500c921c6ac802706c2a729e119cd3f667,ok,416,1535
39769ddb750f194c1ef117fb5f49063a055deae2,ok,138,499
d802cf145deccb25acbcb80e3140099186d6f4e2,ok,69,231
f3d0ca24d15b30d84bc2a7876383ebce36dbf68d,ok,212,742
f379ff2a609f9ede434576955e780b2dac7738b6,ok,30,96
de919ab8a59a1e6a67de89df21fad98b90a8e8c8,ok,80,268
c22ffc46db5c7fd554009709c5edc3c3627c3e91,ok,512,1856
3571caad36f0357259ff9925ee6f82ab6b0389c9,ok,66,219
6fed3dc659157a7e59434cfafa7587499691f9c3,ok,298,1126
aa699a86b71249ac209d596f737642fc30ff6f2e,ok,35,112
d6ec3fbdd58c7e4fa381eef78f3eb1807ace7656,ok,100,330
c992aa41596942f0d3d5c920de3a0a17775c8034,ok,246,786
e8ebb56f3918ac279957ccf02f14ea05f2cc9e4f,ok,105,376
aa48354e972f48cbadaf36c70f931a4030bbf232,ok,36,114
e39f458338c347401a19a7dde0e411c44c2f654e,ok,19,58
601ee66b03ecf5e4212328bcb0b2608ef3a3308b,ok,50,165
2539dd99ca988351b0c9c65823ff8ef9779a9619,ok,252,952
db8ee2300f5453255a3bab60ec120546689377e9,ok,16,48
8cc182c14fd8223d58f98392c0e56b09a4598b64,ok,45,154
1ac7bfe83a26e1f809474062a507a5f4d355c99c,ok,10,28
4037567cf4bef3559c0b1995b7c0aeee1ab40160,ok,22,68
a72c94b064ab850f00fb3f249496e926cb14e98c,ok,217,774
ffcd1d492972096636ce840a9166b838f2236849,ok,23,72
e50b14dcd7c0d4ada03d996f19d51cfb2c995e97,ok,410,1485
3e3ff397e830438f89d2cc914bdca0b76e9bcf2c,ok,120,414
1838011bec51ccf651789f9aee7336b9beacbddc,ok,20,62
ffd11e034c9b0c0541d9abe295f6da22b815cc61,ok,26,82
3bc2bbe623d3d44a3f2f6afeaf2125804d435e3c,ok,512,1830
f264717a6b5681d11ee29961b7dc4c7fdde0b7c7,ok,32,110
b106715fbfaf87247502e217ffcd8a04a6aa7e07,ok,169,620
bf1b6aec979e81b4796243f638fa810bf4a3e876,ok,19,58
847faab9dad2471afb9ce0c3114c43f0fec06eeb,ok,22,66
cf45adee73b159696511321c54825af9c9ad8d4c,ok,31,96
a5d4d71a2932f9c6b620f11b0015cbda2157e648,ok,25,82
9e19d4fcd879ec4d404b0e31ec2c5db85d531146,ok,399,1480
bb745259a409022f885cb60b4bf2f10803ed6b9c,ok,127,450
2bdb9cd4519c2c048b3c5b5bc965b9bf85bce000,ok,54,184
8a481f80ab9cc093c9e9b85c69350392fc8e23fe,ok,224,814
b8bfed9f946a841c82d4f85004bbc03166427cd4,ok,68,239
8304e2992b760571b37cccacd6c2e28786d1c17b,ok,53,183
72272a6dff35debc29430e33089aaa80b2ccd891,ok,203,718
81c8ba83494dbbe65f9803f3faf09780980c235f,ok,512,1851
1a164404faa9ab302a9cee56431e3fdac5f03624,ok,30,98
ff85c915eb2285ee9417b21f55ecad48c29d58ab,ok,203,713
305065034cb58a69a928352a769c409cc5d5a686,ok,45,156
cc86ca676cef9a9ab1d9cf1df3dd9465276393c5,ok,8,22
12007da976f585ae8f7cd9704575ae0142f874e9,ok,140,481
4147e62b154d01faca8c1dd8e1fe494d2f10f8b7,ok,29,92
3b125802dcc5603271e4275490a74cf53f7d749a,ok,49,179
848746d5423d4cd89dc3d1445b35908465d8e7c6,ok,19,60
2ab318cae749cbcfc999b5093b0a56b325fa4a2f,ok,87,312
88fe1d650fc6f4883e912fd897b08436d2943ff3,ok,203,744
1e21a78f3e2321cb01b76e43ec47748050509ab5,ok,176,633
519edfd1ddf34fccefcad8e16f59ca72d1496b8e,ok,134,473
7260b4cbb4fe77d853ce02c46bbad0f4942b595b,ok,23,70
70b3a8306292fb4ae335952b7f6467d8eaad487f,ok,104,362
13e6bc05706b060dd2864c56ecaf9f424a392447,ok,126,433
412dbeb3690a9665c102e6994514604ee441b04e,ok,30,96
a4f9613badadded72c5beae5b9de4bdfdb470958,ok,33,106
c5739e58b471760ebffc8c11e15cdd2ff2aed0c9,ok,67,226
5efd4a24958cd2a84b72a7d5982aa27e362954f0,ok,121,411
cccfe46f541315ca27c8dfd99524a4b92ccf191f,ok,47,156
509bc0f1f2687dc9e474eb3e9d0ff7120943a3ad,ok,107,392
d84839c60cddfe2831120fac77b82b245cf965b7,ok,53,184
66f8da2ca778482f34aa793f001c107302bc74dd,ok,512,1831
af2f31046daa7f2bfcf57ab80350f51c1b833504,ok,50,164
6efe76bacf98af1373a6b218b49d1a80239cd106,ok,35,118
3bbd4ef2ce1d32b202779ab213b45c33f07476a2,ok,218,816
8da35fc8bf51de10596b0f6a8cae4b738cba12b6,ok,21,66
9f2642bb231971fb67d5c76a8aad1a26a4e81b0c,ok,97,324
47c6d026cf896ad5cdb189ef4a62f9254a1ec3f4,ok,101,340
88dd8df3d1efd44619cc75145373f8393b6d916e,ok,255,923
46ba72b1b43f1c070b1898a82121087f84f52b84,ok,39,138
c2970c8ca2a0c53fae00aac0a248ebbb956f3aa2,ok,133,475
8d0b00d4bdf6e223c4ecdfd2786883fb72755a24,ok,28,92
3bc55c27b904451c26a132c6cd0d15e7b704caf2,ok,147,533
42edb84ab240bf65aa85ffa405b6fd6253ed75c8,ok,81,295
1fb6b8c54f2d16179d2eb34ccfaf3b49be107e51,ok,25,84
00535e288fde4971e540b38750e40265b7884a00,ok,39,130
1cecd9c60792be435a986026472865e551439b53,ok,110,394
72c0b466b473d37c6fb8b27dc02b18c149b5d35c,ok,24,80
7eb8854aac838540c015fa5094692e513ff908e5,ok,35,120
4c28f863601a89e2b69dd8fe04fdd9cbd7d6d215,ok,221,793
3937d0e8734511330a0d48e47b5984bc2adbc67d,ok,16,48
2e33858b29bd39b77b428efed85f0e049d1b37ac,ok,512,1904
755eea456b5b9356400394aea28df6dd842d0c6b,ok,29,96
32ba484e5005c5da53f010e91dc9fdfac48de0de,ok,108,372
2a9fc12a38bc408521141ab9a9e1c0b04138199d,ok,24,80
d7dc50561e63ccb7b50a8aff3a1dbc451aa9f051,ok,76,260
80f126bc0f31a383eace852f191b2cf44e2460ae,ok,512,1884
14e95e8473886d4cb7f115ef658202399f06f5e6,ok,50,178
7c85d54b58258f001b928cbc7ce1d3533d4b918b,ok,60,206
382ef45cba6c9d58f35b4225c9f960c4350a8cf9,ok,406,1523
77e184fe10f4a21a35e8b9fec3bf1bc1a5392b7c,ok,22,70
1caf33c1043243cf802f526ca9d8adcd9e136e87,ok,16,48
4c626f0ba1d198b842c46b9a09dff133158ac45f,ok,407,1473
32902ff666d103a666b17697cbdce0a48d855ada,ok,79,282
7a395379407c914f5e7e82042963ce5e52bd5c3d,ok,18,56
946333de92e72e12743dbd89640921907b58c9ba,ok,19,60
3a64ce70da56adccee1065619652f45386921238,ok,47,152
50c5f4f718856c4e9fcea4d1063eb0256f164aa0,ok,321,1173
4777fcd97d0966b028af104816008d0e30d2d0fc,ok,104,363
c049e42bba9b7d5e7d5361c4f0cd855ccab98cf4,ok,161,602
2f15be2f2e8fc28312f7d356abf69b14a5994bf0,ok,512,1828
a54016d0bd0235536e01de22c170c201006ea82a,ok,105,367
223ec19b0a4deea0c300f043eeb3b69dd9436f5e,ok,66,219
a32cc6c2e8af6042a5cce40c51ee3bcbeb867e83,ok,242,840
fd0e73082f6ccd74e95342b8a4e42595fb70f444,ok,22,68
b4b9aefbaf337c3a23ccc0341a479beeacce9530,ok,41,144
a88eb93096a3cbeebfe885d82a71b5ec353bad24,ok,78,265
765b46bd903f6dee06b73e5d7b5bf8dfb045f1c1,ok,108,380
d784e71ecbcdd4ae913a43cb878966aee8704749,ok,364,1310
4c45bf81e020e67fd5733a7be0337b0d1071da3b,ok,35,114
146cb35fc1c6063d87dca6202bd63f2b292f4641,ok,17,52
2615957d894de64fa878de62f8d6c79d152989e0,ok,11,32
fa4d678204dfc95c2e083e20c6feb5489581cb28,ok,12,34
51f8ba669a9b1a196d0dc531cfb1544e885a76d9,ok,421,1502
e3ebbec17d0ff08d21162c1e935e4bf66824bea9,ok,88,306
4537196f422b71e5f95580f8c6d55e6178bb687c,ok,48,166
17f798e9b83ed81be87c08e1a486148f3f7e5388,ok,94,334
b3436f651f79f45f4231c286f3fb819f6e88d063,ok,8,22
dd6db61f4848ac66a4a39b38bb4c923638a9ea4a,ok,28,94
2044651edaadd8ba853fbf6435bdf5b2702d03ac,ok,26,82
02dff280d8b3e55cefd68f91ff0bbed96c95da6e,ok,43,145
7286fbd60fe9463c3a7e07956594b399e2f20e64,ok,16,48
733d55be957cf01df2080e0e20365c752a4d1452,ok,178,594
703cef887e7f678e39cebea6d9660805cda2356b,ok,20,62
3423780310b2efe59a64316bd5aea043e7157ba4,ok,17,52
668d8ff83ae527f226ac9687333a4d56e2930af0,ok,371,1314
4d5888ce289c18cabb35a1a5232c85e57cba2543,ok,66,218
f1fdb801ee2473c98040b445d46bf31359787d05,ok,19,58
a7cefd48d5f29766e42859a88d662bd858e08705,ok,30,102
aa13edd678f739974cfa10200cb27c3f082e01e1,ok,28,90
9862460bd337ab8677313fab552867825662fc23,ok,146,509
8b55d153cadb533e9960b1aaa77a955e2d1926ef,ok,11,32
4ac2fa01f876dd209a006ba2f635e643da214735,ok,24,80
19b8ec1f8788eaa7480ea5ea29cb4d9e8cd13ed3,ok,25,78
c3f5f9ea8a9e6621ee54c2c75185b1845cf62f10,ok,198,702
f0516687f2507804c7072a180926a5e5478cb56d,ok,76,268
2dd35a1b7b82d1c6184d38fb093330970345c9f6,ok,145,514
61e8ffb2ef4f5a4ed5cd50217130badaf1bfd99c,ok,22,70
2375fbd01a022463a27c7bc55e234dbed511526a,ok,162,568
5bfa46b517d3def2c174ca4758e13683f7032c9d,ok,12,34
ccb720fe4511a8c2cdf45f7f73a8678bec7f4013,ok,252,912
7ddb163a67b353626641c73f7a74e6b0bfded7b6,ok,59,198
899d9946a32cb238f73bc26a0b9173b0e569f781,ok,155,570
d9aa96a5bdaa4765fd63f9c85706127202aa8ddf,ok,71,270
271193a10efd4a74966b20960e1950644926993c,ok,17,50
224c3cd0875438a5fb7eb68fc987e6d60ba58afa,ok,512,1847
1591d0ab4931178f4c83b37504139c91d98ecb91,ok,452,1732
2c5622b6075d35180147747d21e33921a99ddfc2,ok,512,1998
e596365566f44c5306a9c4425c4c59f8e98ecd94,ok,49,168
47f717538fba5616b9511d56ba633aa6ce98c142,ok,102,362
357352b95819ec1efcdb94a5fdbb1d4fd247be16,ok,82,280
525f0a1da494888fa5dbc4f01571f38a55544511,ok,26,82
f62900bb96b06360e5783ff148001f3a97befbaa,ok,271,1054
8d01a1eb9f6454a2cbc451899fa8910254402f27,ok,37,125
4aa358ee9dca6d8b68a2f9c1ce8ff3dcd0337e86,ok,25,78
47a177d8ffaa892fdcdf54df6f8309adf897ebb6,ok,480,1756
aad8658c3bf6b86e5d2a09f2097c613f4aa2b856,ok,40,130
8431234054c2bd1b3b14a495cdd4c00e9de486fb,ok,15,44
9b4472625fdbf8e3ab761be31737dc59824edc28,ok,98,347
6e03c39959f2c19f2ddb3d61b4b88d7ff1e9dcd3,ok,268,964
1fc7af423fb4ab7034705e098336bbaf060c250d,ok,109,380
d8251b76265c9d27732b418759da3f69b4f4bc67,ok,145,518
c36cfba7182ceff464af5af8068fe7f6ba84dc61,ok,31,98
1971f8736f6fa3d600f28bdd5db7b680c6a15dd5,ok,121,446
67a4a74012c501dec675d07361eb9696d4e4d870,ok,140,492
b5ae08cdf04a71fb0789e185ea289e3b2fff8e47,ok,512,1741
f649b97c0273573e4428beb38a91d169c653a26b,ok,129,472
5b5d0048101a821de45e2bf6d61f01cf9b052ef0,ok,171,598
23c8353d45f8fd69034b4d7185fb361aa8dab620,ok,331,1186
d3822c6c64216177efd0b0603545aae857191097,ok,26,84
7ee49e06e9737c667f09f5a02bf2056a52ce2aeb,ok,24,74
a9ea32bdf0ce9e1a29ec4d84aeb9fb423b42af50,ok,72,244
24891f64403d95809ed9175a6bfb7f34fc37f4cc,ok,512,1878
2740372edb53acce5c8176c58c00d3681e0c6e6b,ok,16,48
766bbf56998cc00ffb6cce06d0ee77c55b4be8cd,ok,25,82
b7cd4ca60ed61f6738a1cc807c191bbde0c1cf94,ok,41,142
0626b56233c81c4caea6258e1bda40802d05cf0d,ok,51,182
1898e18b3e2072e24cd33698a45e34eeb4873d51,ok,486,1786
1aa5113499e81e942664e8b2427ad6906bfeda13,ok,17,52
6639a35aa095298463eff07e5f153ce2c32d2f0e,ok,23,72
042356b250b3c099be15f944baf7dbaccfa44756,ok,16,46
8a429e680ea750d762197ed39110fea49a96ba3d,ok,81,268
cdd8de5669f77ff5a7170c6a268a1e3b964a2438,ok,176,625
9b7b11e2c835532d7394ce6eab9d59dbbb01ca3a,ok,161,572
7fd98f1040b037d925a90db0cef4cfd5e726f956,ok,32,107
2e6b00bef53ce0d9a0caf94be1894013a26068e1,ok,320,1200
8d85f6250561337b0430638bfdc7cc21d285faad,ok,95,330
b216ad9200ce3de876ece3fde3a4d6c8a8a165aa,ok,31,102
abfb6f7593d57116bf3de3a1c14d4f8c059169e1,ok,71,236
d293a9460f129e7279a9bf601fac816b7af18e63,ok,24,80
c6c5f7dde89c5fa7e5533cc2a97283f2f9820c07,ok,58,199
00cfaf29ede283f9e57c25afc2ffd7b06abdb16b,ok,17,50
8fdd6e3dfaf8e1a8197a21a5e4ec437f9e14eb5a,ok,143,501
99bad73e4baf088d5f21af15f4a686ee956ad195,ok,259,945
88cec99b2465223dd95c5bc8b905739b0623b37f,ok,43,142
b2ce268dd3d05d55a14d5b6247cc96d085b42932,ok,176,630
10a0233489b9b61c521294cd1f8ad0550b836b9a,ok,414,1506
7ae2f8fd414fa79c228495a44f7986ef40deab7b,ok,72,247
a015e73db7c851dd7a0bc65e7ac746e31605e2fd,ok,23,74
f4ac5187e55480a4e0e17497992dfaf2b5dda4f5,ok,40,136
2957ab59752a8c8854941850e6a6953318202bb6,ok,93,330
1ad5e209d1e366310ef0b4c77d6516f798c6ae39,ok,86,302
6b7e035a75f879af5ee80fb83d836be4e87294ae,ok,37,124
5616daf16884067373ecbe41e48000bfbc47a755,ok,44,146
a0b2f2034b7ffb6accd74cb15fb161bb96c2e5c7,ok,12,36
cd9d621f59d3b156d986bda01c6d6fb1c99b66f3,ok,339,1162
2dced573980ee0aeaaff6131c3ad9a531e5ef9af,ok,125,454
9c5c5af6aecee08d6c349f48fcd4a8b8b6ece05d,ok,55,192
3a1ccf04e5f5f0e06f59d871593622a1b752d03c,ok,361,1321
634a52be57e7f2fcc819ce514e66010357bccd75,ok,28,96
5d454d6a3c9fd789f65ef8108d84af2cff9772b7,ok,22,70
aebe3374db0a673571963d34c027fe81d55e249e,ok,70,232
632a8294ff86572d2620e6faf59a4c6307838207,ok,512,1899
684f6f219e37fde2b90f80b2bb7d856ab29f4511,ok,26,78
c3bb9262999d5c8fb25e78d002ba51038fffa9fb,ok,163,593
6022d2c855d3bb502467fa9f7760e1bf63b171d1,ok,50,172
f1947efc311d3272cc3ea62cab08960d4129fa54,ok,23,70
e2f7ae0842541f61d9e861f95648a88f8c5646d8,ok,24,78
0a971dcff3029279b509e1e1c1bbd2b6f26097d9,ok,512,1846
89fa3091e5a7e68546c54f1b4753f73c4f57d486,ok,177,652
50781f92558295a2b1a02ffc16390b364fa29701,ok,28,88
6dc747aa5e228e69f898b26e4c701c155c44b596,ok,18,54
29829d9d67973baf1e23143299728648dd7fee7e,ok,29,92
219659788bfac82fbbd09513303563037138d2aa,ok,32,106
e1fdcab0fe8198f096bb1fbf7fa367eedd43ae2d,ok,512,1796
1eed86f057962a49f060986b811c60863363de18,ok,512,1774
5609a84ed3ea6e9d6b6a0819697a881995f27c54,ok,55,178
ba000ff3781d578a69befbfd288dda87192459f0,ok,25,80
c5a5b5e43381b0330561918daa7cba7c707ee6de,ok,24,80
60982087d113a2ebbbd7819c752e01d07a0958e6,ok,29,98
507c7754883b016b02ab32810139f69c2537de20,ok,512,1906
2b59f76e56c692702893800c9d8a9a415d060a39,ok,392,1482
9f05bdeba7a2e000df83d4a6ae6ccd152c348035,ok,231,822
c69814e607b003b18d4e9003fd51af8a2e21760c,ok,30,96
9844ccd6cdf741ce3a22e9ca6078d5e7f63f0506,ok,30,98
f037b960a46f1d58f5b79acd772972309051b66e,ok,16,48
32d84af5a8ccf12976c4d9e441ea78c2708b64da,ok,512,1860
671d7a874c655b801373bb629a3da0c13f3c271f,ok,24,72
bee21654c4ed5803e14f1110fac7d1ad39af841b,ok,24,74
2fb1c779b14cdd807f0d4f0338426531e020cd5e,ok,35,114
9e33c07cfe19bb9c98b23a43a7f84156244d6ff6,ok,59,204
b144950c87c7d23a964bfe292c4b45a9c05c70b5,ok,39,124
47b65ce234ee684816e856983d792a07f66ed3b2,ok,33,104
acef397d09635e28c869c1af2cbe05bcc2cfec5d,ok,19,58
28fc7e2c698ebc5b4d28a4df2cc46033618914e6,ok,182,648
657330714c56d854ac5e01aaec68b15d0de61565,ok,64,223
7ac0d84cf2f3d2b2753348f95cd326baaf2399e8,ok,30,100
39146657fd1e06360a7fda1e311e0fcf1e022a77,ok,512,1828
87b3bd62e715bf890abdbaf73993c8781473a947,ok,63,210
a114cebd1312c39ff064d7c0934b933bf3de2b4b,ok,122,430
e53f34985b4f1331e84cca94b01d5cae4af742cf,ok,18,54
76a1c169dca10a004cf3ed69638d89336d817feb,ok,149,523
4d9d7566f2fce64264df83089dc95fa59d98a558,ok,283,1057
ce9fc7c3a2382906f52b2196c43015983f60cfc7,ok,512,1768
a9ff7aecc72efafdf6fbcbe938a299db6e7894c5,ok,176,649
6fd66da965ffb54377c5b95e0a235ed190a16ac8,ok,19,58
808861875350837e86478efffe808e1e601f33dd,ok,33,106
4e7a8e249de94dda513535f1c7e2487069fd798f,ok,151,564
22ba47bf55c050313b9b7740b811af84982503ee,ok,150,535
1947582894607ad26133bc66c7650f1542c1b22a,ok,197,735
8f5dd80eec6dba79fdab98bfa979cb0ee4b78414,ok,29,94
8ce92443e893f7c06b6a8bc79d0318b206e6a703,ok,347,1242
d22081a2d15289e736178b248bace103b46cff49,ok,27,90
03e5a86aadc3815e8ed84ca4a8e4535c1b625512,ok,217,808
2c0d61f10652eac072e5380e4f65970b34f5e9ca,ok,169,583
ab55ff615055d7cb34bb19be610ddd1143152cdc,ok,16,48
cf356b447565ca71b912fd821422df0eaf230879,ok,116,404
f8daf9b1e1292b8b3d3d63b85f09217ead8b51bc,ok,512,1885
9786063edaa432a77fe0c800d521c819eb57a862,ok,512,1808
969387566608120a4ad5380891eb6fd8f0f536b4,ok,183,636
26f833e89b89be3cec8458e54b4f44c785ef96fa,ok,80,277
566f7780c1ae83857d10e6fe3f219f5da39e776a,ok,382,1400
7a5418f3d1b5dd4bc1329680ca2ade33a7efce8f,ok,17,52
70db77a46867ddbe4706d56aa0c54f8c111fe03c,ok,512,1836
1d99805ac496097c3acd54edbbd5a74567396c2f,ok,478,1752
c477764210ca98aa49ead0ec4ea1392d33ac5059,ok,16,48
457e2ce8debd051f8d7504b5433447312d85f5bd,ok,227,786
f63dd3906e7ba28cfc95eb5704b3127a9de9d30d,ok,84,290
1ae3d0461c27bb027f38cc63f7aa4b1b78c811ef,ok,37,116
2fa321cb63e1111bf7900c1c178114bb7ef40d6b,ok,50,164
b64ad1adf94bf9cb30defb4558208cc3f8b11da2,ok,17,52
7d90dddccb927f8617cbf9062a159397a84ecd39,ok,38,118
7d0643cec463f37591beea89447a3f676d33017b,ok,16,48
af470005d215d690e7e4ddfc8b3bed7e8a832678,ok,512,1768
a688a5e79e600a743d2675a57162ff6852bbedaf,ok,29,90
ed546f6ba6181d4ad6e8cd4a85626c870ee25721,ok,461,1705
a8c47e76c60ddf5bb292e0e8b8aba45085280a4c,ok,512,1805
f52f0a9e6e7f964c0c3acd56835c55ca066f3931,ok,63,220
75690efe4556953de4b6fa1f9c6e4cfcef012f44,ok,45,160
6e77d01460a8ac1efd36abaa152c79e19ce3785e,ok,26,86
e205199804b5794ef7cd58d02aace6221918ecc2,ok,409,1488
7e7c9637107ecb002a159c41d3274fb680641737,ok,19,56
7218af57021911fcf9ac173a446229b46d32f266,ok,200,734
4dbe344d49d5cd7d8cc7f3253786ea24d9721db0,ok,48,170
93795169b76a3381016b02da51209b4786f5fccb,ok,24,76
43a1d1352be777d03ad65735ed971d51581f2359,ok,49,169
401de45b364c9f336dc493d77e774dd8c75a57cd,ok,25,76
844677b71ff54645f56e229ecd5fde34e191e460,ok,512,1925
bcda88e52017c3ac5a2f348d970f3a6943cdb8c8,ok,25,82
a7710ac62b7895f36b64de7a415aa4dde50d29cf,ok,34,112
95ff558480136857a4a78f59d1b8ddcc6c59b0cb,ok,28,90
12f62207c181b21d70bc69404bab0456208686b2,ok,9,26
fb501933bcbf006f99a89ab4f59a73aab52a6a57,ok,148,516
8dfdc32d2a9e2abd357e59af11f5db533100e9cd,ok,16,48
58c02c1417e18697719bf33afc11bb6f475a654b,ok,286,994
0d63557f85b9140ef37b034174d3eece347970c5,ok,46,166
b44eb37cf7c0b9073c413ca5f4c6bda513ba2e05,ok,96,331
f3848c2bc909bcbfca689051bbf1dec396b54c5c,ok,59,218
7437b2e56603a08a12357acdfeb5b843ae9bebc0,ok,345,1282
752dddb7e28e446ed7a077dffa9d358d0d605a83,ok,512,1746
0c3eb1d48a86be67b6c3ef27d70d3c55066dc050,ok,293,1032
df78059c512f99ff2284f79281bd0956d7d22013,ok,165,626
70465d8a9ee461d60022e9a2c8cc15d23d4f1c7e,ok,82,286
15ce2fc05d7d12eb04981c697ac10a139775d789,ok,99,336
806dba88d2228ad3ba4a1164903202d56df649a2,ok,250,916
5571b51262b522aca25641d209086f5381abc14d,ok,19,58
a878856c3e80be44680e1b7feb3834732fc07a7e,ok,132,440
e6b68f3cbe2a9f87f18dc591e79610a2a6f4e614,ok,512,1888
17cb023ce5a74adb53a1c48c381954c1c8648b89,ok,24,76
38b62cd050190ecaa2beac50a70c17ba2f714c54,ok,40,132
88f43574315a8415e90e94ed06d49bf5efa2d024,ok,66,250
fc09457254d4438b9a676d3ad13f928a1f6cc19a,ok,51,170
8ce5f2c8e6fd89e44de0073739eb7216247c6c1d,ok,33,110
e3cb1079bea4880e3c0bce44d5d0c62ec2e97eaf,ok,53,186
ea53baeaba10e76fb3e265f090f90d1dab1b59d4,ok,25,78
963a0685f30a81adb5888671b204f6d4f2856142,ok,69,230
5c42766e9ab70c2b894246e37b6417f5ea65ba43,ok,8,22
5b66d4fbed708ca3290c3ff855d67a880faee3b3,ok,37,124
190d004635552524a8b40383c6efa7d43b7f6985,ok,79,273
3330ff012794149e244ab6b85906371095e6b06c,ok,22,68
506e1753c789c62934f581b32a50a6ffbf28c9d1,ok,51,172
3a0d414a50e5687b3bb3d1a34d8080fcb0af97d3,ok,512,1905
16f2b9b2f369480be4e16152c7e1a80e280adaf0,ok,90,318
e90a1d55d5708a5a35cdafb9a40cdb6c8e1212bb,ok,99,336
f0173781eeea408aecd319b3ca306a13011298af,ok,512,1893
0f0fdb0d1e90f0c0353b0f169778d022138563f8,ok,186,653
015ecd71ae6655592fcb435f4420baba7749a095,ok,232,863
86e67deaed4c9aad06e85b50193e459f0861e123,ok,47,154
1c7ff630cb588e0c39df5539df88028bb8e30391,ok,470,1680
1a4831de2d018c3dd011944b572101713d507132,ok,133,468
78274bb462ce6610db9a77614a23ffc5e9bb8268,ok,512,1876
8dee7c4cd51f2c607b9b00ba5c861b334d1e06da,ok,85,313
b66df227b4979276f8a30addaa08fb6076f2c119,ok,512,1827
4ce0591ce772df4136ee342a8cbdf306376634ed,ok,24,80
5086b4ea6de564c8d63bdb44a9156ff6e30d1743,ok,39,129
486694c36246aa0c75b74595885a329c654dd47a,ok,268,970
177c5fe54c48ec53aa71591fb2f36b58f8c916f2,ok,11,32
17bc03c4f69c5f9a266d6996dc20bba1679c0a06,ok,512,1871
5eecfc9c236ae7dc42f543e43347e4e9a354bb61,ok,512,1890
eeeea4355de19de6b0afa4aabf8c9caadef9a66b,ok,222,782
2a36553c7d3e15e0d7ce44f551b8376ade3ec77e,ok,62,223
15fd70d811536678350b228028b2712baede7ef6,ok,113,404
02c1107b056b5625c1894170d1b166c7406777e5,ok,131,482
e1e2b7b4898d456257b9a45214cb24a917be3171,ok,101,362
00f58d7b66f36b2846808c3951e05cd5056d684f,ok,98,324
9a5056b2cc49ce2a4dd94feb3d2bb422c09ae628,ok,38,120
8c060d46b1a7e1c5530a1f90a1393687e8273809,ok,177,640
b2780174fa0ce1219e86a008a63d74551e8dc558,ok,26,82
229c2198d0765774ae3b96d9a122d75f9fbc4ec0,ok,12,34
4e45d66ae481ed07716d15730abdf22b4e8640d1,ok,26,78
cd89e9b70c8fc74e54378d935967badddd135022,ok,512,1831
a7547c889dfda27156297f0856d8a51d9b363d85,ok,23,72
a1ddc885da1ca9f87a4f7d1c263e2ecc6a5cb195,ok,512,1836
6b8a8cbaa2d353d5538cf5fbf33812123601934f,ok,198,719
83acd063cea66a16d5475cda3749a14ae3993086,ok,31,98
90f756ba38e16925453b6c7378edbde2e1fd454b,ok,25,84
bec134b85f175b0b7a86bc111824bdc381060957,ok,139,520
b12ff1d3eeeb35217c03ec5e5ff646b5d80906e8,ok,103,359
db68c049629685c84f7ea0bb342a7e4b8bfa092e,ok,512,1900
3b4036615611aaff1d5637d64a63cf6924567c52,ok,62,204
4595efae6b750e7ef8f4b0f13fb1b27e82ddd852,ok,57,194
293b080727e1b218d7cc44e788f7aca72e73c3aa,ok,181,629
b52ee7a1a2edcffb0099bb9f467b5b6d73420a88,ok,356,1304
e6dcc7f26bf5a6180e0b3e35ba3926d6ecc14640,ok,83,268
9c897bdf2055282b54f36f030e3f179ae2eb660e,ok,163,558
fd4ef2b16f730a2e63330d7111f528828ca5e8cb,ok,103,371
d385a656597309ac8e910a24540c8e809805b9c0,ok,287,1070
7a0ba01b062ed3d56f2db8190491cc32bc07dabd,ok,301,1093
981a50b0d30fd7f1b705f90f4baeeb72d2dc6ce2,ok,9,26
b2d9b054c7fe8ad9004610851f9b817e95aadcdf,ok,41,138
fa86288294a316344a3b405539bd47bf5d4c2cae,ok,365,1295
b9a171aabe0b9f36378f488ede58de31bc49ff48,ok,12,36
a8914c6ea7c5e4b0493115ad1a18aa504d9c521e,ok,76,248
cd92feb722a1a4292a6f24ba4deb305487aed8be,ok,16,48
98bef29e8a0b951de3cf1d6ed97e318fa79eebe8,ok,34,110
3b934f709064226c0bdaf0a30c70b96a278b2888,ok,24,74
a1a1fc90b23a31dd4e3814f15c60a74f294c5afd,ok,52,176
e1affe9d081af68b74367f8ca702e48f601c4a4e,ok,178,625
e000f7d153e97e6f9431aef922240d271dabfa2e,ok,26,82
460cb8144a53b6def585a664ec9b6141f9197580,ok,37,124
a63426d4fcc03475c252b9a1ad2f6698e1649c92,ok,458,1625
796c8bb6c1eaff567d1edee8bad3a78b558c279c,ok,17,52
ee32b95f874fc2b0a2c2fa31561231bb05517141,ok,225,851
3be8b27696f78d5a5003ea0d6467ebaf33d8dbb7,ok,75,268
f40e9f98de1d178bd5339950ea9c443321199d53,ok,512,1829
30dc2b13918330226975cc125733dc998e9a6f36,ok,28,94
da4e2628b3ff5b5894737e01b20604795dc33ab5,ok,19,58
476455db52ad343b9b42687d079b224fb10093fe,ok,31,103
8862c76e62c74c0d43f6bcc4a8f1f84eb1f2242b,ok,192,661
b62cb47e77ef0cc08e4e07243b5af9f8c1bc2d01,ok,263,922
dadb70d0621815c38d0903d401540e65430577ff,ok,488,1817
aee9ba5db212f30f81bf3f9bf8c808e1d3a1ace7,ok,315,1175
0fbe666c7addee14c8a9b5c465e19845ba7849a0,ok,22,68
bff05d9d964988d24626ae3a366f18d33f99c0cb,ok,25,80
2927462102b37baa9b25e4589a8d40bd8000e7b5,ok,34,114
a079e913ce06898c96c51bf16795de249a5037e5,ok,101,353
2af5513d8535ef43d62e7d561db8f04377eee653,ok,512,1816
139fddd271b03eab80da703409e53e0ae051a6de,ok,53,180
262407c9d6bae753cd03a21440fb1971b3b31f2f,ok,512,1884
fca99b6d0134ea8f7a08bb23bf02eed1c1a82b5c,ok,93,316
aec25fdb3231617a657b5b09dea9d3a87bfd2e8d,ok,121,428
e6bf33710f7f14767b9df425baf30213829d5777,ok,17,52
e4cd05587c2bd6c4b7632a049396533446c00249,ok,110,400
70ddb635b5aed8fb3ba08a278b9182b69ae5d57c,ok,16,48
dc30923ba7a848061b54f70d1f778c750b7a5649,ok,114,404
ede580d3dc4d5370817677bb10f000e8a0823a11,ok,11,32
d72681abbfa8b521757291bd689b02220f8bbd30,ok,109,390
1895942e30ba663eff346ca1990e8863ae43e9f2,ok,131,455
7a08245600e61c9e1be6e9f9bf5ddaaa7b4c48b7,ok,189,645
b8c5fa5c7f2f2c428b587b6f57bdb695195f1afe,ok,302,1077
08480bd171bb2b2d6c083cca93b194d6640e61d7,ok,39,128
077f01f5cfdcf281705ec07e32c8d0837d975aed,ok,23,70
0fc6daeeffdc6d27f49d7bb3340fbf536996db1c,ok,80,276
bc7ceb331f80ed7fd9133570eb5d4eb5ed116a91,ok,16,48
abdf2ed7857ea72571728d57ae3645fbf58756b2,ok,512,1840
fe269bfbaa1cd44dad505bf4560f70e0cd684f2c,ok,345,1203
fd16c5da0010b0cff2268f5b98c497ba2e65e727,ok,34,110
a513ea8cda26e83f32b52f98d1cf02e8d7a72c7d,ok,16,48
b15a4ceb26211003587c9880c4dd8851d888e0e1,ok,45,156
c717a9b5fd6ac22b61e6ca129a3a4bc63f39e559,ok,76,251
34bff006870b6a2faa1eea7d1067a581e8d2a071,ok,67,229
b79747bc62a4ab2c462aa7893ce51f7549a8a16b,ok,84,296
6a3495f0af8235d654ba366e443e75e9e8d502a4,ok,231,851
a3405ec7a536b152ad2f20aae221d05c35f4a62b,ok,142,485
e151444b7782d77b78a9a3065958d65bb9a938f6,ok,25,84
9f054ee15472a93766f6b3e8505afe8a3d81a21b,ok,62,201
140e1ac8d0f8f291d35a3ccf2293438536c56dcf,ok,512,1865
425911675e100cb345c63fa2e62666c5d8d078c2,ok,36,114
7a0d7a4eee92ea59846fad8413ce5ed9a0b5ecdf,ok,12,36
9abf2e6200fb368d47fc1ae1a5916f7988953d15,ok,16,48
7ec4fc07949916fbe55caf8fc0e8ca3adc41a38e,ok,42,132
5f474aff812df0f047fedc75b6ee9439b352a5e8,ok,358,1312
61b88108708e775c97977e2ced96d56598e95ca8,ok,512,1898
62fdcd5787c20f6d9357760e6b6cbe2813ba0fc7,ok,16,48
d365460d74e871299c3905a0e6239bafb446a281,ok,124,427
363a9e38b9fe6679af2e85125a81619fc856923c,ok,512,1928
dd2256844e7e4e9b216b254b378dd04da4b6b7fd,ok,44,152
299fc5c39edd7cd727ec9403b67cfafd96707aa3,ok,23,76
7a14432a9cbf263babb21614ce223c8568a052ca,ok,28,94
25577aaada546fc23e9b1f82a6e40c5e7e96fcdf,ok,23,72
7c16e7185d4e5b1f33c05078483077bf9d0844ab,ok,45,148
9bef6316087f89cd8b54c5ca1b5f2fbe5cf777a6,ok,31,100
e46b21e9af10a630386d69754324d599edbf56c5,ok,163,579
d41314f47aa5fb4e6fcd90105c92df015290b1ea,ok,266,974
2d4cf7a04ac89fb17b9d5b2fca0c62d36fed0cdf,ok,51,178
0d32f2671bb30a04f65cc5b0c64fbb2d21651cc9,ok,11,32
4f9a3ccfe338d36ea39e7fd15866fdad2e8abe3c,ok,258,960
3d1aa8a3ecd85413df0bbfaef8cfa434faddef18,ok,60,206
bde4c513d42745232afac563124b3c2df7e40821,ok,16,48
eb45cf862e07ccb35ffd02d93e7274691df76d5e,ok,24,76
2e55b146a2b9cf416a461ed15da05496ce82a843,ok,24,74
a65e7f52fcf1839b8a08c4f938a4899c4b2203dc,ok,17,52
6743a58455f8fc7e31d6898715bd19944172b1b0,ok,25,78
7d75bc0d41d8e3245145b86333d4bd6a36f04f5e,ok,97,358
bf3930377cb9dafccceef2863f72ec33a5710c40,ok,137,497
7dedcb5d38bb4a22277554fee31b71993ef29af9,ok,29,92
c521a241bf01028b51b2fe90c88e661dab89b9ab,ok,89,312
b9bf95449c369decc6f3af417dd1546fe8a49878,ok,47,162
358a137822ca930bf82eec7b48b622a56f765fe4,ok,57,196
973a1e89b4c44f73b36864d9b1d3c632e616b011,ok,58,202
36576fe2fdc8b4ea616f3ca2279937578df19130,ok,33,108
7ecfa0a9c3d944a52343b65612d8e279a5ce58a2,ok,512,1827
cf9810ed0a77f0fb0e5cbbcbf6aa7da2bc0d2322,ok,217,791
9a51aaec35cc9be866db3da1b40bc8314ed822cb,ok,142,502
6516176c799789f60eccb3b8c5bbc8f9cfbb489d,ok,200,696
32bf75b24ed31e2853ae405051d5ebd1648f6516,ok,276,1019
4fd547746bd9ff24d6ecb133fb67522862a40fc4,ok,9,26
3f034d1228282aa64eecb976dc0032cee6a89c9d,ok,39,130
f213bb4b7fb34b7998d074cd1061ca2468d8adf0,ok,396,1386
0c7f66756211fff7ed86dc7635bf40bcf1620184,ok,235,846
f6b3ca7e568ac4a8e8b8236aed3c81799da73904,ok,65,221
dd337a60320cfb82bbc7b956684b7737edcf7ea6,ok,25,82
2af5ea6354aa093ca607d017dd7835344753b377,ok,309,1118
fe5e3b0ad16048c2c4424f21e622322c7a8c1c6a,ok,66,225
b422dc8f19ce9185bcb8d6dca05d85b313f8d2bb,ok,89,327
8b736ae3a2dea689c667f4d6bdb9c98e878a5a1c,ok,24,74
1e6db829ccf61df208f34adfd92926c8c374a4b6,ok,61,210
61036e1dde83c83daec1c394f9ad1c9bc010affd,ok,161,592
de2dd51d81bb585c0beccc6b0779bde70c4ceb53,ok,42,142
c759334fc6041bd5dd31dca39db7faab17411b37,ok,352,1250
d612734a7515671e443c2ae8b6f238db0ec37408,ok,48,160
760b9b47b629a55196d80af70e09bba579b7fa32,ok,92,325
13e2c96d20dda372ab7feffce1d38a4bb6b3270c,ok,95,325
7c4f78dab008f6430234b9c26a9a2fe09f34a67f,ok,26,80
7617324d314eed5d8dbd26d0dd6c79fba45f8c3e,ok,180,631
5c9f7cd6318d7a68fbadd803bd79171018f323f4,ok,23,70
a33b460ec7386259e884444c8b1520879e36f3a2,ok,60,200
256bb79584de2c63f9bfad6c5a44475ea7dbbc59,ok,31,102
651f59d21a8d20fe3b7259f62e8ab90674a61587,ok,163,565
fade385c281c07c3c47a4f1cc09b42c2edb188b6,ok,30,102
a9cabb3e1b5b1614f164ee554f44a69ce7a1fb1b,ok,169,584
88955a16679ee9e20783bddae4023654df256575,ok,48,161
3d0087710392e25340d53d198c4cbba98262f198,ok,229,794
91901e6a83673116cf48d736301ab3fdac456f97,ok,35,110
7f88ff609f3ecf70abe7867b83537ed28e1d0a25,ok,479,1795
7ae0346c1926265ccc697dbb180c285757ce2843,ok,27,82
b4aaa5468fc6bc129153d857c7c47ed6a0df613d,ok,10,28
716580140d539f79fdbea9fb87a450117edda199,ok,175,626
29a1d5959d671eeebac29aa5da424d866415a7e9,ok,75,258
00dc781b42e08c508015d566b0e94103c72dbbf2,ok,12,34
071e5550da0bfac31be5dc5dbd3d7c8d19aff09f,ok,91,302
88d180a8fd76a209c252ba29bc5994a14553b489,ok,32,106
eeb69e715f6c81152cdbb52e0f7d2e0d64c40931,ok,8,22
277e576e520555aadf73f6c896c4bac5f27720e5,ok,247,864
66a13ed1823f9f27eeae12a7766925be12340975,ok,365,1389
530cf16948c2e6c39e9454c8d06eedaba20a1a05,ok,37,130
d2158895ecc235c9da88bbbaff697c0b12f153e6,ok,36,112
5aba2f941f58f3f6664b0c6f34173361c3c794b3,ok,136,481
6ecce40993f4556c3c2dd4b96d957c688d616d49,ok,28,94
15a5b549c76946580e91e2fc241b55a215ac9e7f,ok,14,42
c413245cd1aeaf36597c4abd01021e775668e551,ok,66,219
ffa42405be72411f0bf95a7f536c9120ce807a8c,ok,387,1395
1ebb92794c97aef72bf8b9947d4241461423dac2,ok,20,60
9e15347fcc1b1fdab75b9801fc5849a46fc37416,ok,122,430
5eafad59123fd05e28245999da7039871c522ef5,ok,41,136
3b69ecea239e517838d19cde0e421a505224b11f,ok,109,387
36d3932fe1a39adc7ee87a0c22f38fa77572fdd9,ok,469,1671
ab93c405a0a10ead93abbf02430d2458f8cc6c99,ok,95,344
cf9a106fa741c1d073c7f6a8d35ea46d237eaaa9,ok,23,72
a1ea2928931f1a3c5aea4343c670cee4d2737592,ok,29,94
d081e093a39a55c54a180a971c6fc8b55185addc,ok,13,38
b85dd48ab6b368a5108d6dde545d8749ab7cf939,ok,512,1862
a6e0ac9bd048fbf421a9009625e7dd75885c25dd,ok,39,130
a71011429f07026973d649e1ecdf6426a6387889,ok,66,218
12376e272147a74eb8c4e16cd96703549cd7970e,ok,31,99
046ef9bcc6c506226af3a2048b80bf54f1fc9c52,ok,25,82
f79be833f02ec6f5f48aa5bac6932b52346d5ee4,ok,62,214
df73bf7261ad15e5693b91fa189663b7bd2018ec,ok,26,80
a5aed36486c678dac68d3ccb443bef5101c3dc50,ok,25,82
a93912ac7eecbaf1214bc22196588c9e3a0affe6,ok,39,120
c44dd2d8698dcce10bd83b7f3d66db65c9a604ec,ok,36,118
657d81e1c4ab73c1ec34979deea306ef6b3020a7,ok,133,487
3bcfdfa970baa966968f8f9bfb4a503338893101,ok,50,174
bda11b2fe6d3d1f2206784a974d2e8b2b7a6667a,ok,56,189
92137006d516f2d636840aacec6b82b9eb9eed59,ok,24,80
cce26008f700e2817bd96c29e687fad86b00283a,ok,25,78
2fc286cc64523bec1d26ac1e7f90ffa42c356360,ok,35,118
f7e8d4a6ebfdb3b2e47bcd3dd8ddb63d2e0446a5,ok,24,80
b6bcb93be3ce10b765b4cb879dd35c53ed8c1f4b,ok,66,222
3dcad04f5d2c375013e4ee4b64f2ef91b53b71b6,ok,254,904
64ee38f0a8b5a9598496a68b8e790f166f003851,ok,432,1522
48c825d48c1947c0f58c78e66c28d2ed4847a82a,ok,65,220
9698b159903d365d663a0e14585aa2bcee5f1393,ok,128,464
0ddfb1ae984b379b54ee7965aba7485d301efdc3,ok,69,243
e185835591d0f711e72dcecb50c905063de6193b,ok,240,876
8d75aabeea696f2d88458da3e6b2c2e7f2d5fb56,ok,11,32
0abdf44de5ea39b062a100441ea0b8caabd0f4b2,ok,303,1099
ee61a64544e3a8896077da4873c385b881a32c1b,ok,100,344
871f7e3f91d6bb8e890440540ed3df138cdd7a62,ok,81,281
62d76deb2c624d91600339738ab66a0ca29777f0,ok,10,28
f1f8a19d8c58e8597558ea3655cab65a9c8a4457,ok,30,94
106a9022f45f69d1e814f8aa9bc11e6c4e6f9b28,ok,33,110
e987f4d6f38ac3f41085e26c5956c0f7023fcf3a,ok,185,656
05382f744bb187f7ea0e7157f7183c9ad83f1922,ok,111,398
c04036c77df26e866d333e69a523b6eb374431dd,ok,25,82
d749f5d56e85d7aea49b7cdede14cb1fb853ada8,ok,257,923
7f877e1ac929fd8b46c2dc8479107a7e95b5eecb,ok,36,120
f54f4888b9e15b7fd481b4d623ecf980565e943e,ok,226,821
0b0b5bffe040f09cfb3a8a634c01b124a2aa3439,ok,100,341
2414bd00fd8af03cc537b9b2e675e51d3c63b9c7,ok,26,86
57effe1faeaa3d5337f34184fc5058ec5191ed89,ok,32,102
3cbf0eabb32b45f76709a48858248d8ed91a30d1,ok,253,927
e2f9fbb475a1bf6f26e58569ed67c55bf9961618,ok,31,102
740378199a367e0cfc90c4d3e46d140dc68e5106,ok,113,393
948ef527aa2f9f28668fde54891defa301246fd2,ok,512,1961
a2c48de4995b59a3f6fcd04259e3b4f16d886393,ok,391,1476
75ecd69ad31a669320dd9f7b9c790fdef8a8a574,ok,29,96
5bbd5e63cf62536feb719ab365c2e526472a5c41,ok,37,118
0e2c12a4484c180318cf368009cf82a5e15162a7,ok,259,942
57f9d65adac16aab85702a759574e0e4dd981e62,ok,246,863
3d055cfc379d15a5d612a54a029b7c89e055e0e8,ok,16,48
e5114c4526e8d81b020a23a2507d924d7a511a51,ok,61,206
1e609955082083c640cd2c9320ef362c6a9db656,ok,103,376
516b011edeb70e42fe1a25ad64c46947284c5a80,ok,10,28
41f5354f8000608e9c168e02eacd2667820ce701,ok,512,1788
9ff184b2ceb20dc758d9ed17f29053ff2394a20e,ok,44,144
fa17d597feccf5afe8cd3e5164b349115380d495,ok,28,92
cb0a6c9385e6904bed218035fa3138a93c9a63d6,ok,382,1392
a3833e4778326b3c7b082012307af76b831e6bfc,ok,40,130
105a2e3e9dd81e68f42442a18d5264499059fd16,ok,148,532
e2482a86dc8c853f59a1177e6a0483564c292100,ok,416,1512
5803dd1d312f87afd21b24ab3ccd7be583fa307f,ok,38,126
4ac27620823fb212af64043bde45eece2e213b2e,ok,397,1420
195c313eba00d2ae6f04a946b137265e555aa7a6,ok,119,409
616b06528553a8845b3480701aa61539515bc378,ok,28,92
1594d87c4f18230cdc521fe3eebbfe2e3a272e2b,ok,143,492
2dd7257c04fbb169c09a3dc4d728c71ea380710c,ok,136,483
6fe187bd851db146bfb0cae4f37e5c9bdaaacb89,ok,18,54
7a8766cfe743451da8496fe127c0594773928f12,ok,512,1885
ed9fc0639630e123c7bdba804da419f0e7b11c7e,ok,22,68
28afd630a5ace8a05c9fff43dac308a89556b1e4,ok,9,26
75010ba067c31ccfe6063655e89fec95bed4e666,ok,126,443
1bbaf87cf2d9e1370eb97a223b2c0bd06ea169fb,ok,32,104
3d948e822f8a15ef15b07709cfc1b32c3fde20e5,ok,12,34
2fe7700befa6778b871a278fbff8c19258c47c77,ok,16,48
acc45c06e8c8dd54c5759e0dbc5950608386a6d0,ok,31,100
eb223b971c2b0ed05649aca5c15659e8cfc33800,ok,16,48
b4a8495c956fa92ffe3551f3bc789def06dc2f71,ok,23,72
4cf362db59b09487827d5862c4fe545d0c289af3,ok,26,84
44403b603e0fe1a0c103a908c127cc2febb43c26,ok,28,92
371acc7823b5cc467aaa65b8736badb6209cc705,ok,24,76
7e0962492d44390e8b02c6fdeb0ac39a4a45970c,ok,101,356
2c18a65ce207bafbd9e3815c9c0c916d378c1f09,ok,26,84
abef324b04501f3e51eb47fbc417a6bf1792cb80,ok,55,197
d2b1b4d52c476530a122f1463f0bfb2f05e1a032,ok,42,136
80946616413f90acc2187e403e51f0c20b2e6b87,ok,34,110
b671f266dc29ba0479d8ee3ea1395817f2813e1b,ok,16,48
b157ba4f08811d2f5cd3a309f826b95d0f30e815,ok,24,72
aa8a418254c38533861b6369465aa32076118721,ok,53,182
893a85e58fed2255871283f365d7e5d511f5ae1b,ok,31,104
3d9544b3ae7e91d3836ce7c00a319c31ea3da0d2,ok,19,58
b23b9e5a1a6f855f6b9c6f48bb59bb31ff1ac340,ok,512,1815
51f60e08fc3eb9228fba6adc36f08f74332b3e57,ok,32,100
276cd86cb286ff01fa939dc02b59a31c72c31044,ok,25,82
04674db3c363b73a7e9e03f60415e0f3d36c2204,ok,48,160
08281d8a1f2ed0a56740e233a9c0fc58aefc6db7,ok,512,1864
80aeca0fc09320e799884a4d384be58d7077c9ca,ok,512,1819
2d93b5e0e430f228d59ae6d01baa21ad5cecfd28,ok,356,1314
5629bb2ec7acd60c180e1982a4547fb2fc6694d0,ok,19,60
71cc653507370fa76ac18da950f46affc66f8cb5,ok,31,100
c0918b2f5c05bce946dc7def50b2d40554615e9c,ok,154,532
8e78aa8f28710794c175116510ae7494745ee6f4,ok,127,432
fcef07ed1490e2e0becda90260e1f8e0cb72f59d,ok,434,1613
145b1ba46ad9098fb0f8aba1c791718843506d87,ok,106,373
ec03dbe4a009e6b57b955fa516b33463795ea84b,ok,352,1298
0e6a29caa7b8b80544c29594d50aabc50635ec47,ok,19,56
2e1e8a48462c2f4021baf71de9f7abf8027ef6af,ok,244,882
3245451184001f703666ad239717050a99ecaba4,ok,246,890
4e5c3c4ea1ce95ca7cf41c75cb758ada2129639e,ok,77,276
41fdeb78d408caa9316793bc6030465cc2f2cedb,ok,27,90
c6495c1f473ec358e1b1e88724193b30b050cc07,ok,105,358
3b3507468d248635ab81eacf4afdc36d3c2af965,ok,106,364
570b07fd3cf440f16fbf03aed4b004d940a92442,ok,70,244
7677ca71cb4898287e416510665041d42ca35bc8,ok,76,262
d2a19ebeee2d73c4d82dd762c59d30b06c3b3176,ok,366,1335
fbebda0c659e89fe10111eab6acab344a2d9c07c,ok,25,78
24a08d878aa29dc25b552dfb95e888cb603e48b7,ok,512,1876
4af34d4706bed435bd77fcf01a4d38bfc90717e8,ok,32,104
0ef8525d5a84053d5b92f6ef76fd099e00e3b43e,ok,225,798
aee8f56eaba06f68e58c59b0f90bca7b6826d95b,ok,55,186
6d2e7d53a69f5f1d2266d3e984eff04006b18d25,ok,512,1893
0058b8a14c23d0f655128e380e983c763e3b5859,ok,33,108
fe257c35cf6edf0f68af06710e10ac7f65a6fa62,ok,442,1579
666142f6d39b516a8932ac7351d3048fcb1aa01a,ok,173,638
b02226a3f1b9b65694b66447509fe29fe3bc4867,ok,40,129
a38ffd135e46f5431c8e749b0a53cbc1b7c0ee6c,ok,206,754
af70f5e571dcfddccbcf6b73b1d4b6ca4bdc133b,ok,72,266
747089d8bb49767fa8b98bfe2398456503d73bc6,ok,406,1523
0647aef17296c354cc317ec1b4a3c17f64edc1fa,ok,48,168
4db69c7965566d67865b8913fe614282953793fe,ok,59,194
253456931c3959a6545c9dc08558dad91095a4db,ok,195,688
e35ee87b2c036820ae6c429b965a0544f57e6196,ok,128,438
6775d3fb7ae791dd3c7f1b3274d83d633fe85202,ok,16,48
affa9aae1d86d94ea0915b9422d864529a88a322,ok,512,1785
5f26b8f8d4e6b60fedd2b2d6d8bc2d09d657638a,ok,16,48
4545ac2d6cd435f17806832fd6ebca5ffe78bc05,ok,10,28
92e3495ca59d6118ffd080a30dbf4632698af9bf,ok,135,468
37baa1e5692536218674998bf706f72b48483fdc,ok,129,477
ffe3e0cf9f04ba4272d968cc08dc760ecbee3d28,ok,375,1390
ff1e301b30ae615f439c98a2d9fa32801121c5c7,ok,69,246
ed97d24b6d16f48973055bd8d4b32e3409313d6e,ok,512,1804
1fb2b48e6386b4c2bb7cbb6b49285b9070c43b2b,ok,100,353
1c9432d997cb8c63a74bca03cefe76eda7d55cf2,ok,179,658
096c078ad26c9019d118573a62433c5529e4f073,ok,9,26
264ca0bcb1c2ba5462011d1f3b1e64f90785ea83,ok,157,575
b3daff9bb7f0f4521befc9779af1132c20f9a16f,ok,100,345
02677bf82ffd2f27d190e27f4306564ade08c6cb,ok,50,170
92528cffa77928f4d6e07203a3b06a397c4975c0,ok,250,926
4325fc366372f39561caad09ccaa5f6c791dd9ba,ok,117,408
aae24caba6ee553c7cb5b02bc7e39f14cbfd0bb3,ok,203,714
45360e27208f7e2808d42490760e4de4a46652fc,ok,463,1579
bffea422efb9037b31b34bb7181817738201208b,ok,80,280
1b70bab65b7c688189787f4cc4872d760683a3aa,ok,52,174
84dd94aa5dab0e58d70994438104ff763fb1eab1,ok,49,168
e8b9e0c4bb2db64e35c4565b080b2e3ba4821fd2,ok,145,530
05eaf39423b62268a561569651a4080bf2032ed4,ok,28,88
eb5341dedeea4729cc091b83826f532c880cff16,ok,76,246
906c783f0b9ce5b5fa6b3edd17e9343fb93fa006,ok,50,170
895f65722935fdc04801b172e7d47ce9c438df71,ok,134,458
a1a2361cc214ca74c3a28ebe6c04047f0eacf235,ok,16,50
6c9cd5e8e865bdd1231b66ce73989d3fa1a59630,ok,37,130
cfaffa0a71a80faaed9da0c394d96c4b37c1cb75,ok,193,685
9932e51609c3519185eaee8b71d4565b6f346cf0,ok,72,246
86ba71274d4062fbc8cf103f268f50637c61d8d4,ok,16,48
dbda4692b552ad047f160a13a1ab7cf33cea2b82,ok,16,48
a9776e9eba83eb44fa2653d1efc4f4d58d8c1bae,ok,118,422
6c06886bdcede5660aecf0a51edfb8980a9e9620,ok,78,270
25dd545ca933723ccdbf363b8952c2f19275156d,ok,99,352
8b901baa7687935c0c32d4e7b7fd9a3b67830c2e,ok,512,1925
caa26c1216f5d2c317fd880d3eda99e40d8dcfbd,ok,30,100
710a7dfb6f0f186015d90e391d98a688df510fea,ok,78,291
178986fb7d5a454ca94d26e22ccf3d58f3b204f6,ok,503,1850
97a2a07a401bb48dd3ba23bf670aa01a037851cc,ok,43,140
69c9177c4fa4f46e736e919fb1ed2e03f614a713,ok,120,417
021d05d403ae8ce9c8bb9bc236ee19cbdf587f3e,ok,117,427
c53fb27a9caa2cf885fece535e09d8cecb995141,ok,39,132
70d9c6f9d20c0f1d9ff13274a149f6652901252f,ok,282,1048
2c90983e8206f1fc406536f256e576b48f369d95,ok,477,1788
2fae28653954db058d5208aadeb63c481949c8ab,ok,98,351
c6fb9cb94f12d889104f6915723a3607a9024f7a,ok,512,1912
9509925e95be666f454b23fb3fb1a44ecdcfe510,ok,512,1905
e5cf135c04191a2f86c12c587fb58dd1e82736ca,ok,28,94
689fd5b5d33de636bec89a1060d2c458e4a8ba38,ok,110,384
c1eb48346372713455aeb80f807881b89c614a26,ok,33,108
05a15802f11ae8b8b6b8cad896954d3240f96937,ok,450,1703
00f941a8f1c92a029d14375e0b4d58d78bbfa36a,ok,31,102
0f7ab4ef68a65f17bca5b1db2d06521bf52a62e4,ok,139,508
592b7f20a746ff6e33959124c9f319435a1de6f0,ok,512,1756
deb7a06157c9a0d8010aa4b1c8bd3d065866af13,ok,24,76
47ccc4e894e99de8042341db3f5909c990a52e43,ok,9,26
48ad46b5a719a8c57b8d49647e0bfbc42460d987,ok,8,22
441036566e984c18b85dcec30ab0923412bda4d2,ok,22,66
3b33df98e230106436be6cd61d0d7e25870219af,ok,512,1877
ed2161241befc04a1233b543c0c0c7eea8e19631,ok,27,90
924e9c558e78d51804db2ea1055af58d6c48631c,ok,293,988
91932851c746648ac9527f70313602acc6772514,ok,112,396
919e8c60387bc209c2f33e95dd1c97e1cf928d4f,ok,292,1012
05b00834ca67a724c4809a33b0fc817b71fb75d0,ok,110,397
701833a43e921f7d253bb1a0264cff7a1edbf659,ok,512,1862
7b624ae42d654d8f55cb4549eff6ef1eaa60efdb,ok,133,468
dd26d46690accebd6a5c078e20813a2768dae4ff,ok,54,184
9239ef0541565a42aeb4f4049a78fbefeefb1a58,ok,16,48
9569be72f687afbc017fab95004e24f23d4d0d41,ok,30,102
70398e69a566e8e6a446eec5e7a35dbd00fe0290,ok,30,96
6739ed95aadf8faabbf1951fbc51bb5643c79735,ok,22,68
9dd84ca1930001df77c971cc9ccd5a7540035a19,ok,66,220
27dcd5099c57275b32c2a9ce86883644911290e3,ok,109,407
227d4b429e453999aa52655427516cc80eb9bf63,ok,450,1607
2740cb225c8615828594f8b1a190504a98c13f0a,ok,116,383
c6e1d55fd416be9bcb8004b91f8ad5739073cea2,ok,13,38
7671f131c6fba5c3e2ac0f179fb809370ec92213,ok,16,48
e67fd8595c265e2db4f9cccb2665e021c6108906,ok,27,90
d54072a1ece667c6513b5dd07ec8281b95319c24,ok,95,332
1b45c5110944f7dbd77861374a62ac7c2709961d,ok,23,72
5fa4939de0f3869f3dfe1dfc71583e96bff37e2c,ok,142,485
eae8aec82dfb90005de992b4809c6f4da3057ed4,ok,512,1889
a74ab7187290b2e122206f84436d0839a51befca,ok,165,606
3c700f6f59b3d140024d1040d8671d4496feb127,ok,265,922
5a7181b9c65fd1981bd3d69c0bfec30a2f97839f,ok,16,48
e40edd59f6e9709d9391557c17acb9d648bdbd98,ok,306,1138
23969433c43f80b0c58d9a46f1f2c2b77d458bad,ok,385,1329
537afeef9dd65f469c39b4069df6fe58c380ef21,ok,44,150
28dd98911e9ec4aeff89905bf9f15d5073464317,ok,341,1213
08b1d0f8e5003531a0570b9b6edac85b80ab12ca,ok,36,114
07da7869c044cb86fd740a4c728a0110497a5b3c,ok,80,270
53bfe4c127549335f9bbf663c6c51e3085c83dd6,ok,65,220
934930490c4a6a3dadc397f9d16249a5a0b9eed2,ok,71,240
eafda526c3cca69ab9aa89c92788990a34d22d4c,ok,338,1172
189449fb6e4e3580aa132c954616c1511469b2b1,ok,22,68
edb1f5f31640d0ae3b3cb7c6b411b6fdb0210038,ok,72,256
55da98c2475a8a588fd6479c19868c45a40c18cc,ok,307,1087
2ded0b87b287a3e72dc1fc5080a4e5e1ba925de1,ok,54,184
f5ad74eecb1d814c28faf5696d418f9a054abf67,ok,255,928
236b226bc0570366c45ed6b1b70733a51739f270,ok,167,588
69e03105cb357f63ce30e8193c6c956dc805f7b1,ok,22,68
00488162b2b9c26c2ca16998f7bf9b7c1a04fe6d,ok,33,110
ec83b380fd557caa9c5b9aeef52c1d6f5a971152,ok,512,1878
091db9f386f9545fa30448b5f54c651ddb8d2062,ok,95,318
771f1ed965b6d42714e6aab125cdd86820027997,ok,349,1267
9aa48b51e30c2020877c94147ca3390d7423f4a8,ok,90,308
3ec99e38abe17edf0cd29a3d86ee549b3f26d618,ok,13,38
a935a844e7f3b9065fb26b79911a4e9b6bc94172,ok,117,412
4fe87404cb4def9e19dfedc39f81e2f214897951,ok,36,118
3cc460b474e887f364273d10feffe321e45c832e,ok,118,416
161dea961e2698085a5d31141a610226d3eec2d1,ok,33,108
55c4c14e967d01b29015e4488a5cb71410b3238d,ok,24,72
50838a2001fd6ea1b03c10bb679053471dfb318b,ok,169,629
57de2dda59a17da3525f48daab327918a00a9e35,ok,172,628
3dd385439dbbeb6a9c9f501e13bc9024bdad5547,ok,235,861
d8b01ed575b60342b99cc41bda74700c639637df,ok,419,1530
faf6d6606e50601e9f4c7a63df0f4179a8650c69,ok,35,110
b5550c4c7572a9f35f3fda6bd9dab432e99d071f,ok,64,220
7ac7d06a2b0a222c07704a6a3de0d9bce0a5b852,ok,412,1489
c9289c0798fb2d97b1db348a960b4dda70593924,ok,163,601
dc5e2725a288f13d1b67f04beeb74729219144fe,ok,223,809
f66b9c1fb54da289f4d24d64e0047de7d7938165,ok,135,488
36054631c56194b575c6a42fda4b38cc470dd62e,ok,84,284
5ba51d3e15443f1b3d53186c72d7ecf1f1a77bc7,ok,46,146
2b193e75510300710497e8a9ac5ff75ca24e333f,ok,238,863
61c815f4941551958b0f5488e8713f0ab33a8bf5,ok,42,144
9069ba0db898c87810cdf540136019a7c9f384be,ok,512,1862
e3bbe934d9331b1b3d6f60e74286402469b3f028,ok,20,60
11d1c5fff7788f26da8f317c93108c075e6017d2,ok,27,84
d7aedaad7a71ea1fd76127c7b9cc360299233897,ok,173,587
3f92796f56ec34104fc6823cde390b8178e2ca66,ok,39,130
1e10fa8a54dae86c704483828b5152d581178e33,ok,16,48
9897e14adc510b5b939175f639ced1a87ca225c4,ok,512,1933
ecf998649b433a4340bebc9def42fc627eb8f423,ok,29,94
38376d257a3dad8f5ae665b242c47bc4784932cd,ok,22,68
f1a692ee89dd36d6f8075569636f84d0d631f04d,ok,166,587
b47aefa6a69ddfecb466f64bb58455c24fa7a502,ok,79,284
a926ad425c8df2dbfd6fea84bcb31faafb344a5e,ok,353,1274
94bb26ea2f13cd1035c8866c778d9c9fefed9332,ok,51,174
f51ee0634fb4836cbd1297c0f95ae70edd9f7c4e,ok,92,312
9b9939a2fed7761e1f0d1604f6085ae567cc0cf5,ok,9,26
5a3c6a566158014aa5307c5d7b95e79c932fa5e2,ok,60,200
8158904da1f1b7d69ed4a140c2caebf6444c5810,ok,24,80
faad72b62847034ebe57cf147d17b6b46765e211,ok,210,745
948f7638304d599b305bcc4dc623fb616d346849,ok,29,94
2cfcb4de2b85739d63ca9d3bd5cef3829d2b4051,ok,22,68
33045a9e2511c27e44bfad94e7c1a5a779eb5c0b,ok,512,1773
ec811da571bb6c23e5b7e4e6ce1a57c10da59e00,ok,38,122
62922a3d8dcf3838b8aebe7a35ea56bf29af398b,ok,90,308
beea8a5af4f1c1ff5fba5d09939b16a8e6dface6,ok,512,1857
a5a747245aee2a0a02d89368a875f40787bcd0cd,ok,116,403
905a13fbe28a217f25f395dc7caeb4c07903f5e9,ok,184,642
c51d2ed07a296bf15483c62bfecc3a15c01ac17e,ok,337,1250
68bb2017a9c1b5e4ef9197b1b7e4bbc977fd429a,ok,512,1878
f3fa49f251ba46c1dbd7946ed0ef6922e5a84da4,ok,130,465
201f8a8433e8987f590b2d72a791e5c2c6a57cb8,ok,252,938
1a0e4ed01c581d4cb6314ec750378efbba1e19f9,ok,68,235
71e09b1c1a55dbaaad7fd59b9763d69df2371986,ok,32,104
42d9c3b51d285a62e49ee9992ba177b8c396ab64,ok,512,1790
d88d3a636de3a001e219f59e6e11704231fbbc6e,ok,229,854
2b5b59f947480ceb49df4c0d3c83d55af48945b5,ok,16,48
0d98d483b2d84e6148b286af005b56b17c8413e7,ok,18,54
4d94f251ef46882e268923eeab13b1ef0f263a8c,ok,12,34
90df039e6acc5ab6a23f3d46535538644f9c8d10,ok,298,1114
02929c8f8c7f08ed8e28bc14048c6a8a6626904f,ok,128,448
36da2bbf63b38f353999e8999aea8e038ba4d9bb,ok,93,325
a8ce2b7cb0216ee8c4c11ddc89c457bf015ebf61,ok,41,136
52abfa67d0da8506d22bd46ce870ef90195aeb1b,ok,90,319
e21e19335f79737b4cecc0820e1983e889fdebdc,ok,512,1897
a20a2da2d3e60f1ac2e908fba0862418f1c8ebba,ok,512,1856
d0fbb6d5afa51145d7223da8a791b447a7b5f286,ok,276,983
d0cae1f908fe541d9396d672df110bd1347aa0fc,ok,79,272
fb536caaacd19a5c87088c43eb59ae8eca0bc3a3,ok,182,618
45e3081ac1058069c8455e8a6a61be94ba996c0c,ok,298,1021
2dc2d324a4e80acd99f619f7271f43f3ffa5e48d,ok,41,134
63d34d64a9fdf1e0fe08ba95f01ad1d498be72f0,ok,16,48
44463324a1122148f66acf3c2fb4a95b2bfb17a6,ok,512,1900
382c3fe5ee03e4f481de947a4bf911461d6393ed,ok,48,163
fdf579c5d949f173c88e7fa6b4f7ff7818ccc2ba,ok,62,212
ed6dd396a8533e09295cf6e59cef804bddf77237,ok,512,1886
0433657d342767bbd98cd65542d7b74d2d6610b5,ok,69,250
a18b7707056d7b64f8f02fc9922303d0e5ca146e,ok,39,130
473ff060253f9f1ca135cfd4511ea397f3ce1ef9,ok,73,246
cd1f5abb6e066e0c7c1c78ba6cb82eb1b157e005,ok,35,114
5df0f3e4ad942de065da615999f18db35d13a4e3,ok,30,102
c03bea1695845e08e9cf780b85937e5c1fd3b0a7,ok,52,178
1a004e17d49b8e3969148b0c741ed09cb76e01a0,ok,61,204
c1ba396229c1fd3498b4fd1ae8fa1620a8160bb8,ok,109,405
40aec1fd46371a0e325fe691d294ff33a3cdc781,ok,17,50
73679f85c04264a07626f75a7173c30f386ef047,ok,53,177
f6acb983d0271f9e61359540aedd06db47eceaf4,ok,63,226
939b409a2a5b122e458fb0ecde5352adf139ddb8,ok,107,383
a9e83e36043d40f319177a596c287fe6b97807e3,ok,512,1946
1120101638c4ec0a489fae48b5e7ff3080485757,ok,26,84
4b5e5a2e4f8cb7f5aaa35d8ada80a9d3e0d2c8ec,ok,57,196
841b5c2ab53364b5b5921a04182c641cfa8f4afb,ok,129,464
03d5e8ffb6ae8b76766e677f6dead27baacf39cc,ok,512,1933
ad449165a4b0bd41c2c4a109b21a6f3400935fd8,ok,143,510
c67d5a0efb9a9610ece4c7e1def01357438345d1,ok,21,66
dd38433788567360edae821d3713c9d1ce7917cf,ok,90,309
9edd1b10d93aca5c3b1aed5c023c33162320ba4f,ok,17,50
1505af4b6ef98398b8ed64fe0a20831f2334b8bb,ok,512,1872
e657b4bf2a6a9f5fe089281f2096eb137a2f44d7,ok,29,88
19c004b01f4110a9ac104e2045018cf55494efe4,ok,65,226
1377d83fe6d55bbe28213eacd719d113797f33f2,ok,64,217
74e6e8e811bb76f4389752f7b13d7a297c539618,ok,25,82
cb59ad798088b6e831dd5f8b798faf9c1ff9a672,ok,234,835
b2d90a87def62a555f8d4f807a57fb72d72c9ded,ok,90,311
dd55d56aedb0ba214a988a1d360f4170f34d818a,ok,113,401
cb4f8c20359e3ac6fe792f94a0b28553a476f961,ok,17,52
0d04bb1933a56f394372d9daae28cfa11d07eb62,ok,31,98
016ff49136fcc800c1290572bb1bd312c873872d,ok,39,126
26f5c28594d5cf5e6bcadf1b88cfb6bd090ee86e,ok,26,84
d068d2de529536e50fe567c7a471ca557d842acc,ok,224,767
f07975d0725ee7108acf4d9414bdf58f0ff8d1b3,ok,13,38
b7b31c537f8bb8e2016bba30f27e9a13f3bb6ab2,ok,22,68
5e96679d0ed3c3ee22f039996ef182f1c9ab0f45,ok,342,1270
d1aeb06283fe667f9e6531b0466dd22eefda8199,ok,139,489
e2b5690f76918c626081b21215d723e150e824ff,ok,54,190
3279f5c92d7682037840b5ca0adf1cd374638af5,ok,35,118
378aab3a8e05d81818c797036d26ad91c6d1533b,ok,26,86
3689d6526ed11d4cb436c106246fabd9c5e9524b,ok,273,976
a142a6268d759e83a34bf651608ce7db60674689,ok,59,200
6de1989b293e432d4e3beea69ff43c25fd1ea80f,ok,53,181
309679e90b3484672ecc49948f2ceba1ddef32b0,ok,93,328
8eabb771a490e99e89beb3fdd5e1194b9ce3f6b1,ok,94,336
27f13f961043a88e8de83ff22ee563509f66b448,ok,24,76
11a6a2d8867687ad660a10264cc9d7ca2a6c61fc,ok,17,52
26710216576b95077357f73e0db7fcb5d0caf716,ok,16,48
98d6083f795da0c8b9021a594de2daf015b4f8a7,ok,25,82
8a7fb81770b48a0eaff3ad7557cb257ff843d853,ok,39,132
8e65c51519189db3ebab8dd5911bb9eb90731ea8,ok,39,124
4cb5d9b814a37ee1f36749b7883070c15094d38d,ok,512,1895
6dbdf01f47dacbd5b07228472e2af479069e9916,ok,95,332
245ac292fc4061ddc4d0ebd46d3257b8d4e249d5,ok,131,466
2148012c85132e1a5fd38d3338bc9da3b140e1e2,ok,31,102
f24686b5863cb4e979093a7db0a3d524cbf7e8d4,ok,131,465
03953a834da46a8c03b889398410b9653490eedf,ok,337,1217
e932f8a247a2ea2b9adc43604afb49984da54d5d,ok,512,1872
c7cb8f36ab7d6855304feb211b4816d83d7b219e,ok,16,48
c07eff322492eb1f480f48e51b0d66f2bb662118,ok,93,314
2dfc5927918f6c59b0cba83c7ca9e74b8cb94f3c,ok,512,1891
83c2f87227501fe0ee91a1223ead86a7b01e7404,ok,114,405
979ccd4fc7530257ba8ef7571bc239d65ba27f7f,ok,22,68
7e4813500f35ab641f6e5d8f6e1b6d239dca8c03,ok,18,56
b99e7312eb8d3f5445093fb9abc9cc41a999b750,ok,31,102
dc707a28ad99208b6d6347ec9cb86d7e7ebcc5f0,ok,222,788
7ceb0e64d4338ffcc56775a69bee6684e4e30d89,ok,30,96
7217cf0a66150098ea0bba7ac7da0bfdeb0b913d,ok,38,122
df7f7c35d76bfb212f192e1f5fb02ba00363a196,ok,432,1584
754ae87f8822faaa10f3c747e2b1ca2df4d79052,ok,12,36
14e2d405f2c50d6e555b219ce8ba899d8ebd831a,ok,94,342
d631a04384cf844f9199dae68ad8be98781d531e,ok,281,999
6f22b78ac58b5021abf02ab596a63606fae610fc,ok,512,1846
18739eb66d77b0d5f549a4fe88169b2a0c203a7b,ok,27,90
130722f2e07f7daea1d77ba5b687930d04fa2f5a,ok,45,154
69db48b02d068a49c56d41827f528b6efac2623b,ok,85,310
0801c2adff2766254a9fd74e8355df3afce56e21,ok,181,637
7f55e2c0f323bb5228796d268c62d6547e308691,ok,20,64
e7b632aa0778a39620daeb0cfb665ef33ff9039f,ok,512,1894
fdd20173c8f9c1d6fb36101a1076511dc7675ec9,ok,49,162
0fb733213b40d7b3932aafc7d4ba376980720e7a,ok,21,64
becfc543111341cd06dfe450c7e5b2d255e1e6de,ok,17,52
5d5b171a4cae00b7ec959a1ddcd099229bd8c2f9,ok,26,84
6a622dce04b9e4fafe18fe8abf5468327b6f1a97,ok,157,582
e0b3478a90e2e451cf0ad0627f2e5b9960b3fadd,ok,24,76
a125bb5ac91dd0927e676a459a9045dde184a3f6,ok,23,74
1ad1bc015e83fde4b2fef230ebe464d9fb6530fa,ok,408,1487
1acca96646bfbc40a2954afafa626e2b3b30b126,ok,285,1072
381a951f64ec9f3d954fecd77dcd5a13b26b78fb,ok,52,170
b52c7c22570098a3beff5b36f9fb87864c080e31,ok,230,849
39f5c6bf3938adf5e468d5df66f1875751b18ace,ok,98,324
0ebeaa65a677fab9bad3eda372247f0227d8ac93,ok,60,200
735324e19493b88b0aa95373f3b2792f522b8169,ok,81,284
6f70ac7e573c18a49a6d7af2d36b171966f30ead,ok,74,256
d2003b4d24ca02d6acfed04b93374e00830e1258,ok,34,108
ec66d94bb69ff85664cb15c37e95e4d43466791f,ok,385,1329
f5e9e4dc2d11cc1cce5b0616b9703ab29f07665b,ok,16,48
0ee2b83f2ba7dd69922dfcc1373664623c49f096,ok,512,1902
962f013a6d02bdfe43e3474447e3825aaa9f6adc,ok,512,1892
d1fe595c1387691e98a71d86f564c6db53861f14,ok,41,134
132673383f21811f185e6d448f775e41cd7ed0b7,ok,50,168
44e8d8e4a7919dbc2109fbc948d5023648f22c5c,ok,190,665
8da477a84e779b2654bc4b0f38bf04b523574ae7,ok,419,1510
59af35af6d192fd501470604b65f740c51d77253,ok,434,1672
adc4e2767480033f690f08e3b9d4acce21dd318e,ok,30,100
762642950d9ce911f9d06e886828db64327cc70b,ok,15,44
0666683decd82ebaf669e4101abc8eb4c832fd60,ok,344,1259
8b9cca71f078a2c2d137600b7e8ee01fb963f643,ok,109,376
68f53dbe53f266bd5608672b1ac053db6d48fc68,ok,97,342
d973f67168b542c3ac6b7137305f5806b2ceebe5,ok,39,128
9296da26fc11fdc4d308245a70e0c1a54d7309fb,ok,71,248
a2f44fdd90013b279aba94f7f3196bc0595ba5d2,ok,371,1374
a225bc0671a609647424be47ff0d013dcc093aaa,ok,74,244
e69fbc49b2bf76c14a66be6936c1dd7e79d150f6,ok,65,224
c388ab44a02841ed9b09db5538edcc4f161e7568,ok,512,1914
9b37a5fc99cf5c21add30b3fa8c21b7e2eadd141,ok,25,82
5969e1eab9aa48f30f945cdea0ee37a923c43bd0,ok,42,141
551146a810d52e923dec70791aad83864d84cd1e,ok,35,110
332b8710b7ca56498f131fb0e0fb590f854e2b94,ok,40,132
5d3b02b8bb46de2cbb1bec60d377a5423dda1fa3,ok,52,184
c804037083c6d5be0145e88925385f99a3762065,ok,27,84
632f051004b2b453ef8b2f5200489594d920274a,ok,21,64
59ebc7025a4d38c8d70a8278a91f2a85095c15d5,ok,21,62
fa2bfe5c09f2f12ad633f068babde1adf04278dc,ok,194,722
4bbf4c06e4eeb51813e3cac16872bc1166d98ca0,ok,24,80
b5c2285575c8dca59ffa82066178ebaa119bce0b,ok,25,78
9b72f57b4c4c50781a7f88d6d89ea7d970583b91,ok,104,351
2fa97d3bd9e17b655641d4e48aa4912862b960d8,ok,19,58
3947b1e44e321af407625b2aa5475e5834986aad,ok,59,208
1868cdb0e60134da2d544ce84aa4939d01f062e5,ok,24,74
08cd22c0fd5d202c4d9d48d7cc76d7a47d1e7ed1,ok,20,60
01cb4184ceb600c9475833b0ccaffd4317802358,ok,78,256
4048238d2546acdd62a18be1d1b18b573e43b33e,ok,219,787
9b653531f4e060226249d6f914de8b181dacfc3e,ok,228,817
16d8723db2c386c227b56d372710edc670d8c6b9,ok,39,134
d181ccd3e70017951c05e59bf519bc456a100215,ok,53,178
02cf47b002d91c05db2be3432140d6d664e020b1,ok,39,130
f4f0df5d5acf598927de066cb03cabf1853fb7df,ok,512,1904
795b8b63bcbe9964f6c0b41141bc09081de57f67,ok,75,266
d4f6ffc77355c71e00ebf9cb8ea1476d8c8b1fd9,ok,48,165
480b052d399443779b491990e55f238a69c41799,ok,93,326
39da61a33d98d1eeba316372b3a0cd8f78ac9a62,ok,72,257
19dec65bab19d4a9022d3d2097829657f7cfcc2f,ok,12,34
2933b1bd0bacb1bb5ed9b124e41e03d689daa41c,ok,286,1030
dd72a53d4f90309e59ebdcb69e1aadda24ce0609,ok,36,114
9adfdde9b4f94d76a89e1f82802e59cc01dc94df,ok,28,94
38122be1bde9128f9c02e1b831e623710e9d2133,ok,148,536
780eeb9844ed1a4abd40685fbd3f8a975f5c3a03,ok,53,180
9a1f951bd9bd8a1c419505f9c1d062752fc8eaa5,ok,90,329
9df57bc7ebce527829be177f6f84869c3158288d,ok,258,954
b55ad4cebfdf46aaebb15930f5ddf76176fde6fe,ok,31,102
e6dddc471d86763d0f45461ee0d6b97ee2d04e3e,ok,512,1804
3e29efa970a4150f8e0b5841a1f683f37a7e5e91,ok,57,198
afabffa9b106e4a328b05a3205b6fefd0e4cd9a1,ok,19,58
5f1dbe623ca868ed01f829d9cb75b3375d402c5a,ok,512,1878
bb237e2cad80f844f735a967748fe16d9f5997ab,ok,19,58
76dff1107fc5f25b4e5241409aa4f601eba4c05f,ok,80,276
90d49e76698d25d70b802d61e516a139ea61f46d,ok,142,517
42f9ddbb1e5c02ef9c6e13ee0347a1d3797b9156,ok,19,58
9206f2616a390c3f34e6eff6b120a7b901761d51,ok,63,230
423b95eaf0ba4c704a3cea6ca2f6dcdd55af89b6,ok,47,155
bc74e21922e9c3eaee049b17a2a4f9bb4b423b36,ok,227,835
a072ec42a37fc949d61a9d8ee636422149b6965d,ok,20,60
148de2ec6a9feee1e238a26b92f4582e87789960,ok,103,370
bf40098a466e7101fc841244295ffb3f0b8b9e37,ok,16,48
f739199953186ad8b7a1853c3424dae87b781cb2,ok,102,358
e639845fabe199734083c409c870f681d9d8c483,ok,13,38
6c074fa325663420b850151635d1899e4e6a4c30,ok,26,82
ee9ba7e7e897eea3f03df6d1d13c0dece0d03872,ok,46,154
1ee14753bdfdbca0d3cc8306b6f4e7a3e4632de1,ok,77,273
aa4d63ffa519480ebd5ba7520fe8af9e0f8be19d,ok,512,1903
3cd355905f5378a011d5b91558b4706d63228d6c,ok,458,1684
322d9c8dec81fa95c55ad771c0f5a8127eca8450,ok,24,80
c2e38781a9bcb633fcf6123656756e0dc980bdc2,ok,127,442
c958f6bda1654ba9d50cd6993cfd361a97677b13,ok,93,314
26909c7206652e12d9a633c2d06fd9deb07533a7,ok,136,492
0038e5a5500e56690d5b1fe127e2a15ac4ef876f,ok,24,78
cf601833682ee5373da8a285fff35ff0bca9f5bc,ok,512,1866
0b231f10d5f50dcd83d7af70bb06ac0016bc5ce3,ok,45,158
b8480ddd04999eddaebfc3b66e74220c3a9dd49b,ok,302,1058
8319fbbe357609dd1ce8d105162e3598c1728999,ok,35,116
af04d8fcf02b074d6ba943fcd871bf92e1d9bf47,ok,95,350
6740c697c837d7d605e16147bdb89a85b4d41da9,ok,113,388
2867d591c1776c8c875761f49bc9a7d93bcdee7c,ok,213,824
5602efc786e4925bf5b93e310aba83fd5122500d,ok,19,58
075857d31937e2a274ee36b72c1c39145241faab,ok,512,1776
6fbcec51e635bfafa2b4573746c20f5498ac291b,ok,24,74
b4ba3de661108985896822bb461d62d97aea0956,ok,36,124
f0ba98557cfb1366b5c7edd079183fe2737222ba,ok,107,368
cd181f0ae7774d845d7f0648dd4b985fa2de11ce,ok,83,284
022b72ebfd4421766e44cebd3fe9b19c488bbf01,ok,16,48
6eade3a18ff1d1155e790b626b573d834c8833a9,ok,24,80
ea1632683d7f3b68628b72bbb8d92828c8bd1191,ok,327,1180
b5c77df1d40201199f1a43b66c345c0c8c23f25a,ok,103,357
2e91ed896e19c1553937d2af38b4cb4b70f40702,ok,24,78
a9d204e7a034d314384729a6dd174fc2b2f72a64,ok,165,595
31e8bcb46ba77bb4a48911307b3d4466e50f61da,ok,199,696
2593377918b837ccd22503974d2349a28ea9a498,ok,24,74
689504c291b2bec6aa161a1097d06af5a6c89ed1,ok,51,170
cd0451b1a79d4227d6b1da8e9b2f760f97eecf1e,ok,36,118
6236a77e909a540db984f50afa2e05a3aefc672d,ok,57,186
8235664b915040f13b672d5baecc819ae05349ab,ok,180,665
a9722e062bd6e532ace9bd23ca54e8b8531959ae,ok,332,1182
d6df86ee4e5a3a03375485b8155ba3e1cc543055,ok,89,308
b8aaa51407413fd3a7972222d8ebabc87dad60b3,ok,343,1257
2ad4644e9478cd6359a5247075a00e398a1009e4,ok,19,58
d865f0f49d3ecbdacb44b49c18bbe4626cb3bf5d,ok,33,108
bea7294b9f4599f5a91bd9594460a7bf97b3821b,ok,27,84
d0fb8df4f34c151d8164d95cf1776b1a2679795f,ok,16,48
d917fe169b2c57297a368a7df2f7d380c3c1a36d,ok,23,76
3f4e6ae82de2925daf4075371cd858340c95df77,ok,51,174
d08d0d58e95b098f9d15a4e2f8477241c906af03,ok,181,640
5090fc8dbad3e9d5d70b4988a835d05582b07c51,ok,25,76
a5da42ecb20a253f466a0e68cbc56832b4fae62d,ok,37,130
d0c64234d6af6faf52f2af93ec43be42d8787a6d,ok,292,1052
ddf08d5d2c05a9c390f585ad0724a349686c3549,ok,162,600
1bf0647634fb192af3c3a498d9b7625a5785fba9,ok,512,1795
d8c6916548df48844183a952f083061ff4a0d994,ok,15,46
cad07cc980f0777cb5cea6df621d4c9521684587,ok,512,1897
4fb59738c37c9a66e3f2e8a1b1c19f021a00d756,ok,512,1807
2ab55cda7acfc1fe07ad4780df09e3a985274734,ok,475,1863
9ad13149c08939e3059b94b2af02527d2a809ace,ok,512,1817
df7d6556fbb8b86f6fd83fe374fc013851958721,ok,201,719
8db94e55079a0b3f9254c5fa73019c2a3cbb2c8b,ok,135,462
195acf52c3ed19041d8dc1e01f84a6dd376063ba,ok,170,629
5de726beaa1d5ab47739d76de1c0fd566463a25f,ok,37,122
8543c0e5e5d473c9e92e184110fd7760e6117a5b,ok,119,410
a11d5228f81edb37eb6501ae86f1d2b4125968d0,ok,42,140
c58124503d44400d551d682eea33e1cc76f98f78,ok,129,457
a6c1712baf8b798801285df53b60b5c7e528438a,ok,110,399
5949347aff8d5f53a30bf323415125edb343ea68,ok,154,541
75c019d6c05744f9525e7bc6c7738d2de370b511,ok,290,1088
0b1ca2770f57a1e2c06c2b81b224fbaaabfbdef9,ok,21,64
a97358a663d40abdcec54c9c9c1a9fdb4aee19c8,ok,494,1800
385943e5fba7ad9abbb523dc2d6fef2f1836f16a,ok,59,198
7abac73f54b589993378710362a9c80d46b34c9f,ok,125,416
6289ea3fb246e59606f5d4195ff8deba6137b829,ok,221,808
1709ffcaf552abfb70d5cd841f7e936276bd4ceb,ok,23,72
0d7570a13e15bcd396cea6bc3b4bc43bbc4582fd,ok,19,58
6d419a5591430a40bded82c9efe37ee84ce976cd,ok,30,96
9d05e9d0d05bec065e22b000f4dbaf3102b7504c,ok,51,178
1d39adc846064af6dfdaefca9c576e238bdce6f0,ok,28,92
c96defea14690c8b283d750d4bf5eb8a1bb8437c,ok,16,48
2732a4e83b04c8e6ad979a00f3e95d25766e7c50,ok,63,223
3c466664893cb53ee6e16ae645ce9eb1120cbd01,ok,169,611
57520db5110f24434e96731d4551875ef3873e31,ok,28,94
02e801cbe601f3521ee805800a6297ae34968318,ok,255,929
c13ba52b3811e8762a5ac5d12ca38f865651e860,ok,16,48
40e81a5a456ea6b2b6a6b08a62886a4853216fa3,ok,16,48
4403d3ca9f0fbaf2a195103212dc6a67fe3a4ecf,ok,21,64
9884434cdaef547dce6f9cebb72d30b1aed689eb,ok,389,1451
b14cd4faacb94d585414277882897211d541cec7,ok,11,32
2d44f15ad3dff5e58a4e0e6b0487187652dbbc10,ok,176,618
a72a607329472f9f11ceac7eba0360e16a47edff,ok,16,48
10bb11beb95308ef48c2c1a7fc7e7a7c007e8248,ok,25,82
9cf11aec25edaf2c194c8d07d0d6bd602375f0ae,ok,66,225
911536287cfc4ac1f4d7819da15f6db8d141b3d3,ok,22,70
ecbfd8cf8d8e15dd5a6535a545547b7ede3631f3,ok,341,1288
5adcd17852caf092bec8ad1cfae7d833f7085f95,ok,21,64
6db24cfdd586e0782fe539536c7bd9454f1773a8,ok,178,653
2760d1335a7c692dcfb28c512741f9d3d1a462ae,ok,512,1872
12b5820fac2fc62f7d371b973e8154bbf76ee23d,ok,106,375
93390eeffbd3dbdb9fb65c6d5c48aea5868bbee3,ok,25,78
d38559f6d82aeb1f24f7d75756e0c4a2f8feb093,ok,161,577
79a2d0c3feeaacb3f8e188e710e1152734f686c9,ok,512,1754
0df9633927014067f081679a264382c58c88c5b0,ok,79,280
f1989d4b05acbea175c528a4ea6f28221c1c1ab2,ok,169,623
e45f21863f2775bdc7fa3947e77355093cfd5728,ok,26,82
91caf5285077dc380764b953c5db30c789ab5da0,ok,90,331
e8b29000be8028a949d284b299bc4550ab2b46d1,ok,153,536
094a689da307c982a8cfbd767286603aa6da1190,ok,14,42
10599abbba434e469b72de64fa5e7d6bf9916f8c,ok,122,424
4446c7fbd469cff63fd4ba3233da0b9153a882b6,ok,68,226
07109246135e8ac631842c52058ae300f0cd3466,ok,263,910
41399f1066e40dabe65c6ba96a0b8dc62647d569,ok,21,64
aca06cac1fcb3e403c1852de42d754fb9e20ce8d,ok,40,132
ef467731bd30b7ba4ab4d82d293414085c2d9434,ok,512,1922
b37f2537d34c3ff8d47e715fbad8912abf91e670,ok,90,322
26bc446481927113d9468fee1300966258d2f603,ok,74,252
6f2d2c8c75e8da9f673ef0c840df3d34f762a003,ok,28,90
23163db1773cb56cc437c1a9a3de65a26d315c78,ok,35,118
4ad7f6dd7a2118a67b362128b4dd4750b4ddb922,ok,116,404
ec69f09b193c366cfb814cc6e7c89154d394847c,ok,37,116
0114f54b7b1dd1d6151fad1a39abdc4b60179e76,ok,179,652
8458912b6e31ac381d8b57662e21f6d56cb5ce07,ok,58,203
b0b0ab16d3c0f66ab8848cb0bdff624c96ad1968,ok,53,180
9bb36469ea6014f96b51767cbf95c8465aab24bc,ok,30,100
b33e7b51535bf38ec35be764789888b20828b872,ok,307,1110
6b377b9419c643111f414deaca89aceaffdc3a2f,ok,16,48
d0472ac7fdc76994a42a50c658b1d830f56432d7,ok,512,1883
c7f276aa6862aecd594c646a39ae763b6db7285f,ok,39,134
9263522fff139bd4a5702ec73da96f0df26e78fa,ok,145,524
cead074cc2d6d689425b5c5b3d4aacb41c6daad5,ok,16,48
90fc6bb3f93dd762be798a019f472bdb078dc08a,ok,28,88
2a1d8a76f6f24d67290d54a9c80b417d7baf45bc,ok,512,1807
f1202c3d93f5e569388a61a6af59bf64ccb5b186,ok,168,604
01fb0209221739d14b6c8def343bf4cce028d0a6,ok,512,1883
ba6a1765cceb1b49ba832e1affbc977edb5e72c9,ok,23,70
8a5f5b23c2e0d134b93baa9dd112d0b3c97abd5a,ok,512,1863
67f7dd2e57def7eeab1e1572efa5e599beddf3a9,ok,80,290
9e66a0b0a6eba72aeac0fbba43e85c4c799f3a25,ok,82,289
7d0b13fc8aa18acec15c5d1ecccc519ca4c9854c,ok,292,1073
00c9205354bec56a6f85c599798a6bda21a5f61b,ok,318,1128
602673ae93c57205219923da30231ad3035cbbc6,ok,36,122
cb032ee68d7439c8007dfaeb5fbf28f297843138,ok,16,48
44d0e2078741c63f66e50f5a805af1b2b7c5be70,ok,140,505
c60b52500481db591440364aff90472d0f2e184e,ok,169,596
05406b74aaa81cca72a6731e931b46c7ccf8ab26,ok,42,146
9df94e2e6587ec85f0c08f5f2b96534a330e9850,ok,66,218
197a53b9576bf7d27bc9c0c9f3c288df37534966,ok,77,273
ec1250477fdffbd8130f50abe21c05b479d4bc55,ok,9,26
6c5cc428363fd76ede032fb7274d71831a339473,ok,182,648
eedd9ff1a544f51751d1a5ba6654bb8659ccfcf6,ok,24,76
f8c32b876958fa45d9b93b1b31a785ca5e421f84,ok,26,84
1335d88519686b728e7f6307e2be94900ade3392,ok,209,779
a5e73a1342e0207476679c0edc94995815eb8cdf,ok,20,60
f4de32f4bdaebf9aae65da991490db6a636a5e39,ok,327,1189
525920203d206ad86ad671a85d50b9ecd90d7c7f,ok,73,254
3fea4ac449c61569aa5229701c6a278b5b7fda97,ok,63,222
b194b7b600c6440b32bd6d8b99101cee2dd55c7e,ok,18,54
6001a67a71f2df6cef6ff19140c9d0447d5de605,ok,78,273
4dedabbe0e9f9697ed2930ca76b0b8a00f2c84c0,ok,63,214
ef8d949a1d49c8a4bc25f0e58c0af8a4eece537c,ok,133,463
df061fe1a197b0d8b99443b3fef41958e251088d,ok,36,118
d0baa22ca51ad314cd5273a564996d8543629812,ok,34,116
fb535ac855249ce0edfc1539d37a6e5f8ab256b6,ok,49,160
16d972c693c68013bedf33bd5306cbb843e4e578,ok,116,404
7b02094f480c65ed938c641111bebe3b57b32dcb,ok,198,691
5e47bf00cd3f5c1b215a7f7563d153c2f665de38,ok,25,78
5afcd3111229c6f94e8a14ae6a401042d14520c5,ok,123,434
566595806b15047a67fe82ee198dbae8f2fc2748,ok,127,441
60c9eb9d9a42870b6012ebc15fae8cfeb78cea76,ok,95,347
62f8b37744379ea3fb1033ec157bfe581b25a78b,ok,211,741
1343af79bc20e2542eeeccd540c9ea7c998e7479,ok,66,218
a1e64aef845f4f1d35bbce5182d824451e05fe01,ok,24,80
5e7f10d9948fc5ca8c5e8f8e76e83d2dd54f596e,ok,44,142
cb895db61dfece1bce6d4518bd630f29f3b6fef9,ok,68,228
a2beb5cd4015642078c03cd83aaae953c4889e54,ok,59,202
1a8d44c2058a260c29caa9e9a7a0a01e207d2231,ok,157,531
4cdb6227767009b7789825afe5f97f3ef63d5122,ok,39,128
b6541d96102b0b2ea3c57a847bbf7d9ebc46c5cc,ok,187,669
66484a3bd0c9a9f2e898d962fd9a4a8bf15f4c89,ok,22,72
ec45e70e97635e26e9d4b87ee58eda336de9ffb7,ok,29,96
6664b7e82cd7752007d225d4be0c07f3a4549185,ok,357,1318
bf49855c5cf1e633e8619a33d31af57632642784,ok,79,292
62684af1dbf3766e0bf4fe05044e54dc94e85a8c,ok,13,36
66c6b4e943527fe5f11b366faa51cb7ecb9ebb7b,ok,168,606
0f13ebdc69724ee3fc9486b512ea4ea8d57ecb22,ok,24,76
da945f7bdf2cd7a745934eddf05827c10ceadcbe,ok,318,1137
2c0bf8d61942c81ee5ab1ece63b8fb2a06d6050d,ok,24,80
42dceb85fff476020dba83e1fdb7d22c9bc3d939,ok,246,858
2efe65d1d850023e8f7d531b20c7b567b26e5cdd,ok,512,1843
daa730dd0a54e42318f6f7d1aacfd42a60657082,ok,113,386
f7fc2ac0f8422adc1a2763098b3cebd7688a0352,ok,219,816
d7ae10d07bf73a8d1c26cb95a17b8ab797ede5af,ok,39,126
a302381fd4015cee8772b39ee47a029002de46c9,ok,24,80
d02578e009abf81cdd4a57bbfd571a9029b078c5,ok,49,158
59bfe9838a6c17d84f0c1050fc173131309135f9,ok,39,126
38356044dfc33b2e70a1ab7147b9626567686142,ok,16,48
16d62d6ee302c61c24cb19f6f3b37d2e3cfe08ea,ok,26,84
58e163fb239490b79a87ad3c1ec30137536af037,ok,151,565
fa38fc4959100cfee558296090454505fe7d050d,ok,24,74
0e921240870b4c941518718230ce94dd7f6f850d,ok,28,92
d069bca7ec96aebb82875d527b68a4e7c7359e7b,ok,32,104
65a1465952acd3ff97f1fe3a1c12408570e56d10,ok,380,1371
b1e1db3fd97af3c455888151b30f938060195229,ok,43,142
09ef423959fa686789b6f35a3af5227cbefaf001,ok,164,597
fcbf414960d5bec52ec5560cbaddfb28b334a7c5,ok,47,152
5265658ae2883627a2024a5ee42a6b4650441e34,ok,20,62
c397d5ded497a022b072dfa63cc1610896883deb,ok,512,1951
ebd62e6ccd4a54c2538e4bade12270f4dddb8ca4,ok,28,92
ba8d30f3b2aa66f51f8973b95f90798d0fcf912c,ok,244,876
9c926f06200d48192fe87bc235d9fb0f9ed5c5e2,ok,153,573
7fd28a24fe1317015adf593958e009f1044360c3,ok,226,809
1d55ffee13bd4b6773dc91ef7aa2f0669e6cd758,ok,21,64
aae5d714aeab523223e595f3484dc77d48c93959,ok,17,50
d4f5373898e944affefe2560144994ac91bf567c,ok,45,148
2d58fdb7c3952a6707ae253c8fbbde3505f2d642,ok,127,450
2b34d12559b53b89f53e493e889211f4e651eed0,ok,232,836
1c07118b026894d8058f1715a09e2e1ccb89fc99,ok,24,78
a6e3285ffebbd817404b2aba359f17a738ddc859,ok,512,1812
4345cdd5075b62f77fdafa80ebaa8944643c5514,ok,512,1956
e37b5637910c289d21018bf53e881e086609d504,ok,17,52
56f307f87bd4ca388f4f063fb2cef228155085f8,ok,109,388
48cd2b812b179bcde7bb5246b5fd34d556bc1767,ok,112,395
3957019f83cb846511fd13928470d38b6f40349e,ok,88,300
2b378cbafde37d66ce9b5ebe937ffa36da06e6aa,ok,9,26
cfd8933f70caa328bdb3abe37f091fd237e20d3d,ok,81,277
a10951261a654b22151675fd3241cfb9bde40a23,ok,63,212
874ef4c1d5d17bffed486cfc5d5947767424a0cc,ok,16,48
b280eff3e202689446fc87497a5749987262d92c,ok,144,513
daebb2421a3501943de9b0d03d2c88011b3462a0,ok,26,90
3d370a12349a8d4bcd14527341394ad2334cdaaf,ok,255,878
2fc537d372cc1bee6f7a13465374e923cdc2a336,ok,116,414
6cdd216699c6b30f7c95656257cc87a744ebf665,ok,132,477
27d44e0de8cadca4ebe4638350a22bdb8e231073,ok,98,339
7f778d988449db8db73f41e4a38eb00b1f016525,ok,40,136
2d858547cab686ed5c4fbe9b370696ecfdfb43ea,ok,512,1951
e47470c31451ba7d41250e16f7cbef04a1570ea5,ok,45,155
774ce1d7271b69d82bce50eee10048ef32d81fae,ok,11,30
cea88e612b74602cec5179f3bfc554a03915c4c7,ok,48,166
b6c7baf5173e842e7a67fe35a0d2e29335abe980,ok,210,714
d3e6e0e7689ae292b695a1490c65550dc6aa725d,ok,16,48
50641a02385a04c8bb29b57aa3494e1528286418,ok,272,947
fed64cf095bb8955ca399a35d7216a8ddf28d619,ok,31,96
367a99d53a3383885854aab532a18915023d2b36,ok,288,1029
cfc9d035fa4188b538593da38396a9cae23cc230,ok,19,56
105c7569c87c0f9c6c29fcd16702b6903108e4a9,ok,165,593
49721f5ae436311daf47f7c59ac49498195d7043,ok,22,68
956a8bda6aa6ba3eccb62702511d14ae6af5f5d8,ok,45,162
64314eb2cb29d308cdb6d7df9fc8f87f33a757e0,ok,479,1699
5fdd4d537f38268aedeabd6a5092352a75a1ad50,ok,362,1314
cfbaca4ff1d6fc5af155b1fae2d91c1d307cbbd9,ok,76,262
b5da74731781f540e695be3897ed0240c2ef7edc,ok,512,1876
60047ddc6bad549f736c0c34f916634292f47973,ok,56,192
f998398b327ef640b9a9b599b5a2a9f12d6e0709,ok,109,374
35b2ee2f52e81bc0da19c5c47d9b607dfe909a5a,ok,351,1287
9581c39c53b2e3c75236461c7dacd6e8df9f8d79,ok,512,1874
25d432e525f884be9d9935471465f5f9c286a3a0,ok,69,244
4b6fcaede75306428507f298605b932ccb5af428,ok,308,1167
a38b11dfbe7a2f748794dfe135752dd249dd8d3a,ok,9,26
f7cab75f0121aaa1cbd5654ddbb4684bf90d81be,ok,77,269
08a1dbde33ff01bd8c2800ccf94118667c1a44de,ok,21,64
420981b6d1aca1cc830f1f7b9c3ae517a83ca844,ok,17,54
9217b00db593223befb4b72c432914c8321e0bcd,ok,24,74
ea97eeb97ab34cf12e2397fcaf438d3d3263352f,ok,22,70
a54778675584bcd5bec9c2cdce8702aaabec14a6,ok,512,1768
16a272abd9136257e08d9a56a3a750eabe24db3a,ok,24,74
2325429b19afc477d7efbf55ac0ed3f81f196820,ok,17,50
ef6c54d36d9b713cbbb52d2f93c84ebf2c2e3dc7,ok,30,94
4d1affe022d44545436315c687b5341bb36f4151,ok,41,134
0bf69a19533b83bd4af1354700913306e5eac254,ok,49,158
090dbdcf8338b85410e05c98c70d023edc690d6b,ok,17,52
d35a9e8ab6a7ad6f8e854af22288058b983db05b,ok,189,678
a3f916636314f344d8d8628cfd6171227aa5a36d,ok,108,388
6c9c3b6498a059668e291e6d92b2ef2f2dda3622,ok,12,36
44915d50e116a078d37f80d03a5205f7a73ad5e8,ok,110,392
47bb85029d8191925f63c5927de59b4f3d4444d6,ok,34,110
74847cd77cc93ad7bbfaa480427b9b8c609bfab6,ok,188,706
f7a8fe697f258f95cde98d4281cb2ecc62b6072e,ok,376,1299
cd8cfdae512484bbaa71e33f54da04c21ecd8fe2,ok,19,60
463f4200e5221cf5a5b338963dc1476ae4c55cd7,ok,38,124
c2d1baf449590fa7b0ecfaeb931c09b86e0def80,ok,164,603
0bb238e06de30ffad452fb231e7e83809e693065,ok,62,221
3ea49246f36aac19c947f972debffaf88259c283,ok,58,200
1b4aad08b3044fc45e35ecf26188b07ee18163cd,ok,25,82
c8fc1c139e9761a5499300c97c396d54e86fe8b1,ok,16,48
6e13fbede9d37e105b3002ef267a594be189bafe,ok,129,455
1a88233daee3799f23a5cee1b8739f7d07e2ffb2,ok,301,1096
6a3b739a7666788eb3abe17bf2651819da3e0c12,ok,30,94
1341a78ba9a01ba15c888eeeca418100f9525f7b,ok,55,186
2e4388f2da5fba61b13d451003711d4b8f9df295,ok,32,104
498dcb52e042d543bece900a7017358244706386,ok,512,1914
a8c91388e22d2668ce46e35e6f32a13290a68cc0,ok,103,369
d2eb6b7f3ccc92f22ff5facf0b2cdc28ef18b4b7,ok,133,467
8123d0a20c49fc5c023b625d8e2ec8374db06388,ok,256,932
ea165889711a469dfd5d493e28065b6a524f9a0b,ok,23,70
ac2cdb6dd20db210afb74f3fdcba82930f381071,ok,56,197
e8f9514812153514a3ff28a970f87e612806bc89,ok,512,1812
5512e5a958022793fae6795c2951d7885eea7614,ok,22,68
b7acd916ffe3c55db0e7accfcd146242c2bab857,ok,62,220
64ba528179e859d9b1b719faadeff3d6007d7046,ok,17,50
60f315a93469568360b6a3b5074794c7fe82cdec,ok,139,491
c86abbd5d5d8c31a3b99b25fd4b58590100127e1,ok,27,88
4aabe8cf53ae545c727d7b09630345991a43d538,ok,221,790
b3518efd71cdc17fb508ef5324bae79e85b3acc1,ok,181,622
ad94fcb0cb547426dd9e347f5cc65a164303d646,ok,79,258
a06664eb7a827415dac106006d58970cf05f2ec0,ok,21,64
b75c63ff785d4699f485811c1a388235a5702f05,ok,191,690
c3ef03d3d2114dec878fff2d308cd4357b0f0415,ok,24,80
c3fef729e18df116917da11d215a8a0c2a5483da,ok,110,382
5f756ee71e14bb8f182b367071fb4320a61671cf,ok,54,188
f24ef1e39c4ee2f0450e29bdc3c83470d8249783,ok,44,146
e24d1f551956ab8803656fade12c30067229f1fa,ok,34,114
c7c1cfc6d7bc5abbd8195e454ae48184bd7320b1,ok,113,393
6aa6b1f29e6c54ed30b83650540a67a203c6ade1,ok,22,68
ff3fc7740b8f7243ab86852dc6c074a43fae5a5e,ok,512,1858
0457f61deaa55f2bcefa3af8f3cad6917f1b68ee,ok,25,80
2395822d8afd2f6cb810d48b13f3cecf160fdb81,ok,24,82
75f186e302099c6ee4f002c6575908726084144a,ok,55,184
ba349423194f49af7d292025c2d09d1fcce5a721,ok,391,1398
e59165914dcd3f4b878eccf632b46305db6a4da9,ok,307,1128
c5cb3e9c6b80f4dbcaa87e141e04b28484d289fa,ok,34,112
4a2d1f08f94a09595205fabead8a4dc56f940e52,ok,23,72
1410bdec51ecaad87a5b016499bb52a14d7bb83b,ok,111,387
bff0c28d305a06db535dcd0bb5a6c923bbee1cb5,ok,75,261
254d271235ad630c80ca317b08603f06792328af,ok,16,48
88916ecfc152bc30916b722b1757b39125a64c67,ok,483,1767
e517385a8afe03f3adb7514e20a185a4b354e536,ok,21,66
e925ae5e6aeb3a4edacde3bac8639b4d67880469,ok,240,851
307fb05632ca7ea746e56344a8cc65694842d853,ok,150,562
6d87ad7df86920f3f38954e6ae6b82f9e6b522f7,ok,78,271
40440bb31eb810e98860e36829360af16aa1ea4c,ok,432,1578
147e8d27f98cf99603193663f535d6f887841bf0,ok,109,370
e0094ec941e4b86042644a7ecb6636fd5a96249f,ok,56,187
6d4a0bfe53175c6d44775d66e2be2ced33d863ee,ok,25,82
4d58b3e35657425343fe959f2aa9315995678846,ok,512,1829
9dd0d878d0a4721e6d3a888674b2db0c6ed78752,ok,35,114
f73ecfb38a407ed73a7da2290c97fb397c66de9b,ok,17,52
4e7ead29eecb27348c17cb7c11cb26d52381ca77,ok,365,1362
1c4cda94d7a8bae3ad6237305547e7f4a79d3c37,ok,512,1819
1c7f60f27f761391d107318391e1c0eb7400a577,ok,414,1535
60444a87b4566d760830c54173e246116c8ddcb1,ok,12,36
ac27fe760e13a71a503066640bc2da352aaa5bf5,ok,28,92
69276e0c6a4cfd845d5a4ded48ac0f512945b75e,ok,173,626
979c3d8268669539af62421243a418eea5a4e68c,ok,17,50
3da7d6b7a1cd753e9d64c443f709eaf2605f929c,ok,16,48
8ccb2573f888e80ad609ff039d658c3b1e2dcf00,ok,44,150
e99fc1cc0c2dfc0640d8c5ac7a48d8e9de71cf72,ok,39,126
88f22ec7702f70fd5e6a4fbc3c4244dd1b0d5e91,ok,512,1893
155311de4a3f42fd555e5497f66161000b9fd150,ok,22,68
e1c01723e31a73a33d26a197851a773217f9d245,ok,170,622
3688979a3a4a2a5e1fa08ff145f8f1172f7aa28f,ok,239,874
12514e4d45d46f84f6dd3da33a91458b5b2fb1b7,ok,232,787
49cf7bcc36959a0a952eadc0bb36188f9a5cc016,ok,134,454
a1dcad07fe31465c834bcfbfacf37a29fd5cfa9c,ok,237,851
7d07c00b598e44d5474287338cde5566ef3a594e,ok,28,88
4c0a60098017608e105db8bad83b955cdc512d9f,ok,19,60
033757f1da79c6c78416566109675b8f043cf922,ok,512,1943
62348d54aa7205867768f0535953aed2275e4fd3,ok,25,82
cea66cbaa4bb2dfc76246b22609917472d7044b1,ok,248,908
890fd4f976954102d44a07d0f125fcd65cab715d,ok,392,1455
65677cc7ca1ac3a19f10c90a1451b43db73a669d,ok,118,419
9318ede78f044ffe0494681806f2a60693fb4fdd,ok,13,38
9a49a418731c60ef3c698c27d3d16f529215699c,ok,41,138
f01518686a28fc5509af091e9c3cc735b6861289,ok,54,182
70161704779c6e7c1235b97a6622c4ec910b0388,ok,18,54
9064a263cbfdb89375603fa85640e8d92a8e7d53,ok,49,166
be60c965fc3eaf924b891d002c92e20dc20fcfee,ok,218,809
94734a5b9fd14a85c0019de9688fc87dc4275c85,ok,488,1709
ffa593f804bfe30328c199ac39cf7775ca2073dc,ok,17,50
409d4cd7d8419cfcfe6fa01e3ab0ac1d345d187a,ok,26,80
9ab0595ca0d19eef7d7c1bb5b7fe91b2c4d312d0,ok,147,537
a7a086d79871ff33778e87a3707a1522e58ca0e3,ok,211,730
010eed4076d867e4d2717d3a58ac3fdf866688bd,ok,307,1079
0286f9d9c5d9739f235c6245096acbc736b2d5aa,ok,39,128
b71463e62346aeb1fd0283e779234359f831f2c6,ok,55,191
1d3cc51aea02c25bfb51a13b9f11e617f8fe41b1,ok,27,82
fca4076a0a3d21f53b89555e95f22ae6ac739cb1,ok,356,1369
74dd2899e238962b29fa43ad211989d11b11f111,ok,31,100
d19bd69e166fb7be8a5b8b9858d711d50b4c8150,ok,271,986
66e15503eac40768b103a82f455505afe7ed63cf,ok,162,585
ba2162fc3fabf276e6085a5b60d6012c20ee10d8,ok,17,52
4da51db2b63625b33bde9ea05704375393526b16,ok,104,378
c7d23a62d61a78f3bc2d7338107f6901c3988c79,ok,60,200
351560ab2cf7aa160ef219546f5734f7b5032ab1,ok,23,70
10c43c546408fbe7c62d9d06edd02054818287e2,ok,22,68
e35bfd665a5950160772ac2e62596ecacb1cd48c,ok,138,490
f85764a02cb3232113adc8597835769c05611e3d,ok,385,1456
9e2ea702e9286ac34a4c0e8478162b27af74245b,ok,38,130
a2487195de9666fe67f75ed6eabc7d040c77011d,ok,128,472
43410b811c3eebf869e8af5ea8c671500285f7b9,ok,16,48
8277c94045824290f4e3b0700d1b80d455fb8e8d,ok,115,406
90c62b734885f9437535884bdaa974b922d507a9,ok,55,184
990e943b7133388fdb284ac970e4e1ae4f13e4c7,ok,99,343
d940ba55d17ab56de0b20959928f1f2e4ef86726,ok,61,224
e919984ed71811ea60f0f5bbd4ae7971ee772e1d,ok,121,439
ec00db872ed96697810dce7fa3966cf046d2cbeb,ok,205,754
9377acb8344fa17f97b766faed7576a1b3127831,ok,25,84
83f4ab154e6be3e68f1a40358abefbefb3d39700,ok,15,44
388bd6b3c27fd182bbb3003713d2257be1c9608e,ok,21,64
fb0dbfbe8e1cbd80aa218111bca274a8a23f0e6c,ok,66,219
66a2ebd32e06f719455dbe3d4bff6ff6e77ec699,ok,16,48
f53508fcebed1f1af89331b4df6d00f2f79cbd5e,ok,484,1757
4f349b3a47cdaa557329c523cc87d92d76949cb1,ok,148,527
186043bd16e28eb2ddd26a3c5ff06d1d0fdc6d04,ok,271,938
72c1b39e7edd14159d16ff15033a4b43d2731bd9,ok,17,52
3859a30c146e80c36c0753a8e0ddd5c79bda8403,ok,162,585
a6f53e03f2c1bfe22299341fe1dd9f788b8fbb7d,ok,36,118
acc113ed53e9662a44aebf3dea735b7ae188b8fa,ok,29,96
3231c96b624b3c228713c75e563f5ab72e790509,ok,47,160
6948c22abf6071e5dcfab6732379980e71209cd4,ok,46,150
0a6fc7bdf52415c5273a426eb10c7fe459e58615,ok,8,22
9195afc22db5770efb0970686cd58c294b8c6a91,ok,53,181
57f2cd1751642972e0328bc03f282c09bc61d15e,ok,191,687
a6ca6326493aedc145c3d0d3c7a33e88daea4392,ok,91,304
6f3c948f7891d04bc5d4b84eac860e8050af6392,ok,35,118
ad55cedd3a9d51daeb0440141bc8e0d2d41c5f54,ok,23,72
0ca6027e0805664171bf226fe525a8cc8a4a249a,ok,132,480
f8dbd5d1abfd6bfdccb0ad007fe98b26e18348b4,ok,116,408
bf4dd990a6836ded466d5810e4bee04b0f594e7d,ok,512,1879
bb2492ba17482048e7dd6752b931c50490b9d65d,ok,187,682
c666ad49a5e96b9b898b8408c75d2bbe71f196d7,ok,101,355
10798270d3283272aa19d4b1323a4e7545612b39,ok,31,100
de1892039a19eba733b99cc1c5581374e8b8288c,ok,66,222
31431e94cc07d97aa891b1165a1a6bf66b9cf0e2,ok,35,118
ca0dc4b81d76d67f48a67895c021e0f0520f9b6f,ok,394,1408
e08162b061f0310b5e0fc7d770c2eeec2346f6d5,ok,33,112
307cc3e4ff01c47a36e37a7c7d84efc30e7162c7,ok,232,828
75a152004298522d195d8f35e23b70945ab24d75,ok,63,216
2dd32b737860b20767cdbe94e1b350cce6c70197,ok,18,54
0eb4bc2d69f110fe9aac0feb7bfc6e9769fb63e7,ok,82,289
47457e294615a8cd775dd3f0535bac718f96ef13,ok,24,76
d72c341fde7518e744afe0bb4ebabc9aba17ef26,ok,25,76
671bbf982b43ef9bacbfd0f041556064d660ecd3,ok,29,90
41c23d9277dcf180981e2b0dfe872abee3249167,ok,26,86
b99acaa8000cc1baa1a489bc99d04c9d866b6530,ok,65,222
b89685ba22640cdda417f4cfa39bf612e57350a2,ok,32,106
192cff677b931d15afa81875bd69eeec6a953c96,ok,19,58
d1efa23b2de66d780dcd191ec6201a3f12b873b8,ok,161,574
a1ff0ccb33d1462b4db08801e7e0860fcf957ab0,ok,59,200
25cc8611e10caa74ad9676f837d45b138c31a26e,ok,55,202
4bd079be5f6ff6f15efb3ad6044da6b377eff8a9,ok,22,68
2d20390847ee6e2be3cd9fa8751473ceb4118b46,ok,512,1902
c53f3499c406c8387719bdefec3ac499d4d9951e,ok,281,960
8f330e0eeb932a8e87c6a2aa0cfc3ae3cfb22a40,ok,24,80
e3d0589b0f8a349b220650d54f637cb5191c9329,ok,202,731
f96a6444479a50cd8973f3ed4e90f4a20c35f61b,ok,28,94
04a964cbdccc060a692db92eab938d3031c5d607,ok,165,571
f30e2baf4e8d13edd180a166c6bbbf512ab67942,ok,30,98
f11a8cf332ec1056097486e1df1560d0dfbf3165,ok,13,38
649b988bf63e00c501d19c9eb4e4c31a8e53feee,ok,17,52
8a8815ae0309ce25caa493548bf3944ec1c3c065,ok,512,1808
a05575c3960de20c89e36caf52491e8b34ac637f,ok,131,452
e75a820a70f7280eb95dbdba8675698ab3b7b2c1,ok,69,237
a00286971909ea9d89839812de083402532e5807,ok,247,942
c068f3ca3817acb17666f4c5cb8db131dc5707dc,ok,226,830
fbbfabfb2a6505d89eb52f6c320d4cdfa1335d9b,ok,12,34
d848a7b2b70ab619b846fdc876e7919438fc53ff,ok,31,102
fe8567da55f9a25acec8e809217045640350e432,ok,16,48
b16e152a89da37b188f07e0dc5dfe9ba68c6669b,ok,157,552
7f7440db839e4e846c5a5e39e9eacecaca519baa,ok,272,947
eaa84688c0cfef4464f9b2802a86258a7e74e21e,ok,110,386
b84de6baf9f96e475d08cfdf5dcbc1351dce0e27,ok,12,36
b317c97c797175dc837c2e0f58c69b960afa3b2a,ok,83,293
0dfa78d957b23239aaad6704e057d7963608999e,ok,20,62
6b47f2738dcea63f2f755809e64cab022b2ffb55,ok,141,481
12670417200300225a3641f8f94a430dc3b64009,ok,512,1847
ca45d291c2d1819dae193665fd691430391df602,ok,80,276
b809e528bbf40d1e2b45772b5f07b6f4cf7ec934,ok,35,120
d5f852b6813f02e325ca750ed4c13265841a19e7,ok,16,48
7bea98c8befbe7864b0f374752d4f569ba8c331d,ok,107,382
b0d6d3fbdb88565bc25f5ac654610d6ae3f70287,ok,53,177
6eeeea4da12ed5d5d6ff66fe9648f7001b80396f,ok,170,605
d127a6f73d0919488423f60e9e1e1ea470fa8ab7,ok,163,590
098f57b4154ee91132ccb0165d17637c724b8ec8,ok,100,342
9960ae11a0c8fffe5a9209f065b492c00fe30cac,ok,83,292
1d0c1b25ffc68aac690ef8c3a77b740eb807b971,ok,25,78
ecfeed8f1d5d7a1e02c14433a4ab23e47ac3db87,ok,24,80
35695601fe6f2f4b5ac16a8339c0ed227fcfb682,ok,16,48
f02f21576c7725993c5b962b47f56ec8d738d537,ok,66,230
e8f889f6e0e4ec49b734aeb61abb5edbd2c7a003,ok,44,148
96f712ee6674d3837cc51f86959bd81de081c181,ok,24,76
c00225d3f2e0f08ac65915e8a83882415eeba19f,ok,52,184
66613048f43cb375f30edef9b497495960ede7ff,ok,89,316
d30016d8851e4d3e2a82058cfddbf9c56a04fc61,ok,383,1428
1fba8380752875817ad1d3f33f2d57ce645f1823,ok,106,377
1c58fad588c2cbcc7124c84359c02348feb111ab,ok,40,132
3fdfb274424d762d8832613807cdbf5ca5830317,ok,18,56
9aab4d7d5d68947502c4825d796b8c04fe1c3b9b,ok,17,52
f7edc24e9113ec01c830eca12985c581d3ab7210,ok,512,1797
15beccaa5a383465d41cef093ffb11d07ccc8106,ok,23,72
517edee948510502964e3c1e4fecd66769c3b099,ok,22,72
a1c2cd828e1fc895f43f08dd049a082bc99da9b4,ok,69,228
e4f4773566c6fa944eb8d12eceea26a615d4f73a,ok,19,60
42b659400a3e9496e1b403035a3968dfb6743440,ok,122,445
7b21b63e6adfd5434f70f45567aeb48d2fea7581,ok,24,80
7f10fa8c9c8a2e32be06e6f0d149f54459e3dfdd,ok,76,258
50459781a9698e42ab5bcba0252940363f73c55d,ok,512,1901
21559ebf9e670a32cdc380b5f925272eb701f93f,ok,91,319
7e9323e3e924110b08856f3dc924c4f9394f63d5,ok,60,200
45cd08f9e764c1cbdbd7bcb4616e0a34dee8aed5,ok,20,60
9cc4c4c2b7c0ba8808e75e3576d6242abf4e6a21,ok,11,30
0579bd0dc10743819ebc7c7839dae8b010be44a1,ok,103,366
0aa2be3f5637604cfbe0556625a492a53f044345,ok,512,1870
53a5969dd1788b7b354b2571ea9341ae88afbcff,ok,57,190
6eebc40201551eae7167ec5f560396f2acdaa00c,ok,171,612
1f5fc21a1d337d9830720eab5defba7e60d8e25f,ok,181,654
a4574d7dfabab606a8010a2226ec262af72de111,ok,19,58
c3164c011f9bb8941f764a688bbb266979f40c13,ok,419,1507
6e5622a713fcff0bea9c6ea19ae8303ca7c88f3f,ok,24,80
61d13613a9b29612e7fb3785e0fdb605d4048c29,ok,69,244
63acc1cccd4397a0bfafad02b5abbdb34e9470f3,ok,132,472
06179bdbf3e95854f4c1f886cb543937a41775fe,ok,46,154
001bf7212679e2228d70af00e0f0e92ed5df83d5,ok,15,46
da126fd1cddc49e979f071db4ac5d79b49c45726,ok,167,606
7d23321c71f49eab14d44719579b0d159919f076,ok,191,674
78a8127484a21a00dec31538c7a22daadd7bbe23,ok,12,36
49ed665f84fdf99b4de4b7c393837378a9fb4a06,ok,156,575
63fdd01eb1690c811ea78e7bb23dff27d64c2e0a,ok,16,46
a6b6c5a7a3c88a85d6727ca52b0ccdfc4d816ba4,ok,12,36
d501d0a5573f36bb06be499028c266af828f8338,ok,109,393
6e0264abc5766b4323d0f9321b63d05c05b91e10,ok,41,144
7b318ec8baa758e6a4a4ae286816a1c3e3ffe4bf,ok,52,171
656724ec6447658718a46db8b7fc1f5b534b6c39,ok,51,172
8af2162fb139f2775d45abc4e8645e5061276ae3,ok,68,226
295b3a7987075a8e007c9821f20631bd9d838aa1,ok,128,450
2d7bc64afb8a8a62cf51974e4fe962f1decf9d3a,ok,25,78
bc429e700b4947b20035e7045144bde5d46d1de3,ok,170,584
83adfd34f8cdeca70730eb14334c0f9e8ed13ecf,ok,10,28
0ae9ecfda73f692e335a24fe0853089265f2e201,ok,24,80
d39f5579c4f15717ddcbf42ff2007ccdcc71499a,ok,41,144
effd693b9003c4716e75012a4072cda5f464dfdd,ok,171,630
5bf6106f21be1acbb8d99195a0d451337c657b60,ok,166,594
fa0a99dab696e525c9849d20cebbdfe3856b4833,ok,23,76
0a041b006f7175b27a45e8abea1b34633f7d873d,ok,34,110
aada436c2260400e793a4d7bf82a95bf9bceed76,ok,24,80
99da375edf77d9191694a11a07435ae260ee3678,ok,28,92
77a79c4ac50e09c603a71a5af429f2b2a2c30694,ok,14,40
4ee888fa72793bd02f46038517fc03ad59c505c0,ok,37,123
dc8f005821ef69282fa0def3247128d87494fd19,ok,16,48
748cadcaad5697523108767796c60081ff7e38e2,ok,17,52
55918a9544434641792af924dd3dd001babe1f51,ok,344,1241
64ff33db9ea9d179370c92c33a4e105cf328806e,ok,79,273
67dc77281a0adbc7eeee190708460a4152ef8a7a,ok,18,54
7f69272e0297c1a853bc26ab05afe538eeca2732,ok,77,266
cd9bf414ef209dbbe0bb319a5d250ebad6dd6d9c,ok,19,56
a8d27c54d59bf2ff841c4c33f8256cffcda0a11e,ok,74,261
09fdc118cb4079b33a54b0db95dd9175df727851,ok,512,1836
1820c14b5be04c3cf4e968dcc9991d7884db70c4,ok,12,34
3dceb80571e4dfe2eec54103d79a98efb124703b,ok,130,475
5430088ee88c38c32b3dd7b8b658b9c1443c49bc,ok,59,201
cc6137fc7904bd76b796353e7cae1a955f5642ab,ok,18,54
1536a70afa90b1f89f4fcfeebe8a3e8597dfc801,ok,41,138
72ba1a52f192f0fe522d691fdad0cc4a4bdc8113,ok,29,94
156f9064e21e9c27d0a0a6a0e59a8077f711fcea,ok,151,528
31d1738c3fb71db0d39b84d22d65a2c6fc2a82ab,ok,370,1372
989c8a309411b288dbe22a15b144044e04c40c79,ok,24,80
2e7312ac7c519aa7037077ccf5b036d91db78ea2,ok,31,98
4e67dca3a4e95ecb9e8c307d204a65edab8d7d05,ok,76,267
87898a138b02fa13356f439881b5727e51894d24,ok,67,235
a2ae2e7196c1ef45683777ce4bad0c59710010d3,ok,120,432
a41bef54a3dd409f029402b52cb02efee1051acf,ok,150,538
b6333d63dcc439bf9279ce1119254019e07f7781,ok,27,84
5da841fb80f21667c16042b56aab91be1202b7d0,ok,55,184
bc3b6fc7234cb49433dba393277e58e88d2853a2,ok,233,822
f129c30323e270904f3ab36e7d098376c58e8363,ok,9,26
f42def9b5053c85791e30125e897132632dbe8f1,ok,16,48
c3b59ed2253bee96047c4c1506f1dbf555b39e98,ok,65,216
81ef446144a37f717c03ba676ea15135782d2a09,ok,19,58
e20a13493bc61b34ff43558e1ebb36cb549e6f78,ok,79,268
9c1384f0a20b570d3f3db9eddb1676c506b8cfc9,ok,63,213
6b6cf6cd6d73b8c33f115822f609c57e9e927a78,ok,145,526
962d88d2b697c43c781a06ae19f42c7b9fe64cf5,ok,33,104
75aabef402a5e0f47679d94d198b675e4b65a373,ok,49,168
3c98e3f06a675302e264009ab6ebb9c3daa8aefb,ok,33,114
219b31e637764dea32cc3bc1d2cb0ef8ba929950,ok,17,52
041b77f08ec37840f665760ebdfe460e1f2a7f43,ok,39,126
0c856bb3f5f6656375e7ed1c84605c61f0bb5fc4,ok,193,693
414508975b7b51707a8eb60d6a5f536d54e2f03e,ok,28,88
373157bcc7b0f9bfc02576a8e5db7f55663389f1,ok,406,1480
fa10c86c52dfe3613ed31a8f4892d5f91f8fd411,ok,512,1879
588d0a5f48d897f34d39a09006f58d95882d4e36,ok,16,48
4def1e0718768e8f8cb5c5e31215246ab6962cf0,ok,128,472
8ce76890a65d949a54fc64c80ae5b8d7b1f5b67d,ok,70,232
f354cad3fad085cd2de2a787170a0859f1d99dc7,ok,369,1310
46508ce67c7c3594bbf3f709bb4900601d4f9f45,ok,31,102
ae160c58c2ecba47c5421fd0a31186490402831c,ok,161,552
d6c4def4acb32bf82ba2053dc2eb1258f3de4144,ok,12,34
34d6f050c1cc1e7033ef771395a72206c4ac341d,ok,338,1252
02e3ba35547270883ef426a3f456073d1f74aee5,ok,20,64
bcf9eff7985beb71183175784f46f301f7d61370,ok,23,76
50a6788dacdc006f27193740a24522d59618b0df,ok,38,128
f18849693ba957d417f60f29dd2856d85b9ea484,ok,512,1919
8dbc1e1c33796711bdfe55a2679489e0c80edc44,ok,498,1878
8c86424a8be5a947604d6745410aa9f20c347392,ok,17,50
b30d3391937a671ce88b1ff2b17d055be4e4feb3,ok,512,1844
0d1d4c4112d52e05f719bc2afbcf48d2b5e78851,ok,148,535
1de4bcd19c890d9f868d3deb11eb4f4b0e62b27e,ok,25,82
3bd0645f0377608003a256b861c74ede12ee635d,ok,121,412
00066a3507c0938308749b7d90de62200769ee13,ok,29,93
cf0ae00411733a76b182ae48715be6b528625dd0,ok,171,614
68fb8eab4ec23fceae851f86107d075d8e9ddf66,ok,104,361
ef3191f2009a17b2a2804f6665d68341981e87de,ok,16,50
129e21e180c017df5e7fb864e1e0027fb8a47180,ok,34,106
ee3381f5a2141d932e8f938f5493357fcf301f1a,ok,341,1236
30fd75cb00d6ccf3086ce1d6b0193cff642bc8d3,ok,22,68
0ab7023b79e2d2d9b1c5006ba6f1a56e0af8f4d7,ok,12,34
2205feb7a9be57375c4c32aa52e5f133ab2e1e51,ok,15,44
ece92c28c4ae60910562e65b9632e208d2b87be5,ok,21,66
1ac7f8f890c3ac381e5509807c3b8817dd047b7d,ok,74,261
bbfd223fa142d25ef36c79fb3a9c0d5943a1d428,ok,97,353
de688011697ac0cfa6f7c60d622df900b0cb7dbb,ok,44,150
855891f81a04b032e73c08276ff01df9f360b08a,ok,237,844
ac3273194b55682666b38e1ba0f34dd90baa4025,ok,75,264
4637de95f13e91f5b21aa915d055fb8c213c627e,ok,89,312
4f4db93d76e22d59790d873a2773bbcd3c3b7d36,ok,58,190
3a3f5374bb49729f5efdfdcd5398c90e232d9978,ok,512,1769
ae772237e948e39e7bb9906facef02d27a931ad4,ok,67,231
667049e8c5163d4be0cb69798941a9f9efe0d36c,ok,338,1227
ec851474baf0335863cfdc3402b341b3b221cab3,ok,108,362
1fd52fddbacdcc30d22d9b6fd82a1833859abdd2,ok,317,1148
c76399218eb2a1d8547314aca3867c256b696bb4,ok,512,1889
5138e10432e7175be0b9a99db9f94bef0a52e586,ok,234,856
3b4d11082a9375dd86e3ec7a21c4844865b30464,ok,19,58
6f1f841bb80579c8f9660b61d76b134b5649380b,ok,98,344
f8030024f02de8079d3fc48c38fd57e0ff3bedc5,ok,146,519
8072c12b0180359aa0479d72042370368de05e4c,ok,512,1852
d5e6b0cbe6e330696267c67b9b4439463461458e,ok,52,174
8125063bb1f69ce977a91fba0a96cac7b3202f84,ok,31,102
fec0e2b3654b960acd941d802b51ce1b6ed0fc88,ok,181,637
35b2a2f7a1d802ad563c20eb8f2df7f9472c4c69,ok,34,108
343e8f528da54c55830243816f61d052d980b46a,ok,39,128
901b08c75370cd53fa1f34ce4031d440ae22f15c,ok,185,674
9a223c3b0a982263e3b1b77777215847eb3859c1,ok,381,1480
7435afb4736c8effcdac7993c33dd525a6421b1a,ok,46,158
d9ea3bc0439217ed0dc42dc61c8fea65dc4ada7f,ok,151,570
42305a2c6bda226350d3b1b2935d9115a6385106,ok,45,148
9d4f2b2fbeab6cb6dbdf58751bf65227ecee8809,ok,21,66
669c0edf963aad12864c27067a0c837920359a8e,ok,21,64
dcaf8e57966d3afe3f42970050902e8ea85477f7,ok,512,1812
1de7965a379cd664983769836237726c7427e67c,ok,185,683
7181aa83318c8b10421b6951b903dc8e35b7f3cb,ok,8,22
69fc41ab10750fb15d07138416dff90576e8605e,ok,25,78
7541981df351d8f7c2834cf0b063078d21687eef,ok,65,227
0953169bd99d71431ed6d960ff08ef6f6b4d164e,ok,349,1312
985abde2c9790ef2cf42e631fb7e5972a9f37452,ok,117,408
aa4bbb79ef918be7a6e871c784df00fca30e84fd,ok,24,80
2e860abcce1103bc2ba6b0bc7c2330ce1646400e,ok,162,569
16eaf3fe45fffb3e49d95399f8439fd2a871c878,ok,17,50
2df2967510602d63036d9fe7f0eaaff5344283a5,ok,12,34
8edfe5bee484e7a19c136344c74c3abd491253ec,ok,315,1158
0f03fd33ab24eb38161ec0a31a1a7c8107dd876f,ok,30,96
e1e0b535f5a9a015899fa875215fc687b150a5fa,ok,25,84
19dbef5533fe475285e840a6bd4a0e7491babdaf,ok,512,1866
ee6cb707ecf66243b80b2f129ceea7451de1f04c,ok,94,329
27cb5d98f37629fbeba2e691676bc9c9bfcc33e0,ok,137,496
d06494a573f0eeb20348422c276083f873c9d386,ok,25,82
2003e3156815ddb2d2684de99ff39f8e208f157b,ok,49,172
181e50518861f1a624435b7d16fcfc04135f66cc,ok,123,474
26dfab81d6a524b34030f938364e01b3110f0de9,ok,83,282
7e9c0d4ffe2f46ccb697abc4dafa3b2e796ee861,ok,25,82
fc7d4f13fe53287de26755e7d3439ede54f18caf,ok,512,1909
58a922001cb99bf992322a7347f473354c31b4ac,ok,23,70
e06d24834d513e761ead80da9268221989ff5e74,ok,327,1191
f67cc1ea41b1a7fcb7c87d7c1cbd2b849b22ae1c,ok,51,170
7b7c14ccd3e821e8154e25231f6e110f996f7296,ok,512,1899
e80df34cda0eea10bbf1fdb1d97e62902466f12e,ok,133,474
97da71ebabc380c8ca0513c702670f4eb3cb635b,ok,220,815
4ecb88425576897e8111e8b16f8777cd84e9a43f,ok,26,84
f568ae3b1f1e4439134ecfc8b1da675226a3dd67,ok,492,1857
c4a1a66c8ba8924afd0f09c98fb035cfd375a6e9,ok,313,1176
b77f9586a1440ffe89199626e62a3bd6c914a0b4,ok,512,1874
a622c4cd79b894a76b55bdc8031b36e53f4f7840,ok,92,325
bc5750ecb0fe254bc8f2b2166e7af69349106b38,ok,26,84
f701f3664993ef87f6c8378bf42de0663629b928,ok,27,86
3ce13e34748f7fe1d1f75536e89ac7e1c926a085,ok,67,232
42bb47e89f2ae64976268d01e8feaf345eb728ef,ok,512,1917
77a198f29dfeb1c3afa7bccd7d2a8e1b533caffa,ok,27,84
9b3f462a94e78cfb012b06b5d4bbad6dcc73c437,ok,118,419
1639f051f25822bf43689c36ce1cc3a880b405fc,ok,86,295
000a48e9e52df3c9f2ca5a7a05a5547721ef9b36,ok,512,1890
449c23ae0e5e4fff5d2a379690108f910bca4ff0,ok,261,955
7cb0d929f6a452ca6854dfdac4116406e612cb5c,ok,81,289
a44b49980c73b3a45acd816bfcb0ea1cccb92818,ok,512,1835
0b086c33ee412a47b41d05a7d14c4518c98af736,ok,51,178
5578d3bd143c1cb2a6c7cd2cb8842a7db398d7eb,ok,311,1101
4ef1c455cd74cb7bfa5bfa2f9383fcd558ec7021,ok,17,50
237530a45f6907fba4b278fad6fd7c0e7c7752e6,ok,96,347
06ffffe9d2245b2ffcc4daccdba6c5ee8695d854,ok,512,1924
7210b9a2bcc3f95103962e0fc868908f474eb3ef,ok,15,44
0a83a835569fa973fc0ee5b8f74a9e2c3f104e04,ok,25,82
b098225b54510ea555e1c4ca13dbde82485aa773,ok,221,782
e66cb2b2b6f491ee5d54aa867e434b0c36259d6d,ok,72,241
1fa1bf987b88e571e470999d6745062b4131abdc,ok,24,74
cea32e9c0eb8645335f87891e023a8e00ac8eee0,ok,64,218
0e59669836a8e5c26e209c8e64a33bd3bdc4643a,ok,50,172
95ec5c6b65aa26fab540d73d879573b469c409bb,ok,36,126
60f77a6b5ec175a75b1440ef211f2fcd85a5dc0b,ok,363,1322
92cc4c82b7c9eeaf5e95061a75d460aaad9d23f1,ok,31,104
ab8324c389d48d25435fd6d44504df96b9921524,ok,98,341
a9527145a4767b33da2cbd2637d8a03a006d14a4,ok,23,72
cca461e46113df08ad7889ba4b001d9a4ffb9e85,ok,47,154
4a7c75b99e50bb80cf5a4895ca4d570234984ab8,ok,202,726
ef6d488e4282b2e94eb7b3b9d788a9cb6e0ac0b9,ok,12,36
4a50e4bb39c04e1cc3d955f86ba166de2882b1d7,ok,74,258
f9570616571fcba8d11ead573fa5ba339d696310,ok,69,244
88c78b1d6ad656fdfa6d390ad6f0391632acc7af,ok,19,58
232c53280db1cfd3a01ef8e52554bd308b613db6,ok,86,294
e9681963d685342de28d0f0a2e787ea85ff3e69d,ok,57,190
74dc33060f921f611955e9e24811b2a12a2f634c,ok,18,54
bac61fe2fb9e99eb2a26450222f56f4eb38bb1d0,ok,32,106
5380c851f01151e584e0814f42bc08f8c074a52f,ok,226,814
ce6357585c099307c0fc06b21a85f45b2c9eb19c,ok,48,164
75eec961f50320db97c63bb27c5eb4adc15991e5,ok,35,114
1cd0c793ba43a7f9eb5520ffc37ff6647d96d7c2,ok,55,189
e64ff13d1674706f1c6628665b580a4611caaecf,ok,138,509
9b3e95d754703fc5eb97b65fc2a848e209b3a880,ok,9,26
6d0dd3a288ac32ad6d8f9850480b17e545270bc6,ok,192,661
071256825c4860e87b26b96c17c8f2c1c0a6d027,ok,34,110
72faeb80cdc2893503324f3285680bd2e9e781f0,ok,512,1861
a34fc5c453ba707c6ae81a3bc72fd65d17587a7e,ok,16,48
abffed0e46158600c684a73a6599e2f64170b75a,ok,16,48
c98635a7cacfad22541c662cdaa4f04ae4bd15ed,ok,449,1642
b3905dbf47f7f68d63652055c0e4bf2982faf82b,ok,71,243
b72e03c6a58782ea5c3ac61246d0ae9b1f371989,ok,274,1000
360aed2a154d476a645d164aba845e8a8ebf8623,ok,27,88
69de22074a0f88f3a8aa83b31bdb3d1c16a53ccc,ok,35,120
6695ae4cfdadf27e4ae1610244582f41655cec04,ok,34,116
726893adf581cf8895061aa03dc2ef25f6ca7e2b,ok,87,304
f6d9d2f0d16697e6669f0c824477fc855e2ffc5c,ok,42,134
987752a6ee176217e6dd88c687e8b89449196187,ok,28,94
023ab93817891ee6fe4bd25853d6010b6b615d87,ok,171,612
8c86daaa43ad64a03871f16b209f483d04d23349,ok,512,1998
5dbb0c055881f4ef1508419ee9b02852f5947ce8,ok,29,98
d6ed9b1dff2e4001376e5df826c5af8c6d5fedf9,ok,211,764
a615d7b664a2fe885415ccc4b843a3a5f4e09d8d,ok,58,194
b80c753ade716f14d5422d60d89d452cc3031bb6,ok,34,112
b589458707790ba399788a981f01d239e6e0fc09,ok,20,62
ef3ba2754f74dcab89b6716c4675784ee6143188,ok,413,1471
6bf4e7f588624cc25b20233cc78e407cef70139b,ok,77,271
4de8a7367588a97d8913b82b8cbab2761be45e1e,ok,24,80
6fa85331400ea91ac41ab0c5644767457174fc8f,ok,55,196
10047db483d302080f263e30bc884cc3df993365,ok,435,1570
4d4f203803504606c7a3efe2dd84c5c92df800fd,ok,18,54
5fce4a7396699677a8efd78cb0f75c3dd09bea65,ok,88,305
e896301e7a4f81890c6cfa97c993b9f70b2828f1,ok,22,70
a5f09b7778abcd39214415cee1b00ac71811d0f9,ok,128,445
790c7b3ce8660ab705a541548b1989c3c656e54e,ok,242,850
cba1f7b032bb619f46c98aa5b27204699ad5ead5,ok,21,64
2e53bfc1135fd7035a586791c06592552dfdcca8,ok,24,74
8d0286dfc522a0c6bb89cafa0c417b537b3c53ca,ok,39,124
84d0d9f126b9a6cb3fed0dcee5057944faa95d84,ok,443,1674
0e31adce423a2fa80b63b1c8ad1eccec62e46793,ok,512,1890
b9f7f2d87681e14897b92c7d0720e71eb4509e2f,ok,58,182
6e0b4def76b1356fb19c0d447f71cfa64c998d3c,ok,94,340
f5d748103a3e40a006ce8703e4c4f688e63dc81d,ok,72,245
6c97fea9722879abc219f337bfdb17caf54a93ba,ok,74,253
40d7331c50e3bb2c0942def68a4a3669af35477a,ok,20,60
ae1e8e4f05f92b9ac6b7b61cbad3256940199dcd,ok,199,716
e3ba17902363cb1f5a4ba2736ffc72d09a6dd3cf,ok,315,1150
aaf777bc80757024fed6339d2b18016475c60476,ok,24,72
8dbb09b704945301ade12211d29c28245207fa7c,ok,17,50
b7163bbb629556491bb3c4145019c47d2ff577e0,ok,60,200
04515a89dae80e18dd48721bdca60b4e11909fcb,ok,34,112
e46b83c303943e7a68c09bce76e8d6d501777c27,ok,36,112
61648fcb5ccc3a26f81460c366075d2af709e775,ok,101,362
c3625e190ef1369c5b381dffba875b9e343cebd5,ok,35,118
c633fe0dbbe55c554c4bd739013e26f5a4b411dd,ok,16,48
1915b9b1c67437f88cf329ad9fa1ca988ba795f1,ok,141,493
adc809bd71216c4fc3496c7544bd22ab0005608c,ok,26,80
bdd5ccd5c7bbe2e83e4d38db2e0c0ad74d827690,ok,16,48
ff6406208022db8e56115f112e9c4d3555ef6286,ok,37,124
56bcf4b1ca95ea5845aaa56276686b638308f3fc,ok,187,639
f61385064f820d5d71b0c8f96966f6784e798636,ok,17,52
cd039b22d4e911864ac7a9b4976e7cc0f0f5d108,ok,26,82
189ccc21ad11d6c9beb8a447ae57c0d5b8ef61b4,ok,11,32
f8c75919a0bf090ba9fe65044b396e6219701596,ok,103,345
ae341ecab43a81b1d34f1fcfa004f4e63952cec6,ok,197,704
0a30963f42587fe710654c97af03317db288379b,ok,26,82
7d4a73b5a59d802e6f658a39b87ebac897cce8d3,ok,228,839
81d2f1160c03adbcf13b3d14b2281c5b6d765d52,ok,59,203
1004cff721fdac2996e9a4bd4ed8840c6c1db0d7,ok,329,1184
99ca206e385b1148436526c3c096f42448d5ec75,ok,222,782
7dfa7ab3870aa26168ebbf1f83aad5b3760ea373,ok,32,104
858097f108f0f29b0c4f750bf0775488fe18a8ca,ok,92,333
135d1661f0a7127985e4069758f6723c2af37eeb,ok,19,58
c9ad003d631f4b24774a8d6f3e2f670b3147722e,ok,312,1129
f81dbec5ca12ccb19267f1cbb77fe13493268d09,ok,419,1532
fc7fbb1b9368ec9d19c84463f39b272f47408c59,ok,55,193
0186f2ddfb43ead9a8a931c8e22b09639a7ce8ba,ok,24,74
a680e1de2803f28a598f33812f090f6ed4e7f49d,ok,71,258
af67a65823f7dd34c6c933b4b4fa2b90420822d0,ok,189,651
ef7003bfbb561638d6d4dafa209f64d24e725fad,ok,320,1157
5197b1e923dec460bf0eb76527c6638721468c34,ok,79,277
a738e8c25bb1a8c12d74b3c41e279e71b6438c76,ok,19,58
ae99880a6f064279ec3d75be01876e6496f1958c,ok,28,88
330f1610ff97a97754ff1f31ae7c5747ee564dd9,ok,212,754
20804f90a7c25e7843c0268776946260ca197871,ok,66,222
6bcea6aee71ecbaf1c2dbb1cf58f466305b6e2d4,ok,233,844
40474df5f687cb227cfdd38cffe13207ed1dda23,ok,20,60
61f9df1fb337e6ca8abeaaec8902428cc2116b47,ok,149,533
aefd9bb428fc1088c57bdf1f2f430a43392115d9,ok,120,394
ad4be4b6931a9c8ea80aac393ef904fbb8bffcaa,ok,24,80
ad9ccf670a1976d7b11e9c9c561d53468d27ca48,ok,9,26
661b655fc8e6fe45a14ee8ce464737bf128b677f,ok,18,54
4b4ab7b82faddc492c22d99bbfdf6e3d6442579a,ok,19,58
f43e2cbc1533fcb0112c2afebd5433638db0f862,ok,50,174
f787369ddf9927851a6222b28533296bdfd90572,ok,37,130
cf76eb07f2ef78eb2dd2337d2052ea63ae608168,ok,16,50
360240fbb67d4c906bd3bd100cd9d6df382fab7e,ok,50,170
6edbd6197b830f1816f243671b05f7cf40c94833,ok,309,1129
40e43f248d0bd4662e388cdb30b2da8a46b892e7,ok,512,1788
7b4427cdb82729cbb32fe32177ae4426e063a7ab,ok,22,72
87413f5f3c85de0e92154c7e27f67c222e217013,ok,310,1118
8837872ce5e4376134faaa6253f5ac5037f16c7f,ok,22,70
e6588aff7aef4d65b98a038cbdf4ca03b3160409,ok,36,120
5716e16a9a90d4551350e0fd8eb1953d53b57741,ok,60,196
3d69905373ddff335100739da0d2a095c393515a,ok,24,80
51af74ed6f967c75be4a8179cf53df081634a98a,ok,90,323
8822ad98edb9b78af3e170eb92b9f0f9ad61c238,ok,284,1001
3befadc1fc491f42ec894626020ee3a6b37af7a4,ok,32,104
df51053351aca1ea31a58c992c91a9de3dd44f8d,ok,25,82
2e127d8bc3edfac6569212e90b70eb336b7eb91a,ok,24,80
456e02f65e541847355ebb133f660c71bc034407,ok,25,80
a614379961f0811e482d107a3a2ac758fcacf2ff,ok,56,188
86e78285ef5eee276d266ee1e2c3d17e45932a6b,ok,35,120
da5c064e8cf496e2d848b359727352920e811715,ok,27,84
f34438f19876d9c6df523ebdf255e750ac6c7300,ok,512,1795
58a4fdecfa4b24088d95f6420570faacbfce610e,ok,35,110
2aa4aff2c21dfe08872bc34c5528567a9aba34b8,ok,55,178
9ef4f580b395128912b5a16069310905599168ec,ok,80,276
039f908c9309c24c980270f25e31f86949e362eb,ok,17,50
ea3bf9bd1bec2541ab020ff61c93f4be05e68d90,ok,91,298
b829260ef4a9afa37f13100b9322370330501966,ok,30,98
e2eecc49e392a249b21e377e1c7879486bbee714,ok,17,52
854cac8294224115710693749cab09cbbfb3e5af,ok,28,88
e0c651c441cad12c1f6449065aa33e4cc744bd15,ok,22,70
45e3fa399b851121b805e6f29cd4c147c34b2d6c,ok,19,58
394a2db0fa7607f68228249dd5f88dd51719c46b,ok,83,287
dc4752e30664d1361ed32aa559622ae406f4450b,ok,512,1850
2b580d9dc9f483804c7253a1b2b99ee22e3703ca,ok,62,209
5d9df032e801daf7588a5cd4d9707f257f61d0ba,ok,26,86
337e3727ecee97077bfe9341e8d782b4143f9acd,ok,512,1820
ab0ca17ec2f8d311b4c5dfe676223add8579e734,ok,94,338
8f4226fbc619b534d44004d2d8827cf390737c29,ok,132,448
c808dcb2fcc1f3d26133f6c31b40a438acaec5d6,ok,45,156
ef611337531cda5fc7767861a29be5d7a1719e67,ok,211,745
f2cbbac812dab4843335cdfbc148dc29ed6e4cd3,ok,249,890
f84f9274b87c803e6c0753b1b8b4c0dc4b18737a,ok,60,198
4de86904c15600bf363f043a64fe75bcba97dfaf,ok,13,38
554ec0b7cf01548f15c55252157882c46badb560,ok,153,547
972d456037dfb3ed82c21d63482ae6f1d108d576,ok,106,360
8b0d12684f154b0abb88f143c73ec2d073f57ff6,ok,29,94
06d82310a0da8048bdd8e73960e513172534f6c5,ok,151,558
36770a4cf47e709a40eb6051a88564733e79bcda,ok,50,170
b6522d9dd8c8a378e661e317448122f02d790340,ok,227,770
4d6fe87062385899bb204e237e748e8dda15f8e8,ok,253,882
b152061756a60c05b498b13aa7f7ffcc8713fa7a,ok,16,48
6f79b88810f27f9eb996a7de93059766bc10c6d9,ok,97,332
1ac1fca2b1a97967de418cdc282851a7659f936c,ok,198,687
b586637f1567872a6c65e7378ce0630f1eef5b0e,ok,97,346
b371427b1add19a7f93037f3f64199e8486fbeeb,ok,242,867
a322a17793d769dbcc6909952c3757904f1b8702,ok,45,150
24ed6a718f08f611f4f22da2a912eda404fba3ce,ok,512,1766
6314eaa52d9309273a9e2e303840866eaba7ede5,ok,53,172
6cd7f59ef83c7411c5b02fd90d4005beac2b3afb,ok,176,619
e6e5c00b00b700ad3f25bb01ca46fcd21886b58b,ok,333,1212
8650286150294b0f80837df62573f0dfb06a2de0,ok,85,304
3172d5664c683388637bcd5154e4268f9db2c298,ok,512,1898
052071e601410af7f154f3e053a4e972ef7d804d,ok,512,1861
dfa4f523a0663e76867a1d45cf7aa5142e89c703,ok,17,50
67fa506c4f80fd5b479bd3d4e35ffb5113539160,ok,113,395
b1285128faba027427340078d4bb80f82bb6f9bb,ok,142,495
09e14ca5f6abbe025a7d283cf7c3d608c33cdc0f,ok,161,572
371470060aba7104c41ea037c67e209a9809c483,ok,512,1876
a070e0a87ac82bcf6518c0ba0845831d1e465a48,ok,130,460
8870d75e37febf0e11c5d5d9b41dd1fde9356e21,ok,49,166
ddc1e37b4308dea3645df22b4a6dfa930d9cacde,ok,174,610
4e5500a6e67013be6c9fc47a05761cedf06a0c62,ok,17,50
d5b21bd0c73e4c6e1d2f452f7437bca969fba496,ok,143,514
a80103e762fa0f6367859c3a721c09432522d213,ok,57,192
065d29bf360ed78abf6bd5158e8a2d499386423e,ok,21,64
af672e2fd02e0a4fe12bb4c82b18c451cbf59e3f,ok,175,627
4edafedbd95b5eb2469eb8813bf1e1d21fbb4436,ok,41,138
828ed61492431a6528b6f9737d5d0c092e1cb7a0,ok,16,48
609037a44bfc752d3220e28cd38bb634933cc22d,ok,45,158
5cdfc24250e6e558f8a7975226b38ce865392c3f,ok,131,470
ee3ad33a15f99c19f725a805948f19e4980784f4,ok,57,191
8ae4b77d5fae8e843e43ef026ea4747cf9856bb7,ok,512,1799
9f7b222ff8f1c5bdae715f59995f56edebc077c1,ok,236,861
ecb39faf5f3d11066463347bec47cb2b0d97cc12,ok,57,202
9dedd9158ed59c7f872c8fbfb881cd84c5e8979d,ok,135,456
d67dafcc718ff38cb283b9fdb5bc236f8927ce21,ok,85,292
b2c29f60c1734ff2677e19c98968de8e2b1716b3,ok,22,70
72d661de962547c8e6aaf03f614a4cf3866938e1,ok,62,210
5e4c17ae36ecad243a8a8afdeed015313c935062,ok,50,172
1d68ea2f8eccb813af02f5b792cefe02c58a61ce,ok,21,66
62ab7b4eb7389fa53041731d918dd8bcc98c4d99,ok,269,990
f0d1f3d1b962ddead3199f3c6ca00c8e25459f8a,ok,23,76
4f4317e40d3ea7c4b883619890e5336974e4463e,ok,150,541
0c72630321b8c52a1799cd9a98e721a00d224de3,ok,512,1795
133c01f3b8e42f6032c9c22b783e71c2f249e46d,ok,164,574
da3bfa35e7e2efc41dbbec3643fa66a9ffdf13f1,ok,21,68
c11297043a1142b8ad796ddaa13813f7dcf33146,ok,14,40
07b9c26bb6b522a44386a90a5c9ac5b74c4c45ee,ok,65,220
58797a4d4939f1d1394cc055fb6c6095fb36fab7,ok,239,827
75957f86805015a79412d311d175c001cc577018,ok,24,76
9db8129022ecb256d77cb342bc6202abfca3a4b6,ok,22,72
b9e4cd402a085d226646bb9381a72a330b23e052,ok,35,122
9af22c119452d247544b75fb261249af81b381af,ok,389,1377
c96b9806fca2a6a5f81be3f979b2ad0a69a3cb85,ok,32,110
d9bb54a53e9835519ffca2ef97c21f1dbde899c4,ok,22,72
4937db9bd299f6d908ea181c751520e50825e37e,ok,42,142
8ae1b1d7c1aa3e9485f7e6992be1111ab5b92d23,ok,393,1410
8c2f017780a890e18cfc6d0e72051f547d24be28,ok,32,102
e0b3521d193c37357aa2d1f8d5b269f64aadefc6,ok,24,80
f619838ddde8aaccb9ae268c7ba069bc90ef8651,ok,512,1868
024851bf0c066aaf1542c3209a6576bae677f4ec,ok,512,1923
a2472003593d71d7e8a55aa4ba82a890ee9ff308,ok,185,688
ce75d4d52d15a3326bd41046d2638f388b1b07b8,ok,45,154
655d45747b55024efeaad62bcf0eaff1dda2cfd3,ok,29,96
0f244cf89371c3259c37be404f492bd538fc28b4,ok,17,52
11dd31c64e87641685a69c99949fdb5b0dcc8b6f,ok,512,1907
473edcff33a52c2de5ed6ab9e58a57a30d580a17,ok,17,50
25ae15c53387537defdbdf2400a0ebe244e4d7c1,ok,108,376
18daaadf77d6c1982a7151a53e966a05162fe193,ok,132,483
9ec4d37c6f6c7db77d4bf16db3bd1982d487e1f3,ok,37,120
bd304b4a0846e859b7bf0ecb6dfc52b9d2b94cab,ok,12,34
368131fe6ef662856d041a1e97a9589ccb37de3a,ok,55,194
7dd6d4aa2d0bff239fc2bac65dadcb635d82f9f6,ok,20,60
45d14c7b7ff5ca0f509cecc35b98371519aea080,ok,306,1106
f250580d42b20d6d8f59d91a84cc37bb2ab7c536,ok,30,100
8dd6ceb14324c72d522141571122be117cf72890,ok,186,686
3da59fc598f574b02b22026acd1e683e52044fe7,ok,283,987
e972ddf24b0c7bda54dd84667188e83a0aa699f6,ok,512,1909
a23ca6cec3d447f8e58d3f45ad28a21d92dd2f69,ok,15,44
f7efb2baef07365e157e317a128f57a0091c6173,ok,25,84
b7634112daf20c17097a22493335252f53ac1f4d,ok,37,130
7eb5aa22418e17891d105205eb63a15d49000138,ok,47,154
69cffe4f64896329718b9e0f269cf63513a83512,ok,316,1118
26fe494ed078a5f6fc5cb27098f0f5bbbfdea7e3,ok,512,1991
f5304d09217283ea6d0a26cacb5c83cefad91e68,ok,27,86
686a881e16292fa446eb28c7963a672d82b65aba,ok,146,508
a3e22e0dab5120d275a3330ee11adffcbade9a11,ok,89,302
a376f83ca25b3367adbec501f38d4fc061007b86,ok,36,116
787166c52447b092393e15d7ed397f9579012140,ok,73,252
654304a64c9f758e8764fba1c2caba13043f9264,ok,207,806
b876a9c404fea126149673d2d32d2b8ca1ec6f88,ok,187,696
f748cb9662258e4f3de8c58a830566738b84d754,ok,17,52
e07414ae47060f91d6374365f980da714a30e098,ok,297,1044
4b278ed4c01951ce8380eccf4b677316560eb8e9,ok,45,152
208a474afcf78d77c645599ffe71d8830e240e33,ok,32,106
62bc6020b24c88e77e72ca275f25dbcd7a6a3791,ok,316,1204
b255bdbde49f22784fc6493dc107ae4eb4dcab98,ok,54,183
dd1a0f946dcc387266534408c543c9cb33aea050,ok,450,1589
a5a58596665815e6e67c1d576563422dce295a02,ok,75,254
e0ede7c7d8fc858ac9f6337b3f77119f424a204e,ok,169,596
f2cfa501a1acdf1f7a97d0a4a69de5829139370e,ok,50,162
9ebb71c4b8a7a54bce7346aeeca3783b35640ec1,ok,108,380
f47cdd731c3cd0d41424e134736111a3db921b37,ok,123,446
8d75a48d7e145d292a54a794c0a4d14d675a7d05,ok,109,380
2ba0252d4d6d8ec140ae70838666f45f3ef061e0,ok,33,112
eb37a56050a32c3991f9ccd992aa0f889b223e5d,ok,37,123
770ee9b9bc6dd16eab871e7866a53ea5447870d9,ok,258,939
7d4a0cc9568d27c113d617312b3fab326efab686,ok,29,90
c917c26fd327f06ada4ff3376985f73909d8499d,ok,30,98
da3c266d94c6603b5b5d4931af513d33de560939,ok,16,48
f8166f6fbe20dce6a9cc18c171d61ebc48439e7e,ok,226,827
05c8dcd7b9d663606e73bd5367db66c79d67ca6f,ok,38,126
ad8c082f1a60efd1c8869e6f32f6a18b44fc4113,ok,175,626
535c47e2328c82a7cd7673e4b8e44f9b1d161eb7,ok,31,98
a453c1b9810f1ee8ee44713a9de97eacf5531d17,ok,131,462
d7649755697f287b4b864ca43c7b5dd11cce2cfa,ok,134,468
0560e65af412f58e430ec8357cc6c7617a3ef5c7,ok,219,806
1a8a130400e3ed428015363eb345b7f43e7af13f,ok,28,84
3a913a92bca402fb9a92cd11c6f0bb93ec53e064,ok,16,48
85d60949357916de1f6832fc0741646bf532a2f9,ok,25,82
2db6dd55414ec6c92f7d9894cce1ab8d5c2d71e1,ok,288,1066
229343b9b48bc8dbfa5f37cffee81c8b8c4b039c,ok,373,1289
2320e1a621dfa1a702e483b96b6ef8b417f676fc,ok,25,84
2c2db4eb4845c7948e29b4906194991ac3b72fa4,ok,346,1276
d985822b42cb4c0f4e57f3d17162d23c06536456,ok,127,446
23e9018784b0477cc06dbea1dcf8cabb6da1383d,ok,512,1816
7b5c9dc0cc66284f0f179cd9309ec7a6431a887e,ok,282,1035
6cc517460835d49e3e5d7659e984c53a1750c6ae,ok,25,82
83842b08f450011c100999cf8530734f755b5051,ok,80,286
3265d9a71bd64fa9c487342c90b7821ba1d3dc26,ok,12,36
670464b2dc26104d4498c8c23f324495d9c75062,ok,9,26
39879254390108be32f2c0665848620b2b8d5a9a,ok,16,48
2f5ac05b8511edb50c2e71c0c8270ab746ac7788,ok,135,470
f872add0f26bacaff222b58e0a4b1ee8dd193c1a,ok,126,445
bdee8511ca60c3ada36970a6cbc812a958bc6e13,ok,16,48
5ebf9f82804a05e6472e29a19658b4c208bc6b82,ok,231,844
7b0c277711b519ce65d497159f0613ed82c73785,ok,149,515
3212dbf2417a634c1c402649dc90aa9ccf222f0f,ok,231,813
5eea58f24111c3a5cf506727cb2c2da4ac708547,ok,276,990
b6b13646bd4a460217c7a5c9c7b2bc68c74f2941,ok,512,1822
622738256c01bae1153c18761f8d667e8aeea580,ok,51,169
5fd6fd73917893574f2c9e4d5f21b22d3f4168cc,ok,82,272
7e4991d20f7c88c15d298b73ebc11f1af5b3213a,ok,209,756
080b25d82d40e400ebd7ce9ca119863e2d40d35c,ok,81,289
5dd9c3245088d8dab5a2c19acf0d199f0cade2f4,ok,74,258
01253c1f1217b29a99047ea34259d84d8d1d52af,ok,499,1890
8d69cdb620045088145b595de218767ad41b78cc,ok,45,160
3f0345ef8e0e2fb9eb2a4d668d1e5b89f49f1b7c,ok,88,313
a3e8267c70ce3b1a208d7d383bd91b9516e477f4,ok,104,365
b3d29a8cfa3584bbf4bec37ed609ae487fae7b94,ok,225,791
f26a1d22964f5e3f04df88d035684a22b3ad1331,ok,24,76
57e6a6e3b75beacbcd889d7a71ee43a8e4a31527,ok,512,1866
f5bda23e3920c2346594ad60b9494dcb85a7dcca,ok,53,176
0028579c4f15a0dd556cca92a8a6c6813b3e5ae2,ok,31,102
6cffe53bd82ea51488a14144561a7e4d0594888a,ok,32,108
fab1cc95645460b3948e0bacf3dd494c7dedf69b,ok,512,1882
c1af6ffded60e20caa771dde58857b43fd228bb7,ok,20,60
80ff6088294e240357fdad78d191d5dabe098682,ok,512,1883
3dbf7eab61d62f250dc51d54936b242f530cccf5,ok,22,68
d7d6a88a79752af5f96166145e9183090277d7ef,ok,65,226
42a4ecf6bc29d9691014c5a90582b2c1c628231a,ok,115,416
4728e2700381a1bd08436f8d663d9b1390ee111c,ok,141,500
130cacbc288f09846490add5981c2ef4e13e14b1,ok,448,1678
51634888fc42c455f2fe02deb199184fb8130abe,ok,49,156
85eb6a139d5ed916f4688e4be732338e341d1d2e,ok,242,849
2bfbeed633baf189ee440f175924a689b66d2ed9,ok,28,94
0e99beab85d6dd9af0f6878f97087440f9a1ff15,ok,17,50
91355f15305cdf2a734cce52d31df0e06ccbbadc,ok,84,279
036604bd80bbf5545e1c262f6dd82f8490abe3f8,ok,23,72
3e5e513b5a5d92c88ad9d4f315d378bca3a33d65,ok,17,52
96064e5165ae976f27a639e3d720438326a72dfc,ok,17,52
69ca8b0a66ab1c4511b7bc97a049a3c64fad86a0,ok,24,80
340d935725869f4fce048d12d58a092cd7461e64,ok,11,32
fc66f34ea270b3909921298d44a4665e3ac2ede9,ok,54,190
0f93f066493d9dd4de044a79a115b72646acd5d1,ok,39,126
a66430cbd31b953ede4107936500fb3ebc70eda6,ok,96,325
000024269233c272a0df9667491f560c4fe03509,ok,106,360
0dec48da6101cdb9fa4bd896e7a8d47e966ef637,ok,33,110
3337dbc96fc8ddb616ac095b88a2f8fd3564c41e,ok,30,98
5005d9b7fc3c02ae07be4b70f7ce83d9aa1ef00b,ok,87,291
c74b5a48c050693d0bc8cb4a82bbaa6c0215ef31,ok,38,122
ce134dc22f1065b2e7569c1a7a7d06b0d7ce52c1,ok,136,481
7d374885449f45fb94f082cb7028e3b15e1b034f,ok,15,44
0795d97d99705553fc7ac6a27fd3da3483a483b4,ok,160,579
13293b68165456aa9169bc7946529c95beec5121,ok,309,1074
dbe9901fa0d1872694ac64dc2eec2f4757572b0c,ok,151,510
a1e56360ec2a7b4157c4d1a3cea06148c3694b8c,ok,512,1826
0c8cdf1c2b019c12ca91e567a7b538d40a4ad38c,ok,53,172
f21e6d583ff0a37b7bcc517ad26451ad59637394,ok,99,364
5b1d9eeb8e115ab043fd57779f6bc65ad5ea7dc6,ok,269,894
f95945dae924f4b43a634170468532a8bbc95d7a,ok,33,108
7c93582baa51e3a56e2eab92903fd432c9fe1ea0,ok,33,104
55706606cbaca69767403e7a9ff1cf0b52512ce9,ok,37,120
f3a2b150e0b2bbd5dc50089b9abe1d7c479fe11b,ok,58,206
e00bbf84a1df8a657b148d9413c0431dbf052ae2,ok,129,460
1f958003e5447f24b7e145dc42453922efd7711c,ok,13,38
7e2e8611c1aa3b003f281e29600c04837fce50de,ok,17,52
55f4e2d8b78620ee034670b8c045d9dc65395f1d,ok,11,32
acbdd6558005ddab6243d7a46798cb2c67628f12,ok,22,68
21c08ae31ce1e1593e922dc2b47acc3db82a310b,ok,83,278
59976085067cca7151f0e4906d66bc23d7f24bd1,ok,159,546
1d4fe4422089e04ebc9e9b402433a0bc775bb866,ok,25,82
d8584b49a24baf4aba0a7db81837e68e67a9c618,ok,25,82
fb007de9bba5081acd4d1d5177cc2090dfc38990,ok,214,768
b1f50f5a35551f975836ec6829ee6536f3fdb770,ok,81,294
58a818741e19fc4d35128400da3bcf4a1a502c12,ok,24,80
538a5c2cc6839f66f8cb06cc2d8f0ee9c0a3e0b4,ok,105,372
ddf2ea97b0bc4bfcab1407cd3259cef8e8385a7c,ok,512,1911
7c8f81d51b15fb8e23fae149b5b6d847cb8a9fee,ok,97,364
74d0935729523e65a93c5401af5ddb8ad5040654,ok,56,192
9741ab02cfbb31b5676421cff29d46032705ef9d,ok,95,324
0b42947475213384ca00b06f82fa4e9020b3f812,ok,111,380
09e801e2adb1ed9c0f78cd99aa3375d6cc68d3ec,ok,251,913
b0f398faa3d45d4a43a67259c610ccd3be5fd11b,ok,91,314
e2bb7da91c6897e16f6332aec13b3c8a9aa81037,ok,512,1894
08e32f66d957193455c000668bc0a5a90553ba50,ok,398,1442
10ec9e5cb042155260f300c154878451067b7ca4,ok,70,251
7079e44e889a1263a51ca1b5f5adeb70d687fd7d,ok,172,607
d28ced6a76c43def68376d7fbfd962cc581cf29a,ok,149,534
6b426dd239bf7fb2e03c6acf93fb6b8b52d26609,ok,512,1957
a9f88b0d31a5491bb4a20c49e44e2e456c87096d,ok,13,38
707d28a8736a6cae64414bcbf7da0d2cd5eafa6b,ok,512,1812
c64b4c8186a4165e8d7edadee72354d6c40bb528,ok,16,48
05c183ae858bb60155113869012f468b3b7a18db,ok,24,80
aa7bc1fd3cc4ec16c8ec611c1db26b728adfb741,ok,272,1051
379029143e63778b6b3307446b868280a7739a53,ok,85,303
2a80331232c42c496fd4d67d53fadec8f620403b,ok,512,1879
a4d3723c61161c025fab8134ad5dabb4684bc7a9,ok,259,975
a6cff0244a589d4aaaac1bdf0e60a087614ecde7,ok,512,1911
27c4660953353345acdfffe4015dd3b6d9bfa845,ok,9,26
e0d880365ab27d415c5729d60eeef900f8690a96,ok,57,190
cb09151f1d6874bb52b3b716d6d905f4915bb54b,ok,224,766
1b46c12434336f7c1c859de038d30784ac67624c,ok,20,62
57fbcab789595793fe363da7b72c4a5922f4e86b,ok,72,242
6b770e4498418426220823206748b2fc1730357d,ok,16,48
fcf2dc250f4179671100021b5688e88f09c30d65,ok,23,72
91b2d23a29b56e28982b21a9b34da99252f88dc7,ok,502,1861
e7d29b9b37ff6602fcd4952a7be2735a159d1a27,ok,65,220
a778bbc72129c21da7df4ddf4cb7165f084cd329,ok,162,563
1176246d27e562b8cdd533b33b09e1c6d4f8ab83,ok,136,484
5402193cd66160bde01b8c41281905caf8d8aed3,ok,50,174
9539abf48337d3a971c15cd61b1b35ace2d1a46b,ok,95,342
22ce18de7139bd2bbfa2e8c73377ed82ccbdf5a3,ok,37,130
5ea4ed533115e4391f32012f8b043c9c529e11b2,ok,37,120
a257c9de1d03f4913a6a2078d7b40a2a371572c3,ok,269,959
f6ee7fc4d4dde94dbb59d8a310ff60fc0fd36812,ok,512,1894
ee312a288c90ffe2cea42ac8d0215c3374d7211d,ok,244,912
86f4c8c9a800b94b31d5435c79ddb1f1aba9aece,ok,75,273
d5e076cf91aad26a272492520b213574b806b0fb,ok,17,50
cd0fbff7c834b5aab034d2bcf51adcbc29ba1e40,ok,418,1538
f4c1dc3a414b00e15969a9eaccb35594c636f213,ok,27,82
67b15d05ffd32b33220b254fa4bb109fe42afb4f,ok,26,82
e017cde6bc344565989fbbf4c3f334ad2890f703,ok,21,64
e770d3939bd2054a4a8c6765ac635da769b336db,ok,220,794
e8e7fa4423892f06d85c00b728941ed027a5f558,ok,25,82
82dd58c0fe575ceb507212a26d4bcef4a0c45efb,ok,16,48
e00c9e0682429178494b8c137c6e4f171fe4da21,ok,23,72
2c67c4fa81c87baa10733d618dd84872d27821c2,ok,57,192
0ea308a27d889b02b7a9e0ec09cdb86384902faf,ok,34,114
1a3c84296c79a5757a4e170ec03e4ea0089c58b6,ok,41,138
aeccd6c4eae27cae15c889b00b0a09e1c7daf241,ok,305,1086
242628264ea511e10296902d12f11156fc9a4829,ok,77,262
8a398b7a67fc395a361bd73c603f35c53b9085db,ok,19,58
d8cfee1867e3cc4b05736860a440f3d137fe41d5,ok,149,518
cffb4ef334d18eaa3d23b2cb20c4177210f31fad,ok,141,500
25667860be61285fbe233633fb6b8fa4c19b10b9,ok,44,144
8cc0b5c519b3d55e2383e6269c6c766048a43019,ok,83,299
3d245a1a0aa1c57e2e2c7c780b7ab75bc747050c,ok,89,298
6e792b93ebb2d721e705f4dbc7b95d6a064a2d05,ok,14,42
2a506f3ecf8a522239549fb10b582e69ce4f015e,ok,24,80
822168b39a58e0b074c068ba40b9373af7ac685c,ok,75,256
c6186eb5e775a2511dd93d531e29333415b392d1,ok,16,48
64023626a4c5be6d7fa82d62cb7f08ce271efd96,ok,26,82
67e0a91fed002b5e44f381ba41fde33092d94571,ok,363,1403
91e1353387a46c754d2010b8d680610512dabdcd,ok,298,1071
5d957cd4ea17f8bed46236977367f5e13382e9cb,ok,76,266
74b8803d6ae0ed731af7b3e97b07a6c7af478407,ok,64,218
65adb7ecb694afc0be85b12bf3f6b330e0559a1c,ok,294,1022
c0a1d3bcb6731b1441bc319ed33bdb6c1075c772,ok,62,210
cebc794c1b6e9e9aff58ed91ef4aa1b476411bab,ok,512,1894
b4d9cdd636e525fa26b09890582438967ca9fa7d,ok,72,248
839cf3a83c28665c838122814c785a747419e60a,ok,12,36
eac21ecc7341082c3f12d0536efe37b837fe2964,ok,59,196
c47a6b9aa3c43d797e6bb99784f31b1d18f24a36,ok,24,76
f8a08b6b31e93594fb4f3a47139fca46ebe2f23f,ok,310,1157
6d29f97a2f2174ea135fda5df148ad323b1e9893,ok,12,34
e6f1c48871c7b1d9a5e54502a6ae31493a12ea2d,ok,35,114
081a21da524f2558fb33aca3d0b0215ceaae6b34,ok,49,162
66dbbe9397b6fbf16751a89c34c20699d47d73de,ok,110,397
e6fc6059e2720d0dbff195c3d052082f17305d03,ok,77,262
89c76618167bf678ef354ca58bca60843a5e2b9a,ok,512,1752
0d8ef948310ef7dbcc5cca7befa8801c67680dec,ok,22,70
5bc72a0af48a935c364e8516aa35cac8fd3fcce1,ok,80,280
4e6072ef01422b6d868f5685cf795458bf809d22,ok,98,340
ef5b73b28e8149d08b2064f7392559b3a8ebd118,ok,51,172
eef9da5181671153c2ab46e3aca25dd76e013bf2,ok,120,434
9a858db02d2f53d0b66c9744197fbde6a55f5247,ok,58,192
2e887558b4befc24f01da3e561acc86250fb19b0,ok,15,44
e19e2bfb266e2433dc3d4056710dfab615d21449,ok,49,168
66594f95919d35e6f50c6c8909f3bac35095ddf9,ok,28,92
45ffb64a2bcc8412c5518816600e5dbdd1998c67,ok,20,60
6f4bc1bf9202ca13f93ed7d7b332cb70202fd673,ok,34,110
f3d4022fabba0f5de0f617df3d9120e4ee614be8,ok,48,158
2034a6d19a4e87e254d1e4e932d2323a5f6f4a7c,ok,30,94
fdc783d8f382b13fe2caff5c2626a18b5a76af92,ok,152,549
f6cad3a455eb8dfe950db16eedb89328c81ee0c1,ok,166,609
09ec3f1f39533747805956a496055ea0e8c6e410,ok,25,80
a9984725d4ca8dd8ba877e34372f8336a3555b7b,ok,122,422
72023a413f6ff15fcc62ceb36b83dd5f27fe57a7,ok,101,360
76a37d075ec9d3a93bfef0e87d19a076e59ba630,ok,42,134
61e5ef6f1360c9611850274661a593ac78b9a077,ok,142,498
2c33a867e605d7943a2fd177c91c6161b901693b,ok,452,1599
46c4c71708bf484a473878a3e2e02a2eed46fa22,ok,512,1904
ce0af416cafaf43004493a7f4dd302bf1f481c54,ok,204,780
2bcaa6b3eb0ea0179e6ce29d1b78f1ab00de8ea3,ok,115,404
d62b5f670c4ea66363b5f1c74ca93f40669eae59,ok,512,1892
e79d694353393efaeda2c1a455526d50c9629229,ok,424,1616
14956b9ced7cbe84ce36a7daafc205da191dbad7,ok,60,200
583b9bb8f0c05ea20f8a1eb58422f5b0ebde4cd6,ok,17,52
5e8ae29952b204cdb703159ce447e1a88b628853,ok,16,48
593ab2c640b914c4f2b5d2b0912200720c162f01,ok,243,875
253312a9e955cd5ad3fb10a39f3b7f677de55ecb,ok,15,44
804bebb27c710b678bd263e862ebc691bf8dbf84,ok,22,68
861d9ab7f625d4a31f65530e5c2cb420b86d3965,ok,183,650
aa37fda7e4f166fdd4ba121b3aaf7336f5b9f0a1,ok,142,515
b8adf282ad196156dd27c9e71ad510232ba7e17c,ok,12,34
72b601803611c8225743397da7b5b95bd07a9aa4,ok,83,282
2ce695f8f9f7f3f91eb74dac8ee1e5af6a219215,ok,17,50
b1341cd288d52c78d9ade1dfc270e0d359a4aa1a,ok,44,152
71ac72ef9c880a87d073a108688491276ff048de,ok,358,1309
6c7dce2fddfe76ea297a68cc68132eef62ce8e83,ok,182,665
61501822862669f8f6cc04bc29044214a24ca2ea,ok,160,564
5f04477441fdc9783cb6e729e62c78c32bd02924,ok,24,74
fa3b0e806575fb0e9d510dc49db1c4354e06005c,ok,24,76
228e2a8c750119ceb6995008742ba58794d4c585,ok,64,217
37e7d6c96459c3d2d7288cd08182e4cf8cc3e2f5,ok,44,151
663718d3ebab19d4481e73e25f6a9ce19f604a35,ok,20,60
d07537a5cf3aa476a91d73f005ba0a5699aad889,ok,320,1214
0a632100761fbd37d944f19569aaf115f8240a7f,ok,169,611
9496a6af3a1d812f44f1d4f8243f4cdbd180f40a,ok,74,254
4253b36f0e48f27d491c85e3092417554adb3501,ok,464,1679
5f62d9729ef08f4596fbb77668874cdb96cb6821,ok,512,1878
9f0e133cd401a933dcb5a7d719f4a8cbecb61980,ok,512,1874
74c127254384c02eafef97bcccce6a4d23f8e8c1,ok,12,36
24dfe185900bdab3a506bf6bf7c131d1eebe5945,ok,15,46
064068616004e5b22d286d2e1e943ab1f0f8ea29,ok,175,638
718181962b54bf51edf0ee38dc7affce92c76ad1,ok,512,1824
0260e325eb73e4bfeace77fa865359f2b769793f,ok,512,1844
5ba197b842564f5fc10fdc6f1b651d671d258e30,ok,85,300
34e66f523b0c4c52bb73d143cc44aaa915fa86ff,ok,512,1880
8a4335d6662b2b40fd5aa1e47e62e2301f6bd4e8,ok,16,48
284d698f8bebeb2238c96f70e8761de32254558b,ok,109,380
1bc359a8c9dbe0f29d93f2e3529cea114e1696a7,ok,16,48
d004a9e5512e42c4fe198e381b25b447a89a7cce,ok,63,223
1e98a1c0ce4dfa787772570a7460f7d1fd2845bc,ok,112,392
f3ea12de413c7798fb414edeb1a9204f69ee1cc1,ok,61,212
43c40cb168ab6739ccfba19f16a7494802dad23a,ok,75,264
676dc0c5e32ba000650faef1a26052ac74afe290,ok,48,156
f4885d1840ad6ef6a68011a424d2b1ce5815f601,ok,25,82
bb205f7d6bf806048b024dcf60f6f7915c3867fe,ok,66,218
f3c951a859493087f6e1a64c9d6d1a8571b19ca5,ok,42,142
071a8d9f3b00a2ca89f1bb701908dfa2e5568413,ok,50,172
015edc389d6a1659d2c27b4e425317f4c6e16616,ok,119,418
32cf6fdf981f86aad48579c07dfdea7541c828ef,ok,133,466
73f68b7a2c541440d280edfe0a5b5001bf0460fb,ok,76,255
7566528b5793d4671817e5eda6425b4954bf9c8a,ok,48,166
33b3cd7388bfaa055fc06648c737e8b1241cd039,ok,30,92
5be59423eb3d4f8a422d3b48feca7e354512ea70,ok,17,50
72afa5cc010494179ecf7b27e2fbf33873bdda62,ok,512,1828
5ebb2384a1ce8a31a20beca021932dc83f6bab1f,ok,35,116
f515f1b96e69ad05beadc662328ab8a01933467d,ok,187,668
6b27611ab56c2d10b5224f2ed5d9077355e37fd1,ok,68,234
d1d249e6081617139feabda77d1600848b76e6bc,ok,54,176
181c32162c674edf6b7bacb7d5dd924de9f84a3f,ok,16,50
a572974bf8a82280c1fb3e83dd5c9fd8f8005be6,ok,16,50
a64482649f357013236274a30f1d4eab01a8e2c9,ok,16,48
dd7bd2ce3cc79f2d8dad1e18fddacfa27eb00e71,ok,24,80
f8a7818610c5bbc844973e1edb408c39b5d7733f,ok,205,730
d5add1c3241626093feb9b449658489f832003e2,ok,79,276
ced06efd3b9ceca50268c5db32d40c04771ebd18,ok,429,1582
9711c9684212b3633243c57a454a19da40404716,ok,32,106
582e22f8e944589d572be5b82ce3da34b712458e,ok,63,234
2f87c9490c1d689711f9997d2007e81fc81280f1,ok,34,118
d9eb56873dffe717f7dad3c4556c85fd4f770b22,ok,52,168
7df76ceaca19524ac746eb51329caf7f02da1288,ok,17,50
cb840824af038aeff66b1b211bae315aa0c46725,ok,512,1889
1807934d75418b4c446863d29c825172d95fd833,ok,112,398
16db307b289ea8f643b2bfdb0e5c7dffbeb566ec,ok,71,239
6ff06d6f85fdd7333f60d2b4ba1ae559a47c2209,ok,92,339
1dc84c6a0e1516c92f962fa2d96d808436ff0787,ok,255,958
ab323d11ebdd9468a8c8804ef14ad67cbbefd6e7,ok,103,374
ad296589c449fe203b7fb037dad0a9210d5b64e9,ok,512,1779
57f41716b6ee988a9d859d7e230519403c9bc58b,ok,12,34
4e4cb8b6fa959f7c8cf90a69160593770f487990,ok,21,68
1b75b4b954678ef315809f6cbe68e9efb9622afd,ok,19,58
d8877f1eca6607ad8baef78c73b174ff5fb06064,ok,8,22
ade6c0cb7312aac66c19cab8d44d053146361539,ok,35,114
412ceea128d2101dac110c173d9e50e2c9072e2c,ok,143,490
e547d9ba1812991c06270ce057f63e92f21f517f,ok,25,82
5e8345e187fd03b541ca04e95f9a6f8a02bd025b,ok,126,458
cf17abe3cafd8f4ba6f5f1908c874d198d515ccd,ok,16,48
cc0a4d26929a273efcabba356e2c06f3b4c22cdd,ok,70,236
2066f6427088fe62c0c92c00f2841a05b378f063,ok,147,506
b26e07aeeef29d24ef856d89f990cab5f9996e9e,ok,54,176
07b54a7d5544c1bd1c90b3a162a6d58ced0e6b21,ok,328,1190
e4f268bdbb1e7b367a0fa4bbce8d59e339338af1,ok,59,204
9394d35eeef39ec8aad46ddfd89cb38b8d5ceeef,ok,42,137
8457a3dcc28b773cab1a5cf1333fd49f0ebf8826,ok,185,684
de31c3dd1679ac93a5e5ae9e9f476db944c2e5eb,ok,64,228
2b2e063f94e1599b1c607c9558a0546592bf9e5c,ok,68,240
12ed49f222f46ad07fab2ee136d3931c0b81e6f0,ok,141,502
9b3db1fa0be72f7ab84cde6d1c093bedadfb45cd,ok,56,184
45d76f8e144f6f4d0edb01b9975c27bbdd825e85,ok,39,124
996d93ddb2ea08471e67b2c19c19b7a13746db93,ok,160,547
bc6939db260926053143870537ddf74d6a2d944e,ok,224,823
b5c246499d86ba3c1b3feb0239f021121fe42962,ok,16,48
5bb861514f59021131fab7052fb5cc212eb0c1d5,ok,512,1847
f7726c17c4779360307ce258a5bc92b709cc2b1c,ok,265,930
74214525bbe44611cc30bdc3986e36cb6e21e4a0,ok,60,207
1f007caa7be6a5f92e1583e15e4a7787199771a5,ok,317,1171
166d325c7cdc1ea039d886ad0a3d8ed4e8d81878,ok,27,86
d5c266909079aacd7a1597a28544f5e2cff565fe,ok,147,534
07361629c301d4111bad971278dcdcd180c418a1,ok,27,88
af653bf936af1da972a606d648c6599d050fbc02,ok,27,90
eea2978d18bb0c3c4f116d4fa1dd9f6ef95e4988,ok,457,1658
3d104b6763308a0bf1b7d7ceeccc8180003a8801,ok,269,976
fede2f400cc79b7e8b7921cc0c948dcc97a1d5e7,ok,297,1044
90bee6d6ad1c7c9af8465c3eb51929328da8f565,ok,339,1232
ef9e24fa055debe7fc08a4d485ca6f948b919020,ok,29,100
f3a05e121ee547135b6f90514c5a6b711862abb5,ok,512,1913
3b90f160840b09416595425eb748ffb189561cc8,ok,444,1625
b123b8f4fe52fed13d62980af2d5c889da0e088a,ok,30,100
2ac5fa289b9c0eb62666493cf81b9aa0717fd7cd,ok,16,48
b198182fb8e014489a1dfd9c451b9c227581199a,ok,335,1198
dd4bcf534b52ad22c43eda9e25ad1c95801d2614,ok,13,38
1e64811b016b8a65e1342a786cee1bbeee9923a5,ok,28,92
37f1ea12e073f855f42aaa159293d94b7a40a7d6,ok,42,134
e3d4b0a3642cbb64649a8789176094ddee7a231a,ok,97,336
9b0d1c55a7f50c4157dab345e4f2b71b8ef80a69,ok,184,652
b2a669989ecc5c18a2cd4ca85c46b8617d416224,ok,24,80
fd57162302f38c85ab09645bb982cd6c89e99a4b,ok,512,1761
43bbb2126385ea734b88f716b8eeae157806e705,ok,464,1686
493c9164d1e43163f975697c2d13ea6d3eef7dd4,ok,21,66
309a5d9ab860a5731e30c617294345a546276531,ok,44,146
86ba2d544cc4d3a8e29fdfb058d53999fd6f1cd0,ok,25,78
ded8dac9ccd7d0caebb4b9a5dc5d45e3a2687485,ok,63,228
a6871fe22dec3498f738b3847c46bffdf1fe264d,ok,31,98
efaad4981e7b9d45d7dc6fe15365338bd05b2d03,ok,512,1879
cf34f9a00ddeadcba38dcae6458a5cc91c44b8b0,ok,448,1714
caa70a27141e3dd01d4261e6b3989ef6a2af645c,ok,144,525
2d03be9a22d20bc9df0119bc25d57ff3766d45e0,ok,391,1454
84f4d5faad5780d8a6502587d3431ebc580abff1,ok,303,1098
0bf86b5175bc42213fc1f75bf40dc042b4776455,ok,16,48
42347be1f1fd193c3130f9cb03daa9965e2353ba,ok,24,80
ae4305467d890bf389b3fed68e4dfc69ff4899c0,ok,369,1316
ec507e122d72c0b7b33c33b5b64faa17f5ee572c,ok,512,1849
2b4f12f6fd62c83231f0d575c31a7ed555a2d448,ok,225,796
c5755c6e37cb601614d2b6fc96ab6d65156d7f8a,ok,70,238
0637c1e8e8df2fe87a19a24d9b7e0cb657d7a980,ok,23,76
5e68cd55f5369729bcfc868b3d0beb5c2ef7097a,ok,16,48
a15ba9f7d16f2b5be42c36c631209e404098f064,ok,137,494
7247b8b7e383cd501943f0c56ffcdb12bacb073c,ok,16,48
f27ac26f94a50c7c5caf0965cc1450b4108d5953,ok,512,1889
1c722a5d7d8532c3dc45ac09fd594c07171fde4f,ok,12,34
1e43dd301b7f523ced1193ef4b808845109b59bf,ok,280,1035
5d202ceace089c0f8392e77fbbe70b9ba9516d7f,ok,278,993
498fa8bdb159ef1c70f385aa2449c1b8de30e4ad,ok,22,70
9571c7b718581b3867fc687defeba27a9865047c,ok,364,1342
09fdb114376ba76fb543ce8f3b4c0cdc6e9057a2,ok,211,763
628fafa039045e9d3a1558f930402cb6ac8db2c1,ok,203,716
ffc90ae4c72edf306e57ea49bb4089f02c02fe93,ok,477,1731
c17487859b285e26b81961f9acc02ac1815256d8,ok,17,50
43859fd77d261603899fd2cc1d837cb57941ebd5,ok,201,739
75be15d915784d61ef650afda5881d5e08f3f19c,ok,34,108
d00fce38269bd543dd33f54963656e784b55115a,ok,32,108
56ce5874550a13846eabc0023f2e4c576022954a,ok,307,1116
316c9ef5b2135f6c73c347be3bf2e757f995eaca,ok,210,768
dd4af1ce45be1b9a49b7b86797125f4dd9dc0511,ok,293,1055
c8e42c0c4347f05fd026158d4487d7e207040afe,ok,43,142
0a85583a016a32500f7d1d78a23c4b034aafc70c,ok,25,82
39f63a16f77cc746a70772e243b0f8640386b97b,ok,20,62
c2c7f703a0421e0aec6d5fa2f2784dd7140f7013,ok,366,1356
db9bee85192040c89e476d3e476fc986b71f4677,ok,16,48
3caa4ec6539cd33ecaad2e52766595abe752248d,ok,341,1252
ded5e30bcfe2c182a22e844ff4fdae4403cf89c1,ok,54,190
0a534d50b8582af068dfccbf0edde2384b2503f8,ok,87,302
5f000c0c15fbe2f2200fad2b55d6d657e419d37f,ok,24,80
8de9fa591961198d6b167df9d02c67a943ab7280,ok,203,742
175a6b7dcf26fed21e513e9b5cdd765353a199a2,ok,15,46
263c933e651169a3bfe210780502eea0cceb762b,ok,86,310
2f29c923565ce1e0dd84de86ae4a62488b315b59,ok,66,222
5268b0860727afabaf7a3af334ecbf5d5421cab3,ok,375,1362
dd4c7c51154eb62307caeb9e6a6c293bcf8b36c5,ok,40,136
3cb3c3038cc93473e2d79b91f6e2d7d2938522d9,ok,191,722
24c582e89f496be1e24d8f753338fa4559ad1b06,ok,21,62
4214a4dc561831a2512781037b33d463ea4dc396,ok,155,555
c642c365bf1da9c2ec517d49ca3dfad20d193df1,ok,49,162
adb5732f39ac5edc86c9e6a3ba9714c501715996,ok,205,747
43c785ae2a286b020d349e71a67078dde27d9e7b,ok,92,322
97b705ebc9d5de9d2e67d1687c6c921162c231cb,ok,12,36
ed65ac30dcc403d65932048198e4ac1fa2e37af6,ok,15,44
6d7adf7eb9f39d2fecfdabb4b99eb1c24d346dd8,ok,138,506
ef915818240b8e6af5c89d9ce0ac3ecc91d88c41,ok,494,1811
467d7466c72acb8f9dab5bda5f323deef45eed66,ok,241,852
a049f516f2462d5554a997e6c0bfcf003274b1b6,ok,42,144
4f43f48f408205262c4caedbea5c24832880a713,ok,99,344
c67a0349792810e35c929d023d86241f81b794e3,ok,512,1906
9649889016d64a50930560be18c622eb4c9d53dd,ok,51,172
dc7a386af8eb0e7354ede3101f6f452457d7c489,ok,30,104
5af5ecd0ccbe83f615fb5e003edf4ecb3394dd9f,ok,110,380
b1e2a6e3b05b30ffa0e37e805a746d28b055985a,ok,103,352
790ec42835e27791d770040bf7577616f95f752f,ok,138,471
501014b0e34d19167f2c7a56b0b6dbb1caacad0a,ok,25,82
a171ce4fb13e05b857f803ce75b7317beccc9285,ok,225,820
1db4fc8648e0bfcd9938a226cbcac37a9ef98ace,ok,55,181
17d7c09744e8932142b8581d16998a501c85726a,ok,80,276
af04572dd5e077fbe780b29a8f5708aa4dfaf94e,ok,109,399
68ed8c3153c747a99916bd51afdfde0bf1f816b6,ok,159,546
4eb07175d0d90f13b472aa13384bf2c1c206062b,ok,87,304
76f5a07efd85903b98aff3f91950ba3cc8e38050,ok,126,418
1e44f725023eae20b8fff9c81b7fb9a7d8a90c07,ok,141,492
816caed6b388967646f53370afb11350d84c7dea,ok,41,132
89f4afdad5077238dc8a899d56da1a472cdda201,ok,89,310
786902dfa3b647b1dd237420c07d5119425d4cf2,ok,87,307
95e6c1c1807f5a6629ac5aa1a49d38338cbb31bf,ok,388,1500
fe84d22f01aca1babee0731b571b83265e2ac0bc,ok,59,204
ea68c4da7b7239e907c0c10580a71177cb9ad0ae,ok,92,316
b3445a0bbe0cc0b2f83d01df3d80751332e6062e,ok,24,80
4bf23c1759470b6f2382d64414df78cd81f0a618,ok,17,50
e51468311976d014fa35eaa18e21ceab908c1b7c,ok,323,1218
e7faa1bce7258d55f22da1e8d29773cf75bf8f33,ok,71,236
c5f5fe720735dba0d2c704e218fac4768fd8c90e,ok,42,140
3e503def1d287e06ac02d50f5a46e21f96aa40e5,ok,28,90
92be1c8a2106463d92cbf3fc2f0a12a298a4874b,ok,435,1582
118a407263d9e629c5bef31054267f4da38842ff,ok,93,313
5adb94fd98b81586fce82e1f69cca07bd0a9013b,ok,144,521
f15df2f758c98f95affb05294c5b4b5a417fbf5d,ok,47,154
ba18db14408c5400ffe47cf3a7ae277d85389ba2,ok,66,231
367379c7bc3d053f150f530d02e9639dc42aabe7,ok,28,88
5705fe288bb1b8f9d861ae56edffa5d005706acf,ok,36,122
c639d96a89eb3029fdb70e732173673c457b9c48,ok,16,48
6387dfb2717b6e0689172d2d2f32023d5dfa4fdd,ok,171,624
ebac6c974279235125531dedfe352743ace536cc,ok,270,968
d9f9262c42080dbbe157ee3ca050448501922d16,ok,380,1468
9f188402143216dc6b2af9258aa7a20570da7f97,ok,127,451
b0da0987bc55529ae0ea8236f5d6090398be8eeb,ok,512,1876
b91da677650e5f1ff746841483b9a5ffbfe1a815,ok,163,606
644c1f0f4ee62cf91823d9a00c4d2b84ba78b3a6,ok,205,758
330fedba0df1060cefa86a19228e1b32229af4f2,ok,54,194
7d1ad78127ad4533ab7096fcf4c30c28b20f7c64,ok,31,102
638249f500552430dc34590be611174ad8c5139e,ok,63,206
b49dbc94f6b2b3057dcb4b995bc6561d17b6cc94,ok,288,1010
9713671fb21bbf331cfa56d3060e249877bf02a8,ok,9,26
dc17ae1931af4c324a6dbf74acbf19ebb197b307,ok,12,34
3a979e62aa8419b7ddc752a7231fac37a22d8dec,ok,88,316
38fbdc3c662e220b8c978588bd26eee1e5b9201b,ok,17,50
8051c83d6dab991ea99235c85e7b7d390c499831,ok,19,58
8b9bdbb3b72dd4ad7ef201160826da6a9e12f1be,ok,16,48
7ea2056137604b89de05101da23b4d7cec93aaeb,ok,22,70
83284a321d6ad2cffe27df176c93d8d422885a5f,ok,17,50
b333e7701d2b80241a5703e54e63f635561a6483,ok,179,657
374019d61ecd33e145b846eb1e95a99fa9f5c668,ok,172,622
d7da0c76fc537e28e41a24ce0d27d9cc6721ff60,ok,72,259
e8ce5b88fcb2d335626f013005eaa5a870a2470a,ok,26,86
5bed28c77dc61df622a670e22e3736323dba1661,ok,27,84
4be789af947f6717cbfe982a42b8ae5006a04beb,ok,16,48
baaa01bcdbc253c69269c32971c0fe36fabdd55c,ok,46,160
3b059eda12f396ec071700cdd4b71b8cc5dd755b,ok,24,80
a67b71d67a6afa41236bc18faa8ff0a88c01c846,ok,98,338
f62ca5a0192e5b30879b0ae29da105c3cb07ad5c,ok,24,80
2750c2db0d06a0720db374bb01d62ffb19a853ab,ok,151,512
7f3fbff08822b507a12e962b6e13543c92e52137,ok,512,1868
e4b43f81c4fea70739fc7291f84ce5b29e5535cd,ok,291,1093
bac7e9bfa38f37fbbc3e3a211c026ece7c9aed59,ok,92,314
a6a922dfa0442d7050664fe46c0c73c0695b6842,ok,55,186
7c5ffacbe077bdde21d31e0fc10c80a5fe440317,ok,512,1812
bd5da9376472de711cc954eb5ebec92cf1191216,ok,141,502
d52182c554c2420c62996de2b03b775be37f454d,ok,22,66
af2a79b812458e8bebd5dff073f1b40868b01e4a,ok,74,260
449173c79fd4cd9f34d89a7aa598bee292b60e23,ok,112,393
aaf016c143cc73aa2a0fd518b679e5e0e1746915,ok,346,1267
445fd25ae6b5cc6990e605f8a9edea478c8ef2b0,ok,18,54
8d3317a855b1b855a5f4f9e13ecf1da19fd38996,ok,189,668
9f630c1263a9a7e79a5270ddb86e3aa2c7d709a1,ok,17,52
d3450d058c35197ecf70a7533b68cf6838d8dc93,ok,512,1843
9aee17c999da41cd56da032ce32fb17ee9f4ff2d,ok,48,163
bd7c2350864b5ceb356839927862b2af3c380431,ok,404,1496
0d305e8417034a55db58db654c690cfd6bb0ac52,ok,112,395
d605d32850e54bb4a746ad0696fedfe302d7d803,ok,382,1349
65d961a7e29380096317f2f4e1c90f6a1863c11f,ok,19,60
2555384b31693ab6c08736804423b78cac3a24c3,ok,25,82
5ba23d02a0fdfb88fecde681a63a6d40c07ac81e,ok,88,301
db22a3db70530de24bea6f002a9d3834835b0d38,ok,512,1821
b9bbe3b91433784fe8f7effc4d9811bf89524fc4,ok,415,1480
b980b9d455d71dd7ec4d8b72b716f57fd6283302,ok,37,130
c89676c3e6e858280e3f302caf19653fde5b0d99,ok,31,100
ee11bdb4c43de272a965049aa4ec18e2c5533c53,ok,41,134
36f57b74040206fcd385631b8d05a5b4f2202dd3,ok,167,594
e3abed6c5f7e3926f4d07745ed2ce8957f46d4a0,ok,37,120
39692d266870247a6373653a9dd7f7f26d2e4061,ok,227,836
6a988d473d60140b3a050b5f226833a8a8e0690c,ok,64,220
444b0549911463c9dc0803a7dfb86dcd6baa547b,ok,512,1852
5925e9319c16fb21631798ea5973592c2529d7fe,ok,31,94
c7c0fc90dacb62b3db68f29c4efba3f929dbb429,ok,28,94
2303327762b46592c6f1ad54dfa0ecea400bd44c,ok,48,154
b1fbb2d21fa23c959ada399480cff445d9509493,ok,14,42
bb72d340dd5014a908561f1d5ee36fc230246a02,ok,26,86
c061e06fdc406178145086d031b0c686706df546,ok,334,1223
e85dea74ef16b2cfdd728ed6d653bed33b771cbe,ok,151,562
bcbd991b2b2b7238369b27e19f64ceaf2af63cee,ok,34,114
f75c72d5f2ef4ed55092e5c8b47aa9eaf9ed4088,ok,420,1507
044547b28cbb5f28eb248785bff8b4df27d26d7f,ok,82,289
29eb6e7fac38a66a298ef6214d764a6083e0798a,ok,322,1203
b17c200952efb8e5ef57704742964889f2324f0e,ok,33,108
f3de2ec3365c8d24c97cf4ec065f378ab341355d,ok,118,432
7462ca056f13146e878c95fbc6b4eaa18e7df0b5,ok,28,86
e81e38dc59ac1449db6beabb0747205574d60bf4,ok,320,1131
bc937fb77812d397cd14d7b1b6f80cf35346772f,ok,158,570
a765c0685fe8fe06870ca8cc4ff865877964a445,ok,25,82
0d289dfaa726e8876f3b3caff3ca353c74780a52,ok,260,948
bcab803c9c6ed222a78f15942be5c39c54b10afe,ok,25,84
51a80f875d694e2eff72b19479ff0c30a71c0013,ok,36,122
693ccf47af2105acfe5937e3afe622b353fa3a9c,ok,20,60
4e189724cf9f82bd5091a2905d3692fe26e2cc57,ok,41,132
c9ad48fada9a406be09f38e906ded42a4e516cc6,ok,16,48
724e9bb22e3118899ad7e742a2f19f453a2432fc,ok,54,187
024b1ab01592a34266b1dc1b1e40cd680a26db4b,ok,282,1005
3263259307543b22c97a2563a294f75d0b127186,ok,117,412
00ff3cb52d190fefdaf27efc10c6c1e36ce65959,ok,24,80
88f26440186f504ab6a5fdc5aea95e43cec8dca9,ok,12,36
f487e3ff388231650ab6e24bd5040f0efa153658,ok,24,80
94e1ebc393cdbde36f0a55e26e35e3d2a9c67255,ok,31,100
c72cdad7b04ae0f6d911c7c3d88f50dc14ddf9bb,ok,35,118
dddee8d6364782b60b0d4aab114cc18732c530ea,ok,37,128
736cb71dbb9e6d9c1fd31f2ad930f4e663c9d975,ok,81,286
bb289063ebd30e96fb0aa172d5e9be13b1d816b2,ok,133,458
0a3409b5726f6828d90518a0a66f35ed9636209b,ok,29,96
61befc0ff9f34be9655fb045856b0a7006336596,ok,17,50
7ddf6d5aa99a358706aed769eba598acd796f4aa,ok,37,122
6a42a40f9a0f9e4af6f56ea66bfd3d8bc55c02b3,ok,414,1520
869b50c3a1dbc68faa6100be9ed441e1aa701b90,ok,262,943
0e097fa7a3232f352734510bae293a57a2ca030f,ok,25,82
5f65669ae0f53f42f8e86ca9d4980dac2329bec8,ok,30,100
29a4a5bf1d18a19535dbf1709e3cc872575f59db,ok,217,777
c9f3d7dc52f764886722eb521eb7bbe4ef7022fe,ok,347,1290
73522e49b6c74f0b7ca5b6c3dbdc21d22dd3ce2e,ok,92,314
d3f6a512474f7fde30cb51f837edbfbf2dad37fd,ok,17,52
c6226c90ca6743225a519be6be52c90c954f296b,ok,15,46
b27866f6c994745bff1b55fb3729e3ee2f5bb5f1,ok,149,534
a2cedd5385673328b35d274d627065e591b2ff29,ok,24,80
6aed1045212c2c1fb1c1d106491c5ca8fb44d815,ok,96,339
2552f70a88a999c6feefebc61b033ab026527812,ok,30,98
9a0dc89f3491826178668aa1d94cb810c59e2b57,ok,66,235
9cd528ac06ed97572b03513b3a54e59d58b95af0,ok,66,220
1509844d347e8cc0fc260379f5ebe12dafa622e0,ok,85,300
da37b816adaab91f1f44a2974fa2c71917c3ec9e,ok,79,276
9e7b65e5f48d2f2598f79b1cec3b5cda1dded45b,ok,171,625
eddb85b783316bc3570abf9d6d945938f6e59881,ok,35,118
70516d3737bb74a3c1fedee58aa1ba783f1cacd2,ok,24,80
d543904218a40cab8653f89207a2cd377f07d682,ok,17,50
07dbc8b0b1ea2fb8b3d395b5304eaf164839ee14,ok,49,167
68c01eb2d85cc2051adcab7d857ef2cbb3452d3a,ok,15,44
1bcb299c1a471f49ab869ce6746b2d3f3a1d08cb,ok,19,56
e78281ebd8d702c0145422c27dd1ba6cd4fc6db1,ok,52,168
7f538cdad295732b317ac1c0f5401f3d6d4c8a96,ok,45,152
32056200d693fadbdd02a1e04ae4af9e1f951046,ok,217,791
1b10b884e4b187ccf6ccc7af4f926143558736a6,ok,36,118
dc606241d36c2a239c64d9c1c91c1f17ccaee1fe,ok,44,142
ef3533872036cc9cf2a33f4cbeccade959034c60,ok,125,434
ebf79d8770e40c44dd9601c8d7969406e4c404b2,ok,325,1182
362887c0690cdf6ef285061fa6bdb4a4266a1f6c,ok,52,168
6aaf4482ed6c1697624990e1d8d80454673e69fa,ok,30,98
05a465010c8dd616fe6656448c920fa4694f609e,ok,512,1926
8f1486f86b19312d72e4bafb46674204f593ee2e,ok,25,80
f1a614bea218a8554a6d4398c60a608aee99dae8,ok,16,48
1643da91932daf6a25cdd5f39ffb36a00abd5817,ok,19,58
8c9a858777238bcb9055842e0c0fe5fef137590c,ok,100,334
7b4abfe09d35a80b99e3da6f034eb0f00eab42b4,ok,512,1826
db48fe31f96bf78ef86f758ed7fd035d21f31bee,ok,27,86
1efd8d35810c9eec8341e1b7f3e1ea13a2a89d42,ok,55,184
deaac17739e019adebfe0936aa3b1fd882b59b3a,ok,396,1402
7b3723fef2c18428b5ef36deeb9bc42322a16a64,ok,270,956
4612aacad67f170457fc9e22054f2fad673af0d2,ok,242,877
83c0bc10b94d31b68e939ace324d88b530a2ef27,ok,191,689
c9434fb551f1c609f403bffb7b00b1b112af10a9,ok,108,384
1593d43741b46cd9a5f504d20558cdb703d567c7,ok,112,384
a4cf24e211bebea749535e1bc0fde663e6e35683,ok,37,124
4a0fa9cbce489e18474d47b4d3a41c1581652830,ok,21,66
1e14e69e0a73987c99accb2829aead7002bb7a32,ok,60,200
f1ecb4c49775f1453ff2054802d89ab2f9503489,ok,40,142
b27136caf931dfca4c04dd5c9f999daf6da3f6dd,ok,27,90
e4c441e034c2f7f39547f707ad687bb294f745b5,ok,32,102
171ab2db591f9d3a2f9ad79aba2de7426581d659,ok,14,42
de121727818309baf33a160897553b236a78861b,ok,512,1828
ad24f4a0d08e34d80b5e18d5dd8bd6bd30ff7818,ok,28,96
0a6aa2ede4a2dc74cc163e1460ba16e273a0a708,ok,127,453
c15386a51a68489933a6c6ea87bea82247172cee,ok,108,384
12439132c099ce44612d12a41fe2c2d8d9808679,ok,13,38
b69527794ec24a630750f9726f0412fdea621357,ok,512,1932
01f10c582cb9c7860cf65cc6b21aa5737fd2c5db,ok,26,80
591b9ba540f80a2413e03691c2c894eeb2e424b8,ok,101,352
8f6a9a4f38f7cf1b1c20ffdaebc30430d313928d,ok,327,1169
e8d663bbcad64613b5b7155cdf544b1adef45644,ok,237,840
5280628bca77b279ec6a3255f805351122edaa84,ok,198,710
164b1765ed14a10fca8617045e880e5de623f228,ok,24,80
4dfd136555352ddd2b58f97406c7724bd1a58646,ok,69,244
f238e769a841437e5c93197d6fc2ff61091cfd9f,ok,35,114
59378a20ff83771513ee15bab408ea5a9009c5ba,ok,512,1860
af0364088ef83884df05c151b3d0454a3ee7f8cb,ok,15,46
43f535396f727b3cef0bdb0f98703632756e382b,ok,34,112
d9115b940b49232a4e8d8be7879f04ebab67eee9,ok,283,1006
e7e0867f022400e162335b44129332beb63e96fa,ok,169,612
22419af6e173debe3af88f3cd739b3ea5ff1230e,ok,26,82
c41d6bd0758a0aaad27308e170892c5e2a082188,ok,26,86
6b3174496ce83499cb5bd76185938ce6dcfe0643,ok,25,82
540fef78c3de20996e256f98ab6e55562b0aa7db,ok,455,1645
4061ea137120c56174f2b20068d507b69ffda5e1,ok,512,1849
d99be73e3a3d7c935a9878fa8a93c0f4a796e680,ok,146,519
04920f862b25330ab664bfd20fc1a56ed8de91e4,ok,24,80
486d4f1398b619fb03614a69869ec873f58ca145,ok,330,1167
c4d46576f0dc525e248f1bed1b8763a70627dd4c,ok,141,500
ea430632cb78ad163a9b8ecd1a5814d7ff0722a2,ok,25,78
d0929b82e30124681441619b47885a31753ef518,ok,159,575
9b0c59606c9ceed250831b42b1a0bdfb0736b4cc,ok,28,88
695a69071dfcc00a2f59a9a82e050d34412ad93e,ok,69,245
723ccebc38557d7ec651ee4fbebaa58e63ad0144,ok,29,94
c0a51ce5955af9ddc6df98c87f4e22ac3e3be1bb,ok,48,168
3e8787d259e251326f8b72a16ed2c24c053c2b9d,ok,46,155
a6ad3f6699dd9b3b9b823003a6c630094afc3109,ok,45,158
eb1c37ad1b6373bb826e145c24c99804958b1816,ok,24,74
7ca37e0ee35b46abcac04ae39e515858cc7eda2b,ok,117,405
45206a0e31633a4660e0fac45b7d5f59c5b9c447,ok,30,98
9ab145bacb1555aabaad90cd8d08f8aa1eddc636,ok,512,1831
0881355293ab6c199ddf2ad479b04d194f54ed11,ok,92,324
434dd17cfacacf8e22c2fdcca6dece7a443c92da,ok,14,42
28121d711cc1e2f81b42d6e2bbed2404b34afae5,ok,512,1883
8c075bb503ee17987a77a2f20a59d74f0a7d7ebd,ok,33,108
94e43b43263cabc78d79f11389a048e5a81f2e0c,ok,18,54
f91b0ff09614b7454cdd671b5c601bfea0bb913c,ok,13,38
617c66459dd04d37d9d2e1fe817bccdc1704b6f9,ok,103,367
fd059fad55b8254165424e8cfaf2f4e5ec22a787,ok,238,858
dde61122eadc3c98f6ef28dfc0c802d99f2a38db,ok,326,1198
e84bfa50f85aa12751d663bf3620628e2ad58065,ok,189,666
225dc3cba2225bfb04db62371e35109b4dd9eebc,ok,95,338
d7348846b828d7b883c965c43e871c7f51bddbf6,ok,512,1856
110331af78bea69a9de38e615bfc2e887f503bf0,ok,41,134
a185aab423ec463a5d9da710bb9d9a4c458d1c12,ok,38,123
5bf176067447db500501e2e0d2ebca7125518c58,ok,35,110
7283371a1625ad8077d0f78dd318211891e088e2,ok,72,244
e67ab9355ce7bf2fcc7cd476d7d5c79c030b5df2,ok,15,44
f476c4be741e0b2641c86bf5ead6bb56a9f00c7e,ok,28,90
319d02d6581ef816973c05ce2f3450e13d88ab0f,ok,71,256
a37519ad2e579c002eeda92dd67740d273f2b578,ok,16,48
96f177f2d45b5c70f1f0d94da6aa0c08f4fcd0bd,ok,156,532
3652e9c4dc8bdec0d20bdf84a204275acae528c9,ok,28,90
dd292b1a4dc81d7d99ccc72673a8f4a9eae57f40,ok,114,406
97668c1b83ca5f07f04178c43845fa36ab0a0ca0,ok,48,158
8ee14fe43184d016471298979208252266055097,ok,16,50
c7ec0688a3cb336506ce3c1d97105a6f420b1931,ok,512,1862
d2b24c93df07aba9e3def92d743b054407875ba9,ok,19,60
c1fb85c6838b4ea9396cba4bd99c8fca78c17875,ok,10,28
b7762d7f9da096408818060811bf4c818348a7a8,ok,512,1938
b392991f5479a64b96242404fce2ded3abe60237,ok,155,550
5ea57dd8560f9eca73d873849089f50d12b16727,ok,27,88
805ff675c30520dc6cbef2d3b3201294ec1c17fb,ok,17,50
471f4320508359188679cdcfe7cd2aaa696df01f,ok,443,1682
6764785c7dc26de9edd8d494dc24c749ded40f63,ok,24,80
d16bf2b2cc3105e1ed8e4c9fd4bd1cecf754d13c,ok,392,1403
39a5186ca7fc38a6e7fab24ead0bd6453317a9fa,ok,512,1862
f7325e66ca6227ecaa32b2386354417354c1f327,ok,125,458
28a11c28b314e3192ebf588c9a75be26b257f7ae,ok,17,52
372a9c2a71f7fd0030c3909368f4f8b5a7179826,ok,168,564
754774ec0f1bd1b4ee2a8488a8674e28b643c83b,ok,20,60
e4978cb2aa6430f5a43406cf97640a690036a1d2,ok,292,1038
5f66e99b800d67b1f852273d3e3c0b51df643128,ok,45,154
8499e67d52b5a574641fcccee80f9430b25972b0,ok,512,1806
f32e3143e9ac923e513127ee840ace46cd4799dd,ok,16,48
dc7b9b70d46cb00559f8f91b15ea8932c274c473,ok,21,64
6648f084369b66bea1667e0dcb2fae7740c36ac9,ok,16,48
0d7ece988bfd00afcad1b5cfc8f76c95245e1c75,ok,76,248
0e8786b80f7ca2908eb7d3a6a18f67c384238e7e,ok,63,222
66b582b1c454e60486477bb08394f36c3134bae5,ok,19,58
a01f95cfa421fd330574cfb35992ac9953c96934,ok,512,1882
5ee79d1e8198c9aa1312904456c90957af9d982f,ok,34,110
778d29ddea2a6346e08039fca796cdfaabbdf370,ok,151,520
3da2aef8a5f006a9409852085b41ad761cc26e52,ok,258,915
d90b9da2101d936a32e7b700e5423d7d22432684,ok,39,131
8e8a631379d8fda779f316042af5449828b8220b,ok,254,917
e5e9ab8db8252e1331f7ccde231930c6650731a9,ok,119,400
d6ef3f1038892c75c5cbfb71ef12e92a313ef561,ok,338,1220
ac688e1b7e43d401f62f903287fe849cfe1b18f6,ok,12,36
9f73403ad29a58649554ab9f37b1c0437916f0f6,ok,23,72
c039973361e141461904a8a2c0395c4805d7b966,ok,93,332
757668f92d39821c501b530791be0762dc479eee,ok,24,76
7bfa29977c6057a47db361bd88829f4f97bcb468,ok,54,176
66de06db0a72234451937ef311d64bde47ebd893,ok,13,38
803f29be0599bd196920de3f207595a55526f8f4,ok,62,204
bc61e19c63a0afee60cd8c9f7220d39c20628d64,ok,121,428
3ce78ff7c0f048574003c670811c14deeceae6a6,ok,512,1869
ea1d281ca58093143ec2ede9d074196885756243,ok,114,402
304e0972fae64e6db3a86c46c8d5b887eadfb763,ok,189,674
55f79543a0f8d86d12823dbeb92444d7264bfd71,ok,10,28
004a858ee19479abfa0ff2294527c229f73ef15b,ok,105,361
575fd08dc8ae9361b0bab28cf43db9f90b41d921,ok,14,42
a0ce1143298a64eb0c4c81921cfa3da28d67193a,ok,30,100
a5d7105c7f83f2663a6ce5ee91cbfe19a7716c2c,ok,123,427
e4bdf9b55fde57689b150d0bc6d9baaa4f9bf99a,ok,142,497
e39bc8c724aeb7d3c8fcf99b906727f6b6f38b68,ok,512,1802
4fd67cb47eeb11f723aa2cdc5fdb644a87b35b6e,ok,9,26
0b59c7e44d0800642c5a92bda0fb22ed6930f2e8,ok,80,287
dce21baa8855a8d82bde15957d58b50769b04a95,ok,130,455
36e8e64559278df03be05c508c472879b4982e65,ok,33,108
24a8bdcc8dbbdebcbfaeee9d8732851ff17fcab9,ok,22,68
e6e28d3f5050a6b8c9b981446dea7235c7b2a58c,ok,41,136
ac2a83419e40ad8700fd583d538de622e22d3b2f,ok,16,48
c48e895a0e3059a8003e27545d3b001707d59105,ok,41,134
7460aa3feafa380b9f2f60b5cf8d227494d3ed9d,ok,431,1550
6ebdffacd9cffd262d39062eaf4fda589482d7fa,ok,59,210
82121a9cd1a7d8d6abef7de5437b694576d31b7e,ok,25,82
58c3bc8294bb722f650e6445257941d04c810093,ok,117,417
fe1522d9155e117eabe13cacc9ea01afed201b5d,ok,142,504
9097e73012d743d23fb369c2cd7a2c424c89c5c9,ok,26,82
67c4c17bc2c28fdb531de5f5be50862adbf526e0,ok,110,388
391f4285acd5fb1caafb60ae51d68118cd10ae16,ok,24,80
0adf5309c90e24680fe11b9d866fdf50af3437c1,ok,19,58
fd807b4c5b2da2e4031bac4dcd16b9155684901d,ok,57,190
30c723e8ac94dbab83e06cab2e49db52353b59f6,ok,29,96
2cd346d992a9bb66c92f927ca1ab2c10864a4d65,ok,47,162
f2e411421a2f5662e2e6d8f50955fc8b37940c70,ok,22,68
2fc7e9f7da8484d00ff9c9912d5819a9087675a6,ok,20,62
736bba17659b75eb6e6f38ea77e45b6f54042a0d,ok,17,50
69fa5508839534fb153fd93aeca5c1d3ec667aba,ok,46,154
1b400064062684b4bcc6f5c641e469be09801930,ok,319,1158
016476c43927936a06dfe84b6ef6dd550e48461f,ok,17,52
337c8128b254f8541f3d3993f8f81870ef1af041,ok,68,230
f1b105ed19825747a8f4d3b96148040c1d78eb78,ok,115,405
f082b380d8d8574346b835a07d286be168ce60ff,ok,156,544
295aa411da79ea5cd11bfd55b591ede774f8acf0,ok,14,44
5f420dff8f6bfbff3b87e6a1f001c09dfa0d919a,ok,36,119
5ee6c8cccb69839ce1b947a2b82c967dfeb641b7,ok,313,1145
2aa3e14cc12e3a3bc54d44157dfad0a7c98a49e2,ok,512,1926
2ef1215dd42940ce6375414bc02497f2779411fc,ok,120,422
36cffd62253d02bbda5af79a2b43312690d97a77,ok,512,1806
b94b336cd6cd1c1a2bda045d623af12aed5158b6,ok,120,438
9db26c3241c051f5192ded0059c4fd8f24492d5e,ok,16,48
7a028ef4c06b6eb0feabc7dccc341979eded0608,ok,25,78
b11d169a4a20a9641b98efa6975d82c405f87eaf,ok,342,1250
c79e789a805d27894d3ee62cdab8c592c9cf510f,ok,212,781
207029a3e568ec737d8f8e733315a31ffa007af8,ok,29,92
1227244995bd1c7713dafb68ec104e058920f486,ok,399,1490
674faad429d95cf68fb9c292ee745c19cd043921,ok,116,383
db09535acdec68e48ca53fb40635098502376baf,ok,25,84
b880b15c270d8c879d44895576c7404e1e963ed1,ok,109,388
a4c31e75944bdad818d05ac880ad0ceb7a612443,ok,194,697
f789cab18d82d1cf9bd574d487ddc31809d15fb3,ok,57,190
ef287b898b13b3edee6af1a56c3f4c5e1835474b,ok,125,448
53671ac731ee3f0ddbdcf51928d231a0413317ae,ok,198,704
6016f0ff1b8f3988b673c17dd1e998f513c0d6a6,ok,474,1750
b88e9176b753d06926475ccb397495e757808874,ok,119,436
aef15c49eb888515f1652d5b49878d45a670246d,ok,69,238
1ceb89d9c04d244734dbaddf74941110bb3fa2bf,ok,19,58
73f099e2f8dedf2c6fc1510b246673c7ff0a1a45,ok,329,1150
022fa08f3759b34c6dfb4b3eb3ce9c3e69ff29fa,ok,203,742
efdfb8ca1301b2abd57ac89be6ec1c7569088ae9,ok,32,104
2b6e8f837a47d1d93ee0b78acceb325538201265,ok,512,1951
e4978910de1cf4b766181f30f7f923edd3f57ed0,ok,66,219
f0ec5341eedda23fc3dbca160a98e1b3639c1e2f,ok,512,1834
3461f227c1311fdbe1206b9d50465461aaaf5855,ok,63,220
61eaa8d0af759f9258c10db8144e78ca73a8d242,ok,24,80
6224418363e57cb6af9a697807a874ee09b3a7ba,ok,512,1840
485e6afdc78c245e6b6e75d52d6d54fc0e279068,ok,100,358
16e634ca0acbab041908fdb4bc4feab144a67a9e,ok,51,168
228c722a081b9d4353f8746467f0a88f20120da0,ok,136,504
c253e10e0e7097ca0405aaa721a10407eb5e7847,ok,17,50
351a03e9a293ee190f068dd71ed1f8424e67dbc3,ok,39,126
75f9f71a91e80bbe20572e9c39e4c3f68a6d61de,ok,131,468
f2409f2f5cf91e62e46d1a4a1669db0ee7068915,ok,44,146
67f586f057ed2de10aab3f7b129a655325d59eff,ok,83,282
24e36b6006e8054b0a3b3307758d7b5994dc4628,ok,54,190
d8d05ecad771c91444bf82d4ef7fa54f977a129d,ok,24,74
e752f5a569939aaf254f976da6ce72c99d0a490c,ok,34,114
1858ebfdf32ca530f940d56031b39d1c516b792c,ok,512,1897
1e2368b658c74152276dae34b6820833652f5493,ok,512,1907
7c0dc6596087421ee9ff631c495335e69ab0b137,ok,26,80
20a3a79badfd11b4b6e3ff568eb5c4ce21c64f83,ok,57,182
7688d0ae9f6830d364cff377989ced3f9075daf2,ok,512,1804
a7ee4114097815ff736bc0c767dc5893d85d1099,ok,90,292
dffe5336ebcb858388d382651ea6749594791a34,ok,227,834
b9e158dbaa77d950ec3b0c74a3d47736853aef8f,ok,22,66
c5df69c2726a57b1a138bed946c06c35e209f480,ok,22,68
500cefb06788c141b980fa598685d294396534f9,ok,34,114
b29ac064f3b19c0f8770cb5fb49b9af4b0d6215f,ok,20,60
f4ede8449d2578eeb9c6a6a0e30c602ef1856265,ok,38,128
ec6a63ec64edcd0a46576f7914ed5dc79d98688f,ok,20,60
b567ca65fe8e64669c84ae4435a81cfc579af651,ok,55,186
4c49bf6bdcb515f719a9ef6b2d7e43b2fca44e9d,ok,31,98
fcbfa8da4b74b016f6a074b863dde0410d352958,ok,54,184
3fe274b4d16b921e5c71ba03386c7839cb2d620c,ok,163,589
3b8a09d3772c2ae02fefd46b049a8e60f80144ca,ok,17,50
f7bcf07714b8457500e2413513cdafdf47f86cd6,ok,33,110
106f87ff30688a5176926ba79299ef3d0de58f72,ok,49,166
27ee0dc26fed9598bd0f0052369cb664ec64201f,ok,213,774
f8c714c79968834b51f8dc77cddcbcdca65d0ee4,ok,43,152
dba29e8176de80f4ea6801574e7113cdb2544400,ok,512,1934
0e12cd41ca09182b630d24c1fb40080c2b9d1f8c,ok,30,98
f5f665e89ded13c6ffc4ac2a6bd09fa2601da5b2,ok,17,52
e387d1669b88fadf1c137c779726080314594c1f,ok,46,154
9252ef298005bff1a4d9a09c7b310a0bf6ff2925,ok,348,1311
f13cfc59da653fae0c0598b0dca53dc4acba50c5,ok,43,142
cecea9ba58748defee1bf8b965b48ca7323faa72,ok,93,328
f6e3fb295da726cde2aed7c205335979faa315c7,ok,95,346
0defb8775bc406e41b920dbbd942512a36f4453b,ok,116,402
d704e70bf272ad27cfcfdcb753c63e056f2d7383,ok,28,88
e7d7ff21403a06239e07b2ff25d65c316e9f11d3,ok,25,82
5a1cfb83b458b73cb34ee1ebebedd14b5accb1db,ok,219,778
b597cb419a248dd788e934b9a66a2fa00cd27f07,ok,69,232
d5e89ac00033adec8ec677864c6c83628c25ca9f,ok,182,661
87a50cb61199c15e5c341b3b6a64cec9d8e64242,ok,11,32
cfd4ebe9cf54fcff8c8f2005e8cb7041f1bc86af,ok,40,126
3bca9a35999f301392a7ed2af67c9fecaf41e8f4,ok,37,122
8779ec58386dd7890cf7215b7caf056c2598f695,ok,19,58
5a01da6b1ee47e98e58aa21aac988093575b4545,ok,54,191
b0700955412048de5a1a7196391180a5c1a74242,ok,175,606
8a6dd6a9957d52f925047b2166dbdd7d01981640,ok,19,58
7d75544296e0859fa4e651ecf93d4bed1cb68332,ok,24,80
815a73d0a0605c5ee15d1d938e9457e87cdf78af,ok,278,1059
aefa02865dd168cf03982b0ed8325e019c75b152,ok,284,1004
ff6e967d57fbb912e2638b1f5fec05c1e7d1e049,ok,97,362
53b1af20612a3fa8947f46879a20dbe497c62705,ok,85,281
29582d733af16c651701921e8bcea5297b271185,ok,27,84
dc457d43ad786fd375f7e0cfb34d2315e7417335,ok,90,321
896030eb5647a19752d4542013c137aaddda2520,ok,512,1800
a060055859a1caf6ffd231295c4925cef6287625,ok,16,48
533a5d176b803eed18b55dbd7de2bc5ab3080b27,ok,197,702
8be39056960cb3d8ecbd93bcfb809293bc58ea54,ok,28,92
4942ba0904a3b951730494007a9ee69630f58347,ok,66,218
683dda2fcda86c63019ffb2fffeb73652d34e772,ok,91,312
cf122726198ca10a06750c30f4eedadcacd77d7a,ok,24,76
fe2069d824028b3732c3828f107077bca34dda00,ok,46,154
88679d7b72d2ea224d5ca5f9317e49f98a8ac0fc,ok,512,1762
6e4246f298ba97af53c11a33311ea326ebeb9405,ok,110,381
5bd93bbf192fba25e16cc8a8a56288900eb55689,ok,244,874
ca4057678d76e9fe9c4e94fd2114e9096bbd5263,ok,71,238
6cbf3cd1ba89c37feff296941c556787d8f6a91b,ok,12,36
1e9df148c71409d11e88952fcba8d9580c9a794d,ok,167,601
d09c178eff582f25f2ed3d3d9bd6f350e4e28d59,ok,128,456
3761d0de058be97a1ffc510f330f5867fccaccef,ok,52,180
433fb4719297f477607da4f7df68033b1dcf0463,ok,36,116
52cf39f84222650f4d98ad8641579f7eeebcfa74,ok,30,98
8c161dc615dfccaed7d8b14f10bd3ba14bdac7c6,ok,20,60
e1d22cb467ab92745bbaf50af520a8fce5efb439,ok,394,1414
8897391d08380554165d63b4821e1b93277cff47,ok,92,318
b95b42e2d8e7ea6a80cbbfc73984425ce8768db5,ok,373,1357
2a6c5ee9e7f53da4e92acebd490621558d360efb,ok,11,32
99ca67150496caf90d6c041e6b74ab8a0692938e,ok,238,870
5a5c4085f2e822c0dc0770db46936428a81b3625,ok,85,301
5292e7cf2cfb62469288d8d701db60db9e526bee,ok,107,368
e0119dcbe26871417c2830a61096f9fff658037d,ok,16,48
0514e3437ddd51c0e122dd2be32608f3f3d73dc6,ok,74,257
7e11c15954db5e8389ae80b7fdb0ae90230ee398,ok,41,138
ca1afa969c252d3c1db61b9cc5428678deacb566,ok,192,661
695c9cb608eb3a66e10c56838d048b5851d328ed,ok,36,120
81441c34cbf18a9b8e89be048f7c3a39faab1259,ok,27,82
a48801037dc26365b9db56f49baacfac2d17d304,ok,221,784
30ff6107102d25b0b9fc770867be19ffc7d18dd8,ok,87,297
ef0fb4496041f9eb083a74fb3fb86eee523c2a5a,ok,72,258
e93ba79a8e2f52cbe29b59a53c5f7db0f55c1b63,ok,25,82
ef13f78b9cc6299e546205fbc87af21858c6a7da,ok,507,1788
d5fb008195f9ab63a9f9d2ab6ccbcd5d6a4383b8,ok,512,1871
bbf7ef7e16df818540e85cb616afe0ee7505feda,ok,162,586
ae8268b5bb549a8f49a23a395503c3334e94660b,ok,512,1906
ef76cfc7b9aa3f45a73cc574d3a0b93eb52b10f0,ok,139,498
edea355eea26268794cd767557fa7ce67aaec84c,ok,83,285
200c152825aa016a9c794622b6b0bfa4dc6f00ac,ok,512,1866
2a17fe0a6950bb6afb481157ee760f6928c32c55,ok,16,48
297057791525f986250fcc6ad5ed699e432b85f9,ok,98,351
64a2da2eaeae88a9a3a15a1ff3d9985b7031ea6c,ok,12,34
00f4a8267d845a9f1f9811ec22912e5296602415,ok,55,176
85d2da6e3dd68026d8020cb3c09536434241fda9,ok,103,350
24f3e414bca225e2097807d1c1a7102b331aa9f8,ok,351,1305
b771daf5dc8bb924758def0693f6fdf3a7ce3b86,ok,16,48
d1fb38ddc94c2a41a352cbd275d94c5580a21485,ok,202,710
40da3485a7d39f239f4b35e1a3234e8649c36572,ok,50,178
9d254a0ebcd38ee491fe27d0a2d15fd3291ee536,ok,13,38
c07b16ecf11cb283e4476665e72804a8c2067337,ok,381,1376
d66f1e76ff9acd2582f75232fc581538557d8731,ok,317,1119
e7c74b31fde6084a4eb7fe0f1547f59fef2589cc,ok,239,866
a76f52381a4a0161633009d93d2d98999ffd79e8,ok,24,76
bf13ff6801e369a6b067aba75e41413a9cbff4b2,ok,27,86
7fbf890584b1e5d71b23c725c5a6f20949c6f6f6,ok,127,450
258c6099d7b18929436492c5ade0697caa892e35,ok,54,190
63e7646e392f85aef01839f881cf3facba45c58e,ok,512,1927
c13c05627792c06275be108e46bcc48dac6abd3d,ok,64,217
1ffd032f65c730548bce19dec34168458313df8d,ok,16,48
e97fb77cc168ef0eb43ff1db15bc61ccbb7c18ab,ok,26,80
cbf3e83c0f4b512d22b18fa99fa9097fd0085d26,ok,24,74
bd3ff76482ae5cfcd77c33394bec019afaf48aef,ok,21,64
2856afb6afd374d4d1506f714b73ae36b25affa2,ok,19,58
b8f88d41be64655c71d8b45ee4e4fb1dfd986727,ok,94,332
dad68d024be3e4589f4d798103017053b1107de3,ok,133,468
76355e0101abf87a0108f853c14632b5607f587e,ok,512,1904
b27cc3365a2d6eea61939c3eb66d473882eebd3f,ok,66,225
8e9c967668c9a268230fdee3fa88773774541273,ok,60,206
1117d4b7aafbd83c96eb4b05c092c4f99d6c223b,ok,34,112
a60070c75bf31fe3fbe6a65a2d09d22e94d1c8fe,ok,372,1366
06b0e7de3a95dbea5963ad209b3faeedbcc8b43c,ok,28,88
bafd2658a5eddf3283eced2678b9c47abbc5d051,ok,24,80
e52397aec02f9a4107479670a1d5150ce5ac5541,ok,304,1114
9014344ee6405f294e821579eb441f3fecf14a63,ok,512,1920
9f6efc5d884560df3c73e6ff8748903eeaa61a0b,ok,10,28
513345292be5421e958209f41e2547398f842fc6,ok,25,84
ca28e1d83c89421e38407eb5f143d7b6c0d1d497,ok,122,442
827ce67b6f35701c39b9935fa6b67f801b487ab5,ok,30,98
08cfd3daa0bf1eec2cdcfa4078d5810307db8ace,ok,16,50
c06c0e93110f3ae85cd363ee27e8f0d7fa8aa34e,ok,14,40
6945cdcd4e15f11e7aae27fb96e8709987b6dd06,ok,163,586
a0f996afb9572011fe3ee0a831af7cef06b470d4,ok,110,397
532d8fbac377d8adb1667024ed00611889fa2d85,ok,36,116
63795115fdacfadb727da515b6f650e55fd41ca4,ok,95,319
dbbd8194efe9b4bdf9aa4647c1bb3e93f198806f,ok,165,570
80acc4f41e217d02d0a32a4fe9acb061539caa62,ok,287,1021
85857c68131daa35cd5c7207a7a52906bdf65c6a,ok,89,313
e6b9965288618de1eaeac7e26431f4b2247cc322,ok,512,1872
d5e546e02b214c68da4dc89026c6f0efa901a75d,ok,15,44
4be4fda72fb31803ba8891aa243d6a43c09192c6,ok,54,188
b0785a6860b87a59443a0ae3e69a73b520def8e4,ok,90,310
46ff486c8ba2ddd4b1310d1ee6953441086a2927,ok,53,177
cae880ae54b2e006f0f6a1e25116556b30530057,ok,360,1330
77e2e3ba44c794127e69b38a81f94beff257520f,ok,168,597
0605599b339f363de5d288bf15233bb5d47488aa,ok,139,494
af8a8ddd664a00dfc32633a4e65272e49e8b8010,ok,512,1804
5173616f5d75f945f9de2b5c0df750aee4a7549b,ok,191,674
911c1b39f4062c1b736bdccf1386d8a0497468f7,ok,30,98
8f8a945cf4b1031c5e560f887dc1c6c193fedb49,ok,512,1895
b87eb477780440162769d78c472c457ae1c506e9,ok,29,96
960484879a0c776daaacf78d300c53f9c893d014,ok,509,1858
9bb2b62d80935a8e7454a8431086d907bf626491,ok,21,66
b86f7a80d1dd90974e64371c420b540e8d5d1014,ok,18,54
554152053a797f9b463376d81b0b4e101315d837,ok,35,116
197e7c9fb1a585c1c31148aa99701c5397d2a411,ok,28,94
0df9d9c963ac7ce92c71da5776c003d398f9135a,ok,512,1832
1c85e433bdb4bcf0167b4c648210c91354f64847,ok,24,80
9dd1b0b03c0c3a613a17ea21bc3567e14ecdca95,ok,47,158
9c74d6d2beacfcc049cba2cac8b7c8d4d9a62d82,ok,512,1868
ca31a93381ad337a5c9f60e9516a3efd9c803157,ok,33,104
649cf0f7e26a91912a6db30b8729c4a4289beeef,ok,34,116
ca6390eb11793eb0fb8c9f643afd79c7d2cde527,ok,165,562
457673ab1ce3777c5524d73c0726de8da1839cca,ok,29,90
5a4c58e665f69c504205658ab400695b0750f5fb,ok,27,90
cbd848306377ed003ffbe44e6e208bda192d092e,ok,98,336
e216b70d2744ee4093cc8da54e1f1c74d3e3f237,ok,62,209
842a42f15424a6bf03f54474488d5203dda1cb84,ok,512,1858
53e6277f29f0e3f8dc7aa95ed884dc9b71cf533e,ok,309,1111
f883cae35dcf97fe23f1aa0d6d8f0e6863a12823,ok,512,1875
513033b49bbf1d3182443906804e3887ca354d9d,ok,97,348
3c8dcb404482427bc5f3a802e3023b419cf3723e,ok,99,339
cf5d73fc13f6a79a51eb566f32fa31618106f59a,ok,23,76
f95be98a07349373137a4adcb6fb51b8e90ab436,ok,17,50
9e5dae1d124caa45408a26dd53ad434a2a9d0f93,ok,15,46
984b2f113144ab565605ee439e5f0f1216a412b0,ok,64,210
eb169090cfd909b78887c767c70a132cd6954be9,ok,16,48
aefb7b9034749ed9f87f490b04268437edc964ac,ok,17,52
931f60866833a1b395777b9661a3cc7058c193f4,ok,27,92
f7106b9f1955cd210b8685fdefa1fb54134ba454,ok,368,1361
70e1b1f3fa2fbc8bb1ed738c244acc89289419f9,ok,116,400
f8c4d9d9d949071fa34add3bdf37e1aa67785ea7,ok,36,126
4f6b0ce91521a22e0c8df813131d06bb599ac4da,ok,35,112
56bfd19ce2bd211e7cd8b38945c840476f4df0bf,ok,92,326
318ab0a0c72448cb6052c5bfa3ddbf0a65ef2a6e,ok,24,74
0f82bad9d088b75f0f14bc7476164cc0fdeed2fe,ok,51,172
845d34cd03e151f2d651687852972404c50df90b,ok,48,168
8278fbde2f10ac590f5ddd508f99ccb99bcf4c00,ok,73,257
65da4badc551b5a17ef87adc7c9ae70f2bd3ac3a,ok,172,621
8c9b285b8244abbeb62f4a00fdbf408071273e80,ok,84,288
8d9324a7b9cade9324d9ff2638269ef417c45f62,ok,19,60
42807ee50406e6b582af61fd37006b0e777e8753,ok,27,82
3fe8dd1c012a0974044bcf02d83a2e4331e3a173,ok,90,313
979b25f34babf612317b687a0534add4fb477826,ok,81,270
022ef3add6cb384319e6fb6bc448e6db971da3ab,ok,49,156
568cfbb12b246d00241e0a41003d1eeaa31d0ef3,ok,153,537
a3954801b468d098da1d47a996298a82a45094bb,ok,120,422
eb724ac5917093e844ea6a456575ca20d2059787,ok,87,306
7348011141fabc34b0e1cd908b0e5f0f2e76c976,ok,18,58
fab5ae6bb22bf4453680e19fe44ad4424d556ad9,ok,124,432
dcc8af8df2b6828316b2b84cd732775954c6a489,ok,512,1806
9139f11a12a87c5e50983ded65c3273ab712c780,ok,24,80
68273cf4c7c6b7ca89bb4fd503a6672967348942,ok,66,228
d5bca1f17cca6e1d947949fa52c20a6814ccb864,ok,97,338
061ad172fe86f35376fa6ab375896f514ff97b55,ok,76,267
f9488cb56af46d32c7c005c946cd49254034dd82,ok,315,1149
cd8d726f1dd778406a19cb957b5da4f76ba677e4,ok,19,60
87ed26a8cec27e5b9aef6e54bbb13948640968f2,ok,16,48
1d06c39483f67fd06216bf7ad0414df3b068c492,ok,152,550
b1cb65edc25f6077548b0e9334f16d38338defaf,ok,261,959
0fde92a639064ae14a33071fec13cefd363a9e86,ok,24,74
c87b013fc248b27dbb6390880a74831e2dac5c58,ok,74,256
6a41afbadfa7867b3e7f07939f6eff949d8cff3a,ok,42,138
ea740b3b35d6e98e74f69baaa6a9f8346644c178,ok,125,418
0634d6a505b8cfac3ed02a4038723f2a39920079,ok,113,403
1be0abb5d937a9746623b62792565faf52b58f10,ok,35,116
1cdf78f462cfbaacc9f35c49afbcc3b50855c809,ok,265,918
cca6a24e710f1d8958758333d843bcbed4827e5f,ok,8,22
2763a8806eb49bb0645e8eb6e627d30240c04613,ok,69,236
bebb9eb42659542ebd454fe478d71eaa77587f82,ok,512,1851
21ff7e0bda833622e1f064af0c727ff82b965a5f,ok,17,50
08544f02eba87e76fb09ea5f2d9f08d26b92b089,ok,9,24
c8dcad12e07a3e053f65447c7147b6921ca316f3,ok,39,136
efae43ae7b6e212c08d8ba9fb182ef961f26d573,ok,33,110
6d3ac6f491444a85a9d22d3dcb45aceebd58f0ef,ok,91,326
564bf6b2a2f8e844fbea14d19334c23e4fe81f68,ok,88,296
1e80937b89290584499f2935d2bf4268c2421768,ok,51,160
ed782b3739f24f29c91554a1903c89ebb75f0492,ok,512,1787
e2df81c5fb9f75912ba9189cec3fa1854eb52609,ok,29,96
418a5e540ce0cff411566ff11287095f5794b18e,ok,19,58
4257b208e1925d6583f0ee055c3b51c1535cb95b,ok,50,170
631ff7e258801f91080aa9c49560972b14403816,ok,495,1812
5a510813b779809542e17533c1156c625efd6db2,ok,11,32
12122f530150e6dd2dbc23b03c9664011d0ac5cb,ok,512,1836
2420b6356016431211e183594b2aa8644011609f,ok,16,48
a8e63c26c6f5be75adad93bbf34fe334f5862ea6,ok,24,80
ab6356f2654bf9e5986900562d5192fc897c5ea5,ok,26,82
bdef3a71236dec35a2c894e170a452b1a06f0b69,ok,512,1864
6d5839ef6558cff8142471e68a235a4cbdadcc3d,ok,512,1779
cfad0b4aa2f1ba7ab735b7d8a652f11e4ef001be,ok,102,368
df0755cb993ba8481ee7e9f751eb1a20b140ca3e,ok,25,76
3dc9c740c45e23235084b8a87db1ac216c219809,ok,512,1857
7ad5904c318fa5025e4016a67625af37bd45c0b7,ok,182,664
acec6f43b653b2ab4bc92414b1f3b51f21e56be4,ok,28,88
8713c8d48ec2ab3dcf78c85cbc3bc941de234826,ok,129,453
ac5d1e461d028857036319bce3f213d919b6523c,ok,53,180
5f4fcce8b71f60394297e8cf8c2cd52a8cab4e19,ok,38,124
a209124b8353c2c9c6a6d2dac83879a1b37b660d,ok,512,1873
5557d2d2b531332ec9de0e731f0c7b023928c85b,ok,223,815
e0ad81cc467430dc4cb44e64d8522728913dd17f,ok,26,82
93da57536afd334c5683356055a1a9cce63a4781,ok,111,378
a2ecd5727a28f3848c244b6e1f8b3ab2852e41b8,ok,255,948
841aa67d8b640167b4c840342fbb60f7871736ef,ok,512,1874
45b307de83729748f083559f0f1ad1b05ce651c2,ok,96,346
53f3f7acdef5b2a579bb357ab9a72140e5c5f036,ok,34,106
7dc1d0afe0592a3be58cfdf215b43ac66527df72,ok,270,1026
20465649b2caee4b70724767ef5565d3f86f319c,ok,107,384
b35d3fd6e266f7c82c06a2d0ae6a8d48681011a3,ok,512,1835
dd2193211b576be45f595a91f07130938aeb8f2b,ok,22,68
b87d5084683547209b5da3c079939105a866a382,ok,280,1052
c8eb4ebc96ce37cd74496d7880856c4923d557ae,ok,21,66
aa2c26e4a9fe419579d022df04a56d9548f9a29f,ok,23,72
447cdef319220e3c5db43369aa8a7b2b26f58c51,ok,416,1599
a54ca7bf05c930b7d1686b1d1b3356c44e66a53c,ok,171,608
c092e012c6637769ee81254c2b9ce94909b66fdd,ok,312,1112
0561f27d7f6781ae22ebc88e00a4568cd30fbe88,ok,31,98
889e1aed1e6a4255b7bedb0e01d9674ddf15c9ca,ok,318,1092
904f9bfc919c9f078070a0d6faf0741a825bdf1f,ok,39,136
1a59ceb8a890d05162fb8d8502f633bc2c010482,ok,51,180
6ab9875d8ead27942dc32264ba31aa0d560654a6,ok,28,96
50970320baced4a46a0441f4525b4405cdde5428,ok,224,828
55a225b0028c6f6bdd8e9750bdd8e06e293fef52,ok,51,164
8d7c92169a65ce97834c6af702d31f6f2d82e2aa,ok,333,1298
0533139a29abc802d840adff9411122d8e9e58be,ok,512,1830
f781490d2a5e83056760d3a8da372f8ad7122bd1,ok,15,44
862c2aaea1ae3eb696d56fd71486f7e5a9b99213,ok,41,134
3dd205d175fb05ccad6817e193d29054a8605b63,ok,50,175
942b8fa19f35d57858ef3b441a50fb5a1fe265b0,ok,52,174
89d7ed1239f5575cd9e7e4213a359c863b69482f,ok,80,274
1c220e3d3a814a9315f63fcae25e94d43cbd256e,ok,25,82
674d780b49219f5b0624c942ece21e92faa2280c,ok,59,198
aa46f7064874445bd17ceeb5be219ecf5db5bb3e,ok,484,1846
1843e2e899dde4bb5b58ff64b4af64f1faf650de,ok,61,210
8f8049c1118673284fc96738ba7abed11e4e9694,ok,512,1848
f25d779348c47ab634c80b6170739f7244d6ddd1,ok,10,28
014c40056b7b9e816138a9250ba0960a884252e4,ok,72,248
cec79e954d87abc903b119c526e98751993dfd4b,ok,100,351
f295aad8be03b5c72fc1008a157c6d6dfe51242d,ok,118,410
4ba5a2953cb30ded949f9ecc0976d48f17ceb726,ok,99,344
659079aed2cd6399486ec067918fc6b3c8c23922,ok,198,705
1b601891b80089bac85a078c6c6a1e7a2595dfe6,ok,36,122
4d6f66e356aecbcf13bac50d7eb7610a28c78b4b,ok,39,124
c1804bfe17daf5428d5c49e94e3a1943267a2b07,ok,393,1374
ce35f813b83bf74551a5b0684b1b3c9897c13bbe,ok,159,576
46bc5fe5f6a0d905aef9c0395e0b42cc594c1846,ok,52,184
b454b974d4f2eec4cf93ed0f0aebeda00742817e,ok,512,1834
bcc7313af0833ba34a9dd60afe1ab69fb4c84b69,ok,101,348
02725274311fe5e23dda6a1c221bbd41001e7beb,ok,35,110
898371b960faf450d9a16303f6667d26c93eaae7,ok,112,387
8f923169454304ced192aa654b4f5789ab67bd97,ok,20,62
344d657d2d5b2d330c3486e79b8d16345ee6487b,ok,64,228
33eb1f5c511a623dd1dcb045dc545d9a380375eb,ok,16,48
94895d7cdad4ccdc143bf1bf31fdab74f142b9e0,ok,137,482
aba9cd37278bd620cba88c991a9fe3f0ae4e142f,ok,393,1522
bc8b021ab43be659e0bbccb9f3517a1e71594c84,ok,498,1823
10ec4819fab1e9161e8c5731ee13942c68a10364,ok,229,798
f8101e35c4e0c534f13b5727ea5b90242dc5ce87,ok,117,384
bd825c0307af47c06a3e907277bbb0527f6f7e31,ok,57,190
0564d7ddcdce5e7be88f0f7afb874e4e8ad4c402,ok,36,120
42af73e2ea77a74633266591753ed28518606dca,ok,512,1854
760729a144142ff4a93a6f33cf9a1ddea410ae9c,ok,512,1818
b7d578e7e8cb080aa35c9319cb37ae5c7512a391,ok,76,260
a1fe40640bdb3ca3770573e0b3b5a9536a3d36ac,ok,300,1041
79bd0cc341bc403072cd9397bbecaca3644861df,ok,55,183
d77a02ad7f50abab9fe600dc066baaff23d30e82,ok,32,106
38f77204b6c97b54864ad9dd5c97a6390fa53718,ok,197,687
15d0660e8a83115a7cf6d451fef49334a98dbf5b,ok,16,48
67a7d19809f07f2ef6ad19ef7c2f43be86c3fc10,ok,40,136
7e774e7dffc78895952aa85d43adcf1e72b01b0f,ok,154,569
de34413d3258cd2cc188fcf42710ef5201ba6a4d,ok,377,1338
0f18690dfc6d7b78a8ffdf38127cf755914bbeae,ok,148,520
e9223d10fadbe9adfb5cda52fbcf2b93598788e2,ok,360,1267
eda7038293a124cfb5168e99ea4535b270371ce0,ok,50,182
2887f96d2748fbfcf60fcc67be1068e199e764d0,ok,70,239
df6387d4d655def8355252e367e5fd86a2648bd1,ok,24,80
9fa8e25a183f659a3270fa335c2129bde56fd9b8,ok,512,1915
67c2844fbbf94c93a89d8b32d752a914c51425c8,ok,155,555
2d6bbfb06b3e4872cb954e756b28ed4edf166a3a,ok,512,1901
b248783fe8d945bfc9a18dd1b89935511c0f7943,ok,112,374
c45656be66be0167b68ba15d33f1179e4293d8ad,ok,26,86
b12c25baf29581bf82ec0beacdeac2ce0784a336,ok,17,50
209dbd5e694d55d72b5b40929c3876ce95ec91db,ok,36,120
048e264b27465084300654f5ecd8b5085a43f377,ok,176,634
dfaadb69346f94f15bd8c16127ea9088da2c93f9,ok,62,215
9c2bfd21f43087b71f8874609af8e9b877a602da,ok,155,539
7dfd1a6a3b8815622b7cb4e22b4206bffa347e35,ok,30,100
e0343c881772cda1997e5ba41e00dcdb9bda137d,ok,79,284
9af0ca9429cd3904d8e7e7ef78c7e40a729ccffe,ok,409,1500
f0ed17d01681d2cd39744ac81ec5be4cb2cecabf,ok,28,94
03274576533cdcd455c1929a72f1df5177587e21,ok,139,498
86e55314543b316309a6f4933a478262a9ad9dd9,ok,34,114
b7b0e678ed0bfc3183ae58de5beaa549d8a06dd2,ok,27,84
1bd358250580e4aa447e33b68ebe8148bafee2a2,ok,96,336
b3c7304c4c0d5a6d70c7ed1843b4f90083a142bb,ok,34,112
9a7a6fb5db28d299687ca1a04dd00d42e1a0e645,ok,66,235
eab28feda8a88ac2bde23d929890f563ac552b39,ok,36,122
cf92fcbaf4e85a98bff8e7c55333b603825e6c48,ok,512,1918
b63e4bd92703ecb5e9c67d7afe84c00042dd0439,ok,97,359
12637c19865054defd129454ebf01d6e3b16efd4,ok,79,274
571f66b1deb446913a2b9643c0d4ffec1d25bd3e,ok,512,1895
6957c6813657b8d70cfaeecfe71a297e0abd90c3,ok,43,144
8b4f509f505d5c47a3ca93e9e257afb51c222e2c,ok,242,872
d5d44b6ec96e84c77e5c21e083c19e7a0cc14729,ok,512,1963
dc8453e95cb9dcf1f052717f25152c5c48f9d577,ok,38,118
f7eddc3052e99414dab3c125f1a89d1d76206108,ok,118,424
4397df6e4d9b802819ff0b078182fcb1609fec57,ok,111,400
8392adc079b9d9905fb186fd26be705aaad58fc1,ok,512,1836
e1188dd532fee33135ddd0a009605561c6c60c32,ok,34,115
fb930a516cf81c0ba27e81e2b55d327bbec6efd2,ok,418,1581
0ffb5f080065b44d21f313b0739d65c7a3b66a2d,ok,134,467
817fcd2b41512656fdbaafe7e35c70f945f8dd84,ok,512,1862
8c3993148060c4b36abca0e796557c03947fe239,ok,18,54
7861bd8523a517df68aaebb44e44983749744174,ok,266,948
1699b4fa62e041b8cf97981e46804f27a733e6b5,ok,152,560
664bc296cf00177b2ec38b748602c19e275249b5,ok,24,80
7dc3c135e925da05a8bbd09b2273be3275d8e34a,ok,111,403
c9d798855ea8228b8c730e8052efe9983fa75a75,ok,269,1056
0dac4b05913b6106fb6511490808cdbcf6f282d5,ok,323,1141
6a6416708807bbc74cfd7278fb4e0359524ef302,ok,100,338
4eef3c2081a2d2d537b3107e5026aa86fa596815,ok,101,344
26a8b79388a72f0d4bcc7df04040adef427faca9,ok,22,70
eb3dbe8b90cb535823c20cba9579baa79cc620ea,ok,512,1876
054bc1dd155a753d822d86dd4835ca438f122c25,ok,24,80
88723144946af29fdcbf7d9677ade074a12ccf09,ok,44,152
95e6f84eaadff9fbe3efbfee75792ebd5135b574,ok,27,88
2bcf65f398cac47e7a3ce4011f414af65aa58d4e,ok,41,140
59892cfcd0f819797f09d2735108e31da7ab969e,ok,512,1838
6412d57262a937700070c5af9d28cce7a730c02e,ok,9,24
14de60307da9d771108536343621c31ce95884b7,ok,22,68
c5eced9c9e4fc21193fdc0aa66e576d4ff8492a0,ok,31,98
a8848e1f32edd8060d8a0e0b1703771893abe2d4,ok,512,1879
602df6c63e098ab234ff48ed1b4391c8d7886227,ok,11,32
9727aaed3907cb345aa6d565cccf09de47a19543,ok,17,52
dbf73863e5d3bb8cccef143171f01d8aba710c43,ok,98,352
46b5eea6941612cd37e12b136f404d7f01a10844,ok,12,36
32b0a2ebf16d807a3bc74b2e76a3c7c3e0554845,ok,24,80
569c28a7580ac29aa9e3789e5d3687278ba6d0d9,ok,328,1225
b7f33ed94fac6c42cdbb00ecf854a6480907ee04,ok,28,96
4bf687b2e1a993e671e0484eaa19ddc89a02c484,ok,47,154
47a1567f834424a2441ac06c21bcf96bfd1a7579,ok,36,120
9f63cf762d76109ac0428cf3116125efeae1ec7c,ok,512,1866
2fd7e24180ece7db6b7a1faa49b54b6309bfcdab,ok,259,945
bd8a1584f0d27a57af8c1dd96e9b07569628b83e,ok,38,126
21d24882a3eb7ca2e8131e43c2fde7e117e1167e,ok,43,138
b5ae4b410dcad91004703b6c8eca2a5d974f1c3b,ok,128,471
fa5e9616e7028ce1f9b4fc365469850db5af1055,ok,30,98
a458725219746a17144ca6b1b36a450526f3a7b5,ok,512,1922
64649bc7f07827049e45b0daaec21191f2523d80,ok,289,1106
dad3fb2fb0d8fda31630589f17208f15d031a16d,ok,27,84
8d502b6a9e39972106ce7617891c1217b1607b9b,ok,20,60
e9afdc583b02086898d9bea63712db17352eb500,ok,275,995
c6606eca61fd4ef1f4b2f417408cc424455b3ee9,ok,512,1932
8ec500e5767597302f127247053beed4e5ea8512,ok,512,1865
e4ca9d923586b6eec65dcc3f646eb14482c33d3f,ok,206,761
dc90161b3be98462f1565cd309ca60c3610daf79,ok,23,70
46fb90f1f5610b30480ca96b5d1676445539ceeb,ok,512,1833
b67f663044f7e9a6184145c28337cf032e3d19d2,ok,23,74
0103550783f5e3ef85965455c71b74a8b11250af,ok,31,102
aa76167f388ffcf3f517f00c805fd5675bd6fb41,ok,512,1827
6a7d3eebd5ac67b98ebc4a4507fda703828643c2,ok,145,524
472f28c6b6dac23445b3e3fbfe5dfbc4e67503df,ok,150,530
8bffedfd61fe862eb327e524244f86d74e459f7d,ok,345,1268
a780fa9763051d249cc70d13f13b649bedaa00b2,ok,91,317
fb9649fabe24a7a43011131ef2d20529bb4d634d,ok,43,138
779806843961a8548e26cf02c210ab2a3eb4a6b4,ok,207,768
8149faf757908b99cdb3ebc964589425e02b7a3d,ok,30,96
11134a5fb714202192e3f9e3862d5149ebb5969c,ok,25,84
eb7b90802a41c57fadfdd150e88902f15ad543dd,ok,214,770
a034d9079301ba9424b901af983c86d63c57713c,ok,196,726
3cd3d5bd23cd7baaaf15d889c039b525352ea254,ok,19,58
f5b4e2f826b575c6cb34ed6e7fd4e3ad711f0b24,ok,512,1812
ab367cf47a7c9fa05f96794079ea438ce9abb79d,ok,512,1870
d07e99d64e8c54a39836ab33438cc1ccb20debb4,ok,78,281
bdcfd39d9da9040e00feadb7a55a96688ec6227f,ok,512,1816
e24a12478c387f8f4e2edbdf13782f67fdd5d052,ok,99,344
b021a48ef653e681570d4513449a173240e75250,ok,269,966
6509010d495ee9d78a5bb763e56fdaacb96ef50e,ok,61,204
2d66595968193341c10822af3383c16b4e40e685,ok,512,1855
79fc4c963d8cf54168918312f2af97570608ac55,ok,135,476
d875b1b6c0047bfd026d2a3fe3a3ac3313f71167,ok,494,1833
84c041fe83cbd9e19f82571459fa23396545cd76,ok,33,104
b7705103c5d9c98dae2316d7d05df971f8004865,ok,25,82
7227b118af299cd94fdf08c6c00c79fa795c70ce,ok,382,1348
0d4794ee9d7354f9bb487be4f4b236f91412ae69,ok,20,60
7f45f96598b743c3e38610756f3be3cbaecbc3bf,ok,109,408
bd882764b0bc79dfdce93d1c5d648f7578816ca3,ok,44,150
2cacdaef05477c49ad6043b6ab30db6b996c3bea,ok,261,912
a032d24b83691095abafc81b6e722e6b6063a5c2,ok,37,126
b41da091292b33b2c221f8551328f12856658075,ok,163,598
919b08e3ef07ad04c329b6ea43a5ce5b1ecb23ab,ok,60,204
87c071756763671f7f1cfdca19abdac6cf0ec403,ok,24,80
2e8cf386d621fd170b09d7962f86e4fbd834c81e,ok,144,526
e26cb4cd4eaf7556b4aed10352e50c4ad1c4bfe8,ok,82,280
75a93c339a4c6c5974d80616be9da33d1ef80c73,ok,129,455
2fb7a9a05a59b55903cf4961125eb4b04e02e1ce,ok,195,676
ab363b89bbcc686e6d9de55615d0678617556381,ok,100,358
ccffe6972144842fbd2388d8b7f6f7c11c7d3b72,ok,203,730
9e53c6d83d372adbf3572a5e48aa2384053e289b,ok,47,157
378eb9c1bc436d70204ebb64edb8db0ad5891b87,ok,28,94
ce4073088772911894c10d672947b7a87d1cb684,ok,403,1447
40d54d7d5e251f3ba0847dfb8e52cbb938a56fc9,ok,36,116
caf28d99255b42e0304e2f711ccb9519dd0c71ea,ok,41,134
7bf61c84a8e4ae3b9d0f26cc34c0e369fa18a929,ok,33,110
e1a3b00dcfe341bc9bcf0b080678b59f35fc548c,ok,18,56
71d09b60a4423982b509d9622580fad3f633535c,ok,88,313
f8c715b187808c0b160b150a82dbf2078409a89c,ok,155,558
c5356acac98609601f1f886e3b543f954a40b28a,ok,327,1174
7ff36480a592bca89bccaf163e4d98ed0add3ae6,ok,25,82
c83d931e7cf5fb209e69741f9c6adfbb45e2ef0a,ok,430,1521
8ad6298c818ebc7647f89cd7e5c3ea07cb334411,ok,42,142
6e4908975b06bc9af58e0134ac19a2bbeb2c0227,ok,235,867
9d7d848f887fdcd4f3df717e2ea7b6732088ea58,ok,245,906
0a2d07b404baabde554cface0afb7d222915e2e8,ok,24,76
7897b8f74ff6a3414d425fc20fd4779dd4cedc2c,ok,69,237
37a93747298dfd71407bb8511608f342fd4c522a,ok,364,1312
da3c2bd83ff5b99f15b74f63ae7113d2b225614b,ok,256,978
fa53d496e14db6df38e659b0cc16ac4b1728f503,ok,123,449
0ef182825fdda3bae66f6bbe95b9e0f715964e2f,ok,25,78
a7547363feab3fea61d6e663be747fa2204d25c6,ok,94,333
7a85aea7505992ad41467720848720b2c02d0f6f,ok,15,46
012e916143db79900c382d88de9942caaaebef86,ok,28,88
d8f3c79f26e4e09b2dd9920066951ce730cddee4,ok,240,887
b5875546f0fb8191d202f84bb896625836e33524,ok,23,72
ba3f3211ce3a47f35c323802a133bbe35c29d3e1,ok,252,911
d2e5900b8644bf60b643401e18b654d087e2f241,ok,24,78
0fe675342b1b4d770200f2dbde573e2891df200b,ok,14,42
d45feb8df4414eab2d54b1c0c69be1ff44097088,ok,12,36
af5ca4848dde93fce03b315628e0cb95a1bb8e21,ok,253,918
25feade22209c199760e2b74ea880509b7f8a3a5,ok,68,232
afbdaa827379c32cd573ebcbd327d9e36593bde1,ok,49,171
8dd3128312a53f827077d7d3350835e44b1251a1,ok,211,756
78b0ee08a2429b57c9d8112f20c2b3613735f105,ok,25,80
7e26b9123e8a460a797c1f36a0cb8279dd453147,ok,103,355
a3fee773d770ddbd794366d133834315a6e8c62f,ok,99,344
758b13e15d31726b3ad2adb272ffc3f570ef2ed3,ok,31,98
dd40e949559f746ce4302c3b910a63bfb2fc820b,ok,24,72
0b067a782418fe002e043ff7712810f48ec00fb2,ok,439,1636
696bd36509a38869e531b8c3c6376cf2ed6faf39,ok,53,172
0f74ee66c18486a0d3e5965eb833e932ffa8b45e,ok,407,1474
5f1cffee06e1301cdf7b0e576372989dc426ce63,ok,512,1837
891a05340c2d9fd5d98dbaeec86be7683547473d,ok,29,96
51877d830e16338c12d5882f28c927fc18a85183,ok,26,84
e0920ff197daf70523326f67868a8e371b6cc06b,ok,15,44
10d9b9dd8d15cc6dcb781a65b5567200599b4b64,ok,24,80
0f40d87470e89b8a202276ce3e7f50a4471f5457,ok,492,1818
1417d644d2495dcf4667caa80c1a7882fbd6219d,ok,111,400
ed34a13f00e8cc175390b7a1664611e3330dff60,ok,512,1962
204f9b33b331db18e53c15b13a7ce7a9c8f46b3d,ok,275,1011
92ee8964f95047a4bc3c11174837c295f9d27ab8,ok,73,250
bf050ade2149da5b56c69e715363b2ca0bc68c5c,ok,141,475
727f3038fdbede060a24c36668809ec5e17b33ed,ok,24,80
d297fa1ddc4e17389b7903621c7bbd97039bfe56,ok,24,74
b7122a9f86a07cb30335ac46161d8f67c9ca2050,ok,65,220
4baecde92bf253cb7f04f85588172a97c505bf32,ok,317,1159
aa5ecfabedd105f905e4d31148dde48ef8fb08cc,ok,199,716
8636da126a655cba4117055968d4d95bdde85c78,ok,337,1173
4dcd39edb817069958a0a1800a9d87e72b67c1a1,ok,426,1539
6e81a15b7ae00eef50609ce13d4d6da7464b9694,ok,109,371
eb04faf5dc1c374784df7e074fdc9a147e100d16,ok,10,28
8f8fbf04608b0011a7e6943eb83614d09bd86b44,ok,512,1918
db9d761e9c4bdca8b6ef0baed05cb7d511b022ca,ok,510,1830
ad6c07232e30a660afd58fd12dbeed6a7b3f9205,ok,25,82
cc37be8444714b68a92f6cb9041e7cb2204ccaaf,ok,85,294
7482dec6ccde220421871efae4461735601aab77,ok,48,158
dd2937c596fe5dd39db048f99738f677ddcf6d8b,ok,53,174
b4bfa82e188895ab97dd49cf3cc14a05a94c800d,ok,16,48
8a1b25d5462769c5f416b42f01c5cf07124b0202,ok,28,94
065117c6e0eaa3639a83f50362729d4523d6c98f,ok,27,86
9caebfae415068f69e12792aa9016425633cf6ce,ok,35,116
217844b6286dc2848f30a9ef6f8f4c14263c4973,ok,85,282
150ee87709b5a8f8eeaacde2920e052b46f7b687,ok,48,166
c470cc37d6f0b3468c405cab23eaa513b0f4e823,ok,512,1847
93ea0942caa8363d8570f7d6cfe899dbddddf9fc,ok,16,48
d618e7a4c7ea9db6bcf9bf26043c1c26ae0af13a,ok,72,250
6b1ce713b0ba8003ec2c829fbd8c8dbfc82b0c17,ok,25,78
a2c4b4c1be4fab3f5fb682888a0916948ab943bc,ok,512,1927
3bb2c70700df03a84753e1fddd9c18c9e50cc73e,ok,512,1854
78ef51e6fa505a2c849bf00d5db1e1a23b62812a,ok,39,140
300f682162edd28b6003c1c95e6d77c27cec5896,ok,72,256
5ef63b88531c4045410a2cc9012775288e6a4210,ok,157,590
e72fccc550a4bb6528f5037d66e5f855a3e7fcd2,ok,100,356
38846158154c1f4f6966c37ca515142826941888,ok,102,349
7e79b4fe1eb3e8af125769f3ff4c911166c76a5d,ok,41,134
39c5ea35acd4a5f0f38d67718fe21efa92186664,ok,24,78
4468e83ed7911bbfd1041919384be01d3a636d1b,ok,512,1832
9a743c5d2e9fc86a1c51b4f984cdb3d6c914af49,ok,118,429
6d4cab0cf47b2ae074ccfd4b106010cc8864a31a,ok,180,668
1dfcdfeac8357c4aa2a68144abbe6e384e98636e,ok,28,94
7c3ee80c521e15dc6c91d0b23a45b80dc22be63c,ok,192,689
e6bfdc7e573cc0c9f3564a594bd9fba13472f427,ok,148,558
38959b63ea88b1d0fd032ec5f1e2ebd25c172fc8,ok,512,1829
340e95f099a7bedd38d1ffa0af7e413bc9b1d36d,ok,126,422
2c053aadb254344050987a55b519b5dd9bfbff46,ok,280,1037
c92234f2a04c9a3a8112c7e3181332e14e35e79f,ok,99,348
fa5c3c49867daff97c539ddadb21b3a5efede939,ok,266,957
a0ff0a81b2debe353a1d06af9ac918782dcf74f0,ok,126,449
d6bd0c44f2ad43403e3ef299c1c2c40b04016034,ok,155,547
b569c3c8aa3984ccb5593a8a17d2ba9d4af5581b,ok,19,58
b8d3f944269a7090d3dbe9cdca0c1f3a91c664ea,ok,19,58
aefa4865e9c33fdc76477555fb6146b40e92a45b,ok,79,273
664cb5be33090332ac211dc67c1baa5c34b10b8a,ok,24,80
e3d59be8f58c12874e4850fd25894ca76c621aa9,ok,25,82
a375db548f0569b8a2bf800bebd6851047a73c6a,ok,29,94
33ba6e51a1366bd352ef59c9ab638955b7e8fb17,ok,19,58
19207e8d8379928cc6ce1db22abf0a93adc8a52f,ok,285,1053
1730142d9379ff414f3c1cbfc40b9cb3e18a0df5,ok,358,1291
409b002060f2a9d053ebee9d3afed634149e03ca,ok,19,60
f90fb29c6d024a86d9a98389b0d9eb17a326cba7,ok,186,697
b273ef58207c1764c47a565083a3c240d1bdcdce,ok,27,90
2467ba59907254fa80b5c5246ac02083301d1e57,ok,29,94
e0f969a8f395efd5b2852d3e54b9bedcb54d03fc,ok,112,423
3d6b777fa63e34cc29cfcb552867553f25d562c8,ok,16,48
c8e54f28f9afe4f9bd872fe81b5444bcd6195549,ok,477,1722
08ad521c1fcfd721917df1469ea42a98926cbfb4,ok,39,124
794e4d49ac232bb807d4bb460cbc83027faba4e8,ok,16,48
1f7ce92d343a3339cb674833bcc6ff514a5457a6,ok,27,88
5e048df0a877f0dc88e83182f3800a4266d95c51,ok,110,376
2cda673e9e3d8d68b2fd56b5d764e3d8288b6e8a,ok,35,114
bd9df6af4893d719d376a0306336a58d0b957023,ok,83,316
b4fa68610d9aa7df4e7ffe8dc5235bb50e3e8e8f,ok,512,1837
796656f2fc972e59019addaaf10689451b9b77a6,ok,154,530
ccd1a6a9a367da0170d1e914b884fba224e052ef,ok,108,376
868f71a23b14e3070ae7aab4432b01c2dbdf65e9,ok,95,346
ac6870d1edf3a6c26887c528f7b26ce6c00ae8e5,ok,13,38
f7c478bee446ab7bb89f0fb39b28830419bd2fae,ok,21,64
9f9ce9e6650566f19d248db76e9954e6f96d9ea6,ok,11,32
8f16e6954f7cff0ae6d60ba23609c6655bee4a17,ok,21,66
a3b679f7bddb415015ec8ea1ef740cd2649a9298,ok,22,68
676b3a50901e8a2cd0f98517ce4baed1aa65b4fb,ok,52,178
1094560921abe0345e96a8cb1d6268123e62cb87,ok,277,982
1da2cd23f2842f9d4f72c0d07e260e926733aa85,ok,21,66
98a6fcbdf7e29801760820238546d2c85fc2739c,ok,16,48
dffdbd44f43ff1dc2837c96ddad2bd212d80a77b,ok,120,403
4f0a7c5834924607af0dcf4e275039e0bd2665e1,ok,69,244
278ef3aab8616afa7baecfe249f808aa7831881b,ok,47,162
41b7786ef7baa4aaaf7c9ea9eba74f1c50b49f29,ok,24,80
c6f842f974777f66fa0f2273d3e685e95ff46c77,ok,505,1887
8c6cdd2edc54e4f42ca1aae0de2f692013967b3a,ok,18,56
07bcf870a46099d04e1718aef6f2087753460fb3,ok,512,1940
231d93cc221a4e2d821ba24d38ddd48da1cf2d37,ok,144,525
5d483cc69d4e9e80aa7772b8328241d7de8373b2,ok,24,80
8ce00b262940fd23e94143027a085abc1f0dd867,ok,38,122
d53bf563a609e8f4a18e181d08f9bb586d62e7ed,ok,143,520
f10d0874f70d74242b67053153a4b2f3778f6b06,ok,42,146
eea7ec03d217b7b002ecc119c35dfc0fdc531dd7,ok,30,96
9ceaf1044554d5384986b1c7bdd74d15fdab1bac,ok,100,362
a34f1f3d5c176328e0ec64c97ec70e4e02afa826,ok,190,679
7f11bcdbd4d53e17e6432da1c31c9216d7543ed3,ok,90,328
8a2442f7da3ae59f5e31c46f8450748f53c21999,ok,73,258
c7f76782dad8007306e454b34b2ac7d7fee443c2,ok,49,168
4a151ab289ffb4a885a0f0c3c5363f18cdfe940d,ok,27,90
ce9807006b2e104bb940311a192e7b996ab02ce1,ok,44,150
5f060ee21da72f034414bc3d9d75df9180560247,ok,21,68
eb29ea6bc3e3812b7455f83d7504c950b8c54b85,ok,300,1125
939d3e85bb04457aec83e5cd6aa7f3c909d86f71,ok,31,102
6b12f16f3b3d32395d668c54be7c2c9290364efb,ok,21,64
64edb189ec814bce1857be4e9ff9b3211f036a1a,ok,55,186
b935c989ba5ba0ce80374c80cc58d44642ed0268,ok,51,176
541ce05bb43b84445c8f6f296d63302a0915f0fe,ok,133,474
26d74c24352310903eac3f48eeaa22345e09d228,ok,11,32
031e62215eb4b9deccc2de942cf4b13ae4aaa8c9,ok,209,781
a818e7e7b30a39a24766a22853536e0f373cc828,ok,19,58
08f8efcef47a9040f0c6947ba8b516a01270856a,ok,15,46
7468b34ee5b7460c2c726ecd36a8b089c1b6848c,ok,209,739
629344297d619faf15b993cf7714e50c34a54eb1,ok,127,446
365a050df904c04a7adbba99496bef614b2f727b,ok,134,449
de69053767555df5a1e40d16c1bbf2abcff5fe04,ok,24,78
57e8f24381bee30d33a2ff2ef1ca0889ed2ccbfe,ok,147,522
39bf0a50c825b284155e9278e257df9009111de6,ok,22,68
a7860bc81255ca42308b32004638a2524dd577c9,ok,299,1119
b660219f7fc0cbe9187ac37c67c2d7ca01724eed,ok,438,1596
4dd5af50801677b7b16a9a8095113fd989b4b7a2,ok,124,435
dbb429debffbd9970bdac91ee59c1ea5ebeb1336,ok,23,72
6c6fd8b1e3caae547aa7f69fa105fad054e28414,ok,33,110
8ce6eac890452a02910cb9710325264f46b764a4,ok,512,1837
beacebe6979bc5d240514fe775da821541d27075,ok,140,505
1904601cfdda62b9a828bd0cf5907389a16ea8b1,ok,27,90
e4a4d3f711a94ab5676c3017db7a735928e0200d,ok,57,200
1e810ba9b00e6f9b91a84709ed8c7b7cf2da9f27,ok,74,259
b09b15d9f772d9c699e85f908c8c99345b2d0636,ok,270,928
d41202ba6bd71f1ea76adef8321b6668b393bbc5,ok,20,62
170d6676eb450efabb1e27b98f4d4b82336589a9,ok,336,1239
adeb1cf9f44776e8fe0604ad78a51a2a701f92f7,ok,21,64
ee8fc89849a4af954b066af02a53bb90951d07c2,ok,480,1690
c61a81d27233746b75d32f133010da9cbe49284c,ok,16,48
9a70c4226b27f2a2faca511967a339178a8885b3,ok,55,202
e30131cb38269d009476b0d3ea88afedcc492f15,ok,346,1318
7874e8d3021820fd68758b1d3a325d1e2515af1f,ok,175,633
686df0cc0564365f4fd82676375f5837f05a18e4,ok,80,280
0778218574c6f25d83e02de9239f75f5a046e05b,ok,16,48
ab204ef61261aed21b72820ebbb3008bc445dcfc,ok,136,511
6b18c62fbdef07d43c99f44d4fa6a618e9518f1b,ok,217,819
eb7c2bd99f2960d455352c7a0abe0066e9cface6,ok,17,50
52886a13ffeba19d722c204ab91b6700294ff846,ok,22,70
059385107e5af7addc1a22c560bf74a6db3a9d9c,ok,12,36
09fbf2c3c695661c81c264dbf0edfa31b34ecdee,ok,16,48
d448237fd6374583420375cc0e4a6e06885ea5b1,ok,9,26
6b068a7dd333848026303477073ed067e6224e7c,ok,162,573
01c52aad988b486670a369130afee2e41fc974d8,ok,328,1178
372d95c19192b5986590a13a06bdbaba5c491f95,ok,342,1312
37e513e41f7798619ea305c1d65f392fcb5417cc,ok,173,600
c959f8b97f5aa4331937475bd453822ea1ccbeb6,ok,26,82
e810a84995576c41fc0282030d59e97a523455a3,ok,512,1921
8f0f0f1e1a61f9411f20ce988f7439b8f78e6479,ok,33,104
e0da6d69698da12eb37024970bbc1d36522b53bb,ok,30,96
f7cd1a0633243678f26deb256b8c6b89f0ba92af,ok,16,48
ff205b3f5c22111624c963d8392ea34720e257ab,ok,512,1835
2bc31bc36c4a1b8d747dbdf9d96a9491a7de04bc,ok,178,638
64e155d61c0bcb1373c6a1e57d11cbdf41d32a8f,ok,61,202
684ae8f041f32d652550d80d8c203b2cd178c640,ok,512,1810
e1b39a89c0d211fb0f4b31449166108771f629e5,ok,16,48
4a22e4737551bc361437c9f89a49bc1f8dfca48c,ok,44,148
cee21e29412b540318f4fdca2bf4c8ff6cc6dffc,ok,23,76
5cdcd26b14b84eda6f63e0539fc830193bdbbd9b,ok,26,82
b53b8dccfc600e2ead162ed368dea95506c4fa1f,ok,71,251
8337713063b3c7875ff0b86fe2e940535f23493c,ok,512,1781
26e83654bc4e779749aac2865b8f1a19a8c28378,ok,14,42
965601f29cc7da7ad33266f04203a84a51e015fe,ok,37,118
654d5489bdb0829186e318fbd198a510a6b4e2f7,ok,63,224
0b72109327ff5ff80c31cb22586ba85234a0a944,ok,24,80
108214e3d3c9d40deda2425c458750d0b72b675b,ok,26,82
8148e055606dd21965c1373ef587fdd1ee4ba8f6,ok,82,286
9fa98bebd941634278985dffe8527e08eea5190e,ok,16,48
954576bbf5787585a1bc3b43934679d151cdf4b0,ok,104,372
00b84c18c690576286293ca9859869fcb5a23aeb,ok,419,1612
32e01e6b9ad63cac25f6c232113d8c05b7eb655c,ok,8,22
0bc5b7beb8bdd0ec3863f69389f95c1594bc9747,ok,512,2016
98cf3a61f0d9f5eeaecd74d868638def94cee0be,ok,81,283
1852bfeb303f0daaf8f6e20758b9fcd64feb786a,ok,37,124
5ec05cf4068265ace2348f390b5b5aea19565ad8,ok,24,80
d225da351989df04c898094b787e17a4d707c8fa,ok,33,110
463ccd77b237a308f56eb3e56dbf75d6f9a8643d,ok,164,594
04ba3610cc3ccfc3a8ae14f816e0807012f73ed8,ok,19,58
0d09390a566ac19479d2cc2540a6214815259c78,ok,57,198
1720b93894982325ef2e4f92ee42a93d4dd4d5a3,ok,75,254
f2705c32c6eeb22f97b08470c15ccb09aec9dc83,ok,239,885
d071d22886f432418576ed5c19cf73c0e87ccc45,ok,50,168
296e953a43bc7801548c1c751cbe0db49db79ca3,ok,114,391
7f6956371d14de8c25c1b9b67e5a67e09550f2a4,ok,73,255
3386fc63cbe2c4fa1344cb5436dbf0f8b774fd26,ok,19,58
bba6b0b02e2efcaba96bea441f476f7ff2b335f6,ok,512,1934
fd241b1aeb56d6a5dd2ac4a65a641a88966253a6,ok,65,224
b8697ab30d9669dec509f15ffcdfef894a1763a8,ok,115,429
d78d256bab973ac52f1389812d28bad89e86296d,ok,59,199
274d56939f4b965fe30503d8e00bbe20bab8d6e0,ok,11,30
ce5dd0cf36ec769be510a1756d8f6bc7c9dbea57,ok,24,74
1a306997185d4a7c55264d889bbaff4f3d187e78,ok,386,1364
49daf0c5f15baa58a2975d7bff64f2128271f6d3,ok,43,148
00658fa4502436a394df121d84aa1056bc740367,ok,512,1857
98cab46230c18e2fbf60fccb232034c79fa1b57f,ok,74,246
cad18fd91272c4d1a7d3041cb9e62022a864c507,ok,58,190
33f1d6aeb9f8ec2e53b935724f42a28786bb52fe,ok,352,1224
939ea4466d75a8ff433f1ed33f523774ba25fa7c,ok,224,794
03f23c95d83a181b1186c83cfc6b621884388621,ok,43,144
ee9ec273d7c92ca19ec173034ca71f30a6e21c99,ok,18,56
633bbb31a1757a4842a9de65dddf3a818f08961e,ok,44,152
4760a68a56b16eedf2e56901c7f09d114fcf06c9,ok,16,50
f7e1e18a8e48b05b2660d528ef90a499756cb3e1,ok,19,58
1f5b6056db810e85e65480b9c45393e73c50597a,ok,8,22
b6e43edce3f9543917290472f80af06445ca555d,ok,58,197
9da765ed44f362afdd0973e4e64a2e69e3a7c73f,ok,27,88
17e9b799c0028d302e43b516af12d6afdb65ffe4,ok,196,694
b8cc37f489ee674d1a15c6bc0c6d3158cb67b59f,ok,30,92
b1739b4edea5d436f1af02d9c2ba5f75b1652170,ok,29,94
ca1f586d849512538ee3ac570fee208099a102a8,ok,214,776
7d8f158860b522fa936e29d06e37aaadfc936985,ok,31,104
0c7faad5b4430ad71910797f313d3ee35a716019,ok,10,28
86020c3b189a19a13b732afb9615a94544c988bf,ok,64,210
cbfaa978b7d35a0c478e57366a892ff20f75218a,ok,25,78
a6c256dbd311d60aa3c2d236f784fc5abc98c60f,ok,11,32
5de6e9eae6087c6afd430967a7b7b6d7bd4ae57c,ok,132,470
3a935f91fbadafe1065ac44545b63ec2cb666cde,ok,24,80
2e9afa87b4af71a5972a9fba8dec7956cf2e2965,ok,30,100
84bf635bf02149de23931469934f1c90acadcac4,ok,353,1283
16202838e5f0f4e0f9ced72b0df6d42666e22a7a,ok,28,90
68c7de86cf58f15449dd25cc0da52c03df9277e7,ok,17,52
1ec4c7589a56f138d9d48c76341dcd74f4b272a7,ok,102,363
fb9db13665ef0174cbc3a43e71fb2710b0da8505,ok,152,543
644fbebcf20f1adc6843bebc35fe82241149975e,ok,74,256
bb395312903a6f330b2334061bcdb65f1814d5a8,ok,182,664
9e298a1cc7e34c5b7c8250f7b4ea73cd0a74885b,ok,68,250
df2ad0f778551fce9dca9afdcd79467421797a9b,ok,16,48
3204e23ff4a0c76f21ce600ad0614b92380c98f0,ok,383,1429
a188fb46ed0ca2324722fd97fce07cca0f5331de,ok,88,304
8380822503bea89ef46fd01595d9e1214fb95e33,ok,24,74
c9e9c0a54415fcab877c4db218edf59a4ab86c31,ok,43,142
9ebc32a9b5c892d4359ce4a002acb5a6f56b13f2,ok,31,102
ea3a28f1d9e33c9ed8d41d1d544ce8feb3f9f36c,ok,33,102
dbfeaa272b9f65fb596f5c24cf6d502ed2ce7124,ok,115,402
744950f79a74fd27943ea5203e70f90b7ace0f98,ok,195,723
6a30be2c3844b6b8f5480d52267e72f2c9a04adc,ok,106,374
0f53543757730398c1d6440eb4afbc855c960977,ok,157,550
94e19ad76ba8c6adfe2a0abe58a72e6157f0233b,ok,19,56
7ab7f6fda7c889eadaa1d79d97e531e1b19db38f,ok,19,58
23b026d1b0a4e5191c6e5406ac89c87050206dd2,ok,348,1288
b155aeb35a502a43c64baab39bdf1c8dec6f3b0b,ok,12,34
1056612c276534b337117516218465ff0171622a,ok,338,1224
2200eeb5604fcffc043c188367dbff2a06f355e0,ok,90,323
367380a4e8ea0da82cb6d633f1f96c7cdda1050d,ok,147,528
36eb9fc5576aea27ffb5998d4b4024d69ff0f3eb,ok,133,454
f27a0ba3a00b886b0ba3b69204283814b1b689fa,ok,23,76
85b8d7a42c265c9894cb891192e0ead6fe3ed380,ok,236,830
9b7af2e4ae62a2df0798bb7571a66d7c3c87b221,ok,24,72
3dd3edec844517a201e3cf2a6172fd34b773269a,ok,81,281
a53f7ddb7fd87d0d9ac33402ba50f87e14c171e2,ok,473,1762
55663d0898107b8c0c569eb470e443bbfdf256e3,ok,453,1704
569b992152102457f0057712ad851a28780f1067,ok,86,299
8021b32b56277e4e1cd6d189ef507f2425d84be5,ok,37,118
3319a6c54e342c8a67e196ce57c3cc2c88a9041c,ok,27,84
b2917c8c88627118490b1edee5fe4735d0fd4a26,ok,183,663
99c1a87b6690d5e053bbbb01fdae2957aad471c2,ok,14,40
bf00f2e8199bce05f8b3254130f0313d749bdc9f,ok,63,218
339a7bbb6c4f7ce37564b97ca2f89d47b0080cb0,ok,43,150
373ff488235d00a9a395191c05e0fa71fee44ce1,ok,40,132
1af97111ab13a82e041c9ecff0b6166729947ac8,ok,182,650
2ae6326c06e811c6029d1dc71af6740391c89e24,ok,16,48
39bb7c0e9247108df749b4375d391066d434e17a,ok,167,611
6b98dfdd9afa553cafad4a7dc6d71a5809080e0a,ok,148,532
6961b23a7965c5cd3f19b056e613c8bba8a9cf3e,ok,42,146
04c9f8f0e6015c0bc91fba95595424dc49b71a2b,ok,160,580
b9c256f338b5d0f0d63b4c495e6ff2960d76e826,ok,25,82
477ebc366e76bce924ce507553695c49a1b3ff90,ok,118,410
67c3ac56fd489a4e4098b004257811b0179dd9a5,ok,142,504
7bf360929d5dc215c85df7fac9fc4da1cacadacf,ok,382,1392
c84aae9c23fdceac128fb5cf90d4fe29b95cb1d4,ok,54,183
98077ebbdcc18bd2716b65d35a55ae5d406984d3,ok,9,24
ddc4ad00fed358b43369a3866f856d8097a20731,ok,87,293
520ff5d2efaf2e3dfb3c73772cc3b8256f814302,ok,176,625
32c764567f6f0b29f9159e548e34996331403165,ok,512,1789
51cd6df06a293fe549aada965fb344c1f026b7a7,ok,512,1869
878c70ffae479d5e16e4b3fac2baabfb9021ff41,ok,288,1056
732a24b3f8b8effef720f63c569c38e191dfe383,ok,16,48
de700358ff9b5e85f4a05a7b3c59d132671b9050,ok,512,1802
d2bb2a707ac7908a4739e287cbd40bfa207c3075,ok,56,186
17ff2266f0ff9c6e43fc7039ede87b1b52ef7653,ok,35,118
4d00baecb2879ca70f4b2e98e8d2041cd3da40e0,ok,85,294
7c60816f436822d9caa29d1c31caa08b7ea4064c,ok,31,104
3cb84c58f05b8d1ed6646646d460211eb9cfbfce,ok,17,50
e5a4512993d8767a5af0a6812fb7e57bd1b42ab1,ok,69,240
21ba5c3514611dc5cb9095ca2fa421441c61997a,ok,44,150
fc4bd5eb82c8f255ded874450381e513ce22ebf2,ok,117,398
410dd9e0103b97668bc2ad039d3c41bb5b7fc3c0,ok,174,624
a3bf26fe0eb185ec93e928e2d9ca0465d645f055,ok,94,320
340061006041d609479355fc0d08e2dae26e5adf,ok,512,1793
1e3e7beabf369b064217df8dc553842fd71c31bb,ok,74,261
5e3ed65b4f62d823bf4562eef823f6b02be1748d,ok,54,180
ab6144736fda8628c617d0937002c4be5c188e1f,ok,44,142
b3f185608535b2637923db88ea1a6846345739da,ok,85,281
e561277af862c54fba8b16d2e46652de52a1b564,ok,31,98
5ee33640a75da131c4e981882c992389c173129c,ok,97,353
40017fa6609588e5260a421860e8d2673d001744,ok,27,90
b767979b574c5ad9a6551a162893ef9edc5c45f0,ok,23,72
6692e62861ab637260d97c7645db139da1163445,ok,88,318
192c034205679fd744e8e8aa1a4da2eaf7694f08,ok,247,891
d3ae85ffd887852239110617cd1a404250590239,ok,35,118
92515a71e4d83eb13143ceaf2b8f5b72c68bef2b,ok,512,1787
64f56bb68c1d097f7c061caff2737f0e8d4bbd81,ok,123,434
df78d00d3df6f3f7c5f7f8daba2a3b1761b32e8f,ok,26,82
1c7b11bed443dc7ffc3004537acf1a817f91e1d6,ok,502,1864
408bc7197aac94615d14acc051bd7e562f9854b1,ok,26,86
9d2bf66eed85dcca8b0286e3f66c84da48296c24,ok,396,1450
b2c4cdb4175666b7c9f0af4bece125840e808358,ok,72,262
32823e3cb6782a3fbff42e774d9d34ffef516083,ok,44,146
40df2efdfdddeaec117e652688095c6291d7a425,ok,512,1830
76d4ef30cffb676025be2a18f97623e435a767aa,ok,512,1816
01cb2f082a9f48342ee57bc7378fcf2d5c3305c4,ok,75,264
3b49535d90cce2c1d067c1d509fe2d0972c56234,ok,93,331
668197c71790b17df50dcbc083a96ac7741ada9f,ok,512,1840
168db642f68bd049d48dbe09465d499f6cb0f838,ok,47,156
6c35551b99f67b25527b15072d9bde073f34eefd,ok,98,355
90147f54d630c64d53a78080dbac69329d6ae248,ok,512,1847
3f4bd605313f79dfbf80125e10b8c07e55fa6398,ok,348,1273
cf4a02f9e1735cab6c257983218f21a457940ab4,ok,128,436
9a624822e8a243ed2ff1ed7ca3ca7ce7c2212556,ok,23,68
12b8142fbf96a4c624d04e313d1d5775403fbdb4,ok,33,108
46b360630761ec0c8cfffd9c190a30ec52b3e660,ok,18,56
9485d1fc2b68356a68481790732fa26e62f298ff,ok,166,584
30649effb3c95f82f006bd831a47dde5cfa43ce0,ok,152,526
a9f05a15cbf494221c449fc02bdcd8e87185c1a4,ok,13,38
3d0001345ec6eebc8f3c24c35590ff5d9317a00e,ok,29,100
5a991b09e64ef64c3793f94feb4db52f3b3f6e1f,ok,512,1869
d3c4b4dd25342518b982541ff8bcc94641a318a7,ok,185,665
7dfafc3eb7e85015cb8a1946c5cd082cbb391538,ok,22,68
e9fa4b689db0bbae12b66b91d48938fe505a69f7,ok,85,285
fd2218ed771e399e573f067c91dc4f8e92648fc6,ok,33,104
34432fd7bb12844743ffc28d9ec822c291f124fa,ok,63,211
5be851c0a33e1553f2f3a62e0e11c668cd035aaa,ok,23,72
1fd9f44ac222897fddd31b9c32b5e4744cc401e0,ok,9,26
a7a55ed45d86dca5bbea5a6be44df6fdbb6ce989,ok,18,52
91dc6163b985a00f3840225d7008aa0aca4cd005,ok,512,1915
ce679d43fe5fd6a41287ccaaf9fb487ab182187f,ok,209,743
94c4c3055c00285adfbc03713243208a8522dad5,ok,113,402
856dd4c3e4bead621131acec6602830701ef319b,ok,16,48
fa0e6e5a8fa89208bdda3343bf8e677826b533fb,ok,230,841
9b5bff3bd5069e759fd84bd22dcb784fecd84cbd,ok,207,728
003939d54fe4146b8e0190b4d48e1426c5fb8a90,ok,15,42
29503d124e3a999b9a703a3b5167fd2340a1e246,ok,38,122
3195db9e1b44489add9317083ae73d6499860f77,ok,512,1887
e9114e1562db391b0a4367b5747e752880d9aea9,ok,16,48
8e3006cc7f952e8941da855a246ffc1e7cee583e,ok,80,268
26c85f69810f5a2b2fd1ec164e574acd473e482b,ok,19,58
d81412a7b4b0309ae3d7d4fc87a2365734ac6e88,ok,451,1613
1b814efc94e959f9892e1d664488a281a1cf416c,ok,32,108
9e70119d49f13ec7f258116f3b491c5daf8bbf69,ok,16,48
ea4ebdb21c5759a5a7025a5c815d162661bd4f16,ok,512,1887
9ce88f32fff50724bdb398e0e0c8d12aef597b62,ok,19,60
240eb0f5350d093398be07a3fc9c8316fa6672f9,ok,16,48
7098adb04a83cfd039a14ba2a2f010a433e10ee6,ok,184,684
0d3ec692dbdd8215157669a01221e13a7de9d171,ok,338,1266
90beec620b0bbcdd2e0845e8e5444dddc0cb5090,ok,57,190
6e986359a464a2ff9fdb6bd9c5eefb2956a0f640,ok,353,1309
e4299d930262d0d0909da5da7496037d29b80a6d,ok,15,46
3eb6aa5f38ae9d6949f30d8d01c1ff5a330a9bf3,ok,115,400
3f9fec13952509027e9c123e4cc9555db0f20aeb,ok,19,58
589c1c1fb966c5e06ad114925d6dadc352066437,ok,330,1192
eb45d3cb19c4554ce0d01e6d2d02d4d902ebc4bd,ok,28,92
8b7454b2e1079e52dfeda6017f4c79ff808925bc,ok,26,88
5d1f97202b2299923d38b7e3fd84a03d2cf7bb7d,ok,29,96
7da328a7697312bbcbdc07a6cd9f54f32d954993,ok,24,80
82f9edda088bdc971c525061531bef2e1c462595,ok,68,238
58dc5a76341a0d93253aaa953ab9beaa8353d571,ok,33,106
8920e7c946e87e7070c6b34ef3809ffc04073093,ok,79,276
8bad81503b7c13fdac0d3ef083fcd7dd5464a1e6,ok,395,1470
e3451aaf287733652ba27bed851dbe522bf6106d,ok,512,1803
9e4e0a49ff3f6c4376ebb65a86695bd018377b1d,ok,12,34
4c3adbfbd4f4b5d99e9de0ca00e6bcd4f5b1e4e6,ok,19,58
46f053eccfa5fad91428e1786b24cd018e3cd656,ok,512,1832
beee124458288eccf850640933f4ec5021dc5433,ok,44,148
2d82dbcb79d9ec4732cf27a14ae3bae5d4f63504,ok,38,130
fcbdaf6c9ae32dbfdca81a8e62de51aebd144023,ok,189,660
3cdbea73e7351eb7b4503b9a013b1aea2f23fd04,ok,83,291
d5743af176a173726f03eef1798025d3dabdd185,ok,158,564
f5194f195a2ef557f083d8d0c4aff2e663db7f0a,ok,139,479
bf5c9e281dc0fc0b9add65079e46f241ee111f41,ok,169,602
1ee38641830a1e515b5f8ec3ebd60ddbf6cafce3,ok,16,48
0579fc1f52807978cbbdd12951975f3aeb9a957c,ok,312,1165
a414c64121d98950922120e322bf87101f14675b,ok,58,201
e550c619b05e7ae212945643398f83a6477620d7,ok,180,649
7db90f4aa46c5ad5e3c2fc5018a2db37765c9fd0,ok,76,254
4fe7c6a8e1e60e4f0134d842556728d9b2ad2892,ok,85,290
bd00647554a6df5eaa127d80c1979a62bc3cee62,ok,29,92
cb4f88d95a578abd4533a30ffe9881fd6f778add,ok,73,247
4b4c0a2ae99a3a98d1fc3e8f0e6602a1c6993fc5,ok,46,152
f17f99c0d5139da9079abdacf210d267e3de5c39,ok,115,411
30d28fc1dd322da679ef660dc169e946e50009ca,ok,41,134
0c969bb8a54113f9636de2005e749cc5a493be2c,ok,27,88
e861b688f497e8811fd0b6a45eddac992be3f7da,ok,157,547
a6b0c4c33d6bc54a5b2b396c7b625cad477d2a34,ok,16,48
bf14b5b561c170d2d46c5013612cf6079620d893,ok,102,357
e33b7b926156d44c3d668e425235dc8443a05c75,ok,27,90
408f41aa44ddafb39d78fb169f099cc08ce5aba1,ok,26,84
c9be3dd9af095f0fe27ec99c0f9f5a3723c44566,ok,51,172
687f538424d769583609fe4500cae85aaa334b9f,ok,17,50
92a29f9dbd5d5974950f6d90a9f222b845cb521e,ok,16,48
8eb739e021de28647d422b343824b1e7fa2b4f27,ok,22,68
a96204ae1d72b4b478dbcf4bfcfb92e471eb0411,ok,24,80
38f6ac1201049fad05a139b04d242baf2e0f734a,ok,25,76
17c889b0dc888634e6b4aede845872100333ee55,ok,47,152
a3a174f6582959b96851536a3a20d05928c4da88,ok,214,747
152290ea0943a83e2f11658dc44c098210807aab,ok,163,589
1b9bf0e17223a5848051bc16555a6c608d2cf65c,ok,466,1742
3c457b279f7cfdfde1eeb0223732c832493a4439,ok,39,126
d302067bb86ec878f32b92cc15f20dca45a59fc7,ok,512,1830
d85ded33a33eee07c84ca8bcba3f52bc0037474a,ok,37,122
595bdbe16aa3178aa0e03bae8367fde8492e8f8f,ok,24,78
37e2212f8f261e4ab503cc2dfea09443f3590882,ok,214,768
5f0d8e29bc06ce18dc2af219b92bb1ddfa0061da,ok,116,408
ea9786f870152419cffadc84aed97bff2be62792,ok,141,514
23f6327becbbe5a90090c74eccc0330252a378b5,ok,187,654
7abad55cc3e8d4d167a7f147e35773b21289afec,ok,193,706
042859d5eece09f43312ab6fa26b4515c2c5f06f,ok,103,364
5a6b7b11ac7ca025daa92400bd4e6fc33058bf2b,ok,66,224
c40a80eac82f693aafb9fa0bcc53f50bf6536a4e,ok,85,281
0e637d99db2d6f8b5c68fcfe3e79be170cdb21c6,ok,131,468
23ecc4bcc8c94d5d58b6b2e4ce3d1be1922c5146,ok,512,1854
44e5adc0a189e617a52572f268fe9d8fb31c9283,ok,41,136
503b290bd031ab032794138db0e7d5667342fb3c,ok,41,134
f3fe2c061c31b503712aad90ce7892ea45f95ffc,ok,89,319
1945ece4ea7745b19803deca276bdd17f70d43ed,ok,21,66
bb72b45f5c9a1d0dc6cfdd2c4085f5a552ab8740,ok,43,146
2c615b3073ccf48b8cdb2733794d539f90a37496,ok,102,358
cefafdcc67fff08a1626552d0e94d2ecae6638bf,ok,512,1895
b7188d66041ce196eb0ec1b7dd8713fa249e09b1,ok,52,174
b4a75cec158ba9fec26156507c0f74b6c28dfb31,ok,42,140
1b70e98bf80c613834b13984454dc96489333372,ok,322,1177
02e89c4269cb0abd5dc8a50e261ba5d69ebb5353,ok,175,644
6652929529195edf6a84b5e11a3e81bec287403d,ok,205,743
87513f940727d9a4216b032113848e5f23e81730,ok,216,782
1cde780550178d55884e9cc0579615c8b54b4090,ok,236,849
a6ad1739f961c3e3388355e13a6afe7e9625d9d1,ok,334,1174
ed0c3316740a70462149659162f42d2efea69163,ok,17,50
b29e6455050efc5fcf2fc32aff377581cc9b1885,ok,512,1892
716787ed5c7f157c51615adc084f09d785df4ec3,ok,90,301
ea0ab01ffbed837507348f1c869d9176b3cc955f,ok,196,702
fc25a61560493153e71d1bb41a2c2ad55d8583d8,ok,102,346
63c1a570584a7cef3747ee4440210963285f5a55,ok,50,172
b34a5ca581e76e4c1dda3f8f188c61682755b419,ok,37,124
24f036d59a8de17a7e6c3af2df1eaeac815d6dec,ok,121,418
573902af3bf4a26268b8c4524c28c44aa290efec,ok,21,66
da572dad64380656bf99fdad1cf228e96e04731c,ok,83,292
0c9125c6d12e232afd5dabcf30445ef029060661,ok,74,248
468f79a0399928c6a179df2f56e528bafbc9a884,ok,123,444
18418cac4edf2f8e1d9e134e4841b2951481c0c4,ok,21,64
1e80eaa334d2e868485694aa6cab4b6730816bbb,ok,19,58
f83a0f18c20348137c158f7328745d8736a79f19,ok,44,150
91357e9a8a2986d8170ac15ca29ef5928dadf61c,ok,106,374
4251c6bf823cabf98845ff90494dc9097d319b2d,ok,316,1138
3a9e41ae754349e96cf951d77ee29fab1cf1b8a1,ok,512,1825
4ba20fe43e7b0caa110e67b7a787568bc84973e6,ok,131,479
71c808b387138d575647c8759f297fbe96e5dc4b,ok,66,234
20c2f8cf3071451cb2fce508a13c4c1cdbd97e2d,ok,512,1913
4bec4d37412ec8e468569224e85ce4c409452080,ok,23,72
8591f3d264e78834dac83a767f4bc4b183c2dd93,ok,92,330
6113f8767ff83ef4bfbea07a7e95e301f60e5801,ok,19,58
e78c63cee574a4c5cca1bf2d4952f80b05917cf0,ok,67,233
d8aab43f876b9ad354170dbd2ace2f845f87a5a9,ok,194,685
694fb4109d6fbbaaced474ebc60994793b1dbd84,ok,41,132
08f82698d1058851c781fa2c678ac3bacf9ada16,ok,63,226
216dee83e8756130404cdfef6ccbd15cebb31c86,ok,16,48
97375d1302ce755c5feb47352ee2fb5c45f80780,ok,280,972
e895e660c4d414fee85c739dea5a9f9315778c3e,ok,16,48
da0a3c2b139446e8b54eaf9b6c7b30f56d242879,ok,70,240
ae55fc5cdeffd609784c3b5316262e0f8247e63a,ok,201,711
53d2419bc1a789f9949335cf98e9d1c808244367,ok,185,687
289f9c0137c0e196e90768cbe1d0c0b38f121b43,ok,28,88
e24e1dd47c7c0e61439fe1c8fbd8e80377f6bdfb,ok,108,398
5e8abfb8981e3f5c63aaec93e27b031c7a8e2cc1,ok,47,166
848180ed2f9166ae9745eb7581191a99a2f34387,ok,70,241
ec525aeb72dd56f5a1be2e32e0acabce67bb13ff,ok,16,48
2fada2b4218f38d5cc60ddb81255463687318633,ok,25,82
be291021a79ce68a7a835980ea890fbeca1f3e7b,ok,42,144
c2dc189fd9fdf4df5aefeabbe112f7959f8f4c05,ok,9,24
1d03d01ae2d7d5dbb7d63775899b6a61bdbfe95c,ok,83,280
fa4a3fdb4ee66c279d57ed872da5317bd7bdc155,ok,272,1040
44af208367b48ba881e5289e54c8fa15ab4306ee,ok,53,186
c71ed35aa108059725d88cd26bdd7ed95ac89219,ok,244,881
c9186371ac6abac69efd25009dd27ab64eba0655,ok,44,142
82b8a0c4ff9c227f219b8a6bc742971284f7075d,ok,431,1546
c6c4e68ff3bd9daf0050d43b7bcc02f4bf68a314,ok,93,314
8b7a615b55b118e7d9bcd79b6565ce2bd44b65dc,ok,20,60
bf109c8453b9d471ca126ee684d11bbec6fc7a85,ok,41,140
37d4238fc6c1d1922a81434280a7866bc349b74f,ok,16,48
a621640bf13a046e134106c17356cd8b7888ef0e,ok,43,148
2030167d8c77cdc5eca35ee4d6d0ae5e3f577e51,ok,301,1110
89a937d04b9c40f243015934a0b709028eb485f9,ok,27,82
d48958f3cc9ff9476ba36f9d06d74d1b25f51218,ok,114,400
649601a9349f3649303eda73c4679d9bcb5bc587,ok,37,122
391c44d65e68be8530bb29e102a539db96be598c,ok,25,82
d8f857edd73d552b0a52bc06bb907c5d46c4c677,ok,133,463
1527892ad7c3d38039d1106dc4c3ace98b8391d5,ok,58,188
01e61dbbac22d91e4c93839229bcfdedb5d3ed7f,ok,22,70
2711dfd40ec8d04009f8b53718d86d8656e45b4e,ok,25,82
79d1262c58262341cb06e6e2275bf2823b301ebd,ok,12,34
fbca35a6f9421534349a3ef53bbd74409534f88d,ok,98,353
bce3c1dfee30dd3b5eb17e9edaa8571bebc8ce42,ok,310,1129
086da31b7e1b7ae96fece42deb98a080b3ce75c3,ok,13,38
28cc81ee4a29978b4355c45ab9ad9c7ea876fb60,ok,23,74
cab0ed63794341473ebb652d58ba163fbbf8ae80,ok,512,1896
4a0f4c9f26b0801f922bb581923e4425b4c637af,ok,71,238
61036f60261a1ce440bb73296dce99314dc244aa,ok,28,88
1df81e898e2c334419a3b5e672c9d2cbe5237191,ok,178,643
c4b288fdcd8d72c75f774e8c744aa2a83b0c45e1,ok,47,158
7dbedef4b213d544e5428fc400de6c10784966a0,ok,17,52
dee68555924c9f236d8899bdc6b35a51fc9438f0,ok,15,46
bcdd3d762c559407cdec01d4d596dd87d04c78fe,ok,16,48
3441ee8ed8053baefb1b653c838bf5eed819da21,ok,107,390
86995b28df8d9169d474f367c955de6dd52d862f,ok,98,338
2a48d337dba1533a2398490d65c1055c29aeea69,ok,229,866
6f6522f47f34b501df4c5babd53a00dc9b6bbd07,ok,68,235
278c9874235717de717bfa5075eeae015c61de7a,ok,81,287
f2501b489f968d4c6db6e7ba1ae6804992582afb,ok,41,138
68ac1a0412cb287c0e70a5be67e1aa86d8a50517,ok,116,387
c819335681c2640412566bfd9e6011689e5ac7fd,ok,123,407
b8e4793eaab89dfa24c052a30cc3c55191aa4f6d,ok,20,60
9fe7c21607895b6d40b5e0efa80f94a2acbe4777,ok,512,1885
6df1601e6bb7d508fd97436c766c449944e137a8,ok,12,36
079a3d755b18c3551657b7f8ef3a988d3f0267e4,ok,47,156
9a54bb4edf2cd4575fe07cbcd236d57eec066319,ok,32,102
5e0d36aaca21a5a3ec03345e5326a4738c92cfd5,ok,319,1156
16842d3d2389aa548756a3cb5cdc1c4db35fc4b9,ok,17,50
237245c405e0a4e96d826e57897234ca946268a8,ok,26,82
a9ff9bf05be8d81f4fdb49e8dfd8588ed6d39fdd,ok,439,1564
74966a86e3a088181c2883d7d549074bbb09ce01,ok,28,92
7a05c2d1f79851ef3a4b64e804922fbdbab34698,ok,332,1165
65f8e5255e1df3bbc55a86279cf69ee14dc5b83d,ok,142,504
08b88b57c098f9e4998e696149e47a62118f7164,ok,295,1118
be6a6d92f806e7c86cc6e6f34c613fa1133a765f,ok,41,134
da4c6d076894cf884a0ea9529699c449ba09b83c,ok,418,1564
99fe66194b147614f2bf1a3ee48a440c4ce15476,ok,225,800
c89755b03284a6356120a5faea90a86bb0169e9d,ok,35,115
8e52969de07d2237b04270f44dcbda4ed3ff43cf,ok,39,128
4aa5b1c9061acf00d5d2a8482696641e2c62415e,ok,19,58
af4c95bb4b714ffee6d3d0285a1ade94449c7874,ok,100,358
bb02f473f6cb3db7ae078ffc06ce471bb121e330,ok,44,148
7e63cd0720754e1c6bd6984d686de9fcd9387c52,ok,65,218
19db53edbf98f3776cd309b86ddb9373b7b75b8b,ok,102,362
7bdaa50ca6105d8efb695a5d9e42feeaf191e5ea,ok,72,248
95360268d100a6eaecedbfe4fb0292966f1b223e,ok,16,48
a40662b1bbf54716e941982b999a8140012bd905,ok,330,1254
2f93023d057599026c745c11e123c96859957aa7,ok,512,1866
77df9ca35fdb981d72796ec5eb99adf9b26099f2,ok,57,192
94fb401360acfd9bbdf48924de177b1a6f1da871,ok,61,206
fd9a8ef6ca8334a81d7756148945fcc64d10ae50,ok,34,112
5a78edfd8daebe2ed2e843ee17e63fd7551aa3ef,ok,101,347
f85326c1f683cb4a7c9849bbebf3c9eba123efb1,ok,72,246
fb64e712968eb06bf8cd95a646c8206c3390f428,ok,289,1046
6c1b29a6c81a93415c37345f3e76be63071f3ba7,ok,25,82
93bbd7fb49e0552ad51319aaf4a5d40efa545bd4,ok,89,324
6c20c837831c7fbdc0ad06dd41e9a3f4b1c1c35c,ok,12,34
25ec518e2d6398826bf1d01bd30a602638a7fba3,ok,74,244
b6c1b6c66ec7cded972e3cf7ca8318c425f5c50c,ok,353,1274
a5fe12ab5c13dbeed6c733605edc0e8db1cd2358,ok,168,610
e7702eb9cb7d52a836f0b4393266c3e2e3a2977e,ok,314,1126
73a8dd5bc97546e3284b894362f35227edf6d328,ok,121,416
1d538a782d99dd544b875a702f3a2d55768b68b7,ok,127,457
c3992dff6244961fed1de1ad78e39d3d715072d5,ok,26,88
cb392d4998c5ab8aa298000ce23f19222fde65c1,ok,170,618
af11d32e9e74e4d9641a480788b57106adca207a,ok,36,114
f6b5607cb8f0a77f30003929cea9f9073a592267,ok,186,658
00455d9529c60d8581098bc39c32337f6bcefce2,ok,201,755
d88c5f924bd3e1aea07530ec2138124f067a95ac,ok,53,174
0e0636d543901032b6d118a9650820ac08a36239,ok,394,1434
015c1ad1c8c4cf532420e38b8986aa57ecec260d,ok,16,48
67b24705c09b45b23bb904e680bdd045a70cf9e4,ok,33,106
3692826a59eb49f96518c9d3eb9e0d5678fa7ca5,ok,172,601
40290773db365b22fb198ebd7f6d843281c83dce,ok,290,1064
81fc670c2bf991f3f34ebdf04074fe26115b8d69,ok,17,50
50cbb8f4c7031e34cdfcdf09400d7284aeacd951,ok,35,119
a9a135d8aa1be03466fbe7b1e4054b889505c3df,ok,73,244
d0b61461b1c80f5d6c09bfa5417449e05d612d27,ok,31,100
527b75e395fbe93465cf8e8537f796d1bf485342,ok,19,58
10f8af1461ac9012ce2ed8968a11d9debc4edf23,ok,58,194
ca6ee8702d540f395d930e2196fabd039ce72ecf,ok,41,140
47a5e25cace4de2c5a2550ca6f185250ac345499,ok,306,1112
727de113878c71d83677e205eb874733e32b7ce7,ok,498,1814
960c94786fd647c1763283c7f96bc19197424243,ok,35,110
175460ca4b057bd4b0e2a2d44bf9397ec488f47d,ok,25,84
015d8584145d417e5b7be371aa0b30ad72101fed,ok,41,138
29a10963984c20e2e955f33bf4440adee01fc842,ok,29,96
aefa956ab3d3eb62fc152b4406f74cfc012e5745,ok,175,616
2f6847f29d5a64215d8b0afa130579fd9f0cd2f2,ok,132,465
abf067becc751472d46d3011eb69d145eff05058,ok,175,605
062a4539088508b687f89fc45c1865d85e2e10d4,ok,306,1097
00db2b9d5694f0d21eb2c1536104cfe98b2b0b3d,ok,150,548
cdd9fb8d524051c2a272045079269dac5d2d7371,ok,96,340
a92f2824025796a5e82f55fa62f7396c1a27ba59,ok,71,252
3ac3f0a5f9dae5fe13b9fef849c21a63c2dec485,ok,18,54
f47e4b73fe082df503ede1a4e27f7eaece9d62b2,ok,185,646
dbe2df5a44bab25f4af4ceafd85ab990e480cc76,ok,51,169
41dd95a7160039628b97e776ef2303ceb6fb5352,ok,128,452
3f4ea5e99e7dc042626444b75b47b79b1be95d30,ok,30,98
0992ce44e7c8ab268e27d280b1e5279c7a3464ce,ok,89,325
39c35b18afca5388a9c06939584b17bbb4040204,ok,342,1307
6cbc199f5aa7cbd2a36db99dfd071f7434b1fe12,ok,13,38
5f050a492288b4a006f57b0cd5a238f2e7ca3e83,ok,219,798
0f5bfcc31a826683410811fb34f4cee110e18cd6,ok,92,335
7e97ee9ad8d43f63d984136ddab098167dc387ec,ok,13,38
83364555a09b9769406def56f920fb9003fe77fd,ok,77,265
eb8de0727ccc5b37942e963aca4d1eb44f1feef9,ok,75,278
0dd352cd4edf7fdb0b206afbd719fe1511a48fcf,ok,36,118
3c805604c3407f441efb46708bbe51ce7a2305c1,ok,307,1170
b4595f932df2f4b912c96e79bb1ad3447dba2df8,ok,22,68
086fb17c12f87c9561745853b863dab012673b58,ok,24,74
a3f64a24548cc0df2dedb3bf2db534a84e096d99,ok,64,217
9d0d03f5a983a5d4e92d66f752c77afbbc63136b,ok,182,644
b1b385190f958e94845802fb2264c19d40b2cc10,ok,16,48
b4b51980740001b917e569327c6b197cb951fab2,ok,64,226
0d1317503fc042e1f8224a05420071271a382006,ok,32,98
c304d44dd938271b0b0c9b5c1f3084d6a5e31505,ok,147,509
25df398287c5e7435a74024f8f5525e80de06a20,ok,16,48
87b933f24a103cfde9b634663d9971f06a1cfc60,ok,512,1941
c79f0cdcdf34fbe901a866769f8dfc0a2f41f1f2,ok,25,82
e03faf7392cd2cf96528d6c5d18c3c98451ea0e8,ok,512,1917
43f6192bb7196911aba026ff36163c68e6bf65b5,ok,478,1695
7228d4931d79cd5305122a7da0ed9a593afb7225,ok,25,82
584a3bc87eb4616e23d394d92f41ea4fb519b765,ok,168,610
e8d2945386a27053491482d5139f7fda939849e5,ok,72,253
231f1761dddeb125b55f6db92f79e06cad8668de,ok,147,543
627473f5c7bc58bbc9cc31e74226805efc03a3f7,ok,165,599
0e222645555b7c2b8afcd1ece93241ee7d206180,ok,77,258
fde4e5a0fb3ba82f864c81d42514b679a7e6ed32,ok,30,100
da338abb8bc32b62380bc81606c1a952727a971e,ok,95,331
ac13a9d786c4b7a16bb515bbd925f09fbb3bb2b2,ok,56,210
264567d9fe1e9713fc025ce31b41f2e056fdcddd,ok,294,1052
03d9247c804ea12ee1a3097be769904935754033,ok,32,104
ffdeaa57b1b85d460717d71d996df0822a37ba61,ok,21,66
595f660ea61500dcd7e3693e7f7092ec0de6581b,ok,61,204
480eb05f700048cfcfc76b1b2a85c7d89b67e771,ok,369,1361
13afe4d5807afa4790b80fd5473585c208052daa,ok,25,84
c5112a0f061aeee6757c5e982ab7a8aa91e7a807,ok,23,72
03d777d75324b923ace4dd879828d62bb866f383,ok,54,189
9fa2ebd4c2f5796d3feab2753cc70a7612d0b084,ok,151,529
1abdf2549b446dcbb813922b0b3b4f80b99d1416,ok,52,170
f056f5e1dcd400a939a2746f5225781b9b7d5f7a,ok,29,96
1fa1119b71f1faf68876b7ba42dde9c94309a2e5,ok,50,170
7e58528948ecdf8bcca915b2515604e4717e3eb6,ok,29,96
05663470c9ad4f1018e802b3ead227a2a60ceab1,ok,416,1525
8a01562caa82c338dfda8cceecf93ca83955bf0d,ok,67,233
bbb3649e9141cab9968e1868c7888217cfaf0eef,ok,22,68
55b627feb7bcd414805607be0e389dfccdaa95a8,ok,212,785
c385bc1b4a9bd375d95199baa44253d6b92599bc,ok,37,120
074fa869ba5dd7bb8a9f3bd662905f9424a311a2,ok,237,870
c46b141d6e3a4b5613088be919d5e45a2d1e4a5d,ok,19,58
8cf74ff419549c04aae0ff9ab9285c3eeb022aa9,ok,28,94
336d9bfda8c77407a6df89eb1b9b78c9528f394c,ok,115,392
e4b2432ad88d7f7bcc109f842c8ed51a9fa66d33,ok,35,114
aa2f052cbb10c03a7e003ca4718f4e3923d90dab,ok,128,440
293e4a442b3141949ee78cb25c8dabbfd1f930a9,ok,358,1325
adff29da99029bb1ce80c6d61fac0a4a62af3c1a,ok,72,246
19799c99c29d2d86a5a3bb8a6f1e087c80fe3a45,ok,26,82
a4d8adcb096cdef4229a95703eed8d938ffcb99b,ok,26,78
27719d3bf2cb9e7c6a8c15612fc85c24b1e889e8,ok,16,48
2438dc23dd03a9836e88f915574ea5b4b55c3376,ok,62,205
8879c1a17b5669bf86ac577bef0304fab6de323b,ok,155,576
6cf6d93ce0a031a03b7c1f6b9abe497c62deea23,ok,37,130
fcceccc213816e4ebde2c3ca07e7ae2662d8e75a,ok,20,62
3ba81628bc5049ec27f4555c703d0373ac486598,ok,39,134
3197bc1252b952402ea845ff3810d48240213f72,ok,20,62
f8d8f8735f811bdc9a1f9fda0b90306d9d9f1558,ok,325,1168
c079278d98cff5f514703d90a7cc0127f3d2b65d,ok,80,277
e268f7c8878f51e0bb798ae9bb7da7303d2329ff,ok,169,588
727406db34098ce2b9ba76fed61212b5b390ab63,ok,123,427
426d60d5a0e4ebc5439f4f2d5d94cd412dbc65ae,ok,148,520
482575c974a63143ddc93480e7b5b7b1816bba98,ok,86,288
3eec30833d0011c01f6b76605ea27f629149a4bb,ok,76,261
3a635892761d01a66ff00906b107016abd1979a9,ok,22,66
f9ab12c9bae6cf27e181cc6c58b208caabd2c02a,ok,112,398
b3d447b2fb853cfef2232831d43e87b19867da41,ok,130,446
8dd8e6786751f1eee686e9aa190bfd3a9e611688,ok,211,804
5c99553ee912107665b8deae4acad117caccda08,ok,38,126
0c9232b37e40e63f95a78e2320540e6445492d4a,ok,134,493
05f6c2a526bd71f3b4d72c61d5a5dcf8303acba8,ok,18,56
90d94cafdddcbbc42b1a0b9a2a654f7a93d25d12,ok,455,1642
e2d253afcb4d140bf0a8840571ff4b3eeb5460da,ok,30,94
1791a521732f2bf45268d8e13abe438af9be4e92,ok,53,172
0060a562987154ad5983509487267bf38dea1820,ok,34,118
c77eb78da30526b00ff8098e0567053caad22fe3,ok,512,1888
4d1bea9fa6908016ac989d6a69dbbc0f4b1e9c25,ok,96,334
eadd7899d5f5bc84a88d9fa17818d3ab98fcc3c9,ok,36,116
6b0e906879a7b226394b13185c4c09d4dd144ee0,ok,43,141
3e6e721db405e43c542a9f5f52d58eb546786382,ok,512,1911
f0ff52b86e18ad74c9bb4c8edd942475f9707f60,ok,145,531
4b3c5bf83c4a3f997d8821d4046daad74108054b,ok,29,94
63870231d5e02a1612de1854a454e9a5be14bc7c,ok,17,52
f35714e62e5581ac397ad2c314cae57b3417c885,ok,12,34
09142206d27011333fe0b186d3c3b197fdbf9328,ok,512,1824
b0dd81da7cb0c68093db66d5234b622046c120bb,ok,388,1339
ed9e71c9c18ccf3500e5185755f5ad508ccf6fdb,ok,42,142
e7e41fbcca47b79aa4832c7e8c956fcf6231b408,ok,265,1035
dfbf162ac990b477c7732d6ba9be967a7c79134d,ok,130,462
77ba454885c3873286f9e0261a7847f53c52f377,ok,21,64
20a5146dfcc144cdb05b606be82f7bb33e41d7d1,ok,17,52
8a6c2b4494dc80d2531ea8b262dea13d7774836f,ok,49,172
7bbc780fb09152cbcdbf8dad60e3dafb9e9e8168,ok,25,82
dfb0c5ca50161f0780a4da927c6a7c21ed0785a5,ok,100,354
b5951c21a63ff79224540a523cb7994e0c0ad38d,ok,188,650
580d77ab1a6bc61b78cb545643d7df3e1dfe519e,ok,16,48
395251d4fc8ff210d22b3a25b5eab7880ad1e132,ok,40,134
eb0c497ddf03a77e9e8c05452acf1f6c08b43dd1,ok,24,80
86171c07d7dde76f690f320665d48282ba823d99,ok,15,44
f3bcb0d343078c1b2af4de1dfe25873291d95fe8,ok,33,106
f10c431cda1684cc45cb005f5356f6d3e8fe92ee,ok,29,96
81594041c3b0a8be3a4d9bdbb1fe43dd9617cc26,ok,40,136
97a36fb4d9cfa4fda21a80914d03f212f15bf1b7,ok,190,657
37030a011513ca74a000b5af241135909d129529,ok,212,783
9c0998696f46d8db87ef68f4e958ba459e62bf26,ok,440,1587
e6f0d2bdd2c12c9abf8cb4c0984f9111c27f9667,ok,512,1870
0063d1486ece482f3e2854ead2b159ebffda201b,ok,16,48
1963ffc711d7f705c964b65df809a5aca5e0f469,ok,40,138
80daefdd27d0f0638f548b162bd2233b3e54a2ed,ok,36,122
8a595805fb9f50ae613193d4c4316e3b46f49e08,ok,65,226
fc7f0a52fb49dae26dfadd95243057d06e2c9e6c,ok,195,677
c75364521348b13f7f3d2f31f2eceb955467ad33,ok,21,66
1ea53aa10a6c60e20ffd4a234ba06e3da07835c2,ok,30,100
3531eaf13968a9772d147ea0d3240ba41a352312,ok,109,404
88d28f9eaf26278c87b039260be5637e92d5d9b1,ok,83,283
69d61374ff1ea6f12f1122af8b3adaf0f943e8ec,ok,132,481
064cf75b5702f4b4ee2fa822a56c4d6084e34fbe,ok,65,223
03e61f453f4e570d59a8979d53c51d7ad13ccc28,ok,13,38
a4a79a08a34dc9f322425d7517c32691d372f39f,ok,151,510
42fa5b0a7ff43a2926babec2b5382d27542ce502,ok,12,34
2eba7fd958b1fa40ea80d31eb2077739e59e185f,ok,251,900
b55fe4632eadce9dd2df94a2068784d3333f87cb,ok,95,330
7a67c2f663603c82965799866ba13376e4344ce8,ok,23,74
affe0d4fdd7104873ed900c0f422a7a392f2c846,ok,27,84
bcdc2f84180392393edcc72b494648e02890e0af,ok,41,134
bf1154f863ad0c78aa62a237f65a6d7da4505ce8,ok,59,210
a22f5eae334bd27912c0762cf2b234140239311a,ok,57,194
63fd1da1ead59a909041b19e3283868112156a67,ok,230,847
e270fdc6ca7d4071d3c53843028c8fa2e283e99d,ok,512,1866
c9df9e00bc54b0a1e69f791413af3941998677ef,ok,122,446
463e0673099e35cfb52081eb5b965c0aa237bf3c,ok,281,1022
5dca2c64c08369b2f814acd0659c4501bdb63568,ok,102,359
42166e5a5c590916324fde12c011dad1b874f751,ok,133,484
9d29a401965e0f1f0aedbb41a7ba0a7457f3433f,ok,56,194
035b300b98202e91a0796db6f6b62d0495162202,ok,10,28
c7d83aacd680f6cb3b7ba077f2b6f29e75699689,ok,120,424
1c5ee65896246b26b16f34a057fa19c57793a44d,ok,186,688
87cc176b175543470902d19a54404742b252d9ba,ok,91,345
2d1d5c23514fc4b29c5b3b46452096afdff58152,ok,30,100
bf9f696e4e84d7de986a810e3819e24b3cd744cc,ok,261,969
bfd44caaf31359e7c98718967efa3d1c1c0bb89f,ok,103,347
dd41a276690fc84a89ad6c18e96bd89532b329d7,ok,16,48
abe008d83dfcec933a0b902c47b6ecb0081ecbb3,ok,16,48
e8b7c237eb899e45a5ccdd9b887143e6f72cfa7e,ok,26,84
2c693c89ecaa928ad3832095367362fb7bd79476,ok,119,414
2e7ecc8a0626ae55b7b807dfc3f02f7f7b6951f0,ok,31,104
7cec723b54a0d7815da5e217ede45baffab8ec8a,ok,137,481
d9e4782f550183cb0d310ef4be5009ba54de12d0,ok,9,26
e54c4b8fe78daf2d6c18074a1fbae67c247e6d29,ok,93,318
d1e79f8811528b32fec5b8f5c2bcd3a0bb85e5fd,ok,32,103
dd4c85b2d3847add00ed9bbfa2a0ff415749839e,ok,31,104
fdeb18a6a92f415b0a3315ed528d155a055f20a3,ok,41,132
24127995eec234b6ab529aea2cd143347c262aa4,ok,25,78
34f6acbf483ff76e424e1e61214965112b79d5c6,ok,25,82
66467dc1f01a3ecce1ee75bb8ed4fc92a63de3fe,ok,125,432
15eab13a40cca5f16623977a63a7547ba54261b7,ok,109,377
fdd4dea4bd85499bd4009049ffc450937e8d097d,ok,156,567
0835ea7e2a8fe42a355642805b6cfbb5c28b1b0d,ok,120,424
7d25e90756009d3941ba1e59aeee6927249ff8ed,ok,164,589
9c02b4f1014b131e320362c04586314aa5938a7c,ok,330,1225
701a874f907cbd32d724b7d897cc481791380f7e,ok,116,403
b4ff0693ab467b59460dff038d62e5d38d29291f,ok,19,60
000af2beb5d0ea8a8d62e0a2f6e1dc9b04c8cace,ok,20,60
f507dca899f03285eec4fad1ecb09745f3775557,ok,20,60
f41120d84a0714f918bb918474bf1f3ed44eff72,ok,106,392
18cb331a3b351d784ebc020e709832184e770af8,ok,123,432
01f6f08dadcdbccbe50fe2695f25505cf0e9ec21,ok,229,824
c5cfb47510cd7dda4af2348ecb131fb9a1181676,ok,81,284
a48dade825657bdf9bc6ba938dc7168b408c258c,ok,28,92
fa0a76b494df1fda7ea5fadd48c55a1d0c51230a,ok,30,100
9d6ea49575f7d255a234ebda51237393b83e745d,ok,24,80
8ff79c842c45db46d3ef08e097ccf8c4d138074a,ok,156,555
72594f14be4226b94a9485d7b04ef8d74760d03c,ok,276,990
6d8dfcd3908da3897fe01a28ff0c8633ed521d41,ok,35,116
9df92cf5d05d56331b400e361b2d311d3a2fce4e,ok,16,48
659dd7e196dbc6a4c383f621385f234642c0bb0d,ok,19,58
142d6cd799704c8ced2b900451e624912d702ee1,ok,112,385
6b71becc072bd1c8103f80e54705f6174bae5c5d,ok,388,1410
9b62fc776b02d88cdd1073ee766282ab8c08bc73,ok,31,98
1f077356cb9e294db4977c7396f5772a7a158419,ok,178,617
036773a53b92e2816136da9cfd035829ab57fb2f,ok,25,82
e5dc30c85ba53b388243ae55aed7786ed50ab4ff,ok,28,86
a078051b73d83cb36a3907e3e91408b47d9ccd8d,ok,82,280
efaa8451d66e3385c3c487e6edc5cd9c9b3a13f1,ok,11,32
cd30812a31d1740547f1c630d6869360e158dae2,ok,29,96
059aef03735952f972a237cb9568a6482286f2c7,ok,42,146
6c4ddc16c3ce3914ef076093272274520f246f87,ok,11,32
5b34f0f90e26e23f5d82c6cff62ca4a9de6e25d1,ok,120,434
3d944a2fe4b3fa104cb1d400fbb377f5e4f253db,ok,114,400
e62b5f886d9e7fc31a8367257ae9f59504fd80bd,ok,92,331
e0c65798552df54e608ecefeca4d8db9086e1b85,ok,12,36
15bfbcfd208eba5a859646746ffb0245e087f993,ok,504,1842
e99f7b8bf136ef5d43e7159e43b606cc656dab10,ok,512,1872
bde50e5d957dda4f9a61b1a324a1b52739c2db3e,ok,48,152
7e0aae92177c5867cc4455b852f667ed9300fb95,ok,8,22
01c5be4401e4f50036aa8ef109b7e0479fa10807,ok,19,58
b16810c83b99b8fc1c53e844f23f97fd24ff5273,ok,13,38
aaa82ae4341b4e211b859dae40665dcacd60f86a,ok,68,238
f888870a6ae87709f01a71132bf9c99975976274,ok,26,86
f97a29d50a6c19acf72a52c0d8127e58a7d0fb0a,ok,512,1841
06d4a819d06d45642699435791c9965a959686da,ok,28,88
a2e2089cf7fa56e172c0b1eb2d2e4f3100254370,ok,12,36
afe8ff03f457243d0e90d16f6a9ba4f9faa94dfc,ok,61,204
2281d3dd896c3236bdd3c0ea5b159e0bb8cb2360,ok,20,60
a9a94981c672b6b735bd82ecd7aa1b4794657756,ok,235,840
5dc352e6285db4565ece3cee9f5780b69483b1f7,ok,512,1820
d8f004b65176c839e97ddd06d125480ac6831670,ok,26,84
8d01e4f7e746a39e745e1bd349b7d4216909e4c8,ok,512,1835
7eeb59cb66c69199de30d897b1b00b5195cc7f16,ok,12,36
7e26ed56a3ca69e1891695aa16d3cc9d3d41de8f,ok,26,86
86997c23a35337bff563e30fb623c4a9a29e32ca,ok,23,72
4a4016881f342710bc29eaacdc86d4b1dff287aa,ok,22,68
8f3078cf4e7d9bfbe764672206fff3106fff2301,ok,60,200
411a7700304ede59c83944ff25e8bde542d4e6ff,ok,11,32
a6a4514b3875dc11e785dba606cd73cb79fc6783,ok,37,123
c92d8f1b59e89ce79d87459b34305eab9bdae0e9,ok,17,50
9847085c0282f9947ecd716e3f6cdd292b9269c3,ok,28,88
cd7b4e9e3668248cd92e830a02349949efa1830f,ok,106,375
883011cd05fe686ed1a30c5a947d624d1a2da9eb,ok,19,58
3dde3afbb86397ddd1ef5cb92146c12484bfa93e,ok,165,590
9426d79bf131dcde69c03dbbb9f415794f68b1af,ok,232,841
47bb87bf753157354b9b80409f3fff0da5092cb9,ok,101,380
521c3ef3f2e7fec7dcb8f88ce08b0e3333aa6eef,ok,153,560
b3597b9cd79f00f29f17684a5accf52f467c6ce9,ok,308,1170
560cc64405fb2932b300fe79b53bb7078da8aea2,ok,358,1316
4b0d314145627d250b956b3867e778dd9ae262cd,ok,512,1888
a959c1b76822ba64b563502f0bc8c79774d7df4d,ok,49,160
fa1cfba563384d48d1f71f234790557dfdfb9742,ok,153,562
ae3bf14e8b8b57c1bd25ae5f8a4fde26dad66cfe,ok,47,152
5749013b58bcc8ebbfb75174be95512601229338,ok,140,520
4c5db6ccb4082b7d2414bef36d15304636acf75a,ok,34,114
5ab15a1b71ba662936af05f79267e9062665d494,ok,46,150
34a2df05ab84d5bf0bc006519feee4206eadbe4a,ok,43,146
07cac97902d63914f1040ee7db4044ffee7f7450,ok,233,831
3b94265191e7282018d7b25d731cbdf2dbe9b48a,ok,68,246
383254017310cbe481daa1779174dee715c09fa8,ok,61,213
b207c04731e86152badebb99a8a3bab906640f8a,ok,185,652
422c6ad3d56fffa16cb3e8f5e598fae0ec7ab254,ok,106,376
0aed0b5ffc353c5380b3b01b11384c0825a404df,ok,22,68
b383879b5d0a1cfaa48056207f4fdf63da62972a,ok,68,230
204193f720638ec80004f7e67d15e30c25ec9d12,ok,71,262
a1750e4eaade3c112b5292a26b9e6a2676289486,ok,512,1923
637597734497df8e47ec1aaef1a43a85b07d3878,ok,18,54
c46018b863f0da625e212c6514584660771d23a8,ok,213,755
10e01827da2646db79c99c3b034121df1003356e,ok,202,740
59396615d5915f9ebe1247d4108c98ce6b703d8c,ok,82,301
353fbd577dc5769e9b16603fde824d6a81b18d44,ok,37,124
cbf7834c4edf1333aab33773b7ead0435744c2a9,ok,78,280
a05476e692a8bc9a202e2e60a159a4bcee66f872,ok,55,194
ed5f66722d6289348b26d0448775944b88e37688,ok,68,246
28f5e9251ee8232172353bd1eaf281d9910d0181,ok,19,60
10bfd674677ff8447d059b1f28b72f55aa738054,ok,43,142
232153d2bd2072078a4f62d63011d5b3425d8ce2,ok,36,122
3b74e96d10ad071808d7ffcc7bb2cde222be6d0d,ok,77,260
cae8c7252a3c6f383686c518962fc97ff9563f0f,ok,108,378
e1a468a819dfa49c55accfd421bd2be644352a93,ok,481,1720
a583d358edb4da9de1c3041987d71b02d9da4595,ok,26,86
a5b758d114d5e069ed30e874f5bf18c8e703652b,ok,57,190
6047ea7b4c7bd98d32f5062957a9d3dbb6c61427,ok,23,74
e54cc739222f10d5caaeb34e9e892d328b7302cc,ok,512,1859
78c3ba3104fff3cce68e5f5b356634aef332887c,ok,142,528
b207cce850fbd27a3a187124f31bdc6cda87f8d2,ok,77,275
a3b8e78eb30c7d55649ea9c1d3b849dabf719262,ok,31,98
b9fda09887511c0e2b118f3150ceded1bc67ae58,ok,150,552
2db26f3c96bb527101aedef6a96b7ec4ad779af2,ok,97,336
4054cd59e7fe261ca12c2d00ab9667f7e6ed070a,ok,371,1297
66217731694d0b8fc39be2c66f6e8bccbe231cbb,ok,461,1686
789398d768901d68836a6aaf6e0edf78c1e526d4,ok,512,1824
01a40ae2f07a15c9f5283cfe231d3b68248a2e6b,ok,39,130
62dad9ad62db8144faaf9931f4cc0d9dd75174a3,ok,157,584
51b1a835d526afd1f2c47657fb2a8e812568f2b1,ok,25,82
e3d7244e9211aefa1b7d2e0de178975d151f829d,ok,512,1832
9fac5b2c8f7c1ef515b159fd5b88d56a7cef5d96,ok,9,26
8bbc2524e5d12ab9dea92cbd6e4bbf800dfa072c,ok,113,385
88e8a46a79110d44ea8b25f20df417b2b6e13998,ok,75,253
a7f354fae3a50e1d366a5f2cbb606f3b76e5cd9b,ok,98,339
b6ebf21b4b5a4c41bf7cde2fc6ac124a08ac55a6,ok,22,70
eafccde9bb399ed0c936769f61361fe1de4a7c43,ok,299,1046
37587cb3b08bf8d0be42ebfb5ac20fa724b3fe20,ok,335,1194
08dae1ba82f99fec4677c236fbb05f9ddbf8d869,ok,40,138
49b275a8dc7ea85e1d998bb3771caeea4a7284f8,ok,72,252
9742c74ada7b8e8c7b63f27e3af1505e164f55b1,ok,25,82
f9f8ed5ca5b783a1e5b22f73212ff7bb72435f8d,ok,243,856
9b1bd205a76be8f0009cf6c20ba87ba50fc18eef,ok,117,398
66691d8d56725a9b3aed37e43402cc34a1786a90,ok,78,259
37fb0e2c36b47aae3087da15d7bbb3c113815b9e,ok,512,1790
e02e7120108401163bdaa1908626bc0501b50467,ok,138,492
52fc6b108fd13e4d5aebe2ad0cc08dd593e44332,ok,103,348
32f77ee1f47866bcb4b127f987b34703e9ab1043,ok,512,1933
292dfadbef1bc9dd0216fee34b81a9e271509054,ok,16,48
f8f078a5c9f24e60a2949ee8a5f98cd6d2bd7784,ok,15,44
acd202c18b1e12851a0847d7b6f1ec9151863731,ok,16,48
58a16c9bae846f346b3a057ad7ba1e81e3a8f89d,ok,37,118
4a49ce414b0b7f3cad91f9481090db78bf034400,ok,512,1806
5fb18ffcd9d01eeef2e521f6e6becab8cf63b86b,ok,8,22
3beef3df2f59c7c087ff85da73394a5d56431267,ok,31,100
3010042d231eb5a41a66a5d832e9dc996d0272da,ok,284,1020
87faa741ca7ff800f6d54525f8fe552edb815e42,ok,24,80
e4962efe3902e3217c2fb8b77933e6ab66ea3518,ok,307,1097
54076995cdd351b4e4114ec746661f9d11fd63b7,ok,16,48
704347b1afc36ecc97b602725fe5ad66ecf6ca3f,ok,83,281
3c3462f0b44c2ec7c21b5f7367a38666e7e949a1,ok,31,102
dcd18f1331ecb4b5128d441e26bfb914a173a24c,ok,69,238
a57e24fc37f7375cdd9b8112c36106108aa2bb4a,ok,56,194
9650633e9269ba4a42e049f8db4bb950678a78d8,ok,75,272
e3370f6ed75e7286e1647c8a1ce2f2363ea00741,ok,24,76
5f563a311f37fc3501f614276b5665f532267cb1,ok,17,52
ad68fda1e9760fbd6b5c109c02555b8386e73125,ok,19,58
86b06ddac216272862933ad0d02c0a2095b2b01e,ok,136,500
b7f242cdd0369a2c0db6f3f14ce50851f19a1a97,ok,32,106
4f5aa626efaf68d8d87df278451fe08dbd7e0d13,ok,152,540
a3f384bab3828db7e0a3087d4faddbab6d5bf282,ok,317,1098
24a342b524a00ebbc4d5d55b88eb73d1383e78fb,ok,171,622
da977387b68a75e731290b32d421df96687e5fc9,ok,103,364
6a99b2a35606cbb24c65613371f8defd304e392d,ok,22,68
82a192d0b43a41a7a55dc95d17b0d5b44ec867f6,ok,29,90
53b863ee2464fbd7d0b6e69f76cedd9cf1c12e54,ok,12,34
2e8dfd6b7b1aedfd562179ea4b35c0420d53922e,ok,38,126
160fb42f8dc49ae40168455a45cdee6b0006aa74,ok,53,187
63988b079b0bf3c2f8851390f34fcb5427bce8e9,ok,259,934
849b3aadeeccb9901e7f406aaac41fd172b11725,ok,20,60
5699787df1ee7acbcded11899967a714a282c1b7,ok,224,832
24d8b7d4d079df0e3099d7727e0aa8be2530dd86,ok,113,397
b6d32df02526d5e1b9837a76a4b42368cb18ecf5,ok,16,48
90effaa5915802dbb4cb13a62597feadf88daa9d,ok,168,580
c2df277562fc2345f60ff90c4310250ad59f5b3d,ok,168,582
379410b2428c1299dc136a1c4f98d7a2c4adeb9b,ok,185,631
f0bc8eb30928d861b68f714da2ef0a54b4aae9d9,ok,166,591
c68624621ddeb83c48511c0ac616728646bb9bf2,ok,140,497
6149ba1165f17ab6a4b064a067d59316f403671d,ok,252,910
da3cef10982486089f9d837cd2738a22a6d17b2f,ok,57,190
cfc6668b73da7d1357589e8e8684ea3ddbc78b58,ok,23,72
fc6e7430ba257fecc04056f8e765864fa87ed86c,ok,106,376
6ce57b1f13dfc01c0269fc4de6b25c2c488e0c31,ok,15,44
0cf85bbd207585be9bf6d6f1ff32413e30388c67,ok,16,48
b77a8a2c5de0aba7930a90adb9cce65a2c6fbf8a,ok,147,527
09503c7d3e6194f44b0390babe14388c463be133,ok,27,86
375f7242b32a4bc784a07fd3068dfa40002e6389,ok,512,1851
9a23e4b88633b58a08f6fa1cfeba4bf50e52252e,ok,66,219
62b59ff6c94e82512a62130c6161fe7de59611f9,ok,382,1446
28d47823f6726e188799f23737232170d32a3bd8,ok,386,1356
a6c28be5744e1dbb3556815322a2792600827043,ok,91,324
2a569a1f59604a4e3c78fa1062d0dec37c6460d3,ok,54,190
7ac22ebc2d851d2ec5945fc349e99524598ac5b7,ok,246,884
a4acea690b1d2462a646887b95cac5d5e086cead,ok,71,253
e4a4173a974be7b1d10db89fb1633101cd34527b,ok,149,544
a02f6fc7886329b52e43ed654cf443ee07f4bade,ok,39,130
d17773cce6774e7a28a2aa63e019bd1496b6ff69,ok,398,1434
8d8f9400c9bd2b46467f3b9c3df84ef3bfb1e8e2,ok,65,226
48a792c82e474f257b48067eb727d61a7da45c82,ok,30,94
9e5f11d3120568219d5c283b936af60ff120576b,ok,78,273
3fc5d50bc4ff3aa74165cc98e3ce00a663497a04,ok,249,864
7fe91f143f7b3c92a7ed8005bfdfaf729f5df171,ok,19,58
18cbda9a6e75fac8ddf5400bb796cd062b494e5a,ok,512,1865
d4a2812ed507381dc72f83c7dee812d72f250bec,ok,209,759
f8bbb1958e25724cc41f5550f2ce510eccda2b28,ok,197,722
21a0e057163ef83c3862f4cd5fad645991229048,ok,169,604
606843088851511245b76c4441d8a47dcc2d314d,ok,448,1616
0077c28d7c015d7b4dce74de05f80e05749c72b1,ok,244,887
98adcbeb54698c401b7a9ea294293256f09f0436,ok,122,430
f8ada3e4ffb6f338204c359dbd0c58b46b5d53cd,ok,72,238
4d694699d673c5e71dc05c8b2bce2dbaa7705097,ok,463,1646
844d5eb26a539ddfd1e40aa4b4991fba83b7cbac,ok,16,48
bdc2c1e65fb5951c2e610805978c7030f89d6508,ok,20,60
3fc5669420594fbf030d69248f2250666f9c06de,ok,146,509
d89ee500879d95119ff891a6c53c875fefb82628,ok,198,724
c96053ed7d1a858c32726a40e211032fb30a2a0a,ok,17,52
2bce670eebb9c560585527a07eac41250bdd43a9,ok,512,1885
aed8cc663c26e749b1ebb7a47e2246acc4cc408b,ok,32,112
2c2332f037b0ff6218bdd8905065169a87fa233d,ok,62,208
fade39b57dca8c524bcb38ed7f16d4b108591c0d,ok,279,976
c9da694c6421a49089d1462f8074f026f45c33e5,ok,56,200
88cc095183e339c7b832e59edcf76fe0f7c42291,ok,512,1937
cb4d867513e73f0f462c2cf2f7b7bb8e229a1679,ok,95,324
575dbb06e45376c83105dc5b121434a88545b7ca,ok,25,80
99ceab748712141fb5f95bb217a7656437c19491,ok,21,64
053401631359900366ab1eeec490f09d2d8d709f,ok,16,48
52f613ee53c3c0f7ca65724422025b799c8fef2a,ok,19,60
dcfd6a045b0c22c430242a3e05d1211c4286e244,ok,51,176
595eea96dd70c6934f0fe9a601fe5aebfbe5cb41,ok,33,106
9c08706cdea2ca856871bd3350651eb3a27e951b,ok,71,244
083394e0cc0941f4b55bdfeb276ccc6ca791085f,ok,253,874
ab1479290961579a0fac45940d02077c9f1b93dd,ok,512,1875
121fe0dbebd63b7b966188fefdb5a5d57ec772a0,ok,58,199
e8294963f5d0366eced16adf7055ecb76d1f96c9,ok,16,48
89cc448b1c9d533e47be9b8155a32ced65f083f0,ok,280,1046
8ae35e89d00155e87f168a0a7b7c7fdce4cd3279,ok,28,92
30a27083327dbbefe18d965093e9e1d8ab91b54f,ok,54,182
7af72fc6ea24b9c0c853bfb99b0e43b473e1e367,ok,31,106
192f3f2cd7142323306c651f2687dfc73316ffa4,ok,34,110
027f998cf039da39675d6719dfb1e961a5dc2bb6,ok,193,697
cc33f7f56a555b58125c4b9e5923bf675cbab86d,ok,112,422
ee3b1a07f88b3a2f4f0fbcef79101abf1dc2ff1c,ok,39,131
65c4ff002ed708b4096d2d56058729f9e8f050fe,ok,48,160
39867b6d53a21838ef900a7d4d8ecec96c98f047,ok,26,82
c132f6f3dc54d9990140f3cd1a2cbefcdc2e79b4,ok,512,1838
e0c2a7c1588b881119c14e90640a24bfb3c06e52,ok,28,86
70c6793b36b3252bb837408249024bb6af706eee,ok,150,532
894c25e195c3aceee4ae9799138b1b9835b34053,ok,9,26
dbc55ecb3b4be7aea87f7521c0ff634056d8ab1d,ok,77,266
58ea11c94f54ca42a636c99bdd57138cade36444,ok,88,308
88107ecd84e2776fc7b6758f8379649e0cd1a2f7,ok,20,60
c5a6c69fd8d6c0aadf8b11119d643c08818d0d75,ok,512,1886
06004e34d6deff06f41b15a23acf31b3225bcbeb,ok,100,350
20a3e9c130ebb256fa9141aa38cde1310c4267d1,ok,92,317
fb00480a5d9fca49d8acad8e615e58263f25f9b2,ok,47,152
1cef0a9e44ddccba6754161712ff0a17fba980e1,ok,75,252
68d44ef15c1d1da347b0d0094b39adb464e27180,ok,59,210
9584b8ea968e1896cfde0c727132b6a582708721,ok,512,1931
e05c6955b64dc27b777db860eb3bb199ec513853,ok,239,870
b177e00b3623af22eabbdc85bd7e7c3a39749c71,ok,17,52
fe67cbffbe2977c75f8666f55e87d44841199cba,ok,19,58
87fa13aa56a3b4efbdfcd891c1b8604bf1c074b0,ok,29,90
0b134671cefee315aee5d5b72dd963ae9ffcc34c,ok,512,1900
9d6b5b5ae49468d8a0d6d715da21ab546469e0d8,ok,21,66
7b94b0ef1d8b034478493626f301964461f1f636,ok,105,393
5f897f332de2058ca3203490ca1cc4b52d70cbfc,ok,512,1800
bf365cbccda4210c4df3fe70fe8a59da9e2bf4e7,ok,106,382
a731b52caebdbe89bdcf58f641aa0280f1cdccbd,ok,117,409
cda3bc1e364367ddc2f7f226c569e5090c687df6,ok,25,80
a6964eef6f89e5ecd3114aae6d0053d93d6a5330,ok,40,131
347011baf41e26dd7d1e58e55b0714d0bbf87303,ok,47,166
432d4d340c08af6683a92af164b8931792d1aabe,ok,512,1923
3f0bbe313c3889e07d311bef9b5e5df0ccec7673,ok,512,1819
bbd07acdeb1a46116910ade2b258a69995582c3c,ok,15,44
c1833586fcdf9eed83c9cfc3b6011de77af578bb,ok,37,122
e5a00cb421ab754b0153b1d21b1d895871081f74,ok,18,56
115eb3e2947641b9c25db3e7748baadf1f99eef1,ok,127,480
781b214cd359fc42cd98eb11bf3a55eb61c8437b,ok,69,247
f7e8465b22b0b3695f30901f26a803cff55c3118,ok,78,266
b6be44bed9afd7d251f011ed357c7cc3f3f729df,ok,17,50
cf50999d89c0f93da7e77fd275d971af4e0802b8,ok,95,340
1a3b756c79aaab3319693a9ffd686a126abad17f,ok,449,1618
379fda035fa19cc42e78e8f9a2cab7d4158c5b56,ok,82,284
15702c26129df1ce5d0ab3ef1ab37e987ed2b482,ok,43,150
dec501a38b424ad976c93efe85e6bb70c8f7a84c,ok,16,48
cc1d184044a3d0de227aaa6536cb1762625d1b5e,ok,39,128
5d177f61b89c3ff02c6a949beca8cf53108d0b26,ok,352,1284
1a037d30eccfba6bf94827e2e9c7329823ab3855,ok,26,78
a2018ede9cb8c9b6ed31dee667190121c066bd78,ok,108,376
b52b54f149e8bda1fe8d3ca9293677aa6409f44d,ok,24,80
e29542951aec3f1cb47120c07288080c788caebe,ok,81,285
ad01b23a8217cd6babb5ac7a461768b505854fd2,ok,143,527
b9904ad97c9b56aeb9d13d438c047c491fef47f8,ok,24,80
a0728910918d1fb57926f786f9fdc20dda15d8b4,ok,59,209
412eaa17e2ff7b1dcf7c9e2edfacc9dd57909f48,ok,407,1484
cdbc0b414f57a03b7d9ae1ac5ecd136e0fe92804,ok,19,58
08f7d306ef1c5ceea60ac5e7c2e55b7869229485,ok,113,412
2f3c54674b1ce713022f46b070c57b3d3716282c,ok,67,236
c8b26e4d3b552e2c37ed4e3def00858495d61fc6,ok,481,1775
9b1030692ee79e32d2cd97367ec6a0cd5f97d5ce,ok,76,258
ac13743fab07fec4012e6be7a755eb29e11b40a5,ok,29,94
dedfa4acb64494e61c8d63c65db4a0164e4dd318,ok,49,160
9ba828dab97d0240413cee7e19570e24af7d2a86,ok,29,96
c765b4bc5a4588ab33cd0f18b40a91549842c787,ok,240,870
750c843a0c76cbb85de2f894780472fe38fc709e,ok,512,1882
d8b964c2048c1b6f6b1fbd67bb9d9a4c3c4774d5,ok,391,1404
4923e68188fb17fed332ea1bb7c73db4ee80b87f,ok,60,205
e0e8fb17544734cf9cd0aa3670cbc1297396b758,ok,310,1148
3462512bbb7ad853029ada1ee7ae051717d80036,ok,512,1795
d5189161d4700f0b665be3b7c1b1b8963ac82963,ok,48,158
10e93920b18564fffb77a5c31fd8a22fab747c92,ok,16,48
a67a492eed3b8a7561a7e828493109ed481fa4e7,ok,512,1936
54d438b4de185c2e64b122011b694fbcac5b8013,ok,99,354
2a4976c7559156a520eabd777341d6d5f41707a1,ok,190,686
8093518885fa9ac45a3a61a85f912ba3f1420e69,ok,512,1796
a8f058be2f2ba878f40ca670c545556baae3c3f3,ok,132,466
45804baed7a3447b94617a06392938dd2ce29efa,ok,42,140
1adb9c4ffbab38708b333288d2e47260890ac2e2,ok,29,94
abd4a5c388f64413c6fbff61e1bb02742c9902c3,ok,512,1766
4f5d41b0a8e55e859d908365bf9026be15fe398a,ok,19,58
a7757e5f75edc372b00484965056e6d744a52196,ok,25,84
3bb1c7e659bb4d4ab556f9b8978ec04d40fe2cdf,ok,512,1896
216145edd451c3a5813da5977d37082775fb5bf3,ok,96,324
d80bf81213a993de373392da7b77878050506838,ok,167,592
30a08d64dd5f9432fa57ac7237d9599305f415c9,ok,62,212
25337f01eb4ed59c28e34f6979cfb1dd81b66201,ok,512,1782
a019d8382dd42b8b24386dd378f35761e14f786e,ok,13,38
391fa87792926edbdef1692d8ae999c9cbde51b7,ok,80,281
eba77ee2d3b7b4df83a352b91e10fec650e52707,ok,512,1843
49912bcf8f3db09d242843dc9c2781cae1a90e78,ok,45,154
9ecc363ef0f9a01c2a958466cd08e605a42d97ab,ok,20,60
38a8eb26f29566939a06825018a5e21546d4a20f,ok,114,404
1ab4e73610665165d72f3daba8b61a43a16772d3,ok,307,1108
8d7eef38a6dbb55d6812706cdf74b5ffbc4ae28c,ok,24,82
2f7a7759a0f6e20d92e2b78918fb12191363241f,ok,105,372
c8d1981403123c6f7bc7ff09724ecf7e231c022e,ok,82,284
70baac1a5b8068140def86224b51a8cf3a3e2cfc,ok,24,80
8c900f70ac0443ae1713faca736e73beaf06ee90,ok,15,44
fa5a67dd57192a26cde568113867b821d57187ce,ok,27,88
68e9bb0bc6c9dde383548ea4e09559e5f3ae57de,ok,45,148
fdfd985a57c998ff20f34ab748a23c259380c367,ok,512,1910
c006ef57bc18759eaaf41cc96a6142587ffaf895,ok,159,566
35546d47c903c91ba3bcc2475e4bc0aa856a28f1,ok,512,2008
a30344dbbb37fd0a24750bd5256ee75cac0e7e05,ok,26,84
8f79c7a2ab7c8c66f4d3d7ae54435e29460eafae,ok,42,138
78dbd1908f59193e7c4d69db4d04a9a8fc30052f,ok,17,52
5e73fd4a8cfbb9dd59a2780b07e818f78679723c,ok,137,466
12dc5eda979110ba2966b813d94244ee2f8df2c0,ok,386,1415
f5474fc7996c5f987697006caa71f744a8e60a5d,ok,117,384
ef0a15ea638454cc0a03b3d2d6841788e2324d35,ok,37,128
2d9f5ced91bca7e188e7ea2285512140fc7a4ab1,ok,52,171
73db6c1451e5647275f80f998a888d304f69de1e,ok,99,348
fd8d87227ddb6b589e33457ee8ef7c78f7118586,ok,71,246
c5245d93a5a99e5f33f896c2b121d887ce9ab4dc,ok,512,1816
6349ac152c1c8d3551315bc8d1cfbd30208c24f7,ok,275,948
be301b88cd1ec598916b8c40cc48232bf0fa842f,ok,16,48
3744ddd501e5cd67985ba9b64a962ce972a1cd70,ok,33,104
bdc366a6f504081e0ad87773b212a8f3cda67203,ok,107,378
d8e8c44d4669822e2b6b4c174f460941918f7a00,ok,28,90
da2bd3f16f430e8e80c47c77782fb539c1cac542,ok,17,50
a0fa3854b32e5399fe923774c205f1aeaf7d6410,ok,512,1859
ed5e982593e2badd1b56ab3d9ceb6b355c2c4a90,ok,512,1830
8b581194b11cd42576afe0b0a75247b7510b69fe,ok,26,82
8c049131df7506c505596290889b23349e6e8f78,ok,35,118
67a84099ef9cb66dde05a8a7c8804becac89d54a,ok,327,1196
4ac8e44d952781684102a6aee5a7607f86a36093,ok,12,36
7e75d43c8b8e3875fc1331a1b41f9d147de6e298,ok,10,28
33f74a960a60fe921c258bf30bd87a91baccd7f8,ok,77,266
1227aad667e289337bc739689d1976d6c12749cc,ok,77,267
a5df3a31c11c8c0d1e81b58266e182e86333fbd1,ok,11,32
1dd963b68261f6282e555d57368ef31a75ec39d5,ok,325,1134
f53ad4d6ed762d3c65b8141ff3e2fb43ea2d9221,ok,135,460
be333dfd85d771a17e9b759483cdec5974a109a7,ok,97,356
124295fbe88db22e81ea48419b642643e333a213,ok,78,278
7c07892bad0971e929417ab806954486afe9e7d8,ok,33,110
e440a79366cde7c5eec0103fcb8460233c6876d2,ok,22,70
8cf455f7042fd3d840cfcf4ffa551cdc926da75e,ok,121,422
f24ab236bb625eeb07d692cd03e0e0d965ce3a74,ok,121,419
51860c411f51309ccbed059dcf0470e7680a4ff7,ok,232,830
d318c57b7f2df17664ed4072a0399842e192ff8f,ok,21,64
a81d8bebe33ba0cfff3acdcb6b47acfbf65abe51,ok,24,80
554d8188a80fccf5ee51dcfcdd2b5dec2aac86d8,ok,43,143
63016ae51782a95898d56cacbd40e8a8d514a177,ok,169,593
235b7ffde06eab0464fbd65f63f4d57f6c7bc1be,ok,118,405
24332ffc313e9d6f9a82b9039e379a20fcff5a01,ok,63,222
50d2d447b13fdde583851b4aad89c1e21e4fc7e1,ok,16,48
ef03aa1d0e4c21bb23edc480428b8e464df6b923,ok,101,359
19946aba04007acca13280e75277989f2a3d0267,ok,30,98
b77b7040526cda472220e77029fb8a49bbb7d480,ok,42,142
c55abac0c398f78667a44d51e1f897d310c26d31,ok,290,1051
9ba3c7f071d9da30a1a13eeee1d0c7192ce185e8,ok,34,114
78ed7a3e0184f4551179fd8779cb0af510d950d4,ok,44,142
3094bf6ca382cb5e39cb0ce880640673d6120340,ok,251,898
3d867aa2a537725311d33ef19d91e890bdbd15c1,ok,87,302
8b0daba3289085403251aee6481d41fae928001a,ok,11,32
6c1d0ac47e1bf7d3914cc5f3e3caaf7e66d681ab,ok,90,315
3f781747e2864e9c0f8e03fbe219cf27a9732cd1,ok,51,172
113925fdd2830cc2c5d34d784742f22208d5bd57,ok,25,82
5298db9f71d2b9ca30882168625fe87a53f743c6,ok,118,402
1683b5e7bbe30de9f5bce376f0b7b81cb311ddea,ok,111,400
7e369734cdd406be9274762793336431b73c47ea,ok,33,112
0926acbf98dde2f5d053761c66a6555bf83e0881,ok,31,102
39c30f6d341ea72e54d3cca476d7f650a8fe6f15,ok,41,146
cc6b2069a56f07ab218b5ad136203a16acd63427,ok,74,270
881a04989cb769fca490fc962ea0b3120ad788e9,ok,24,80
275b9e7c1b140a0859a7fa213be0cc16d4b817c9,ok,69,241
ba02ffdcf1a6541183498aedae348e0b2e44f59d,ok,355,1301
833aef1581ed3c1524a34d5a8028f0f98b7c5611,ok,512,1982
d15625cf719ae94ff48dbe07f548f61c7719ef20,ok,195,720
383b1a4fc3afa2bcd1b095f1e7c3218151aac23f,ok,512,1828
3c888077b3c5e50e97a73a39bf7bf9d6124c164a,ok,63,218
7a0f58a36e73f9c611312a0d2ebe63b6039d245e,ok,26,86
7e3af62cfafb5cf21ac705962d92ceee6e3d6a1a,ok,391,1441
02bf9e2a54b72f66ce46366fc420e9f2a4e11f91,ok,16,48
c5c4c3264d60745f286ada17d79bd7b73c1cfa79,ok,53,186
91bbc0d7e17bd4b92c45e1228e80514dac515de0,ok,47,156
92ea667b2c1bc50bd33f170e52ef7d0c01ad3210,ok,32,106
b793748b41dd42b2b71536481336154e7cf04ccf,ok,191,686
5d96c1f09d4afebee748be747c8ef0e79ba4abdc,ok,79,282
7e44fffa636f752b741c90386b8cd6128f14fb3e,ok,28,92
25fceb88b835230423b3bbc55c4cc2fb8f4329ee,ok,512,1890
db8bf4f280007cae542905edd0c8e8cf106f6f24,ok,65,218
09bccbfeb547305b834eee05a344fe13c35cf60f,ok,8,22
c5e8de7a0742d481e315af0cbcbfb9d571bef5cf,ok,196,716
e9fa192cf15c73bc7a109ea0e18a2f18d9b6d643,ok,266,1004
fa4a46765f7baf04015606f8b2c0b835c70f4d52,ok,403,1484
9d41ffe3631d0eca3e3f27069262b3f995196088,ok,57,186
2d4c4d4d419827f1e7947704495c8b2624966e0a,ok,32,100
b0325d240f18c64bcc5b03a26cbd3cf96166a6a4,ok,316,1126
51fcb38081b3614cdda640c6433dd4daa74479f8,ok,24,80
69b63f20ba6ed9633c497de61a28c762730e34d3,ok,11,32
7f5aed0dfebf2f5f57ec4621e2aef799b4b4974f,ok,40,138
8e3649046359298ccf16763ab12c6811f26fe51f,ok,84,290
abfc2d09cc5cd73bea36e79905e1d79a65f819fd,ok,25,76
eba6836b58848bc60f219492f74143f97ddec733,ok,512,1803
34be79cf39541c96a1dc35bbef48dd88d69a24f4,ok,22,66
b2974acaa6a0c687e3765f3b8f5836fb488e0d65,ok,376,1348
ec60e584c5ba4e071bef1b3c3f8110bccee831b8,ok,16,48
69a0e6bf5623d4ca6db95502a42c0961ff1ab403,ok,87,303
0bef7e911de72b2d23cad8a8ea46b53def763feb,ok,16,48
b2e9b915f565125d505c8e535ff57a70e2779db0,ok,115,393
a0682ee4eef46c6ac37e044152538a07b8adc6ae,ok,264,970
526f8e44649b72b45b3367b8e3e43edeafbb59ee,ok,41,142
18af14bf258674a97281e1289567cbd0fba8d9af,ok,278,988
41b24e8508bad9f89375f2c4e07fa714d4e2d9f8,ok,153,566
1b0c67fc20dbbbe1a93c6ac7f1e93df63f58cc94,ok,69,227
94452defad18d62a494152adb390d9c4ae1158ee,ok,223,807
677cc98d1b90acb0b9e13ccd7c9b85d1eda2af52,ok,127,461
489f3dc737552eaa48b58c0fc9f0a7b861809336,ok,23,72
e4fe169d27e76f9666d9c72d209c0c9cf8fe599e,ok,134,497
9b43fd6ecdf409df100dbdcb9f82e527dbe2744e,ok,125,432
b02b45b4486d16d0de9d23ede3c5175c23239ffe,ok,21,64
ab0f855cda293bfa2eccb2e731887623e4c882b5,ok,23,72
a430398dae4853106a69565821e31a379741335c,ok,22,66
25221a55811de778482093ea1bd590564de8c192,ok,27,86
2e5bd6218622c3a22689511dbf35f42ebfb3adba,ok,444,1632
55fe94dea0de9e1e7d2cd86f57b76e4f4db14171,ok,54,190
53023a7f0926f2184984b8508058f32a84fcd448,ok,210,758
7a2d6056ae1795eb0c6ac545438e945e41b8e3a2,ok,120,404
42559c516ebfaa6496da455ed1dcfff8389e2461,ok,16,48
0b59e8d1e4c9f59c62e63da909b7d25d7176e360,ok,447,1606
6b37ebe78de6477815a733fffdb9d300db0e30c4,ok,16,48
32c4ece2d3db5cc9585d80e6d9eafe4ff9bd8921,ok,11,32
3a53ffdeb688f4e79fb4e72be1630ef4bea6d47c,ok,25,78
efa4b60dd6079d4b6457e10e16cfb4206f555008,ok,23,70
882ddcf118eab56edf1b6624e496cfc1187a96e5,ok,46,152
c1a9770f98ee429f245dfc0b4aa1af77f5b6f0e6,ok,207,725
392fc8bfae39d8c53034aaf848af5ab460c36856,ok,431,1599
08558d293e606b705e87209cefe94e230c44a659,ok,42,142
ebce5dd51240112050b3b0455ea4d7003cc6fdf3,ok,257,965
f5c84ba13c0d196b4fe97ef5fdc6ee2b5214f416,ok,29,96
53da7d2401c7e5e15bbf57e2fcb6432024831e3f,ok,252,904
e8cca5f50fdba80bd7ff408f6af903b246939597,ok,60,203
2408a408b393f2c0b7042acf5f44c201354981f1,ok,422,1584
520cc4a8b6cddd36278515cc7bfbec1383078652,ok,17,52
81ada74dba872954927424099a6d8d2267503bd6,ok,19,58
6abe78adb3d1782518c751bce77d4b05870b49ae,ok,237,916
df90de93cd16023b0643329ede5ffd776277c4a9,ok,179,623
5c927acb8eda4b23c822db3ef5a8f62816f9882e,ok,512,1912
dcb81f4b71957d56fe396ad13753606cbfbe870e,ok,422,1510
517292fa38cf4e00882a4fd983a4d5452723959e,ok,107,394
e17f8904fdeb2659923b0aec2ecb3f12d361e4c7,ok,287,1061
21edca2eed6d4764f589bc28e8d77e322ccc2101,ok,39,136
695c23582478baec7d725aed2357de757a43578b,ok,88,291
2e0278b8b15bfa94aaecaa50ab6d15f4eec817ed,ok,33,108
c60afcc6a7646178fbb13e9f5a196fad99f3e336,ok,34,116
e95b295a666a73a54276ae17f1b1a5836445f208,ok,29,94
ac6fa55cdba8a9e5f30643753cf797db74ed6647,ok,443,1579
271d029ae5f58ad923e2b36cdc98e010f3b8c21d,ok,512,1919
575bdeea9829771ebd2d5562996780e74afadbc6,ok,225,832
c84321b673ad6ac234dff0232fec503b6280073d,ok,99,368
0afb3bdb91eed1b52d16bf8d13172ef675a5b094,ok,100,370
3d0456cb6d0d733a301a5269cad220798b2ecdaa,ok,114,388
63c8a18a6c5c919a3ee8da864b96d490d196b0b5,ok,275,976
94d601dbd8fd0b28096230248ed95052cb78e7a4,ok,512,1887
a64664516b01de3957ce3781252b49f28ede24a3,ok,117,406
d69981361720e0ef5b61e425374a84b8f54b12d7,ok,215,785
7232606a34431fc3dcf5fd37c6e319bd34de1f2b,ok,349,1277
d981d6dc8da829fed38010c0f1671a293f2c42ce,ok,427,1646
f7a4d74ed46261da248e20d5deef9eec1f826432,ok,233,901
fb2ea90535f67aa7a65aeb3eae9e01589bfeb721,ok,512,1865
5ada5574351cf4005530ff817ef1de8d137c9974,ok,174,608
afbb07d357aea28ac64160dc0a8fd144a8b7a9df,ok,22,70
965b5c7658576efd36de7a387e6aebe79e6399e9,ok,447,1635
1f289f1b47ef57e504dafd9e68017566ec0b339f,ok,55,194
3908ddf431eefa7a5a4ccbd7774e1fc9a95c37df,ok,24,80
68267922057866d6e54a745b7be84a3774864b61,ok,24,76
02030c14a1acd5e529c9af340946de0ddfc8f739,ok,41,138
f3e0da34b127ca0b82f3709b33fdcb8fbb889e22,ok,350,1275
17f7427553f82ed67e9cbea784bb759cd5b50c1d,ok,27,88
598323f81251f18314b2795de590d77078bb9a63,ok,88,302
43cebed19442fc6d69c72d449fcd655fa22a1de2,ok,112,395
99fa1c2818b7bc07b743532ad775e2db25bae413,ok,236,837
4c58e5bce8275a5f0d16247572b95b1a8828de21,ok,33,104
51c25ce654c6da28b11388e659ddbc218c300230,ok,345,1270
59084a5c81417193972f768266f0b7560e2a9148,ok,156,556
1fdcbdccb6df69ff5858cc86492e849c18a864bf,ok,27,86
4fc9a086c363d0eb4e5592439a00e2dfef5bc4e4,ok,416,1534
c1a2ad9552550e23351aa9b97dea544bba55c243,ok,226,866
ee3002d0b1ee1098a5f83ac3306c9c3caa6f51ed,ok,216,779
dfcb4c1f22fa4bc42418c8d8f2bb53649b855b18,ok,351,1267
327aa70ebc08c9863e50ae18ec11d3a7f034f89a,ok,181,675
178bd1bd454d12a16441f8ba826e03f2f2326976,ok,44,150
0241693482806df0b0617071bfd1cfffa715938e,ok,24,78
e933559ed2c58c8b7b61b455ac2e95912270952c,ok,18,54
b337113794f3301a073a3860c48d87fc2ca84c28,ok,11,32
56dddd2b1f10e6893baa4054b07079ad5929ba70,ok,164,585
ea679ea23786734a8b363490048e723958324c99,ok,266,953
4d5febeb61e1508581e9923d1a88fd0c12cfc352,ok,18,56
c5ae275403383423a6b656160a8137bb007203ed,ok,226,822
088e68c24ae6086120e31a5b88f16a706b8c208c,ok,171,623
6d493c636cc54b9198d8ecefbfd58b275c4f6280,ok,139,503
22754a014d8fba2d49cd86e97663edecfaccff70,ok,154,541
9362a2c85f76c76a447a4990f19979b465897e31,ok,201,724
07f476c6d27fd539774a0cd625446d805806298f,ok,66,219
6f5b2340b3ac4da6c5add072866d8e07ed1f2939,ok,42,138
345503b9c84a98c3a56e5c5905bbfbf85c558393,ok,137,475
b4da11a95014ed5989cc6572aa0184761769fa97,ok,512,1847
ea841ecf134872df6b3bd96bc3aa8359e2349bd9,ok,458,1668
e0c21e8b98a9ed06a7b35c612368591a6420bde0,ok,165,600
4ebeddafdbe1d55e397f6f6db060f9134c52497d,ok,25,76
5169027428956bac3b2e46dc338d55974340f61e,ok,16,48
3d6db8fe9e51bc6a2191837a97b7d48a963d6932,ok,512,1768
ece4f25be2e8a2000fa825c3b52b868721830ef1,ok,46,144
36b090f63ce9a8518c19781dc801f5b969af72c0,ok,78,271
bb4ceb157b9ce49f9a59b285a667df2ade3f4adc,ok,21,64
cf733f334ef3e89e853b07e94ab39af95c15af13,ok,106,376
a0178b4631867d3985fee8db998e3bd8c7fa5209,ok,42,144
dd56da3e525db54c30592540772c6531b43b9564,ok,55,189
06e3eb356618519dc51807d33f7a13d4a9bc14c6,ok,104,350
4d92ec9c0f58397b4aa814e68b67a108d18dc373,ok,24,76
929bb8a8b5e002205aba5b8271f5b7a59175fab0,ok,113,384
a010e0712b0298df0854c70cd4981548d2d8c3cb,ok,32,102
85c5d2f012d1e77b9349f894a24bbfe4197e975c,ok,312,1152
dc6f3c1eba7a27f202aa93a615daa4da939af819,ok,24,80
c3f654dbdd45f063e439d702dbccc3eb603a8415,ok,479,1789
45d4d50ef128a66a0fd02028e7043049ece1a049,ok,512,1929
a0b5260f4da39b771015d268bc49c205cce58793,ok,63,214
08a48fdb101e50c99cd4872012162e7a4f847ef6,ok,107,376
6e1cf9667e7f271e9ace5abc5576206b210499d9,ok,244,892
eb2a89bda70d3ab6137df930fad440f76f57f848,ok,363,1315
2c3ce428893f516c8ee2079afef8c78a6ba5d443,ok,103,362
f3496e24b4a01d7ef9f1ea9c42909f924f5e7ba9,ok,508,1864
91a1d330b9cd7c36a96194c24cbcfc3b44816d2d,ok,39,134
f81f9b461bfc8e87aafc3d7eaeef1064df04e9f7,ok,51,171
ae55787121c8dd199de864475b3b0f8fe4a120d1,ok,92,316
c65567fc5520dcdb029a4c75bbaed505040c79bc,ok,204,750
7a71556f57e3feb1d3503913a635e9277ff1c0fd,ok,394,1478
d39c70c19b56db68825f377d8c6031ec582f8777,ok,37,130
e6a7c93ae59c9a7ea312e0ef9f89f169d6d15b3d,ok,173,640
5167dbdb0b4c1c0b39f7cb2562e2523be49891bc,ok,56,193
94ee64bbf91e5dc4f4f87ab2581cee8efc2aaa54,ok,86,287
0fa26f0fffd1e175ee9e8abf7bf08d1ad2db3ef6,ok,458,1700
91cf6f085c2acbd00c5c70bca6516cb9fa164f4d,ok,162,594
a346351d48b0dd1da7dea2247c924ab806de4a1a,ok,512,1877
27cd03a6e798719b31a260d7ca7d135950b1df25,ok,24,80
b70933f6f0b11a77e19ec166f14955eee11cfa05,ok,15,46
8b48670dc793875c575e9857107e7fd1cf2d4609,ok,16,48
367631e1c8010c27df49ba95f30f7152550151e4,ok,110,410
10b860e7e831cf2882bcf72981b8e8778739dcd0,ok,30,94
44706f2fd7f0ebde9a82e553b29b56339f712b85,ok,76,260
9adc5fd97357b874d9511a15488d437299ecc166,ok,25,80
15edf350e6b428d57e31f73e61888f5dd242f4ab,ok,55,186
323beab84dba8e15f468aeacc12164e6cb574ae2,ok,44,141
c6abcd0170edc908d4d26f9eafa8e3c28a43c87d,ok,113,385
b7300c23b7124bbc866e9c08b66beebfb445480d,ok,15,44
b481cb285c40f1bd3aa2b87d494822422b64941d,ok,53,180
51c132808a770e22f45c79ddb776e1242cbbd7f0,ok,24,80
b4ef274aedfcafebd58096ec450db7278560e23d,ok,31,102
95ab9851d84edb0a86a2c79a127669c523dadb50,ok,224,815
b34eb11bd15e48a4ca4b04174684416e9fcb9a34,ok,71,239
d9f44d4eef2140048518adc45b9a6bcb60dce36f,ok,28,92
1ca12563e590465ebf085273d7be5f884f0449c8,ok,170,620
1b5658a3dacd5676bb3899a36435442fe41794c2,ok,22,72
5f994630d8407a102e54c912b5ef8b538a991061,ok,21,66
288a62d7f7cf18209315c10e4ed805194988afb5,ok,512,1841
4d9a1f88c8f28922060b0736af14e8c5edf59015,ok,24,80
5fe290471d365bfd9c58f2e137b3907b1eb00327,ok,215,760
6308b72ca2089b327b9b03f390ebf577c6c54062,ok,121,443
6913c27cb8d229a3d54a348905904631d18171bb,ok,512,1849
332da13d72a21364bb623ceffa201207e5fd28d6,ok,16,48
19138afcc3b795e270b8ece36d0aeabf7f7de6e4,ok,21,64
c1e2006263ba7da6057a007a64af90f95668f279,ok,28,88
d83de438372d7142d9b08a25eeaaec39a9f08a51,ok,9,26
1772c1fb45a11341126c88590f0098dd177a8a2b,ok,192,661
6a94de59f8d8f2b23665071f76b5006800d35a73,ok,16,48
deb66b8222eb3898576328898569e0f84fe52459,ok,29,96
fc66364e75c9b5138440f15b0ee179927d0fbae2,ok,25,78
08abb186a483adcea0795bbda288c880f5cd18bc,ok,64,223
a8f7e444789d2b0f9a4be1b6dc7793ec74936016,ok,320,1165
600ab287cd35661aa1c9f50084d75166e1cedb2a,ok,512,1794
1e527af565eb0a245f129c9caf330a53046a6492,ok,81,280
790c57e8f03f65f9dff21571b7e5383617382ca5,ok,214,793
dfd22c5f2c72a30f53c4fcb5c37da5f1b1af4241,ok,84,298
fb5d3aa89301de3d87b23bac8362915b93b4e0f5,ok,91,319
6817a5064761088adf761b7d36dfcfba00a9f0ae,ok,18,56
55bcdd221b60c20142d371b0fe665e7d622c41dd,ok,16,48
73f696735262b324ebf7370d1e3e96937f7b7385,ok,160,564
2ad5514d3bf93beb6a72c98a69515c3759da69f9,ok,39,130
6fa7a8ff55f6bdae8af472147677c84e42af1f1c,ok,34,118
6c537139c5d1378d9e63ca2937b9b1ef3eee73f7,ok,21,66
401854a0a056349019f9274b75e8a7d6447eefc0,ok,25,80
ec2ea3bb53210c4f4c0e692b6cd97cacf0388955,ok,22,68
d8aff160fca55e947c8c8e763d27b8373ca2ac74,ok,8,22
b3b3047f95797cd6d84bbf20312b13f4b9f78f0f,ok,512,1833
60bac529be532a702b43eb0d3fd4a98b91ee67a6,ok,512,1839
b7fb2d01c1db878811d58ea41545097d85a8d2d6,ok,8,22
c2ad5597b59c53d8d736be9ee6a258f9e90846aa,ok,512,1789
f108b51e7a32bb227326974156cf4f4c4f266fc0,ok,35,110
46b9443ebb48582ec00bb9472d2d6bf674243205,ok,252,898
ddde346199bf524c398154b34e628993278cb288,ok,31,98
4897aea4be44035d5d824d7a6efed9578be03068,ok,18,52
5fa81be4bbce7f15a4857c08fdcfdea4c4395140,ok,153,528
275ecec4f8a16a96071c4569573a6e052de5e385,ok,14,40
c374b2df062ee42e17e822166c757552e2459079,ok,16,48
c2362cfcd721f0436edac36c807b0a310bf2b7c6,ok,16,48
06b8f19a895c22faafa66cad7f91bf340310e6a8,ok,20,62
08a443d1ee42a04ef9122c51eaa134da69181731,ok,23,76
3b123c36378b2cd76afc71aed98d3edff9fccfb3,ok,71,253
c60ba03e696672b109ccaa66f0f61f4beda5fa28,ok,71,253
1e2af9bf83d0fc8d460a468a84439265f5c0ce55,ok,36,119
20b9c93f6c41bd8d4e3be572531d634eb7585e7c,ok,232,861
f98061981265436608a6fa11af81434d8c655cc4,ok,25,82
cf13fdb366257c5d193daba625093f565e0cb3de,ok,512,1855
a19d155f956e6416ed2955b0114918b970b8ded2,ok,54,186
e1c8d9711a10a9b591f902d26b12d311c2298024,ok,70,246
ce97cbd2e16d6eae41345e4dffa395e34350769a,ok,167,602
0a1cf76870e31ef4a64eef7531e33766a702b854,ok,102,343
a753673e00b6fa16b78eab511258613569bbf25b,ok,91,321
388caa9a2974c30c9c41b58b1b7444806b963689,ok,39,132
8cdcbebd5bde9edf6cc93078eaafb800a77a987b,ok,204,722
5c7b958a6a5074e57cb1bccd7ecd7158a5460b72,ok,16,50
38e2ed560d3c4146e3a99ef334b14af940a5062f,ok,43,144
ddc05efb228ad092796ad0e192689cc4a66ea8f8,ok,63,222
4b88a22bd7ba4aeb29dc64078d828d212aacc5c8,ok,199,706
f1ff8f82274c01c43a253f49a5b13ea34566b809,ok,155,579
3f246128935f3f10a048c457bbc059082b12938e,ok,20,60
c5c779c0a299c4761c0c86c1e578651476389a68,ok,89,316
a452bd6e31efea8acd45c1f6408a11ffd6f63e27,ok,77,280
1c17a8502ea2583e6be95666f7fa63c669f47d4b,ok,413,1460
065ea1739d8c0365fda75673bba5f8a476d5de64,ok,172,611
28a4a6e85446e31783427679e5eb46b0bd5d2497,ok,94,337
36dd13e3d462a9fce4bdba192ea4e292ba86189d,ok,52,174
96a684e69c5e32089f0b1e248aa462bb0b5efc95,ok,28,88
19022e5b74af89296b8c8b156ae26587a5a13612,ok,16,48
a8576f32aff1446846c685ead9cdd71434cbaf4e,ok,21,64
8033db9378c775fef82ba72a16727b8e72d41fb6,ok,12,34
0496879ce2d84e278a6dca194ad797c67ae90f2d,ok,251,898
9759eaa287272111ed7afe55f6e7fdb5c644c4dc,ok,154,549
71f855dde44ede088cce784c774b922bfc39042c,ok,56,192
b87394c2fb0857612e86d741b316d5a74f27533a,ok,100,328
b74310241fdaa5aa1ef05928f5be82e758f7eede,ok,507,1746
6a8b444d1108cca623a1b5b937615b3187c86f41,ok,37,130
d38a52b76f7848871a4670a54193198ca0536450,ok,97,343
de7b2e8ead9ab2025476fd07c58020127d2ce420,ok,209,731
f92439dfcccc8936925c9920ac505473c8d134cb,ok,16,48
0d009d4b9f11dc5fbb254e1546a1ccb5f06f0843,ok,51,169
763e9f6b5bc685f0073a06fcd1cf118ad1eed3b2,ok,66,230
a5ce4041de285b152d9ba9768ef990e1b88ca379,ok,33,110
3293d1871fc4d542db0239894edb8348a7515ce0,ok,23,74
1dcded2f26258b102c2fad0536dc6feb09be59cd,ok,259,916
19a797daf93a36f4301dde756fbcdea99b2694d8,ok,512,1805
f0792399d41fc04e7d71eddc1e6bc1da314496cf,ok,154,554
40acb06c8f20e746e0a71c81f96c6d499ee50481,ok,512,1910
c648dc6dec36a25b71040d47ab110bc4a4a3b110,ok,274,1009
42b074a778a63336b6eb3f04541f97fa97c66661,ok,59,194
d776e2af278b3042778cebd0434d0bb4e882c198,ok,120,426
b7cb24078d20f7f927f08a75bd1388f4d7069437,ok,100,328
7c6b5eda83c907edf4abcef70be7ebc27251cb05,ok,20,62
2708f2f58d60032b6dc33b42d80a9259b0c4f999,ok,63,220
0e6257d3661ce087d5465400afdd95c943033236,ok,512,1785
4b3e2707da730e7b1c1d65f8cfff96c944db29b6,ok,193,662
031afc217cba62c2f2cf39400934e5d927647373,ok,52,188
d510f9ee6b85907e6958705c63422c5c009ef1ad,ok,512,1876
8111e49a8762c2c99946d84e39191b80983360a4,ok,36,124
c045e4cfa11b3aafb174cde2d95a23eae8fd83dd,ok,258,918
5dc939700e203129651508b21e822c2fff3b2242,ok,27,86
3f7bfc3c33bd5fafc53126ef441de844aba71eda,ok,63,228
2b23e91a6af6cb533a52d52d1d8814a9d8d576a9,ok,78,277
db455a9128ff4148cad94cd9b72ab722be75ab00,ok,13,38
27e0b2020c8dc07bf53993ccacddd9b812f0a0d8,ok,87,304
adefa5d39b5231bbd3a1444ff30c41911870e843,ok,265,946
a1fc95b817d34f1e303d7327207378041e17fd03,ok,47,163
40d1386637e0d3cbef631f08b20ebf15bb10b842,ok,44,144
8a1e2b23793509c8652a096ce2f0eabb2712c5c5,ok,18,54
bb8d0d96653e6482c7f5bec6ba1ca2d5ea4b21f9,ok,60,217
c25fd4ea5b4a108f6550d0e5c55eda00ac02405c,ok,77,266
94818fdf8c8d26ba2a2674f302c157c161555b82,ok,79,284
d8c256a7daff7ba71e28b1408716b42e66b35f7b,ok,16,48
b96f81c7014dba8fa5e281f96e4bbbf72d1d038c,ok,512,1872
a084d01bb3b1d4a861daa42d081d99cd81d118f6,ok,24,80
24006003f914aa89b47849bfad459d47b1be264b,ok,108,400
3427af3d5c9ba6cce979639326bd6e06d8cae0ef,ok,512,1891
b0250abf7b7a8f0ad3e5cefec4f5a4e5f99b5cd3,ok,65,220
e2f34746947fa109ac4439bfb7236cc7322b196b,ok,22,70
19c547a8d3abc16ff7e96c14fc631b047ba1b610,ok,317,1161
0450a7cb10b7e3be537677134c41b777e29f04c8,ok,156,556
6056cdfd3c4b17beeada1369883625c635dad7ee,ok,512,1919
d12df342a2bd1eaddadce31475ca8f034087206d,ok,26,84
fb5abbffbce87ebf22dbb745a096a40b5424e6b7,ok,83,282
42b8644bd5cf6662b262b0c9edfe05d1755adaf5,ok,444,1632
a6d264b46a4bb618390a3206646cefea7ec6b101,ok,90,316
e1b7c2acb53ca2a28b956f169d97effc265c1e1f,ok,227,803
75e84ed80d42f89505081623c926f6350cd80bd5,ok,28,94
38e25386d8183566816aacaa3003cf9b703fc913,ok,486,1653
19118b5c1ee2a47b33efe35b686899bb380aea61,ok,512,1927
4b1720b48e778f29a350d744f6ad262c256c1617,ok,288,1058
cf70d053f9695465321438fb2cb6735dba44e1f9,ok,75,268
fe0d64a2ad9212b46a729aa2344294d20207fde7,ok,31,98
ffee94879b0ea560a5cbc6fac04fc39def193044,ok,77,280
3123e93e32a4d31a945c1cbeec47c72d32c87bd0,ok,39,128
ce76781c044fd0c63f2aa25f11e9de5a94ea7116,ok,16,48
caa3a8d4eb78627e388b17860c5f831baf422509,ok,24,74
9b5b3a4f3f6a54c77e258069a1eadd3db83567ff,ok,200,716
7441e60285bc66f65594c2f7cbfeb2c135f8195f,ok,35,120
4811a11ab882ff1573fdc23112840b9d3d50337d,ok,57,198
64ede34028b202277ce98059756ae2e53844e8d8,ok,34,116
688c8314e181aa71d72da3ae56b03bcc77cc9084,ok,219,787
4b47e1b587e826fcfe3a767d89ef604b9d9bab13,ok,212,776
a28d04ad95d4cba63efdbc6e175fdec6617e5d27,ok,51,176
c486682d342c48444dd51d2fabe1b0ba75128f71,ok,203,757
55123f4dba824f6c072330661f9fcca6ce526a6d,ok,194,703
a2954bad6675af296288cab5fe2a2b4f4f519247,ok,241,878
9e1475eeb6a69f60728c027aebfa02f2751bcb00,ok,53,178
ff2a6163e1d61579afd52c3465dee44d3b22a8cd,ok,18,54
02e751ec5a1ceaf4d22652209473f1d7bca16fd5,ok,26,86
2f2e058785c54359db10666e952a40e728867fd8,ok,53,186
a80dc292846de7032f56f1b9c5ab66d4b0fa2fcb,ok,43,142
192a691ee4bca9c8f26cab8edb9ffdc251611d66,ok,174,619
424c75163dd83b8b6001910a2a4d0249399b53fc,ok,39,128
c8af407a9d23f5b7364f2226a81f42ae23fe0dcb,ok,512,1838
6dfd42b7f969d549e35cb81880396f9776e70c54,ok,27,90
75fb69b126d8121e0e5439bbe971b37e8ed55093,ok,66,220
d08e31cbf7fb419e3bdcdccaba795bdf0829199c,ok,41,140
b3a4197b0eae4b6bb39d14b893f6d5f369650e3f,ok,102,364
9c4e5131c3a6cd19374a047c3272500fd3ba4be3,ok,512,1790
a2c7cc2d68739190382240408be3fac1b72e39cb,ok,387,1452
a65bf047356bd0c5cab9b8d6807f6bad3a7e4dc7,ok,512,1835
ec9a8a9ec8ad34b6a84ae1a69b95e58ca155711b,ok,35,118
1b765b5b12b313b3e69b0285818e2e48a25f271b,ok,146,506
936d4daad42829633fe8d859749ccf7cb3657655,ok,41,134
f82d8d83f9f335e84d6d2c4dbe7e1908150287f5,ok,144,517
cfd77aeee736f9599f40942fbacbc45cde3ba97e,ok,183,655
4b732a312e58024b6a1702821e7d3ba41e0b867f,ok,17,52
cfe13c6b4f080099df6bb1d6ae488ddb8f7be93d,ok,27,84
0c4b1ac9d40344fe033308179f9d7c665292a14c,ok,28,92
843bb532b46fb8997e70ad43e8e29d26d02f55a5,ok,512,1846
eec8cea2a8db33e61ab471676ad10083a2ab8855,ok,11,32
35d024b0708893c9d4a7dd62b46f987599775bd2,ok,132,458
6753e745caba453078dedac343261a7801d17385,ok,27,86
caaa43776b92a4a34585435bf86ae10f66a1d89f,ok,333,1221
257c8c5aa858f2d37989709b848f1cc9f779d9d5,ok,196,738
6eddb3c932b57ff0f3d2840ca95bc4af3eac97c4,ok,334,1236
e2098d79d1f14faa6a0da5e9707b4a6e4a5dced5,ok,171,646
ca35698e45aaefab1ebbec21c6c9d1c23e565713,ok,71,245
254f2f87529bce8bed60938360808c53ac384d27,ok,49,166
070f01bc65ce68e357b6ce0ee01d0c8fb5b4b6d9,ok,115,394
af5ad2f1405f9aaef3da05b9ea7584b625bb454a,ok,67,222
e1d605b62af5a8fa2ada50e2d69dd45ff0ebc485,ok,36,126
cf2df2d6bf2312e46c30455673425a7b91bff664,ok,174,602
2c0801c9367b5110b89035f37c298ba12fdfcd2d,ok,45,147
b358c59ebadd46861f4f25619ca2a0a8e4974fd3,ok,31,98
2bc8c82faf0811412e22569a1c4a0fa232d98227,ok,45,158
604a7a597b568c7e09e9c27125885611a3891f60,ok,198,716
f84103e46dc12587847d2142dbc3f8c049c5b66f,ok,42,134
a8ef29ee4693bd051cb8e87553489c04dac10247,ok,28,88
cc597dd44e2483130e82a71667d3f150dfdeee21,ok,32,104
ccb3898811a5856b4a81eaf618e797e05f6f1389,ok,17,52
fab55989889c31022c08e69d7178869db21068ee,ok,387,1383
c8780f6825e36b7746b25dd3bd2da64e00ce77c4,ok,24,78
05f4e2a593a1c38ab9c68843bb17a2d557afc28d,ok,184,645
58ee1611e7229653ded63a490cc60324eb70fbac,ok,365,1295
2b9748d461d5e3ddcab526234406cbb62a82a0b0,ok,512,1831
5d448d4c6dd91d51044e731fb5b24d9381c2a167,ok,8,22
1fce505d88a9e9006dac81feb474f2739af0aee6,ok,398,1440
ee93582edb96c803e9fe42434a7e364ed974b1f6,ok,52,186
adb3b733202662cbdc4de48c51575ad34599bf38,ok,25,82
ad40f44e2cd3fcfe75f1a43c6ef8ec7dc5297ddc,ok,86,319
cd17b4af4fbd546dba085dc38838036362b99bb8,ok,11,32
d84463e4a0479813f7a741fcd24c6870156bf3a0,ok,95,334
ced57aeb7a23aff7da0b7177b4ae42f0f899580a,ok,25,84
a50c983e422cb942dd8ffe6ee8c8247a037e1e6d,ok,16,48
8524b2850eb98da612168f9ca366c36e19ab1503,ok,194,691
ef5eda21a9ec110e3572938d5b11a06af108cd2c,ok,32,110
0f39b87e152f5aabcf6d824f578528762b76f538,ok,34,108
ba68b9c140e98c58ba2495e89f66b9302da3132b,ok,22,68
1de48fbaf9774c89733c94588b8967226fa1f9a7,ok,24,74
05128b1050f17a1caf3fdd9f447bfb5315f85c33,ok,409,1466
b8933aaf6335337a03f8c7907e017ad1028373a0,ok,148,504
f0005c6b29a670b8fee99f7549f4658d65a42cc3,ok,189,666
6c724932f01cd34b9677fb99c446131233699b0b,ok,120,433
632827a27ccd416050aaa830534ea23f883dea4e,ok,85,274
0263c547d49c2826b999baf743455ba275ec41e8,ok,457,1690
9d99e7ec0f3a49636533cdbcdecb9b574ab34745,ok,16,48
f04728f6be457a48998d82ba62b5ccfe6f0cf61f,ok,512,1914
96f400a47cedd5ce0c6cd9efc2ed483f2d89f599,ok,116,387
84983ee6c3d990477e642057ab4c33ab5fc5af10,ok,16,48
d5aba95b374883e6646b3741b164b224617e5fba,ok,123,443
b678eeaf684c2fc2eeda76c319811780c86271ff,ok,512,1826
ebc8c5c1b6a6436fac2344dc3f9635b24dc802e5,ok,128,442
178b280f379eb1839b78faab89ea21fd1460b68b,ok,72,254
f7f82411cdbbcd0d230632561bd21dcf6160931d,ok,160,560
8efa15666e37f1146a55e4ca47b5dae090eaf7c4,ok,185,687
47512a9c454a2d197354cce3be195161ea6bbe6d,ok,79,280
982ea06f8e669e7539eaabb23da1330bcaa8ac97,ok,512,1849
3454b825885792ed14a4ea6dd8e16b0523046f12,ok,37,124
728f3b3582ce24c80ca51715f0cffa73404dd1b7,ok,24,76
6bee6ecf32401a97214c20a887c7a24eabb302bc,ok,40,132
d10e00f7cdbd740b6579f77df022f5ddbaf7d0ba,ok,512,1928
227eec5afa96459e18931eefab951438e202dbca,ok,54,190
1593c02bb9b9e216bf1f862909f0fda97a4f66a0,ok,57,197
ec2b5a045fa13f5f562f5b8f9825b2b4ad1af318,ok,285,1039
6210a72dc765b7db32fb39774c65daf0a7e405f2,ok,193,704
4814ed8e38177baa8e0173c7850bce493cb2c60d,ok,27,84
9ffac3aa023a825a7f3c51fed29bf235744d5ee3,ok,67,226
a3e88f0cb27480055242a916530217c8a9e8e510,ok,512,1864
548713e5fb60ab8fa4e296aa09364351c19586d3,ok,455,1685
75233e7cf1dc1b3845b9fef7ef3f1e2d434b2168,ok,299,1074
3be89042cf49e535e2b6b9c4d50b284fbd34e72c,ok,36,122
80154f25e169ca51c415682539d3c5b1ae847473,ok,91,322
667d58a304e84da3cea9960e237b172d746c16e7,ok,111,388
6d9a3d6eb6197d47e14aa66b455cbf8030b4a4d8,ok,52,174
70e05fc4a05506ab61f4a9a0b302fa6a0d549d9a,ok,54,176
18e274d37a3df21fcf950f78536cac48fc720939,ok,27,90
5430b24b1a3d0681cf4e17c2db9fb5411be319a6,ok,291,1092
eec8134fd364d7cd2dc43b51b74dd2aac7321fc2,ok,41,136
2c10d9db7e111d16e176f7c5ce52f74680219cb8,ok,74,248
1515feee8632deb5e83e148f2b1ed463127b73d0,ok,191,660
1c5534b534ef38cd099a62a612c7d425077b068f,ok,158,538
99c55edc7555a3298e010d2c56f038d4274b211a,ok,512,1894
17bd14066d7ec75e2c83cc07453c3db933f672a0,ok,455,1706
dbe3e75d2afea68b1cf4d24fc736b5f76a532f45,ok,35,118
eeb39dfba54cf8db1811e614b934965a9df0d4e5,ok,512,1817
2ddbf364f335ce4cfdde3fa554dcbec6a48033eb,ok,213,809
cd11e10e17a850735d91daeedce99b173434e90c,ok,21,64
ffea4a2ade2f9b0c9a160a1fba01589a85973e06,ok,16,48
eb2f7632952c40d64530e6f9d70acb7ee7022efd,ok,512,1820
6b4e5b56a8cd2288adfe3f5f9e3cb422c0f588b7,ok,112,385
8a57b6db0f8d49c38a9725afff057cfe911210b8,ok,28,94
cf34cec039956c05517e8ddee6849a04745aa6d4,ok,18,54
05ffe8af95509b86254cb58646ef5cec6a7aa147,ok,69,252
ed398faa35f87184a1d73fdaf4f8246b33e6973b,ok,488,1830
a082d05d925aa11cae4244cbb4a713246efcd75b,ok,167,599
3ea00f5c7265d86c3355afd66f49a61c01471d75,ok,18,54
a2f11a2e7fb057a250ed148d3832eb26b523b4fa,ok,101,354
da5a27b64e8eb7733edc249ac9667d505fd31a25,ok,201,724
798753d635d09f199528b8a3fe59e02efb40743f,ok,142,511
83ef11d3e593d182a4867f5e9e1589e92a8071ee,ok,512,1869
d76a881243938fa251283e32d1b34f2edcd9f1fe,ok,49,158
35428dc806b6fe2da4da8f420640bb021479e78e,ok,512,1755
2df011d5fe5f1b6ceb992922db3250c63476ebab,ok,19,58
a1d4a0937cedc4be8388cfbf93b85106cb2a0112,ok,17,50
3d0c2a0d5535f1ba085bda0ecb82aba96e081a81,ok,12,34
a0c155472cc9938ba15bc5e3e5a00fd8b7e56a26,ok,21,64
fe942acd8473440328fffaafc72066228280cc5e,ok,257,922
3539324ce6d505b0427f956b15ed8a3368be2e06,ok,120,424
879b76c9c44a30caf84565e29809f566bccb8fad,ok,41,136
04951cca2db3ace150c8ce4cc6f27dc5eebba343,ok,8,22
955e48a0b4e3d068c51d480aa7bf00c35627039a,ok,18,54
7c12b0a66881c637ab7f0a946e1066c78be3131b,ok,69,234
7cce442f8c383ace19d4ad370b652d76f5aa68e2,ok,145,531
e06083c7b761150161202d3a58fdbad73b097ce5,ok,16,48
ce47f011a89ea0434e7a84a506fec43c40fb1819,ok,27,86
53c4a896105075d59f366e32c5740a3652584202,ok,392,1482
f7dfdbbd86cfc9d56bb26e833181e2c5915f0a4b,ok,74,250
e74628f58d831afd62b53c21a8b99fe872d54bf9,ok,59,206
89d035575c23ffe267a13406d2610c3b1a379d69,ok,435,1590
f26de69b341e75c327b2e3104d812c115a291481,ok,512,1915
e0a1afcbb841bfcb2415495e3c9ad813f6fc02b9,ok,25,82
c46d89ca29895530f594c78f018c6d87187bea38,ok,16,48
7d050406537b61becf77546ea06be7fb2989d2c4,ok,22,68
f91e3cd8accf0e9056be7734176babb24822a904,ok,508,1883
7d10a4124a9ac9bddbb81759ea8ef401da4037c9,ok,16,48
de7e70b72929672e42256c31570c292329a34f8b,ok,19,58
269fef077957c6ff32a8b3ffb2f0c9a28dc2481d,ok,122,421
6e284bd3836b61bd22080692c05d56eaa4ca7546,ok,191,647
7b1b9268235a7f9248416af97f3a89d5af8ca7bb,ok,17,52
aba220f09e540950c0fa75903d0aec6f095fc53d,ok,215,761
932d93cc6a0cabfc2f7a72e57dae4ea679dac362,ok,27,90
e82af83e9af5da0bfde9e3b81543793c4f5fd2fb,ok,162,578
c7883b6267bc33c6e02c0e965346d587313f86e8,ok,37,122
42d03b92319a77926da24cdb6160c581c1ae8384,ok,395,1404
3673b28301804b1e8d2d83e772f3d794435a156e,ok,69,229
da7ba7db4891049cd56dad8475e68b5ed989bbc7,ok,314,1150
f85855f6bf77258755a545e865443ec14424293c,ok,512,1783
2d0350bc9369136475cc2bed0a1cf106c789d255,ok,296,1071
4703d62a6f6e512cf42089c83cfff5d217853391,ok,432,1567
c7b2ba2fff4b558b14e28a9482ef36e0e299dd35,ok,364,1307
6a73a4dca7d54b5eee7d402642f05af423dfeac9,ok,107,375
2412b032aa743f23acb4a8fac7011d86e1f23d7c,ok,319,1161
3d49356d7537f9ae6f113e0bdac7590f0b51b3ba,ok,75,262
515ff90b8bf10f99b581507b2e7bcd4879687bfc,ok,72,258
0f16a67682c5f7f919f1655b87456dbeb7571411,ok,283,968
cea503f535264632cf22d3f4ab8ca9f3101b2f57,ok,88,330
d0cdd6d6bbe2e0283c0e25fa3c86b075198c6545,ok,512,1885
3495f50f9e6d53b0a6226f0111228916f27a1dee,ok,27,84
498fe0dba8368b2b0831d861fe42ea0b97472164,ok,25,78
338de06a2841f042a5fee002e9bb1b9425088312,ok,37,122
26b1aeae7611f99860d9515b35a39cd13a84961a,ok,193,679
09f782866bc2e2469afd403be859d65179cb41f3,ok,28,90
5dea6daabda4a1768abd05d423a4c7a9866642ba,ok,154,543
630dfd1f165c405df621e9acaabb41ef3e6e3cbb,ok,41,132
59cb33b310636ae7c03ec06a144c0d6dc3a3a922,ok,39,126
e2af03bcb61f0582d643ac4c7cd47b53edf7f00a,ok,512,1824
a98c3ad146cb4f83024ae9a03c2ac53080ffd6f4,ok,388,1358
5b9b78bfbd09972917ede92f7810d34ceac5d0d5,ok,512,1858
70db0f5f2020be733673ddbc4db784391ac5843c,ok,345,1245
3b6be3022e592f49b29c622de75c795fffc3836b,ok,84,291
8dcff7447a2c1b39a3b215ec3ab01bde7e34797b,ok,78,275
4081c698261b00a423d42b2e3eda944b3f767a1a,ok,70,244
3232f4e3bb2079f416078978613e08a7b7936aee,ok,179,646
c3ab9d2d433202f078ee5d4b5b3be33436bbc245,ok,15,46
42000088150944534d95a116b4eea3eedff94cf7,ok,512,1865
f89b897bacaf7c002408ec1b40f9ae0c2dd6792f,ok,86,312
c499dc1f5bbcd2e26339030e1b510fca50bc0fd0,ok,147,532
cc249e82256df824ccba1b6dc1f7623af8ca14c1,ok,60,206
310cb8ca4d3b025adf31209dbe68d1a0094bc1be,ok,37,123
cdbe565ace3910583ef5948375835c06317d2e5c,ok,241,898
f619dc91e207d01727b0a4ff9016d2fbb3347815,ok,57,190
55ca8d6527498e8be060bfa2980c03da88dc3f69,ok,25,78
0e5e21f4cb55e426038a436e09630e5e3af94a51,ok,27,88
bb3341829dec3ce048e5b074753285db9b9e5543,ok,44,148
45a3eec3f3097f589476cab181ed60997d70a5ea,ok,25,84
4f717de3e7dbb80207655547ede7901e113db2ac,ok,257,937
5861524b92bdac41b0e59734a5885d536ad5617e,ok,23,70
ae8fc443b291ae5ffbf1085e0332894afedb37ba,ok,512,1766
32c23f611d95150c73455543d6e45d39a647eb05,ok,106,370
e7dddce57fe12d3ba2b5fbcb9c96fd5510d3a2d2,ok,317,1172
d3e1d11f197facbbe17923adb12e40ab5c6b48ab,ok,433,1561
5bc31cf34c043f87e4036b4a355cb0075319c974,ok,43,146
346c71f7e5db59887311551940e2945f56b03d06,ok,127,448
db65690f6637200408beb318c50805180714ecbf,ok,348,1277
a4057be3ddf3985d5d9d4149efde0892873699bc,ok,185,653
93ab690253c7942501b0a6040d1e8c89ba2ba4f2,ok,24,80
a476ae4259d5391e77c0433d1452822e77c1f883,ok,163,570
cb24bd485abc17a485e7f90424f645fe98787213,ok,64,228
40d8cffff2325c1a16523d44d5eaab86c81ae921,ok,443,1728
6ecad3bc273f001d368cf39d8f8305f8c120cf6b,ok,15,46
c96750a820bc3b05643c39f1143c90dc74a93fb4,ok,294,1083
888bd2b016dd5af6625bc34f9ce09172f4457929,ok,98,356
f0b53d6a3186b10352620a63a44e33071aee8b27,ok,24,80
ad06968316c1e43d25b8da4202634d3c5e9ef3f5,ok,512,1944
42fbeae06fa401c89194d8c2aad5f83415e84765,ok,14,42
df559d5851f5ac07e643c9ea5ac9de87c3606d06,ok,11,32
33b5e75b6ca020b2ec8d9fee8913491470831851,ok,29,98
380902e610b224d97f6968c84f4b4d1f318f2208,ok,512,1914
33373dd7a7c7e48d9ae8b4064b785d9e7df6bc78,ok,264,939
e64d00c7cf4cba08fcb51b8c3bec788c8cb4b420,ok,256,894
42574cc6502e7b8bab91598581f59ad5df80f92a,ok,512,1904
2ab8f3e555f7c4c98cb7dc4741acadca2c75cc07,ok,108,395
24b11a7d5d93de8cdd11dd7ea6b74c16b9c088ed,ok,37,124
7f190b2e1aabd11760dc617c6b1a9e4a3e1f2900,ok,213,759
5cf86ecff4f9cf027141aa700a84528d78c31ddd,ok,172,631
92c2feb2b15a7177ba0a0e0b963a626c73314d66,ok,71,244
3f9ed4a982a3dc4bf11a70a208a231d8a0fbce0a,ok,35,115
08407be8e4137d9947dd07db1cb01b4389dbcff8,ok,58,196
47f0ca68176c33f9aaeda1e62fbffeee486b6fc2,ok,309,1130
7ccde856320a250e7b01096774321722675e3e61,ok,512,1931
cb63213e74a7ecf127c5745486f6289c416dda35,ok,261,896
921fb83d017e26ac13d09415866ad5224a96e1bc,ok,77,260
0b3be648caf1b14d09cb24b0ae3a59fbb43ab1a1,ok,12,38
4ac5c2e95596494fc1f7b71b892b94439bd27d66,ok,44,144
63a6ddeffbb7a78c7748482601e13e40e9930b30,ok,512,1925
66eba4e48df68f8fca3e8ab6e712faa68d1cc23f,ok,14,42
01deef62b556711c4f95bbf1eb7abf0652543765,ok,136,492
3eafb68885eb49b89a0d594145a4ffd953a56cc1,ok,107,378
0d102f6fa291d1747e94a6f6328629ea51144924,ok,133,471
88aa00a4d56054d0a7a67edcef60de0f59a9039c,ok,512,1837
17d985b6d8a35a317d63fae086b84e7a9b3ea4b1,ok,512,1857
abae8043642f851b72dfe317f92baf6cabb51022,ok,38,128
2950a656a5eb0626b2313cdb66c9364265128e1e,ok,47,160
55a6ee3932f932da06a87485f5392a6aeeb5154b,ok,44,148
0c5a476911998f87c9dca77559f3449cc90127a1,ok,26,84
2f6961b17285109cce04cfb2946183aa4f953f43,ok,82,278
f1b113aa56749143b150a6a82b33d1537b5baa0d,ok,29,96
cb7326a5380fc8e6396475cb8832d6bf8eac0524,ok,18,54
4bcc9e308d19c602254d86bb9d1126f16adb7e39,ok,16,48
a45f206e1a12b79a52ae433b344925df9421ff4e,ok,28,94
8c3b3ff042fc3318c682f9aa52394f83a95ce4eb,ok,212,775
293c1f753b4fd8c008f5e4a05b25abf0c6788323,ok,87,292
672b89ecad04b0255a2e26c09f26d76d2a44d459,ok,425,1527
df168d86048ce85ccf98a953f29e62eb27b3bcbb,ok,512,1866
1935aae0f283cd2613916983ed7eebdd06c5b9ae,ok,79,261
df965e8a060d650bbe23325b694f7aaa36d07532,ok,115,402
045dc7894751a82ba25c9d6da0002e350a67f1cf,ok,34,114
2db41dfbf2a1103715c2caa988b71b9e7a84c79c,ok,105,391
0b56baad7fb0989e61bdaa8882900e8c203c1800,ok,317,1145
eff97d6f56403d4ff8b6bdf73a169f95e2391e05,ok,16,48
330d3884714cdea489477db736cf7ef24f35d4f3,ok,91,312
10e8ae170f70e7308ebc80f4e25069cb54122aa3,ok,16,48
32f3befb06d04eb8eda9537f9dfe63595aed1b10,ok,23,70
cb6d771b947637c9dfd58789a7afe3dc00ae8aed,ok,16,48
dd2acef4a86f79e7886c81e834297b9ea46a692e,ok,261,955
dbe44e357b16211cd68e6dbaba636be9a2403df0,ok,33,104
3fe0bd78b5b25c47d6cf7c1dfcbff6c6c8590017,ok,512,1862
785f7fcb07c0654cbaf39f19f626dcfaff8fa353,ok,27,90
943f82c8fbba2d66dd79cc74443be79dbb5d70fd,ok,12,36
47df4fad1a9402126f25f33596fcd22dcac391d4,ok,146,519
1b654794d7e90443afef14696c66f76c44087495,ok,8,22
02a33edcdf3655b8b9709c59be923a3fda43224f,ok,24,74
56a7f4fffdbc9732488f9dcb01cc483bf9489c43,ok,24,80
22ce5b892becc484fc16e637ac6f894d552f9a8b,ok,26,86
730af844163cf1036f88273748a85db8806547f5,ok,87,300
cc6c8c8fa38236b8bf0fdeb59c25aa7daebf75e1,ok,20,60
33b8e96d13abf49a11a63ff64ad6cd319693cbd4,ok,46,152
9d2bee935ca6078ef1435c4545f66173ce90c60d,ok,34,118
377160ff05a6946ab06a21feb5d398483e0aa360,ok,34,108
9ae71f2248aa74c52d06f9050fcc10f3cadaf66c,ok,147,512
64c52104c6c3e9fd79f8485f88cc6245253a4f12,ok,512,1881
f7f523ea5824ca8c281ddd3ff9c40501d816a5dd,ok,223,769
77578f5a3f90e30f9785260ca406d3d845b24a97,ok,23,72
0858b0cf0da7c8a75601193053cc08c73b879557,ok,24,80
f1900ad9cbc3cffb5430fc3abaa02aaea94443ea,ok,127,441
250d86d6a3160f29a7c36ee268dbc171bd047343,ok,326,1183
80614375353e17dc79a502536b2ffa15f5760b78,ok,51,170
f37dff9d9394326be08a4b11a4d540aa6ad6f663,ok,110,403
642be0e3b6393d2494437815cd0e39e8eae3c97b,ok,232,825
e1e9841db15e25ef098b7ba95922c6b3d866758e,ok,22,70
bbe40678b5cffed72b3e92362541e1d676ac30b3,ok,512,1726
256088176509189cb1c717e2046428dae17eaac2,ok,512,1846
e3866fbeebae33188b94e61f4b52dc01cb819b68,ok,19,58
e44ce4d0278f896e0e4443ab4bf57578ae6e0e8c,ok,19,58
18942993083b78f0bc4f76ad928cf7bdbab9cf17,ok,295,1077
3732b2b11b75302d3f4c1556208382a9bcd666d1,ok,131,473
d45668cf689a6f21b8a71b981322e5a63e105d52,ok,153,533
ec94d67fc46dc1bb24a4118ef8f629a142a17752,ok,80,280
21ca6b62744020c8cd9a4313870760bfad4d6d31,ok,21,64
c2a7b513cdc87dbe1c3f994e5c09c65d932ac6b1,ok,86,319
8fbae6cccf14d753a3b27f6344b02f347a8355ce,ok,131,457
bf19cc1584100281de072f096f9f7b89f532fd93,ok,137,486
66c091f8020178c10377ebee05bbb5a8ceb97d4c,ok,29,96
95fe69641192bb606d74c2c18bdd7ff37f22ef1d,ok,46,161
489e3e9e53ed0bc10e18220529e13ef7656e8d53,ok,272,985
4650adbea4e6f53a47927e1c51440980cc9c1fe8,ok,58,206
329a0f3d57d2dd66a7a922b89b6cce8e898eb91e,ok,49,170
d67b6b20ca4be791cbd54a97c3f208bbe2509cb2,ok,71,236
f7b58bd60173fb5a51f3c5678d9c46a58a351ca3,ok,102,380
b58b0a152e70a7bd5e03f8598c080916e7ea1897,ok,29,90
74b5678a2a626c125fa645b252b8561f11790eb7,ok,234,854
5e07370ae2f084f9bca09654d05c6297e2233a74,ok,512,1856
8945abbba40cb119c6f85c495d1eed228806b9ac,ok,76,248
7879297541e6a658cf737f5816a8bf8706b519c5,ok,12,36
990c264fe431eb55c6e192995e1c240bf3b14fce,ok,16,48
2bc851873457b14d318984f4de93c6a74a9b6996,ok,64,224
448415d9f3b3448ded197a6d67b12bfed3c4d197,ok,51,168
077775c5ab7191d074bd2a9ec433e5eefafadaee,ok,94,328
3b6b52d85281e87d5d68fb897915ceea052e5a61,ok,164,592
2590d7cc065373827f5fec049ed0e5bcf403ed30,ok,143,513
c51e8aa61daa7796740c10d4c7a2b197169acf83,ok,408,1470
918c5519fa8940ebbee1166bda23cdb0ba443f2d,ok,512,1842
f6ddea0e4bc4f8d026e2db0ad7e1d9a585e232a6,ok,56,187
8489ae377bad2a79ef43bb0da628c7ae129ecee0,ok,22,70
8c2ff823dd3325af3ee3c7088b8175af4e5aae1f,ok,46,146
8b1b7e9416b4c747fcec3d6c57e35863a9850a80,ok,64,206
d666aaeb854b1a4589f795b6f23bab404d6e9c41,ok,368,1373
c9f818e1b72b121fc3d6f0e46e86ca29c716101a,ok,389,1423
70c84428db48f6b5327585aa645d1b34b5ecf004,ok,24,80
0ae5280214530b87ad4755731c60f7811a6b1dca,ok,64,224
1c32dbee8891a7941fee45a0bc4aff4ae1f1b48e,ok,56,186
ff4750bf794e81efe9b01750587eb15454c2aadc,ok,512,1886
d7c852ea826ac1677ec4333a88f0802f5cb886e8,ok,18,54
e1a4f19781523041e04ac1e4c9fb984d75183745,ok,33,110
9820c2c0ae9efc1777f9358da465fc89cc7581ac,ok,66,230
9e3926df2d02f256feab83b93aa94d7bfd985c39,ok,195,692
8e2d9da43072b0268416881c7b0908a01517bc81,ok,130,475
12a17e6e038b6ca8c166e15a8f9ebf17727982c8,ok,52,170
e257cfe28822548be61c14b56cdafe393676d0f7,ok,12,34
317db6f32de3e0a3faf089a1ac6fc13d45f0d139,ok,512,1975
b50cb1e74a927d84d28c3e7680bf7685509e3519,ok,29,94
15dbcd542fd5df7514a7ce4fb4d735c6e3f54699,ok,39,128
657809fdc198ee7b42cdb985b70beda1d375fc38,ok,285,1044
b8546d3efac4f7393e37fc901041c830f1e96c01,ok,12,34
6b6f0b53806f7b569e1fd64c6b1383a053c19a21,ok,10,28
d39d007084a142761bf8a623142b2b3789c0b223,ok,110,390
0b988e48a966f9e894cd31fc941e5be9f21cc175,ok,22,70
3175123ac3ee3604649827ab136658fdb45169d8,ok,45,150
1dd6cf19618e6d5623ad798ca202c8abaa3bdfb3,ok,95,319
20e48ddc2e65241b7b95e2bbbecd046dad0cde54,ok,61,213
7f6c86d088c1281c59ac591c2cb1a3b3bdcda25c,ok,84,312
62a1a484e054b46bd38bde9c597564a7fe62588b,ok,100,358
554cfd0fb4646968d487e907157e69433a185c78,ok,26,84
16600f8c7ef5dc764aed98673640fb9a52ad45b7,ok,166,584
cd9af53d3e612a92b8247ec1e26c2218e9e5cfd8,ok,71,253
37f0027512c28c3bb3862f0171d5c64a9edf0fa1,ok,35,122
518a77b69143e3f6524f7ac04a14665a144f4c15,ok,25,84
530983a8c0911192008e00f9bc80b80765175823,ok,49,170
2267058a68861754c766199ec72f25686fe9cffa,ok,151,549
4dc48b55f6c1688048466bac1012a690ceab2e3a,ok,512,1911
7bf8f7d0bd6f15844d306a68feab2f7ee1772e79,ok,86,302
c1f2c2355a194b76b07d76b0cf9589376b117266,ok,39,132
d1c685c12f41d8dfab2098b672ee0668a5a6ea1f,ok,232,838
58ba53f0cd0ec983977944c4f0c1bad992aafd4b,ok,91,316
f42eca0aeb186e5d4994e996c25c0433158bcd0c,ok,50,167
477675b0b5813b5bfe79fa18f0a67107f6965b60,ok,12,34
4a4f230abf932b8a687b05cb887c06299cae854d,ok,72,248
646c2b85de5be1a91b4a7a41b17c8faad82c9307,ok,437,1536
4fdee78aa0252ab21600e47a780ab97e8494975b,ok,71,254
6150e05e4a7379fc22b050b271da2b019e097cb8,ok,125,441
36244b3d5e4df15162c09036edcdeea183635b3d,ok,32,106
d09067e9556abf9006226b74cdec1d3ff4bef391,ok,448,1588
b7a5d6d51880ee696c57361c90232efe16412980,ok,111,386
35ec32032053f23863257ac55d6477a358bb77c5,ok,133,472
50478583b3ead270bfc6aab4c3e3d31d7bccb628,ok,97,354
d0ed8f6645d44c7b79d1583c4626f9aa34d0459b,ok,367,1328
673e1d050066e4893bec21272055a28aae72d083,ok,194,706
a6bd80be504829f0c833eb6d6d4a7c3e5e06c356,ok,54,190
9076dff14d3074350f3767ce4cc02e09ac4f8a53,ok,512,1804
4e6d77a4ae668f68f44d168591ed0d533bc8c084,ok,126,454
070e45da08fdbae3ef35551c7f17433bf60d3148,ok,512,1886
0c9136771d2ec9405a350c7b8f67d8f062c8d205,ok,34,108
7a2f36b7289e843211c132cc04037160deef870e,ok,201,725
02b2211e6e2e46713bfe18e3fc335fe344e14656,ok,253,916
0b0647d8fd830d99f87c83ddbe1e2b5ee5522401,ok,23,70
ef4bfffb5a20f627fab8a6d9178956a6a49510f6,ok,361,1368
cdb0fb59b9a4efac628c8ee07fe57e9bda97cd8a,ok,18,56
d4f8ac11769c9752b4b32a80170f0c84b8f04985,ok,17,52
710738136a2f571d26a3591b1e12a1c7902f2a87,ok,17,52
541b54773fe422431a5842fca305fe1d5e8d5ef2,ok,307,1098
991b0afff2c50ddef6897d1b433b0466bf051bd9,ok,25,80
d547c568cc8fd5063c053d2fc764b7e1ee1daa47,ok,69,229
68161b3c0979684d729de63a60053eec00be9b29,ok,338,1221
76a48c515431230fe566a91ccf9bf41606defb21,ok,103,356
fda8c56cbc810e4caec7cb18f907055346573d42,ok,49,164
239e3208f16c1187be6e362d5204fea51bfb7a28,ok,57,200
9eb617fc1a8e45292a35aba3da67f65095be92c2,ok,67,224
670b4ad8dab7d2f5fced1521a92aaa57d21d551b,ok,224,811
afa4d24d507120c9de1dbdc3ac522f0bcd67b634,ok,25,78
6b35312030dfde86cc0b21e2a717a4730cb00283,ok,512,1856
4f42e426e5aec645ec54758974a146fff3679edc,ok,84,306
fbb4bbffe74f06d771d15e72e8afdccb13d04ef0,ok,512,1882
512acd7d2a968d5752ef2795b37db409cb9730bd,ok,129,464
cd435cff0cfb7e899d16e4cf8b21c020b61b43ed,ok,40,140
d9b7ba6d7455d962c1e931d469390b7157d046d6,ok,189,666
1b043218f7f22d71b5f5700fdfc6ac0419b6c665,ok,39,136
ff34dc676ee02b16103fb47229996d4b1aec0fef,ok,349,1248
a5f8ba959e55056f422e38e3cca6ecd33f522e6b,ok,26,86
8021a541b9a06ed90c82351957228b3bb1ff48c7,ok,74,270
9a4d7c2f0b179d7021ebdd378d492322d7b24bbb,ok,512,1874
523ace81be0d54f3865aa8da65a180d735e845a8,ok,325,1190
eea60abee9944aa46aa3360426e4a084312f3f0e,ok,61,209
04c82874af4b929458d4978218909cde2efd0d8b,ok,243,890
b5c2d56e6af2b9bb49fa22c4f22fe8e2daef5490,ok,79,279
41ddc93335ed614c9cc109f3020d74bdc649dab5,ok,18,54
952ea256fe65448144efc98c34f6d5d9691ad73f,ok,138,486
a1e4d86336a5c767c79a595492431e044da48366,ok,103,345
3bc060c92927f0535556afb0adbc9c1bdfe616b7,ok,53,178
8fa6ea4d387b731ead97c0723fd80d74e5b12e44,ok,268,960
667495a788993af8ec143935cee817238109eb93,ok,512,1896
4c036a60736cd62ebbd6f048fc2f0f1b7f518a7e,ok,22,68
bf05b6c69f92f6ebe73d6609047db108c0798a04,ok,42,146
7576c6783d38e0f906ca4aebaa0ada957589426e,ok,16,48
60d33f05589f5b8ef36f3929f8528de1007246be,ok,306,1035
7d4015c7a0a691de9e7444d7842297e95aa23dcc,ok,29,92
ac7c6c0905d9814117065b89b0412391108e8623,ok,249,920
6c88a16ab9f56f52f1ebe8c6586a7abb3b07aa93,ok,29,96
86a52ba155fd08c6f5fb2f528e2629cbc0e6ca89,ok,365,1271
3bd9c5e53ccd192d79c4d41bec18099ff6015419,ok,218,805
cedd121fba6b2270cfb77f43429ae149ae4ad538,ok,18,54
cf8ac6de28f2de567e4e028c83bd36e6ac8e7567,ok,234,826
50e063c12da4e0e67671dffedceaffaad8cbe882,ok,113,394
a496ccc27b1360b63aa99d150be17e5081b7fbae,ok,28,92
35d11bc53e3aaba2b2d871d7f964ec7be14fab5f,ok,9,26
e113bfef8215f065840993d0a6442f833c39c9ca,ok,65,220
0d25cab17588c25ca35d1bd8f466b76aa073d069,ok,33,106
0108f1be3b905d923d84622733c34ca22f0af3dd,ok,17,52
57a252993736b01a560b6ca166e716a39c4ee95b,ok,86,300
35a4fb0eb6b8d0b870b0cc37f73be5739b679f5a,ok,188,704
a785ea40cb21e3b1d56d1171bf30a9966a6e826f,ok,26,86
e6e3924d825f42690be6fbe9963d84dc17f4d8d5,ok,230,833
2ca02fb5f884756c8b589afaa59f36bb6134bc84,ok,9,26
ddc4f8012134a27b5ccd4102fc89c4baf7a845f4,ok,163,590
325c006dd874db92baa9ad0052cf6a9fb35001d1,ok,270,994
54c71696550e1c51e56863dae7da8c0ab36e9da6,ok,24,72
1dd6af99c99af40e5a886a6ac881b2f7c630417c,ok,22,70
d26a688a6a5ece6693e220437327ba8d02fefe7e,ok,184,658
be850c49ce7bdb874a3b2f865e516db04ff6f0e6,ok,512,1816
c75754cc9033891f5bd45563911d4ba07c23c023,ok,79,280
b20c819d7d03f2ee4862f75dd33e1ee23f4ebdc6,ok,16,48
88abfb5f70eb2224f376d6470d2005a86c50639f,ok,127,447
4bbf9f7eb540df8120103e30c3abaa12ea23b963,ok,56,189
e680e938506daed17418ebb1c3aaabaf4aa701b9,ok,55,186
a78d4a5d529f67e39899ec8f47dfcbe7b23c417c,ok,77,270
17fb1b4c405a5fa02283c481b636229ffbb8f56f,ok,512,1745
94a5c28fa5a73f06b264ccb9d939f21926432f1e,ok,21,66
ade63e6eba3955ed4c117af2959a5b17197f6e0c,ok,41,136
938d3f6a0e8ecf33ff4d9652f4e41e4f0470cfa9,ok,15,44
3038d9dea199a1c0f492edcceb0ca73b126d0a70,ok,120,426
d6ca0e30d287a35117276c196360c3e07e59c8ef,ok,60,206
353ec2c50121e931b669605a191c05afa149c623,ok,460,1692
ff6fb8767055faf7231361858c569ed0ffa27246,ok,88,310
2ffaa498e8e780488e3d172e02a8bd851bbf73a0,ok,306,1126
22ad958881222f0cbcc1ff7828957ea306de10e8,ok,299,1080
e9f6825120a8a394a002b89bc60361aa8188ee3c,ok,24,80
def8f3ce314b827085825309f64f1e30c4e2b860,ok,167,605
10856e7154c16bd3fa66161b85b0a3f801e300c3,ok,104,361
8c5bb289e129ebe861b13b539f4ba6cc9ba420ca,ok,358,1326
4c78c2ac309344bc850e5846bc9c7f42cf2627da,ok,46,156
d4ea690936bf2740954ea52e16bbb215a7b5f225,ok,59,196
c8e28d2502180193d18aa4c269a4ab0bec36e279,ok,244,890
f9d93bd8bf893bb57204d7213d40ac91301b34ab,ok,23,72
b0e136b0d70a53dfe588dfb18d55fe1c874b4d23,ok,14,40
109df66cf04194d7f59e7b579976a799e3796659,ok,130,452
d1a9a878a3478b08d15671ee69111f32106e5c35,ok,429,1568
6155cfdcb4369386821861d061fc7efd6ae73f50,ok,156,575
721f0196026b640ccb2e5643bda8114de3d73806,ok,29,88
57d8e665d3e7d0406f32daf51cfea2faff1c3863,ok,60,202
1d73e3c2396783d46960bab2bcd411187d8ab8be,ok,189,695
42f689f87272581b6134bd1fcc18e8669550b68d,ok,51,172
486535159c53259a3cb0d6f5932d084e66185db5,ok,89,308
761d1ff7dfcc023a7f198a97f08ca0886435fb66,ok,96,341
f8fe715d37d6d828bac2a6d4fa39779323851193,ok,22,68
ca3f017152098cdc2f3c10a9c0db2cd2914364c8,ok,31,100
7e022a3c97c76b41a0c4b2adedb3fd0443c4311b,ok,27,86
b4bab2718b2082ed99ca1dc507a9f18b35830f99,ok,16,48
e4c7b39c830396eb71009a5a03c2f120d687e37d,ok,89,324
ac05a859c245263f2c20b3a02ff9d05163da6c43,ok,31,102
ad8c314097c8db2d38d2341e0a4b217f940033e3,ok,82,279
1a8857cc98342e2824db1eff07468fd4f608fe91,ok,16,48
61908d2119660bde99312611c65029eb8dc957b2,ok,94,330
cd9ce7284487d47f5e058a3565f7de38672b1f99,ok,161,551
e137b593f483f99500160303557c7751e78edae7,ok,116,383
139e366c6376c364566a916bcab89de56ed1f8e6,ok,128,471
a867ffc3f2fab7c4021ee2328bf15ebfe2b2aea7,ok,16,48
424e28be5056f2383e1cb68bc7e26125d9482377,ok,26,82
c53cb49c0f66bc0d7280a983c4fc5512b80ed46a,ok,234,831
a58ff78d9fcffeb8aa660e543aaeb0eaa3206fed,ok,173,637
22cb1cc315d336c193665eb62e17eb475366771a,ok,79,274
8ce871bc7c0f564a82cee6e17f18f89300adcf09,ok,82,294
5825021f15abf94cdd828ed55425349c30179abb,ok,31,98
609e9c469611dcabfee5a705735aff70c133d4d4,ok,17,52
389a3c0e3e69534a632eef9fe5211c7773471cf8,ok,79,270
3d44a012cb1da1f1acd684068eff1c05c8f6d4a9,ok,13,38
673b6bec287238d7a411174a9dab1ce6ef6de847,ok,353,1270
48a10e9259d4fa3d8f07aa3fb34c51fc38dc6d58,ok,19,60
d35cd778730dd8e096910bd65c4ce0673ec09da7,ok,512,1870
5cd2dd8776d24db3028caaf9edbc149c822f6ce5,ok,19,58
f2442eaef4a19ddf868139103008e9ed3d5fafb3,ok,354,1296
3da8f3a6047fd021c168baa4c8e33a2948730250,ok,26,84
6cb2153f2e8e4ad66b02ebe3ac7de53ff9ab8b67,ok,21,64
f752aee90f2f064304b1c9f04417b576cf0b394e,ok,39,128
a4569e2c39f7b5c65d11548ac2ae8bfced493b08,ok,121,434
fd327a92b7d96c41a2528f3005b6b2189ac587d7,ok,23,72
de66fef810fca3c973ddcf36d0cb647ba06bdc5b,ok,19,60
8368ac3ad3f54b767e32df7fb7c804dd83bae180,ok,45,149
6cf2588682783228101f839923e57917fe20d187,ok,29,96
1042d88d926ea618f9ffea4e2afad461357e4cf7,ok,260,924
41e45a0ba40b469d3fcacbd3d7ab5093fbb8208b,ok,127,447
7330d5981e5d3c0081b80a5c441b58e78a4f3571,ok,34,112
6b6e1dd62cf3b073e2ad842da4e490f218f98ca7,ok,16,48
3c454c5b2feaed574a0a601a750e0a69570c8a8a,ok,74,243
1038a71f8b6f589b2b333020323c6595a8219fcd,ok,146,559
0230671f7aa89ebdc9e916fe155b82d60031f95b,ok,13,38
7d73a58cd4b402e07cca6c2c55548ae7d2dd5ecb,ok,110,392
90c1053020d7bef23470ca85c4329d71a2dced27,ok,185,654
f1f44e1e335e6e14454b2eacdd803eb614d11da3,ok,212,750
8968c09eb7d028d9f2f8b861e606d6fd6a6c4bb3,ok,25,82
ab04b02d3164c624b246161eb8fe2975668a3451,ok,205,738
5c685f3cfdf3bbe878c3e0c9b76e7160b322a288,ok,19,58
20815ce9110f88e396ec9b81c576ac20ee4f80bb,ok,368,1321
d405b3d5b7cc1a100fbb2f1d754f90f54af14427,ok,21,66
db2a8450cfd11682e6434ed3aba359780d790ae0,ok,41,136
4e9f92e74ecd3b7290a955c55c6a41f6c50cec2a,ok,44,146
4e6065f5bd6f271d7791774cd539a8c685c6e8b3,ok,12,34
4ad90de3ff49884851f071f515dc5fe0b9b169d6,ok,512,1923
7203bb75f20e6196d4bc39120af600cfe954bfda,ok,19,58
ac6b1afb97f35902355d236126f21d3fc1ebba0a,ok,45,154
1fd3832bcdcfe44c2c75a6d789d12f14b4503e79,ok,67,226
029533226c7b443bd455ff3d59e77182c8a69d59,ok,179,646
0561afe2a5417a2fbb573c196c6e38a138175941,ok,39,124
df107ec7459776a0d03acff7f3fe8a9d03d14534,ok,512,1849
f257c2d137bd3c9945255c79c40cd5e0dbb1ed9c,ok,376,1419
91dc24dca97be0f084eb360bbc346f683fe2bfb2,ok,36,118
04387bcc5e4821d20f552a6eec80428bff09871c,ok,33,106
aed50343a4cd0334f0e238e9f60236ec7145c19a,ok,512,1932
b75839e98695ea8cf0d9b666042aaa875b147648,ok,24,80
ae7df84e3d8961f25e347b1ea90e68289246fcd4,ok,52,180
7894908e7d8c2ec818378b278f8fcbedb015a25d,ok,479,1767
c2565740306de64e5e13abfe617fef57186d5614,ok,220,773
b1ec42437beb3c349f6c6543dfdac22c8da0d9a4,ok,32,104
fa1fbafa2a731062a11f8fb9a04391aad64b940d,ok,137,476
ddf957fcd8ef619429febde7c72d26bc8535f93b,ok,234,876
b16aff3a3381515fd3e0ef5a28e53e919e2a6e6a,ok,512,1864
d5f38c57ab6997a927844385af05a211a20bc525,ok,512,1861
c63e1dcc4cd3ee6c37960acc3ad5ef218034c322,ok,58,197
b6edb8b749e829303e95c5c28174a172b2f732ff,ok,512,1826
cb7c17515d64a026421fec0d2820c9fa55d89393,ok,18,54
e13b0877b28a06d43c6fdcff3ba051e002ab4568,ok,64,213
7934a8be97cf9410a49d484d0b0b69c15bf4af43,ok,306,1054
9ea154448dcfa35c0dd781581d50b8b87afdc522,ok,512,1847
a8dfc38870591b2226d6a5b17455a7a1672374b9,ok,31,104
9ba9516d1d38c2e259b9744272c2a45cb1ebfb17,ok,512,1826
ffdc6320405f01e792fbf806b15da8f4aff6758f,ok,25,82
f32a482c907c00a8a457fef7aee70d4c3ccb15de,ok,22,70
bb314a5f9b1587d5cf440061e7770cababf79b9d,ok,110,390
8b85a23bd5d39e1f5238ac27cb35e67f7d724302,ok,241,875
2d304b664a807a7ac63e3d636cbac02a25e534a5,ok,26,86
05533fbefeb0513cef7040ece7648eb2e0fd780f,ok,125,455
faa0028f5b909e161d5fcfd11a6f6dd932ca6f18,ok,92,334
6ec042c836a613b08ad5bceb498cf6c3c990cf58,ok,20,60
55f8bc3af78e1a083292980cb395c94c183b5f23,ok,12,34
eb062ab7628b2bac9c98fd4542a36003401f5439,ok,164,588
6bdbfb6261229959b9643765bc157654c9cfadeb,ok,512,1936
02d1b0fa6cc0564065a4d13451b316f240767ae9,ok,24,76
a3c70a71a9f40352a143b7824b286080d24905f0,ok,87,297
bd308bdaa10660f722ac6f8857967708a8c836c1,ok,102,366
64f8822175d922892a1202719eb0469514cfd86c,ok,233,802
ba4c43dbf8c40ad10bffe0a62d382e76534013c4,ok,16,50
005312a8006ff711192c17fb0f5c5efcc393e1e8,ok,512,1823
fd99f5d42e8a276ac49d52471864d0ff4385a5e4,ok,146,510
8a07ff29ec70c38639b2ee95bdd04a900ba911ca,ok,512,1908
1bf4c949e30dfb8c186c0d6f2f062ce3a12e0032,ok,69,238
847bf3555f8b94a1d8e2ac3afda83228906dc9a6,ok,49,167
c8f7da75820ba8cb036be1fe3a1569826ea94b2c,ok,26,84
af9d6b409068aea8803cd27bc3e9a80dd09a35f6,ok,192,725
b62e84f1c5000690c224e49ee8e165d2f6969115,ok,66,232
d54970e5ef21f7e35d721fc85fc7ddb204ef24dc,ok,284,1047
33fabe5d6f242b34422487805028bb3bda89e7d6,ok,325,1200
c04a09a041798664a341f621329132e040e2acbc,ok,71,243
807781496a38970953e6d916cfdfb041215fd29a,ok,166,569
a68ab79948517a9fe1c929b0643a5acf267ac0ae,ok,33,110
bd68d6bbc2af28533172adee288cf3443a7a0cc1,ok,147,550
5f2b49fc45b93f07f550b3447acd0e33d1a792cc,ok,165,608
c2b68a4fefafb68fb85b7e11906bcbded93ef232,ok,316,1151
21b784955b9efcd8a8e4c3a009a28c954652eab4,ok,512,1852
5e8fb07de0f3a5691ed12d6c77f9e47e2cbe26f1,ok,52,180
21b584eb2d6570e08388226b867cd825d33d179d,ok,512,1826
079644955a1b07ab3f06de8e72588929ca43167f,ok,512,1837
61fee253e3b522932f8af1a60e226814c3a366df,ok,41,144
b00002cd27d162f42b1c33508ec2be8c45f8ac75,ok,173,626
90eb3a9c3d6539d1d6be22c5931d421fbe4c97a1,ok,52,171
d4882140bf68b5d4b74cfd3845cc5ce43c67310a,ok,43,150
861463aca90b97ec6dd7c7bda4164a09cdc9a19f,ok,17,52
2ed2d256297670c48397c3cbe321d0da5dd8267d,ok,23,72
42d9e377fe2151ea71b9f4d5176825853fd8180b,ok,61,208
33ee7cbf4c7beedeff34fa38a38dfb365ca36db7,ok,50,162
f47c3e0fdc0226b577c8b133b352ce9be50690ca,ok,37,126
f11d20cf64b70c0c5749e033f35b4fbdfd716cb3,ok,242,863
9c10ec34b26c30841ae1bab249b54c5c27eeecd1,ok,26,82
1a69f90108ba087be40b766a234f6bf86fbb5b85,ok,97,350
2eb6b2174526ff45b1344eb889d6304820946923,ok,71,240
0c81a3197bf154b62deca60e649d9ada1e4d2c28,ok,24,80
d959c2a8252f75adafadb72fad14b7986cf2606e,ok,139,491
b82b5bcb5244c4799ad1ebbf76d1b7d99591b7df,ok,22,68
e76d34148a4a269381521d66b9612cc1826968d3,ok,47,158
239b506f915620cc069a51ef0276769d433c696e,ok,213,742
9acd810b8cb9414741346c87adc67bdba301a2c8,ok,28,94
480fb0ef26218c84611333b9fc091aac2aab8386,ok,368,1376
1ac41174ea7ac7c8f9db59a4162309d1d6075e38,ok,284,1015
b1c94020dab187f479a93bcc689a6f6d63ed543e,ok,322,1193
931db4b6f86a4b8f1d0cdba7f48de26aedf092f3,ok,49,162
b5911cfb8ed9dcb95ca80f8bf434f67a86f2a1da,ok,218,786
c2530acbae841fe124b38ab3ee8c731d791011cc,ok,431,1629
910adaf686d792b7263658e82f3c48126cf89a0a,ok,22,68
405a60205067c1fd955bbed58ee5b235ac4181f4,ok,77,270
68312bea5214cb11fcb0b1143ff067ba168a94a0,ok,512,1928
bef7298ec8c6807f701f101af645e3071e4544ca,ok,512,1908
2c5be3bbeafeb1d5a4350f45843f76623316aa81,ok,277,963
beb1ce476e7ec9a8d0d4ca4644b45efdea78b8ff,ok,139,506
ff781c9c6f2fe68dcb57f395c9c9a9bda7ac901b,ok,49,172
d3f15efc538d55afba486c9acfc8b83e79bd5c10,ok,302,1086
3c53d16a9521486c8e5d006a88e5065915f25f35,ok,48,161
20e5b0cc209e9ac073fafe2dad56722f83c725a8,ok,79,275
5fcc6ecd1c34d96718ee307667588ee03c0a9cfd,ok,36,116
4174c00daa97fe03d171a07057d8832c7711debf,ok,24,80
b0c651586e1732a268504cecc72506c64a7b2b9a,ok,28,88
cfdf58fca6b60fe5b4eb8317a00b79d168c855d0,ok,40,135
65dff5f0824c43e59adcd432e1003374a5127930,ok,392,1469
e734948ee0357d17e3c73d75b97633235a1ca27e,ok,175,635
01fc56c01d0f7de29cd1885c2d375ff70da59a22,ok,69,228
3f904137eb2868c930e84e1deb8aedefbd8676a7,ok,29,98
9e67f0557647be273bfd1af6bc16bb7f37c7a69d,ok,32,108
0894f18db502c74e97717496f11cf081f5d7cc1b,ok,71,247
9d7d6d9a3e8f76677730628e97b0d61420fd63bc,ok,82,292
05ba1b4bd69c53b797fa921f475f93ab2fc88d6f,ok,98,348
bb70b4811ed2d4f4cecc7a1a41fdf2d31585bce7,ok,22,68
bbf10aab7915004eea8f385a947f3fd9a273630b,ok,512,1913
3256c79e4f1971976596ea1bb3d6da9f065033f0,ok,185,631
cade1d3a1e56626f3cb5e8caed548fe42c844f5b,ok,16,48
d3047df06ab80124330867bd5330249e02cf1d59,ok,81,271
950e880224f4ee63c2886e810c7f2d6c2538cc77,ok,101,346
782b8d4cbf46f95482fcc72c71ae024c16d26195,ok,87,300
01ad81b8a7f3c559ac51c5e28a55d98d59c056a9,ok,512,1884
96d6b91e58cd7d40ac67d24ec52b1987dcfdb45e,ok,76,256
fd90aef436b50eb6a06917546647a0f583c70652,ok,512,1820
7309e827dcd11ab9eb360d3a92311b2a2df557d8,ok,32,108
e2ecb41e00dc63ce5b67dc534c726d56fe3115e4,ok,319,1200
246a1b5da4d363a06be04e0f2cbbcfd2dad7a4b7,ok,24,80
1a4d1182e4128e4e95c8c5735bc4c36ba0488323,ok,313,1159
71728bd5aa8854ffdd518daadf18f5cbe66548e7,ok,47,154
e2319c681acb8e1ba6c7519b50d62ce4b86f405c,ok,66,225
37ac75a81f3044673d5506f2c68cb5b83bbebf6d,ok,31,100
4a386c1a179cb8f60a50de87b835f45921f8b9e3,ok,93,321
5dd04a50abc963d5b552ffbddbcbc500664279fc,ok,59,212
f7df51d53c1901e0c5f3a5b0becdfb760eb1d1f9,ok,118,414
568cec444505be388a78772d48f67a9835cce9e6,ok,104,379
fc9e81cf6c4fce47e57e348120e575c92bc75e05,ok,104,362
a2191c92a5de17a86028813817a87353b64d5953,ok,245,875
59d605ef666cf554869e80b12994b26585fdaa12,ok,21,64
1662771fd011ea14c0899a8671f5eb2ed8645acb,ok,208,743
a5df5d7bbbb5d60ae066224fcb2efd48b939946f,ok,68,232
b17378ab5f7c3d3fa267d26f3b5682ed3a39f0e7,ok,29,92
2efbc8d363a3d2d0761ead58304b93d7c050aa52,ok,512,1836
6c63f2caa47797e0406dfbf482488a2ed5004c2e,ok,12,34
a6203e7edff925fb2ac9330d6aee7838f9b36382,ok,88,311
a55b8d27c5ecf47c002ac50596dde6f19244a05a,ok,22,70
f2a027dcdb2f2e24e2ff1b56b2e01cd91b74c5d5,ok,175,632
5172b57ab4f4bee0f2fc9a0cdef303f48024e0fb,ok,343,1194
916e2fdbeb0ee8152cbb74746e96e8b4548615dc,ok,40,136
3c7ed0abfde8a0757a2c3810daa5b982b736762e,ok,66,224
2a87bdcfb3c2565bc6a761a9eda9adbfac05feca,ok,299,1082
5ba79192c8036826797c0787e21a5f4f8d7f032b,ok,197,708
6df1a8578116bd5706e6b26fdbc5587c0436f4d7,ok,9,26
f3e891c4d9be2bfa2a903dbcc83c12489cf454ad,ok,51,172
7a592e4474eb5c5b11836156cd35eab33b2e839d,ok,112,408
08a720b0b4bef100051cdaa16b56a79c38bb2720,ok,80,272
a1d53131aedd150d72328b76521f8495726d5e85,ok,55,198
5dd83ea327eade3a3951f1951c37589e85a571f6,ok,32,108
798434e16b2366515d8ca4552b2a4817ba567043,ok,262,942
7ca1d6cf26df33965e7b5912de768c19a32edaab,ok,41,144
34f8043a1fabf6e1654ea6353f44358321e5ef2c,ok,39,128
e9632fd7fd38b85c6826a473832ba30ace123de0,ok,31,106
c16eff876e7c9406d84ac463b3896f39af76914f,ok,20,62
864985ba9dfe1d4d15caafeff3870fe13f5f9ddc,ok,62,222
f5c95d7dc26eb52b9ba68542a59c9fc7a883e8ae,ok,47,164
078312fbc4986b65ab8f2141bc63f804c4caf791,ok,25,78
5a23c603fd09d3a5ab24b1347b3befbb6aaeb591,ok,32,106
5aac89cf359d6e15d3802d06d42d8e5fa47e5f71,ok,48,166
317fc1d85655b7626ba9a5f2318ffb7c62fe8846,ok,123,440
1c0308dce1ea202bb6d985e58216b2fb0b62d2f6,ok,9,26
f6d8c1c82cb9f0d119ed74f7c0be197cc046dfa0,ok,13,38
98ad1a31519b98b154cec31d48a8509e33402d5b,ok,126,454
b503c6944c44814e659b2f9a456002a9e4d604af,ok,12,34
aa4873086a9736872db7b5c099cad035a1cc268c,ok,107,376
6410557283235752774a9b57df43b6bb46adf579,ok,85,312
879ddfe335e6b09908d1bab2f6ed4af8051c88d8,ok,23,72
6762819da8919d4792a9c320db27cdc99cdbd0fa,ok,24,80
b3a01de31c76f68d7b59e5c45bb799ec479a0fb0,ok,22,68
cd9e78062f84be81ae8924a5723ad4746764f327,ok,329,1195
54ecc9e366b74d1bdc561ff5001a3d8daa53ef25,ok,512,1892
c20961d95835dcf6fce19310cd0f3e6f738c456a,ok,235,843
6d3820502b36bb733231c46715209854197a2921,ok,89,325
8d91adcb71cd3953bcdc88fc413a9a0747404aac,ok,95,326
c4c0a8195a730f6a0a505d5b3393382c8a174327,ok,512,1818
6ff8780632fda9595a46fca5a6231d9ee1556526,ok,36,120
8b8dc48724a5ff5cdd8f856942eb4a4b585010dd,ok,22,70
1610b8f4c83c642af67a5ac1eb048e2cbfe41ec8,ok,512,1936
8499da9c18aa9b819c6839c09e2327b9609002ff,ok,21,68
a0346a74cf0665eacc9e6ae0719af34bf3b5402f,ok,98,348
c77fca07287ab163b872f4083ac0674f50dfbfd1,ok,512,1934
a0057610ab4e7acb216bab35f23870b751b71a11,ok,34,110
016b02e1f68a6ddb616c90c13c936fb8fc533760,ok,443,1669
af27580512912f96ebc9e399ceeef33bf48643ca,ok,144,507
e70aec612f81af20d67f3d5065eb7c7a04286c0b,ok,12,34
e96a5acb93ef3d01088604cd48c827b23c24eeca,ok,58,198
7061b59121ae84e3c65735cd28a8cfd3e6d4e611,ok,45,150
b26c7ce82216957f9c85797218d91e1abb4c405c,ok,234,830
9ede4f62b522cb73419e90a20bb7ca818f5a8369,ok,33,114
ba7053d12747ece2de7f57eee0487a6bd133999c,ok,217,784
7da435a044fbbff8273b98ccfdc9032297e2ef01,ok,16,48
e78005106abd12a49ab85c08280b3b01aef084d1,ok,325,1183
a3930902ed7e0b9acffd5912199290a5e1ee13db,ok,205,742
5dcb80b0eb3d793b6b8a1e57203fc2b57ae67b9b,ok,361,1328
3468c405f8b1228f738fffae0b58bcb2ffdccb07,ok,150,528
8db96feca5d89ec69bbedc1320b5eadabb01237d,ok,66,219
081ebb2009b8cc3991a6a7456b52f9f5b6110685,ok,31,100
7ab1e063b4060a618b63792e528e52a44e6ad0e7,ok,512,1846
10fbcd768c6424e71c7ed7ee94d157fbf27e94d9,ok,66,219
7318d8f8962001cde793b15043382aa94368fc02,ok,512,1880
ea038e0882bf89883854885f3c6be7211b984233,ok,126,443
49aa0722950136baba3baca6c7a762b9c8a37700,ok,16,48
93c3cf178ba705c05a6f8189daced22302a58ff9,ok,176,644
2f7960dba0fd4a9a171cbd4a01ebbf6e71792004,ok,87,306
13e89f0cdcf4808a83301e471d15401b1048897f,ok,22,68
08f9107b1f17b7f9db121c61e921a8b3efefcc81,ok,11,32
e52ed13866dcf315d9eb538ee88b935846a00228,ok,151,503
bd2395c37ead9e12578c8d1876b830b3393b3bd5,ok,443,1663
5122b2387a888d35024f7ad9cdfc7ccbfdd7c464,ok,165,576
5e545fb7e2119fb1c9b7acb7754c4719cf050b41,ok,260,931
7b079ad91d8bbf05ce25881bccb57dc7b2320c8c,ok,51,173
ed6399376304b960f6af1199f6cd525e623b09f6,ok,86,298
4c39c2f51d42634e55218d59016aaf514e616524,ok,16,50
072d72e17c447860cd66ee6ffdfd244984eacbad,ok,20,62
26dae9d18956cb7c3804c2522d7815553096f5d8,ok,39,130
087ccaf702318f2fcfc3d6159ea8e32b2c0d1316,ok,124,448
680be6fc69d5d1aadfa2e337470162b9b5226adf,ok,348,1256
5f9fbf8a05366ad4f4e2fff4270183d12270dff6,ok,41,142
f87399848ea8ee41b8163aaa6c9f8ef9ba210c7e,ok,109,363
1cca4b7d6100beb0061d88d4c86c4b7fb71c8281,ok,16,48
40867d55dd1cd713b1e375f88bc869b2ca8044f8,ok,15,44
6d8891745e66e6fad1350e506ff3f8d3cde8738b,ok,512,1940
1d1547b12a972e98a278395175fba51c185e7958,ok,512,1893
7754a8cdaf5067e215e7a1b5965d661f9f6988d9,ok,39,132
120f7b4cf82ff0ace3fbaee4037befb7f1b2f351,ok,73,240
b170c1d392b670c79c6a2a256cc444735c6e5b52,ok,512,1896
c89bc11701e5fffb8cf36c1d7ae9d440ed270a93,ok,16,48
69ccdc34899d7d1e1ff6b3332666c0693b425895,ok,99,340
2c8f0d60d4e2baca7587fc8881003129433bd114,ok,16,48
6350861ae4651e62794cb6143098f722a82454d7,ok,142,506
2a6e22648e151ecfb9cd0e41cc4ea91e8dbcb67f,ok,36,120
2886ff90e7b0becc2b7c58c169098c3cff3f3849,ok,512,1826
84700628d2e184ddee346987287e4bb113a28990,ok,94,322
aaf1ea2f58185d247c0883010e1d5bf3ad7cf29c,ok,17,52
12873d07460e7be8b7059b1a9cec8adad440c47c,ok,17,50
cfdfaf2a86a675bacff34276badd920bf3982647,ok,22,70
0e9d1fc4e4061279a350e0747956f64156443630,ok,16,48
44a073a898ae21136ac5cc3d2afd7f03b8caab51,ok,35,112
1d04b8347b671ca31a121cc9b3b2d46961d34abe,ok,64,224
54e6e77478a2400d758cf52db8150cf422171a6c,ok,55,198
dec247a98734060c88d3a41326974b46c5fdffd7,ok,32,106
cdc3a76fc9d34f2ec691ee9600ce0d912563909e,ok,85,300
e33565edb7bec3eb755eb9d47ff7748a2d947d93,ok,24,80
af9873a836fcf05b4bae823f0a4a81336b541226,ok,72,241
e5501d8d730b3c9c4066e03206c351f64c31f03f,ok,38,124
a12d92d5d565dacbf85c24ac829f972d34602e62,ok,29,96
53d6e59ca2acd0d067e3950cd6007f2a82102f4a,ok,69,236
b17eaf05fae92edd3425673118cef341743f9c56,ok,25,78
09803e2f55ff637c5756929162efa9182f4389fd,ok,512,1914
bd2b29759d4a44b9ef6b6d96021bb5d44a01a997,ok,25,82
35418e23481a0ec26b75aefaf76d4cfca3c7504f,ok,113,390
412cae99f6dbbfb42a9c651034f65d409ab32e66,ok,28,94
e4a89da2abe8591c230987a2c8952a1350a44a3c,ok,146,519
c8a3eb7fe393d29c309d48696708474ccb981ae6,ok,31,108
b2d1f16495aeb47123e2efe7522f26581a1f5b7f,ok,512,1811
e90eb1ff0fb6bb7f914a708544491dd33336d4fa,ok,97,331
28ea412bc853a8829650602a15a223f48336f748,ok,24,80
ea1587067013bc52a8dbdb8ce6f314460eb79f7c,ok,60,207
3fff781d6fa8601fcdeba549870a48ce6c88cb3f,ok,80,271
e9c5d0f06122bfc4c7e24fc7b7e30d1bce408a79,ok,399,1410
9c57f86e07f28c67597c0cd5d41c70f196198db9,ok,175,626
04315647a5ad545cefe7260f00ff15ee4b514f8d,ok,125,448
cf161b8abb71db2deae5c77bd8e40fd937ea5dae,ok,46,152
970f85d79133c875de78d7568b7b81ff05091d07,ok,512,1820
1feb1dad3d426ddaf3b13e1feca746898a741d9b,ok,18,54
17fc4d079aae61a130bef8c80fa6ee75ad94eb87,ok,167,601
cc1ff697d512c4f61b6d74b53a5d7f20263857e9,ok,51,174
84bcecfc72041522231be6ada8a272fc6a1530ac,ok,90,308
33558dc5f4bfd520997ae42bc683007a8c8cd259,ok,64,222
370f428772d476f075a9fe237fd2b65ee4fa912f,ok,31,102
a46b83eb9576562e782073c2a7bb0df5f41ea465,ok,35,120
b8ac6b6c98aabb68ff2525aff66350d0b8a219ca,ok,66,219
7310e6f5a9f3fab1c8d16b199a650e5fe1d1aeb1,ok,21,64
216246f4ebed977979401c679be4e98b83db839a,ok,93,322
f154b422ea49bcdffc1dfb6066d6291fd94c9e86,ok,22,70
c627ae86f0993f6bcfde3ff212fe62fc596e6f85,ok,30,102
49388a28d0032dd12e7a40dfdaf20f6c6acd208f,ok,29,94
2839324466364e41d4865388a7d89ff5e8e07878,ok,34,118
d54995a2c7e45cdc36f5098ee1c872d03a97747b,ok,111,402
9cddb25f480274709d28ab42eda020fc63361885,ok,191,672
f28d87ee465373858374ccc14b70b962d5fbd567,ok,20,62
2a046f3720653b9db0670d2df76197e14a05e074,ok,25,80
9a687e7a9b1e4b6b2b579731a627815fddd11a78,ok,48,171
d519953a446b950d93c65df17278c22330ed5545,ok,84,306
4d88dc215d837d033aa8ba64a43ff6ea2fb331e5,ok,74,257
96b1cea3869a4bad514af5de6e6a4708ea422b55,ok,26,84
c798997a9ec688790ef27dbda8ccf22804217bbe,ok,66,226
c217d9a5a1146bed907a7584dd84066b2bb10b18,ok,57,194
5d2e20d9ad10e3c2f1a6e3288da0737b3d8f51dc,ok,45,156
a6b73ff02eba465b4d946e688a28d0d32bbb8564,ok,97,345
59344e012953d11df78ea22a542f1a67d70a5152,ok,209,748
cda97d25c514661e618d1710c7ecb99722752c48,ok,51,172
75282d76b4a2193382376e9403bfe15354cc4920,ok,512,1837
9c070c86406775b30c36779f5c77acc8e1638299,ok,308,1166
bc7ae96fe9bbac07cdaa5a999949d7e2738421e0,ok,66,232
c9f358e731cd829fc0a9443c25a7338e1578377a,ok,195,678
ccf000b6008d74bb0503173b05bc73a404faf562,ok,385,1432
adb9b7ec962bf01c58cef94dc02c3287ea478400,ok,24,74
e4ea5626f927e33bb209e24d9b46fb4d81012e47,ok,424,1667
802647946575386d4505347e6ae6640bdc13a4e1,ok,145,527
0c2f13f90eca66adc682f0466739e7252de2be75,ok,64,228
3ff855df80d099010cf81a08f776090e7b3b751d,ok,8,22
9da6b77d40f5915fec5b9901a8bbec8c291591ed,ok,174,578
b872a19a8ca15235f49f981300f9c05ba5627fb4,ok,56,184
2056ad62f4c36528f1b5e22b06e55f069d6c624e,ok,49,164
13d5db29a33b89914e0aeea48d2839ee3c03c797,ok,74,250
b591add02252cb13034272e259cd2f86a8ccd888,ok,28,88
80c2f8ce6589438fe8a4304ff1ff06804776a000,ok,52,168
1c7973fa15aa6585ed1207d3b66b6d5bf9e65aac,ok,380,1420
7dcb11da5762456424a4cfcfd0821de9497d8348,ok,103,378
e2eaf27cb3b8ccab2ff0d5265af1e550987610af,ok,512,1783
f333837b8459052c426bbf22df1248e517cb0ec9,ok,232,848
8da680b39599089d66805b9cf255e478f6d76eee,ok,35,112
02feb2889c368bbee5ff322c17801eb7687a896e,ok,62,214
89fd480d832064060f93b8fa0b3ebae4ed02445c,ok,77,274
ef927a80d82df2c29b2617bee85213674ef8e9f3,ok,17,52
f120cb756d80b42836615e6cc7b011ac82e69532,ok,512,1923
96af85f0f80d1948d29a1f6d77168473ee1bd517,ok,23,72
696b7974b81459c1c7bd98e6bdcb8428bc793f0e,ok,284,1006
72aa1698d95cd8930fb4bb0ccf805aee39747232,ok,41,138
ecf6cd3632848a34fb9c16dee6cee6bf9df6581b,ok,31,100
e4fc6caaca596d832ea7c22d3ba1c7823e50df2c,ok,50,165
68bc322d58977b3b7d57b091510eb9b9666d03cf,ok,215,790
8de0b5a9c8d8cad11982638b37ae736d2497f47d,ok,402,1436
1f4c1829b86b1855562862c42c0aa05152b8bf0a,ok,91,312
bdb60e3f85af71c0e6b3b76b24c63aa30db6664d,ok,25,80
14ce23b11bee8655fb37ee785b400339f40fca22,ok,8,22
cbefcaa394757a5c56fcc1e88ca44202e3b7a87c,ok,54,176
2d487da3cba5a5db1871d563fbed0057d6143a06,ok,9,26
1694e9f4ec73dbd2da4aeffd4465115d08eb7fc3,ok,71,238
bfb91e30371037eea9579e6316d5578caeac6d2d,ok,418,1517
0c14ca9a73a7b123ab35b6a5e84bdbd8a2d38c5b,ok,38,120
7a749baa7ba69da0a03407afc753bd04c8ec2b91,ok,143,526
81cc1ad8d3f3125064bacd84e78c9bd0865fe52e,ok,40,126
e3c41c706c769031086583efa39ccd5439c3b9ac,ok,34,116
a63cc478a21aef67bad10fd4e6d69e7b554eb37e,ok,266,948
0a124b1851b69ea25c5dbe891e191ffa1f70327f,ok,39,126
f4342235cc7c48b2cdfc3e85f51090c76de4c43f,ok,100,340
1ca0ca9c87f967f4d085aacb490332fcd8195f35,ok,40,125
3a25dd2969354106c60033077d4aca1beac387a0,ok,512,1903
c744719fec90bb0bd31c81c9984e8085c3f92b20,ok,48,161
4e688c913c87aa440a2b6133149218c3a36d1bab,ok,512,1899
01a0147b41a1360bf3f6b25a20e7462fd177ca43,ok,474,1800
d24dcf62c222df2df63dda46eda399a103411e20,ok,512,1920
ec8e75f239f353e8ac549aea0be0cc5435bf3be3,ok,512,1898
9c85e54178bc1d49303773c9e45d9cac1da40e17,ok,63,228
345c51aff926977d820a84ea7173cc644c8fbd77,ok,16,48
1585dbc138b95bae36d796d024eb0ab8666424db,ok,224,824
e3464e63bffd35016923d67e8935138613c321ca,ok,29,92
156de8d150bc49ce3970706abb1f37b69813721f,ok,24,74
bc0ea8e942693985dc28aa3ee64814fbadda5d80,ok,16,48
6f8b240b1325f1b8f2dfbbb5acb1612f07ece696,ok,31,104
db08ebb8a4eefe711f2f4e1349d1e95210a92c23,ok,123,434
5d8c065b02efb3bb2ba69a2cb87db65183f6b51f,ok,244,900
43848f0a51f01df61b0bf7d3e28976ec7671deb1,ok,201,707
755691e3f242ff6890d74d7e84a5151efdcd01a5,ok,313,1136
380173636cf2025a9a83d8c718ab24031bb506de,ok,512,1867
3443826cb5344f709d6c970f82e9c6c9498df302,ok,419,1498
1ff47174addd8de3c29022da83d783b95b8b7787,ok,24,80
735d32ce1cec7802de205b00c41a6326060805d2,ok,122,439
efcf60d087438fa258744e99865d77fa9d75b68a,ok,43,144
f6c47a27cbbfb366edbab5bcd823c699e35b8205,ok,12,34
d7f5f5461517b370d22d7e22d3be2d513fd6a934,ok,512,1897
3907a83dc866f0eb334ab7e8ed0d377bba0df13d,ok,148,535
9c625f42491f50d142b74f6b7a9b96230a658fb8,ok,135,473
2f2ea93762167da50f407b326b9e13f557fe44b1,ok,109,402
9dba3a1158e0fd3181b4b6f7a239e8e61ad031b4,ok,61,210
7de82af10c1ff18afe586ca841e346362068ba46,ok,38,122
cc5179becdd6696972ce729e6924e4cfa9726f0b,ok,94,324
abbb861fee8e1d969e2542288a00a29d4f446c1e,ok,68,234
721c5eebeb19b1a87535a1c050b429f34e60b8ff,ok,9,26
5786e87666be20e0e6dfdd83a650f982b209c128,ok,38,124
ecd68bb6788c1a311d4d0d7cfb5699801d7d5f4b,ok,31,100
e3d2ccd2a6c1ff1c0a8351dd28902abdfb73e293,ok,24,80
83c710539835ed0ff04beb448dfd36ad7ba2ef49,ok,24,80
602378c70d977df0e344a444bdd29088fccf1337,ok,17,52
1354efbdf9dfb5c13cf63eb52bec1d97d79afed2,ok,27,86
5d53d65647da61cd80b1f9b5a8a28fdc0508ec8e,ok,24,76
c87924070231ba3eadaf57aeeac7a5d52a651248,ok,98,361
148c20bddbdc921b7f0a672bafb005cd0ad8de68,ok,353,1329
67646bdb4d2bc7f852ed74188979f87bca095f0a,ok,44,152
fcf79592045b9e156f8c8979bfa991be909270e6,ok,54,176
6374e22bd65392f0fb7375f2d7634be57e2d5aec,ok,29,94
b2fe133080e78301f209280b077358abeef959b1,ok,463,1676
9243cb000c902c4aa80771ad255f8c2cf5ac913d,ok,54,182
2141eff759ca180840995f5fae1746cec9b218ca,ok,28,90
9552367fde617109cec9925b6b6a4d65c84eb3f0,ok,59,196
2315645ff8b7f7f4b9b1def8949a140d6df603e7,ok,24,76
0b9688ba528c78b61aea2895a1c5f3a6b64d1768,ok,19,58
9c7d33cd10618e3dc7601fbf26ca33deea457a7a,ok,24,74
9e8c4d819d779fd54657e9a9ede45b0cf902b6bf,ok,39,129
b3f669d99ab672e252c9fcd769adbb592436b15e,ok,16,48
81ed7f48a6bb0aaa6ff053b85dbb03894cc286d4,ok,103,361
b8c486f0043ed38c570d636080e06835690f6171,ok,28,94
afa9c06f3103c7b59378dfc8555330618d602984,ok,26,86
30eec8e91a7d6bf1ecfab3e32f69c18d70207d40,ok,86,292
e037c50300b7acfb16b2e8ad575b4f680a5a603a,ok,512,1857
a43db93477828bb27fe05c41effd0a20a02be50c,ok,512,1884
570263d567275644cfb4fc0492985dea52be718f,ok,29,94
979427b07fac41b448bc66b5f6277450e44d4c84,ok,51,164
ed949f4ce16b2f3057e5cf6bb63243027e296369,ok,87,311
5cfad693c6fc19f7ca9052251b7cc22b0851fd5a,ok,19,58
13696ec3d790a5c4a3fbf939a3ba92928539f18b,ok,19,58
7f190a2d574ae3378fc560413bf1cd5db39560dd,ok,24,80
a4865fecb2a710b483d64d97bc5521dd215af661,ok,46,156
cf071375cba1ef425108e1a661dae36023f280a6,ok,111,401
a7d192fcae85dccdcdcd1c304d452bbb09a6637d,ok,512,1893
ce6d3fe96f98170e4fe3cf217d61bd425d25906a,ok,12,36
2ce57826fca5170ecd260e16bc1ffd8f1e9631ab,ok,24,80
33c6c5f3966c1ff0c9517a7ae0f203c74c29fb16,ok,20,60
22625dc11d1d53e35917b5fed116b772eff0f9dd,ok,99,348
d2e1dced4dbe55327be72ad7da576fc95872b5c7,ok,221,825
1657fc24a1e195ca91e5f5a963a58815cffc5cd8,ok,95,349
c4195d11da95118f56f7be72f35bb83273994544,ok,145,510
04db4b8ec7c4abf0299845ebe631988f444f10eb,ok,260,930
41235ca75334a18c91ecc21c455e5fd5c7a2635c,ok,40,138
43ac57ed7af208449c6678ff117472bb49756438,ok,12,36
536f0f14f9cd33944823350847719e94ff6661b3,ok,20,62
10f9453da38931550895538d84e9b564102d6bad,ok,16,48
2689b7cd2c0c2f212fc2717d1b9611fb1fa2569b,ok,233,852
8dc2f2871e4a79c42f522fc579f3b2ac64d2d136,ok,143,490
2f4fbaba98195e4659011db66e6d79a655ede86b,ok,24,80
db31feb541c913d582cdc4ec3d5acdb57297d8c7,ok,31,98
15672eeb676e8f2f035e96bbe4e39566aaa75bb5,ok,16,48
165bf0bd49883ef4587bb30cd31633fe20a03302,ok,298,1096
82da585a5bbeadbf2f03e22c45162c55110d2c57,ok,95,322
35f3d2e91836cbc3dbe0db50089bf498d2f6a582,ok,172,625
b655e271996eb59a9c7236b68bf0e9ab76840b2a,ok,29,94
caf0eca2ae5e294d405c4805905979722c62d0c2,ok,77,263
b6d58f74e31925d0d98d45280fa6243453ff55af,ok,27,86
1f04089ddedab17bc4739479543a0926581050b1,ok,16,48
fc207e29d48bcf908e89ebe9975f4dc41b194e10,ok,78,280
5104bd725cdb8dca5416f986cb3078cdcb685345,ok,105,361
61915470c58a8972f654ce19b8b153a0c94253c5,ok,115,411
67e11f5a6471c4bbe2ab2c9b7cf5a197318e0eb0,ok,26,82
2e301ae4a8572008fed64b6ea7ebec21fe1b71f4,ok,25,80
230e7c8f2af96fe7f0e372d0eb196583e5e27aea,ok,110,393
e16a239826448bc85ed257c2b2d62b9158779c18,ok,512,1845
68d62ac3071dbd7f44c471700ced8e9f937748f1,ok,20,60
5f324e687a79b6deaaf33270001a3b15c8c0a432,ok,421,1483
37aeb4de94fda0f420d161baf03026daa67a533e,ok,230,834
1fb516aad486413ae0ed87e5bf6b6f8a8e3bfdff,ok,220,786
7567a0e4b7ab3c4a7745f2232a2b194e096d84e4,ok,24,80
2ea4bd577f8fe6137cff7d978b95d751ff518887,ok,113,398
23bd095e090219c9f11148fb97d83c37500577bc,ok,512,1909
df8ab42a028fe8cc32f0e538536644a2620ab5e6,ok,24,80
7789e3a860ae1ad21b4f8b181deff45c60663981,ok,31,104
d3dadc8f01dd947c84b26022360cc7a244082086,ok,107,354
a543454ae63b77c226b14515ceba84148f115827,ok,24,80
82717c0866db47bac95690d55777f80207a04c39,ok,89,309
53ee6701ef3c50da991ba76b2611bab661f3e978,ok,249,956
1907b5c5dcb0ec4ac3ee0befb6efdce84ee08573,ok,178,638
4c5f3573839dd48acbb6950946ede3ad27ca6290,ok,512,1843
323ff145b46c6a327c3d22987fd152ec641f6423,ok,28,92
f5415c2a4bda27b87033725a2cb520aca346b4a3,ok,512,1787
3c0489f25c1af7312acb247deda55d257c2f9b4a,ok,381,1386
7df9716ff5b91f0550f7238d9311c6a99fa3adaf,ok,512,1850
cd7e18070326272f72946a66e35ede28b4e10771,ok,126,463
a0ebe1115991347ce1e01c50b65f009e83da2ac0,ok,33,110
e498bba5011b22048e3d2b48642e6572fed6870b,ok,16,48
2a27ea0bb0d28fe12a956a781e8ce245391622dc,ok,69,234
c3b702cb56f464c99403e92834c98ee396f86884,ok,144,520
fca52fd56b675d3d6fbf7f4f9db01b5bc3361559,ok,198,684
355a5dd36f72a9b5cd52ea886f1dcd56d9597150,ok,107,390
17b95b0dee79f9bd4c8f0832f075cc73de819e7f,ok,38,130
4b56aa132e845188f37b2657359d3d1d52af1755,ok,51,178
60f0144fed298d76fb0897edee0f1c359a291723,ok,36,122
5c6363230164bc450533d3299f4bf6728eab959b,ok,57,197
2436bc71a1a46806365e0f51305195eefc1a2b98,ok,188,664
e41d7b951a257b39953ba541b7d18e19ab4aaef1,ok,21,64
8a05ac51a3c4cde4991c43dd63f7b78b885fcf85,ok,15,44
4b03c21b5f210b374ec258d125fb4f6b94c481ef,ok,24,74
e90dc4d9497b93a4e88b6135d687ad6e013f4ccd,ok,17,50
72458162a8c20f735d4c7d8b5061b25775cd305d,ok,106,355
a603d8f0a6956b6acda080e60d9ca08bb5ecacfa,ok,24,80
cf47d2f9dc12a4153e250d96e81dfc84f9eb6a3e,ok,102,364
492309d41269571cadf877b378c4ed1aded8898d,ok,62,210
117c23c888b04cec30cd0300e4a917e765564166,ok,512,1920
1f73917d874f7dcbb35b8b0f416a94f129a36f49,ok,28,88
ccd9667b07514842060e3fe1899502e82abe68e5,ok,55,175
91ba2b7814ed0b248751edefb92782d041ae40e4,ok,51,178
674a748fab256b2062303d8c2c58e5b19d2c75d7,ok,167,569
05473c69fa521255ac65210f5ee0f7a0fec316c4,ok,24,80
b5b91c832081b652ad54c022197e10410f443d21,ok,30,100
55360837e6dff5534877025242bc92ed849652d9,ok,67,234
683830524ffd3213fb9fecdb3923d5d6ff197b34,ok,189,670
9ca167d27305608e2f6fda023a8a11d1f24d0efa,ok,41,135
67ee205d74a4ab1b9b326776093d94a18c8eb240,ok,185,674
d34a21a3da4317b5aa0c5a2881765ec51c0bb77c,ok,39,129
4a5eb373fdedaa912ba1bd384b84a80be73f4b2b,ok,512,1897
637c44b73ea563259969fc7622663e8afaacc6a3,ok,80,282
4ac50aae65d596990f4d6b9b64c301a866471fd8,ok,183,659
2ee18bfd61c59e41f148d6e4f8c6d61585e1899e,ok,463,1701
78bdc18c2aabfc0a9a71342646676d19a50df937,ok,16,48
582d1a180766339091e6cbdbe08a558a1f8c019a,ok,57,202
a6e05fc571651984848c4be40370930d170e4fd2,ok,25,80
bca62d82877761b7f134c50d7250ca14a405f5e2,ok,87,296
f119f2e79617f6df3a45925ef0fc1aa2b197f634,ok,222,792
043c471bea3cb12a29bfc2b7f73647c5905cc34b,ok,85,300
f614e67c1b7764b2cbf741905a55bc3edb71953a,ok,65,210
27fde54c60eb197ce5dcd01570bf16c825bef086,ok,512,1862
98737910b991a66e6e93504ac0d9b887f7e5e7fc,ok,67,226
4b8da23991e8d319781f2998f96e4d4b5f181e68,ok,76,262
d6c95347fa6942744ec001ea8fc6c54df50764b3,ok,512,1872
61f3ede654ba312e8f1c8e3f4953263409687a5d,ok,130,462
d1d781733bbffb90e7741557a70b0ec255871918,ok,22,70
f3c9a9482088a923fc18db06129eb68df9e27775,ok,37,125
d7bb5329c06dce12eada8aface40fcb15ad1368c,ok,33,106
05d8cf91b994ed000030168a2d17171ed22cc61a,ok,140,470
1d4cb034263a3df4c0fda3d5a37c6136298a29a2,ok,251,903
72a1d4b52b28a19d7672366ded51636851015f4d,ok,100,360
21181f98014358df61a32b9aac6fc061a80cc1a5,ok,291,1056
f7b91e8da6f5c1f826c71b6b1cdb32ad190927f1,ok,512,1878
0063a8941d39140f6ec1f5e7bbb07f80a89bde89,ok,12,36
f4246bac76b0c21fe7beb4d2c0072d14c9250f92,ok,98,347
e20f28f9001f68c66038f46b49a50bc5d66a6513,ok,28,92
6328b526c3a9a898a8d4757d8641f370814e7339,ok,49,168
59f2d92a36a7d642fe126f3c3032a37a9689fe44,ok,27,90
652fc9e389cd98740bb09a6592ab7750cc0b1758,ok,350,1278
64c704e946b8b213141edc1cb632e11b787838f5,ok,25,78
5832fe6635c67e68b787a15bb4f69b68efe84ede,ok,396,1425
137d01dc8f36dc7671ab9a1c9b4cb79a00cc31a1,ok,512,1854
e34c805b44be998f37102a2a87f69b26493361e9,ok,107,366
186dbf792714072bde0e7afd60b1d3319019da9a,ok,22,70
f6714c9ca4cb42c7ebb38e6ddf9f9e719ec4e4cf,ok,93,326
6019f45377b502cf6f82d35fa9575874fbd112cd,ok,166,581
d7f40d25474da0f86ed9b63052ac0f5cf1d5c605,ok,365,1386
ac8544677bde98cfa4395db8e43762ad67703df0,ok,512,1868
07cf51abe989b21862188a4d69a745aa4a41fb77,ok,81,291
0b58173d1cded75fc9c30e5179cee0067ebb9072,ok,361,1316
de6adc18de74584f822393e4a2c419f6446386ab,ok,65,224
30df26443573bd7937b63a1354d5c29c80401d38,ok,88,300
8fafa510573ef642cb1130d3edb747aa645442c0,ok,409,1494
f17ffc6ab2f1e39e272a13bf844dfa22d470133b,ok,512,1840
a58cc9cff45f55e6742104ebbc1326d2d1d5a666,ok,247,905
6d645f6f053ffbbe6d71724dab9d64ff4e0d4aa4,ok,20,62
95df01e7ee30a6adad59c27371540e62a536c157,ok,19,58
5f80c1d36d9f2aad1a13b6549eea8d472a954dbb,ok,30,98
86954f75601c1b95282abe6bd74ec71c01222a20,ok,25,76
eab495376f334c8efb2acda63134d0eb8e7f21f7,ok,18,54
bc8d2e3472417caba8ff75cf0eb14bbe8a232584,ok,305,1095
f944be6f8c37b459974f70173bb1f94558372b7d,ok,512,1752
e04949043ed4ff9359fc1b2be57e7d811ff2c23b,ok,16,48
9927a49b00acb39e3c01dcebd5174bad51568a61,ok,512,1851
7fd023b287672f4b14494c9947def1f5e12562d3,ok,32,110
ac8b3a9b90d588b2939ada8015d00176fd368082,ok,33,108
192cedf6fe1ac4dc8ce262b45e3b285f55d3ea85,ok,293,1072
3b30341060116ed8bcfed839f2e01d143584e3cf,ok,19,58
21646b3eeadc979503d8e77f58c5abdbc54988c5,ok,80,280
7019df7b76611108309efc112885aefc34b3b6f0,ok,512,1883
25916b10cd4ef9b1cd6b5581b79095ee46f9f537,ok,55,180
973c15262e0b4b6430bde34ce4f2c104a8526df9,ok,52,172
f5695d632b78edcbdae3392b762e52d91126e066,ok,45,152
27cb5af294c9b1047c989722f0401dd448441eab,ok,81,280
0785f8da7fa465a64c979cab2879f692ebf7bad8,ok,34,112
39b33ff18360ed3a39067595705a87134dc2e252,ok,65,220
6ac360abd76f23a748231106c970edcf40f35bc9,ok,170,637
f7faa0de9aa03b96497181c9c742289aaa5e9d15,ok,261,955
d5318aab045258c9564468d0076ac79d86baa0fd,ok,95,326
0b59255dc2dbb8338f13b8063dbbfe176aaffbed,ok,512,1917
ae0ca5d39c41a1bc4fb5b0005d4dab8321bb854f,ok,114,414
53e33da4df87a29d41a23fc834ef15c48cc43e42,ok,41,136
9fe28a98ac946bf18a2682d2722554274991770a,ok,50,168
02653849323a63e6db9d948afae25130c7e97b6e,ok,16,48
eb82577194eb398814b53368ec404b0b1438d567,ok,8,22
b3396de764df1e977d48628c21f1b47535f263ac,ok,107,377
e3c2819e506a4c28796b898e198f31aced66bb81,ok,388,1408
640375d416e85eaa4a21276d8133b1656adad9f6,ok,241,889
272b6c7dda597b81cf645092fba0da383c8e3e14,ok,219,797
d7c54bed794fe7841e04a3876f749c743ac50707,ok,289,1036
8797c3d9a34ad5177ab4f1d859684bb203a324f2,ok,22,68
d36a7956e4c1d9b1bd98b25f0c03c925ff750c41,ok,20,62
79506b5bb1bc7bccbfd3b37fc042edda56c08c0f,ok,37,122
160e12248f7ad4d62d2809129aa09ca8f8e19b63,ok,239,867
4f867435dbdfbfc345e92f59d6305262ccd8aa99,ok,36,122
4a248d9cfe9ac966dc181b0cad2304694bfeddb1,ok,219,790
0bf67c5c27411d0273a4cb19b2dd15845bef8235,ok,103,364
3db5e011b9f6f6faba70fb6fb62f11044f8f4f2b,ok,220,779
07eb824d7a3fcee97a39db0b998230e75f208a74,ok,24,80
3b9bb353e909c1ee4a6a3046070da49840d232fa,ok,512,1890
d8d50e87dbafbbb7aa0a2074e73fe0a6227c1e6a,ok,54,180
a6fb563883fa54b72df9f7444e81a58e30b5c944,ok,27,86
b6a04f1a41fb341fb0743917ca67740ff413533d,ok,30,98
78ef790acd399ecde58490cf5c9feb5418898283,ok,68,241
edda9ab9d0b8235d728d92cf937ab580b295b8b8,ok,24,74
89dc0c5a65120d098c7a106ae9b6fe5849d5420c,ok,512,1764
67b3ce8ad8d19fc334a1a3e2af6220e9e36db6f6,ok,160,547
f074a7bc27181d4cc3e959d10aa546c86fed9e70,ok,90,314
2abbb70d5ffe72a9582f1dea4f2c9d0e79098f23,ok,34,114
9325b569ef0deb6177a8a298993bbcb63d4b6f15,ok,9,26
b054970b3629892e0bea90c9945045f45b9e65c7,ok,189,651
dd374c5b2287e16959c1daeae4fadea1b0164d6f,ok,512,1857
01737d9bccd597daa2e9f8db3d5391241854362b,ok,24,80
618c741221036c3746a72a4b088cbecd7a4d74a9,ok,12,36
a2a4b7fc6271932e5cca792369841e16b58b2744,ok,156,570
81c1d5a2b06325b92b8651adf0906055181089fa,ok,94,334
b9203583cfcdea0c9459b6d759c90cac5cf08a6b,ok,38,126
154c1ca65298b86983fd30878e7a9279dc9862a2,ok,512,1790
fced19eac25c95993c33e497f384cdd3b896132a,ok,27,88
ae74de7d1f024e57e0db43df7b810702005870ab,ok,119,408
7d0a681c4f800300b1191de664b18a118ff59497,ok,16,48
d23d56f0d59dddda022d3d9d29a9d470bce2ea08,ok,16,48
4fdc7100a42303c9c46c01ca3b6b64d8dc9d1d0c,ok,512,1823
bbd2b05541f19e5289337df5d383c6e37f21ead6,ok,110,380
97a7079b391fd2bcb7ca300fe45375c7bd36ddcf,ok,138,494
136d2aa783bcf028b54dd01a96b395b833b4cde1,ok,145,522
5c2b65a993e268a23145523a1cf51a587d1352e4,ok,124,462
9a6416e15ddf2c0a49eef1743f1c69b6df71c986,ok,207,768
600da805523a80271b6137a4caee9f8d80057e93,ok,25,82
562a3ee8df512b6e470f85ddc18a0adcede45d4e,ok,452,1686
0c7f7ecad3b9e2a5b88712bc83955b6f8afc213c,ok,40,142
086b0c12d52a57334f8e1b360ec6b05578ee921e,ok,512,1865
4875e75ddae76c4a1f757798267e747bfc62c08e,ok,44,144
074bede49bb077818189f7a0a7a3f3a137604ed6,ok,104,367
e966b9a07def9fa4f85cdca987e16068587a02d8,ok,20,60
6ee5894fd5d8c3aec04bd2b4f7148211e8a8b95c,ok,512,1896
cc31da760c5eaa14698b8688f9f63a98551638ad,ok,153,546
a647b2e142c7f4a035d03961e895f855ad292d06,ok,173,631
a62b20323bae942f6134a551140dc62471dc56a6,ok,217,778
4c28041da6e9e92a10bc6bc8d36d64e7f5c836c0,ok,9,26
3506b02b558a3cdece857798936f162587b0ad2a,ok,29,92
51b646de9c7181ad4c6281e6f0ceec8b796f2234,ok,12,34
000a18b47f4b7a1986b312fb35b715878882da94,ok,60,198
dd8899a505ca3e088d3d71cf0d99c2abe24544c9,ok,151,535
c1ea78537040226730fc3df509e02cc2acee3d36,ok,99,357
1eef6f7be195c80cf3b035dac917a0201c8ce64a,ok,77,268
91becb7cf29d485d2cd7a7423f530755b71337a0,ok,71,240
06f74a7bbba2d143122fdc0dbc7d266be6ebc6fe,ok,475,1726
b3dae6bf8f0437e8837add22e94bee9cac8cf5f2,ok,512,1731
80c9505a1cc5f5d1e06710a6418570673647849b,ok,16,48
2d993425f79142e119e776e371959da7fac519f7,ok,11,32
9c8b9d080b3d9e7e812d151039ea952af6e5a59d,ok,40,136
a864cb4bc3238872e6fe68e76360880d6f97f1a0,ok,40,142
07440b405526e83d7e4ee7013bf0801b5b7349c9,ok,400,1444
d530d25bc9413d7d1c723f1e1761d5398560adf4,ok,272,984
d1e31a5295376e021c0f877dbd31a89e6a74ce0c,ok,129,468
8989b2d1f93c268b7c06fbc697c0e837e60bb369,ok,16,48
4b2b694da7c742a2ca9f9bb4a48e2ac08379d463,ok,25,78
ca018d46da127fa109be64f9c162176e6a1e2617,ok,40,130
3f77a5c809b0ef36014a5c83cac93123b83bbc1b,ok,75,252
82bddc6dcba68648748b665c7d9ec8e62c5fe9cd,ok,512,1902
2e6271055eea704d96dd4a3ad83313b1243a2d42,ok,104,364
ff7de119a6581d2dcc1c633412a2c991ae443a86,ok,16,48
81e367ee0aa58865c0a60e4d7f43cd5119f920ea,ok,344,1249
d2075c82946888cb4fef20e228638c378d7ad1ab,ok,131,453
16a909d17dccc4c65f23abaaa076adeda140b682,ok,512,1812
27b7265291e25f466d2c66b32c112025765fc78b,ok,28,92
3169ca1e5b4fecf71f63937c5bdcfba64ed77af1,ok,25,78
6ba78fa5b75cf122ac32b64d26e164cdb626ce36,ok,29,94
7fb3774ca513203eb4963f94b348404623360810,ok,97,326
1b82f1369a0b73319d9d49a6e6e7856e2de5b403,ok,178,639
a61838b81785479579f27ae124aa95316d7d587e,ok,198,724
ffd9701260951d4fca6c279230cfcc4e42e7ed94,ok,143,506
480657536ec47d13713e28007ec10c3e31fecd16,ok,23,70
d898f6687ded6a1db060c17b72a5f534b5ddc1d0,ok,143,511
2b8f7cababa02638a60138c42cb7dacde4efbc27,ok,76,252
ebf34d4a43d5d37f99d001eccf00c165327bf060,ok,148,506
41a3ae41997c9589a18c0873bc9cd926b91e9003,ok,22,68
c9d9ff6754e7ff356aa3b31f8d8d545f012fe34b,ok,411,1568
5a0718aa0c2fe2d96abc6452237c339edaa92a1a,ok,186,681
9ab21c0debdf7c1870d0f7b0a2857c14aaed93c7,ok,22,68
f3084a2595e14907b2993de155d2c82bc9fa48e8,ok,49,156
147ecded20f5eac659122691f8c888ab100f6ce9,ok,16,48
e3467d533b6431d6dc791089212bea416eeba612,ok,409,1437
a38862af9511e72bdfec25e7387d7ee6ec3d37ab,ok,50,170
7ec0ccd0418f448a21e92df5fb28a276ba409ece,ok,16,48
c85854b63623f9840ec73df3a8a511bae3c1ae1e,ok,47,157
b0b2cc1ef7c22b0b6f9d701a3bdfc06a6551027e,ok,177,644
c8d06f329555c9f45754795bf8ca7d388054f4f2,ok,45,152
7496fa477bf3bfd2b9528a3a8e0e100b489a2cea,ok,131,461
98627ea709597681be73d2a980e701c0448e1203,ok,337,1270
9eeec70258c4708f2f445b82c3174bbfaf185d41,ok,40,126
43f7bcb9143c166c2f62ed1177627f0d62320252,ok,46,150
13ffac79c0cd7fb954f3d06a954292edd38756b7,ok,94,312
d25c4a70c8cfddd62c3fcbe4b9f9ce71f25a40e4,ok,81,286
9e007ac9e1f2fa6a026f4346bb30c5f004e8e966,ok,87,310
70b7a717aa0ffcd0e81ee4a518f66909bb762ffc,ok,26,80
24c17f563362635ad1ba0e285adbb76489a555e9,ok,512,1790
bdc81fd3c100471e25a6501f567e4101d69a0088,ok,267,970
866f85086d8d2527d33b7045e679a97b635967d8,ok,22,70
bef40758c000ffbda0b61ae098515425ad2fbb77,ok,107,376
209ac65957a0ba51c7bcf35f214644c8de845418,ok,17,52
9564445541e25ee07a8754f74da9da507b5f41c8,ok,291,1070
0cd9521059cc74013af7a1a1853d4683729f87a2,ok,146,512
974e81c9b76ec62ffa5152950ae334382da0ff5b,ok,373,1365
888617299d32dc2bc0be63b6ecd92ab0bacdb8cf,ok,16,48
1b162fea3d947aac0066f2b8d1f5865e847e3895,ok,123,449
c2b454a11cbd43aa2bf26f31144814c217300301,ok,206,734
2f32441c29954f5727ea4244a535b942fd15a66a,ok,154,556
380ad4b926373b36ad91beaf290b4c1cbdde3438,ok,100,352
41075c4392d8839e765a20dacce9b414aa6715d4,ok,13,38
50202044092289283a733c46f478fc15dc29e896,ok,38,127
8cec27efcc117bc2df3603157e303669ecf4ef0c,ok,80,277
68317c454597f53d475461973256eb3b1d52b064,ok,60,200
5af28d0f5650a3ce91a568080980686d1ec4d9ee,ok,499,1800
8f84a97a3fb3ce8c0d410d2d8d40be8865756321,ok,24,80
5b4ffb9ecd7edbf923824c0c6a25f5015b4eb550,ok,17,50
dca0496b4021b7e19c3b208e1a7ba4e20368646b,ok,17,52
1482c190320574b0aa10145c4a8412f4c02a291c,ok,50,164
6a72d5cdfd67f85249ffed6692ff8bb8fe98f20b,ok,140,495
04ae3d1e7c927b45f26e780743645679c7d1b75a,ok,54,176
1ab413e659a874ac109f79140b0b5f409306ce6b,ok,21,64
655c6516e288ffd0eae8f940643fe7c31d18f693,ok,35,116
2c5486fba50dcedae55338863a064ac003c111cc,ok,86,297
95fb391e954b6477815a76209d6216c49fd2362a,ok,196,679
cfbab03ff266dfb4d0cf0fe383c09e6cc98e8ca5,ok,15,44
ae83e634bb67b73042e4894250e9a10b4e9de7f7,ok,36,114
5242218305a32a14562b3bc1f1a6b79690f562fe,ok,38,122
efa5c087d167548f78dbaddd7caba3d0876a83a1,ok,512,1945
fec1373f4524b30086f62963f40546fd8fc2db47,ok,235,823
227e53c927bea52de4b88570e7b0488ffff529fe,ok,16,48
39c248d0579a15ec9d3301397396040b313ab1dc,ok,30,96
198ba0fc0777861087a690cd7b98d04f72b54ff6,ok,25,78
7badd0eae07e5346d139431dd437f8cc6908ab74,ok,53,172
73cdd9e319681b54eff60639ac010bb80314e49d,ok,17,50
dd8d6194a91e3451ba5403fe138a58a50b1576a5,ok,216,805
067641da87becf6e5161a4a7d8ee9119601958c3,ok,143,500
7b1317cfc5090e3ad408521f093518926c900a32,ok,19,58
b3f057ed2c83386f5a89cf0cdaff6192da02e117,ok,406,1550
566ec735f219a5b21cb7b65765a3931d6d8197b3,ok,167,615
5ae6f5aa4b1efb6c766642b8b12035e4469d3caa,ok,332,1225
7ab39cb34a74b3a1c5b9f32550d16b1d35c38d61,ok,25,82
4c8289ec728d77a03ed579c7631d62a1337b4464,ok,174,630
3a6dfa6149f38227e84b6a9c3e9ccda6f6837051,ok,94,318
187f29baea0a6c0de248fd4c19f6e65c8bce13df,ok,212,762
ba6ba3c7f3b7c04f1d90e11102cdea3ead12c984,ok,53,176
2ac590bca9475d3bc6b9940a1c35a2add70d2476,ok,27,86
1a6efe9d4fe70eae81ffb7ecc26e342c27c4d020,ok,63,206
f60e225f957395748e07cebac2558cbb36ee0f3e,ok,9,26
2764b7e2564974fb305b19864be4c80670cd8d32,ok,48,162
631e037eec580a9d08f7872f6c1c4c317ed75139,ok,174,637
3bbd8044f04a26c3ef692eb20cf59ee531ec653f,ok,65,214
969f6db0d338227b3d2c286dac4044bdf031d02b,ok,372,1324
3f9575c46d9258beff87d459b9dad709d42c8b28,ok,139,497
f3f0a6c354f2fc2d1867e07cdb43937e14e430c7,ok,166,579
6930aaf5545d242b605a594689d26f835b0028a0,ok,61,210
71cb5a06af244f7b9f9431663366dc0c925aefa3,ok,39,126
2ad034ed9cd2f6e6440710888c364d1a7b393f62,ok,512,1875
e3780f4898e8ad44898f95e5d1791844cbe91a8f,ok,395,1456
1505c6b31345409bcfdf7ffb8c2b45bb60b2a4a8,ok,17,52
abc66cb11475083a716e08b443c0c7fdca905be5,ok,512,1805
8211d24dc53771a7047b608427b3e46eadeb5b84,ok,86,319
9304eda978f7e353199d2299f15dba824536f779,ok,331,1202
821af8f8f6cee45756302de3e51fa2ef8b410dfd,ok,103,376
0bc8467cf09bcdbfe73dc95406418dda7d5ac6e1,ok,147,541
584245be08ea7e73fae28749c7453361817c224f,ok,175,635
21d24c765af677c81d21d5664930b7b9fe0ec703,ok,54,187
8757d3f173c79fb22d5ab0b4a867e4982b4dd052,ok,39,124
9578121fc2e4f6bcbe23d5caffb45ca0e6c9a0a5,ok,19,60
83a3b37c7288f64f718cd46654700887dc92f0e4,ok,36,126
df53858aac689d7eb5c7dcef2d2f001e4a251333,ok,50,165
f2f77aee7f31aa33c8fee26655946025193b56dc,ok,55,186
00ae209948e117040b17b89e829a67f4846ad010,ok,182,707
b06778ce228bcc0dc47133f76cb92d4ccc4621cc,ok,29,96
bdda3e7eab28453bede834b2180c4d1ec89ad881,ok,70,250
7df448b46ac23f032609b06bc3ae290945189925,ok,16,48
5b916c1c1c85ae75bb1fa2985c312d22c0a6db87,ok,44,142
5cf421f8e712f40073c0c5644ae4ce5b0efa9103,ok,22,70
1d3567816aaa9936d5f79a2748a6e6b437298b46,ok,43,142
3e298ee673892db5f9f12fe506e071a3e9f7b8d9,ok,53,184
609bffdd35ba7c4287c14391cd43810a0bf2169a,ok,21,62
92ada65141f626cc43331bebaffae93288e2e8e4,ok,31,96
cb4166cfecd974725c42e08bfcf7a7813bf78a7e,ok,154,538
5cf3d0a41a3aecd011a024d9b2d3ee02493b4530,ok,46,160
f9f149d5054059ac59f24645f6833104af6d4b46,ok,512,1825
e4998da54fa7bb3778490782c018581d2b0f1f95,ok,512,1887
32febc128fc106af77c2522ac5a2259e4cbd1044,ok,67,223
2431e4570ad9276b0f8760568b093552b42a835f,ok,21,66
99dde135ef515891eb74cb4f555a06942584e2db,ok,24,74
542bc5954c0dc6eb068c163e788346f53a2c786d,ok,86,314
a19c80909c42c8b08ae779f30ebf92e2215e6c07,ok,19,58
25ec2e4573448351663456d8f1492f549f416a00,ok,74,262
c512253ed7be6edf69159e5c5e8ac741e5ceab15,ok,73,266
ec4ee2d39a98d909cb95be5071a217c73f647bf0,ok,17,50
a07293adde75fdf2c765e9df77d020ed6595a02c,ok,107,376
4b9f06a412c34efb72f0925596708b0f03bdadc9,ok,19,60
0e5626b8a4b9e103f7c0ac8ae994d0d99e4436d8,ok,512,1882
5b1285ef26037e040cef26eadbda8df0ed46942f,ok,239,848
aa70660428a57821d55a8aa45007a564ff3d723e,ok,512,1946
94d4615d6360cc0f524ec1ad5caebbb2527b49f8,ok,150,548
179f218321738c76f517301567dbe5365e2fd0ae,ok,16,48
9cdca0bd26cb55172ef93ebe9784b3aede084ac0,ok,33,110
9cb1dea044ac93bb69571b477ebf8bf2a01d236f,ok,114,402
7503cf0b762770d97732255fdfcd2501d1e10bf3,ok,16,48
2b0893c78ee134c3181c30a6d13adc17461496f0,ok,32,106
214cb9f28314d5e49f5aa4c77b27016dfc10fa45,ok,60,212
d40aa3c59faa2e33b849d4aade6a567b1830c3c0,ok,105,379
223d5911169ca54bbd6e87629d653f21e0f5389f,ok,19,58
566f6424a96789af378a583aef3b1429a43292f5,ok,350,1292
5f8c65d8a674b67ed98f616ed8e59ee7a49079dd,ok,24,76
b180a9318965397b09f615c19ec65db6c99c8465,ok,439,1560
27b944be09e726e89f217532f6c46770d88e58cc,ok,22,68
6f32f5763275165b89bf7d30a7395a931edc4a3c,ok,512,1838
b698583b943f6454d6a389e8ba79f781a3087005,ok,241,842
ef67fc8036c877d933ace4bb30cadda788c4495b,ok,9,24
035d4c2985e445846ea54380756d27dcdb97204a,ok,30,102
c56938fd840f9c30ccc9af85f8182b62687d0c06,ok,128,472
c7fddc9829a3ed66011c11d07998f72c37538f3f,ok,24,74
f255c390651cbe207bdf7e24eb1622dc3d72b1d0,ok,512,1855
efd476e0ce846e9e4c1f5968302c7093258adaba,ok,159,587
ec4b5f9b5a2b8e3a724bed5faf9f05f45081c081,ok,48,168
6f35b59bf5a20436bb4a2467b880a6b6c9ca1034,ok,19,58
5d98669da5f87aaf4bf725904a900a65ce85d360,ok,22,68
ef04a8a10e792bab42ee4abf627691a07f1cb373,ok,436,1614
b6beea921f00030a932c1db7ced4f9d089a2ef26,ok,512,1780
2e9ec3aa94c2037fd629f83c9de0321ee4e91fc9,ok,61,208
48c8acc588cd82573d0b6af12f56e3becc8aada1,ok,103,372
6f883efcf0b9621192d7d78094b8f404cb120228,ok,33,104
acc9e748a7a42655d6b7fbe62cbaca377ba561ba,ok,192,690
261330b0c71822d39f5c47b001a11ad2272e946a,ok,24,74
f8f43f60d80aa19dc4b64108c6f376abc53bfcd7,ok,40,134
18db08050e57237e67cca8c3355a98fa3d5ff9ef,ok,13,38
feb77044b0de3d46d8672844caa716e7061d8cc6,ok,19,56
447558e135bbd7a795fd642cb44c3a5d7509a948,ok,17,52
8a3597a3bd831f8a4f45111f7ffa281dcbabcf00,ok,76,266
3dcd8502a9f12e8b73e129af2b37d205fb157b76,ok,232,838
2d4db34f85e65f63f1fd9a6a6b6150464ecd4a94,ok,75,276
81d7b7479e58df5775645209bdc2a9f2213a697c,ok,54,190
29f93300820bb15d8230c6fa53d1170e03925715,ok,129,456
f6434549646246f4bcc474211d15a388f72d2e53,ok,48,167
b09cfb156d2c1394667446d1e08d56b54299eaea,ok,83,294
60fb07215906db0eab1bc0130ec06e357df8bb70,ok,15,44
a53048f9f9472895d20ee71b673d02912739b839,ok,27,86
e63ebf85dc53242cd4c4e11b66604b0306f898c8,ok,22,70
d4e2119fad863e29be5af7e5c13e761b92d8608d,ok,137,472
9d834fc07d123962bec4a94f47d5e4e61d81ac38,ok,33,112
2e452a63f4cce02b345beb131418f919aa486abd,ok,16,48
c953e64988cbb3de3d518ee480e67a25791703d9,ok,17,50
58ca4e39f998516d0fea047421e88ec309e4ec51,ok,170,596
969fabf30ace782d3e89c8857f96368ac94613c1,ok,31,98
fb26dcacb4ddea3594ca03666d0cee65d042217b,ok,23,74
0b2c47bcc5f9ac16f83d5b3dd71a611735c4862b,ok,31,104
ad533d11afc7470da07a1694101fe5e0e3af3dec,ok,114,397
2cba715fc20ce5c42c83fa4a96913851c24bab30,ok,134,466
757124dd1ef48f114ef3cf123d86e4709076d240,ok,41,132
059afc0457b326cd7b1c48e9a0cf3b88924ba378,ok,15,44
0d2b56630d955228b840adf43231e1c2f5c1f7c9,ok,40,128
4abe55a298458a1b3fe764dff0485313bc01a080,ok,117,421
26b6a9f6a11bbb3b4da97be71bd6928587d30d87,ok,49,169
c2d70102dd64b00ebc376f27e2e7379f816df222,ok,234,865
d61a424a9b7df8669572ad9cc5e6c92fcdd4351e,ok,28,86
f8db0642751d4fb9a78fcec41bb39287faf6f875,ok,359,1313
354d9995962420601007e1e228e4e94507481501,ok,52,171
5f62c9c233e95762188a2d1cf81c1b9036e8fea8,ok,43,142
746cc0cfece3da91981d9b8e8595262094c6f71d,ok,134,482
3faaf8d91682f4341302ba57a327d7b898859372,ok,25,78
fd200f2893306cbab9d4af7b189c4d21e0a92392,ok,16,48
d0dde379c61a4d66facb2e0ade6a0f170f4433cd,ok,49,166
f6e86b7ae082faa78f6e866a07efb9ab08a4dcb3,ok,194,720
8a1c2872aefde0204e59d951d3a05aee7f47446e,ok,194,698
beac15d73ff876c84a93cd7e3d9a87387d0e7125,ok,61,216
f463fc1c66866b57ea9666011aaae39c33d4461c,ok,23,72
392366397c91b99a0710cee39552ebdd12af57ab,ok,48,158
fdaf4eb207ce5dc45a2bba705cb6bcfbb9ffa0fd,ok,26,84
4f56ab6613ef39be50f46c13a962d7d9740ffa27,ok,62,220
17e92c6ac4ad22e5ed3f5158197645b075f547b7,ok,416,1501
d1965296519346c65f9a6b348971415b3454e8fb,ok,112,388
8baf39740cc321f2e8775cf27d9a103c07c2a416,ok,100,346
fc472f9abf5ed2b761d393ddb5a2280fa7f2841b,ok,19,58
3a183041c32d0259adcb7428cc7edde830f89a74,ok,512,1877
d7ddb4742768dda5efdacf68794f2bb7bd80bb11,ok,22,68
d84343c820cfc7d3e525e4e73980f52118fe900e,ok,271,982
afa5dae06576d8c961ef375631e5d2d3503eaf97,ok,125,424
0752553b22149f235e8d7caff21af61822ff697a,ok,72,252
a3ee2246453ee74d57c0a9146da156d254da4a16,ok,342,1230
802367bed15af5f24c624c0887fa34b53b3ec343,ok,24,74
d5f3a7ad11f49fc676a3a8bdf094aa632abf3368,ok,512,1913
6a14570e1ec42cc2af967682122254d5fb1e80ec,ok,512,1850
d53bdb1bbe5dce29f26d0e8f4481e3fbe78bc690,ok,29,90
21fb4e8aaa4dc75e1ab7bbbb3d98391562d4d335,ok,36,124
fc132ad12245361008ab7847fe263a52e869447d,ok,325,1192
0add7fdba2fbbec01c8d70aec26fe7844e442dec,ok,30,102
1e3467887e0035e36f96bc2e75d7235c8b2b8d20,ok,146,511
1c5ed4a86d8b64d8f8b157beda650c6d12744950,ok,512,1866
2231887088d6aa620f9f40cb5db85033a1290a4b,ok,67,242
d90ad6a8acf38c98fd4722deaa28272254ed8544,ok,46,156
1e85cf2a6c5085d524d8e9aeb9982c301cd95bdd,ok,11,32
d0f32c7aa38b0752419ed43b7333c7485a1db15e,ok,265,938
75da0ad1860e623a90c9e334a6b97f732a9b0b72,ok,25,80
b6b138e0a57c76434dc30f929d535c47204772ad,ok,236,864
b318f212a326b7c2b7ecb20b6a9bfe0f64b0a0f4,ok,20,60
438163576330e31940cd59af02a222110e198321,ok,402,1413
faef781b2784f106c27fec334eaae74d40256ce5,ok,34,111
39c8812a966441c81b076fbe3abea0eaddbdf01e,ok,90,294
ebbdc08ee6e019f42fbc1905f9c9f51f02215868,ok,106,383
857ef74a14658b8413f7a0b5f358261e646bb4c9,ok,17,52
b3cf90ea38446a4d9402ec99b446689e09750eab,ok,22,68
d1e82240c6c083741e8c6ca2488949a403f26dff,ok,146,518
7d00e004437240bf266bdd36084044350bbbb182,ok,178,620
bd219474b31f4961f1b8933160e344bb12266859,ok,62,213
373a29605e2b475231685f84f0abe17516c4412d,ok,67,224
7c09b7761ce7aa629ba05b43fe79a4743904b218,ok,22,68
1f0e250788261947773638c35e6ed9efce8413bb,ok,45,150
d058a11318a30ff17ca3d44827372a61140a9574,ok,19,58
95f98b2218123f406154b2dbfd17545cecdb1619,ok,23,70
66bd015ee20c82f66becb43d011b98a87fca7dc4,ok,41,142
3fe000af2353b4cfde0ae5ce971d7d8a7f04ccd7,ok,14,42
3e783ba1eb1fc7bd04694e6733e60eabb90d5699,ok,196,738
6422d1529eb4fca38dc7d589867343d86d6c5918,ok,125,446
41ade1f3eb2e70c02e0ced8f61fa21eb377d44d3,ok,32,104
30f58dc26a3bd1e7331fad2cdb5ff944aac02b78,ok,489,1773
f767a689d81a13dcf2d8d9dc1dacc5c875657ca8,ok,24,76
96384e24ff3b69fd12e0efadd9f14e0890f45677,ok,17,50
38c11093927806ce26b8505accefb82a545478ab,ok,81,274
1fb04e9100564c457f2199a957c1787e376be335,ok,155,570
b74a2af02375f76cc8a1abf02fb0e92dc22193bc,ok,512,1911
add4d7a0acd29a3dc2e47406a0bfac18b954030e,ok,44,142
6d5f9658df085139005b57b553780a8c7cccac9c,ok,103,366
13bacbf61574ecb39b7304d0f9d34338f3298510,ok,52,170
b568d16d0e095c2a13e27f5d14a76c30973211a5,ok,20,64
d6c47c79a56654edd87add90629cca30359c7091,ok,9,24
7e557cdd7d097daa0da18920278cdee27c2a0f52,ok,512,1849
29a20d979cbad1509c393d6550de8e0688b82518,ok,30,100
9e8c32f933e666d019c8a19e238f2c3a46e63eb3,ok,33,110
d7ad0c7e103c635f1e6ffd40ce9f1b89cd05e60e,ok,31,100
1536d9101187d04f28905d5093824165876656f8,ok,37,116
f6d9df1676d269161990ac2be703b5753c763881,ok,76,271
1360560c35dc33c30be3ecbfb67dc40141597ee0,ok,120,404
fc08713552e59ca8e1bb927ba96579ec7dde6537,ok,62,214
e19f774a0bd3c6920b0e57fe809b91d0032b1226,ok,24,80
eff6545197e7521832c77cfb36142666411a4fd8,ok,108,370
884c47554fa3c7109a8f318bd6700967deff96c0,ok,135,474
b2148748de2299f49fb7354e68f3b661c6dc2a4d,ok,431,1564
786c4f01742ad236b62dcfbcb79de2a8fda3e934,ok,47,158
27f85b9bde423643204b41cdd2df57283f69d810,ok,24,80
a3fe54c7f1f140cc07f05a10a1ee7bde4dc71045,ok,187,667
1da171fdcaf0eb9d55cb456ffd341444fde82b8e,ok,17,52
531bc94ddb81656225c7dcad09367fc7263e4679,ok,13,38
1e118212963b58d6612a3a7529f928d8f5eaefd9,ok,46,154
f1c4f10557014da447df4cae58fee15ab4e6ccd2,ok,512,1923
ee70706e835edcca2082536a3bc482e1903b4981,ok,93,332
db5880158b326c6f4fdbc5af35a7bf9b4542fe23,ok,25,82
44384d3bf87c5aec7096a21397590e976295c45f,ok,23,70
571702d270709ee527b1c5e44de2708482885498,ok,64,214
fb864ea3237733cb6ceb9e7b1d3dbf252e46fc95,ok,310,1157
7745118deaea2b5a1900bc2f1f1bc193421b0282,ok,32,104
26a508f3893427fdafbf5f6fea3dd90fb810e868,ok,16,48
d22d27be4b84b207c9a0648ccf05314f256c95fb,ok,231,809
4b6919a6021be4edabbe73efde914f40b4316cfa,ok,512,1850
9bfc428b67eebfd34fb377445ccac500a6874bfc,ok,112,394
381d48117851f960bf59180fc193a641c49b1c0e,ok,14,40
964871c499c6f9d4f2822b61b6ce96a9c5c6d08a,ok,43,146
ea7cfad6a1f55e877d14e6d893806c16d77fe2b8,ok,61,198
25d1f5b1dde9ca2b1f6ebd9e789a8fdc499f96ed,ok,232,841
c62112d551725692f2416077f259c416eaab644c,ok,12,34
291b06c9d5228f5978a2ab1700118a2ee75e154d,ok,340,1221
35e00c22216741da76afaeb476c888251f418fbf,ok,140,482
a0c835699cc1f0ca4f1d37b6890e39aa0beb76fd,ok,28,90
3251c54f5be4012f443821083f42ef6d9f8b13af,ok,22,68
21d22daa076c94f49cbe5a9379440982508d7671,ok,12,34
0440db1dd7ee5186c648acb00b11761475fee5d4,ok,306,1068
edfb98329ac82b9b381a45fee54b82b50e7eeaf2,ok,16,48
8bba68d333621744043cb79da9f77f3f8507ecc0,ok,29,90
a886a80ec0dfb63ac2330a0944099085eabd6325,ok,160,564
621a46a4210bb869f416c7e2df74d5c1f2a21c91,ok,25,82
fc5a97a098cc81887df72c85fa1a3913b97ea134,ok,343,1262
e1c07ea8a37fb3f53acc2e8b199e79597e0b073c,ok,50,170
3d6739922975618367b3fbbc55677d5c4727f827,ok,55,184
740537470f97735a1715d6cdde1f5eb8301aa7a0,ok,23,70
f6f5c3a1604e3d88d7345f44b4d61bed8bfb3177,ok,19,58
1e09042299f4219547236f3a2e23811951ba0e79,ok,22,68
a9a3caf6fc527ef4770db8834d9409cbf1f992c9,ok,80,288
111a30415d434e7935539504c0d6dd7a5a8575bb,ok,512,1883
e674ebf721ae16c03407b07e461085fe3a0957d4,ok,49,170
39f2fec767e66239fadcdb6003be6392a2f20a6b,ok,116,403
94759348c340e66d582ba2d61037d4261dc7265d,ok,61,204
7327585833608a250686e31ae2c48b553271132c,ok,24,76
431f5eeab425a47dcbad670f001e2a3b9d519af3,ok,512,1836
54b8e570dcd4a49d696c9a47c7bea4c888385089,ok,409,1418
4b638b0bc40ebcbe2bd4aeb2958092dbe96e166a,ok,17,52
ab33108e22c4afb3178812889c6f1f90f30c9d6c,ok,312,1130
63762d7d6049139b159b208f29d240e3ec3b1b21,ok,405,1489
e454e9372ed8c26747d19faea44bd2be283195e4,ok,138,504
49769b49a4c066a97e8a4ff07ce8f5aa5afa8b18,ok,114,404
75a82e9ac9c5fbea410bc60c3774517ea657041e,ok,244,882
39f0785a6682d96e1b3487127473af87f4d46f6f,ok,25,82
be6492fd1d2cd1549fab8c25d417abe4d2ba0b20,ok,115,438
99047288df429b634d6fef876dedcf50d7a5b383,ok,48,166
caa0023c855aba4f2f93aa41621091fd3fa2bb44,ok,19,58
c40addbc1f76c69b3f89f47de58ced56ad8f58e9,ok,124,428
07b96ff911145e6bb368377ba60f17d9dee71a61,ok,467,1735
b795268c29f5de5480e69c8552d931fa59eac071,ok,55,184
551fbb79d0a50a4765035c1f3c5fcf774806eb3d,ok,33,112
27222e12518da64f15d7319231cff16d1027e373,ok,21,64
cdb21cfe571de0866f549e545f9ce208e7e52c11,ok,25,76
8ea9ed9b3e5cef66e9cf512a0654a328aadb8cc4,ok,31,102
e5e6673bfb7cce0c67d14cda71c1bfdca8188a26,ok,318,1161
b156e25f38e7100def0d8726f165c5af787e51eb,ok,36,122
708eee3e7826cb46fbe8bb118f8b5d318b674fc1,ok,151,537
63c4faab25b875daa00f37eb9b86de0ecfd67a9a,ok,295,1077
ffbf9ddba1d03b5616cc2ab3b5be478d9747fa16,ok,30,100
7c0088bf0f50641cd458ec36787d1a6f1108c29f,ok,79,271
860fd52aa36ac0d0a41458c7d57ea30efc5c98a4,ok,66,232
fb22ed98f2d55de720e0b72781e9cb0578f44d0b,ok,512,1893
3bade48ccbde76422f7e108d44dc9cf57453ec67,ok,82,272
1885f6eb7e07615640ad1923da30dda405e97671,ok,512,1924
ea55d979a29c2d9f0d128e093bc552b38d55973a,ok,234,805
adbdfb792b3b5086203917270031bb436aab0c6e,ok,482,1692
173fc2e7bb2a40be9b15d746a77438f1bd2647af,ok,57,192
1d5e58a50708c3ff9fb741dba168843b84782071,ok,81,274
aedc293cca7a800df152de3fb48345e46bd3743e,ok,76,270
919bb03e039677f19a059e926a726295d133227a,ok,512,1914
bfab3748f8893151ca584005ce4ef6433e5a36ca,ok,512,1855
48da1f823d2f7824b0f2852f0b5b5efd3b8eb6d1,ok,19,58
fbd166ffb20a2c4f846b7c2647133c43ac8438ce,ok,399,1413
bd9862b9d22ccbef895bfb38f04a26d1b798577a,ok,12,34
bed6f6f03ecd20c686568b99050cf4062e9ac8d8,ok,35,116
21602d7c5c46661736f3225e2e686dd4e644776d,ok,32,104
4217e3456c3ad63eb6afa43232001c9723d999fc,ok,270,998
b30e86668bd65af50eea920cf40152185f24b4e7,ok,231,830
be8b84c0e9cf91cd97429152247ea79ce27a00aa,ok,33,104
2c0ee5599032fe426aadf034f9d156706381c755,ok,512,1897
8af3d96bbb87b9d737f5b58ed5767d381e87b499,ok,37,124
c94cfa1593bdd6ce88f39570b5942a8096629d95,ok,11,32
f84466726dc05576f7308eacb89ea5dd9c4f8083,ok,25,78
42a6b186c47dcbbfade267186d138fa20b7955f3,ok,39,132
5cc1b0e3aa3064f9d45481050f75381acbb44d9c,ok,80,280
ba5d1c94e1ccbe28fbe112f4c4e9be1b92632cca,ok,242,857
d2230ba8ebc49270406dae7c0477e377f01c664b,ok,512,1827
91efbcaf6b99b3f08e58c5bd2cf77514c20c613c,ok,91,329
aaf27fba5e5bde1bfeb44c64a93dac8c8bebdfe2,ok,21,66
e7b23294130d7bc7274d0202c5497ac0ee82babc,ok,148,530
2dc4d3d77ed6c52a4ef13ebb58e5a4da274485de,ok,31,104
b8fc3c99e2181316456cface36634751785a44ac,ok,188,652
0dc6f1b24b7237e7aa0050ba56175732180fc329,ok,119,394
00f88c00b6efb72b5928ab16810d668515a79978,ok,29,92
ab4025cafa35121ee91af8f09ac3b4f04c2e99b1,ok,16,48
eba25a6ab3185354148b1990d37bf3eaeca6d0e2,ok,177,617
5c243ce087d84f7c3239b776be116ba3d703b4e3,ok,114,388
b8b6459eea748b07c76d2979d9975efe02895311,ok,95,352
8b728075bfc0fe982987d01ad56fd5e5fb7f4c5f,ok,85,313
0dae24f38bd5d75aded8a02b7a6fe6945ce9c851,ok,107,378
39b2e523146ccc90dd729d02aa11188a143f7643,ok,269,998
a01f9f814628bb803565df87dc87c618249653fa,ok,37,130
9de7a9d3bc1f818221a1785878618a212d7f5968,ok,512,1884
ab08e811213e619b20c83163592c55681043d54c,ok,71,243
8dac480f8c65294feb40a8353dc2e81991572d94,ok,224,809
28fb6ae6dd5ec674915f2a28b3becefb5f797c7e,ok,194,708
e749fd90c72c0cf050f8c0213b717ebacb30c65a,ok,14,42
5dfb92fa81353032bfd2f6d74867adf82500a2bd,ok,37,122
c7e37c04cae84a08e4a40b2f77b02d6a39fa8ecf,ok,59,198
563088d9e42e0d63d97a53aee74b7bd488461a21,ok,50,172
af04c9cd32da63ba1c1b4ab1533547bd41550375,ok,56,189
892b680099ea9a50df6a7bdf0e71841ec554240e,ok,49,166
9ccac7a1bffaf987192910c7e01230168654ef91,ok,36,122
c401310f6cd753f56b06148f747a5ccae565841a,ok,16,48
11498502a0c59e7f38ea871701a6e132ef0470fd,ok,85,310
ea1b0629f9d654859994e1914f364ee4e27f6677,ok,118,423
59ed356d3afab256fe3e107786eb6a60f9baf509,ok,151,553
e3aff4f3abf55e5919ec50b1cad06e4963e315f8,ok,25,78
4bd62df8a6c91a4d52a28cfee38e57e7d3a3b191,ok,512,1825
1d00531085dad0382a25a472bb48f71f471e87b6,ok,11,32
a83619cd5ea3994506b120c1ac022b804ced1c84,ok,25,80
7e70b05e0dd99dd5b22b4fc9f1e9977f14d6045d,ok,315,1171
a10b66da350626e13588e264bc37314187c5742e,ok,512,1867
90d40d74ecdf886219e9a73638605e5c326c8f0f,ok,217,778
7417773506e2856c1d3359606b664f88bb716aef,ok,44,144
9cf17d701321992ffbfa2c73eea8c51d54f6b7f8,ok,21,62
120d533e233fb5b6edc498c80f4de8188153df12,ok,27,88
5d1be53d444d592a8774be4a01377018b864c045,ok,512,1870
c581b756d4f723b23a204ca5d98ee654418f8c80,ok,216,748
0327c46c7a0e0849545f62715c38ad36a4325d04,ok,205,728
94d63c33e14180f32ed489592faa411b8a4b58a6,ok,156,522
4171d57e8a6062904ef99a616378f43978d109da,ok,22,72
adce89ae1666b33129361bde5ba2a718f241c0d7,ok,50,174
20816806365171398c13206ad833d8c3f6839c61,ok,25,84
78b0a3213c6c6284cab6d130dc14e034dd4f3022,ok,16,48
4cd85db168c4aef71377ceecd76d2696ebaeea5a,ok,12,34
daf47639d4cc347bba495386293c6e4b18f0c7f2,ok,16,48
68e52ed7326f204bee4ebc1db6db50c497041e6b,ok,78,267
3d505a2b78fd7f494d7f51506ff81db6527b2e87,ok,48,160
8991856d37291ffa9127fe91bbb025082ef55b9d,ok,238,876
86c8353979583485af11d22633dd3e65943f25a0,ok,162,573
d4ccb4f06a60bb96ecd197c72c384dcabf949a36,ok,29,92
76cd73b43d4cf41a2f0d82a18e9b0e5fb2a95671,ok,14,42
d874daefb5c34336fe21309fe3c70729ea2ac098,ok,150,533
e4007b886118ac363f15156bd1793723b63d9b0e,ok,47,152
0896a5a42b03843afa87997c4681933f996e59c3,ok,19,62
72ca4b7fea29fedb4fbbdb6ffb10b61d3e1b49f5,ok,45,149
b205ad0b6112f7b536c6d0d59f649fb44f3ce4f6,ok,447,1636
f709f1e806dff71901815db29673c64d2e346cfe,ok,62,212
461231c47c54789e545ee5bbd0c9752ba79b6a56,ok,241,888
3490f53031afea5e7b926475f7b1b7f00ccf3778,ok,114,400
043a52fb7d4ca420cd0f2fdc898427aba9f2894c,ok,24,78
427c7dbe9d24629676339bae27406139360fdf41,ok,120,424
99d4846f1d3f7ef071be6a3cb5f375c11a942e46,ok,135,475
58604e83c6537b897a88e38b16b3573f0b444483,ok,46,156
c9602f27532adf9704325c991cc86f5d9de7a277,ok,221,862
9a997beeb079cf25e068161580c9cc0290baaae2,ok,136,485
2ce4ebeb1b5e9d6df4771d4b9b7d8fcc406ea8ee,ok,28,90
435b59636091e7e34b5fd333ab940cda0087bd45,ok,213,749
7c5637029bf6fc8bf0bf4aeafd52e372bb375456,ok,22,66
d0de0f285d27b143e1d9a7ab6e0f9e2a0ce5e154,ok,38,134
b4ed9665fce96c167552fe2882e18142bf090a63,ok,163,577
61a1680210d4d81be0e51418b69c6dac6128f3da,ok,340,1233
6e7b02865401dabd6d8f4c929a2021c7cf66e8a2,ok,37,118
9213492934b5f1211d4340e2da1ebada40bb6130,ok,69,229
4e8a23fb9423b509ffed74a57cb914a06e908e68,ok,54,180
e6ca1bb32fddd9bcafd7d04591a0174b114ce23a,ok,188,680
0047609a5faf7a8f9c5f5e9ac1084de8a5a84633,ok,29,96
4c58599e024709662923fd35448579bd9cc76ec2,ok,51,184
add6bd8d66a1231de02e4207ac31fbef509f60f3,ok,23,72
6966728c6ae15308a1ff902b7cd970bd5e863195,ok,133,466
4cc3c16d6a3ed40cf1674d895c96b26ba566e62d,ok,210,770
ca6081c29fe4d0d8e61d9f65b56d36c397159371,ok,28,86
067e14a30c907562198c34596c7b77be1e7839f8,ok,30,98
3a68f12c6bf774668fc3f2d250c25412b683fd6e,ok,66,233
1d617132fc5ce9b0726752b6340fdef59147b155,ok,98,341
43c46c4c8fdd72b4afafc5b6719756ba8be40705,ok,22,68
71d12196174ceb93fbfdc783b9acc5f66bf7768b,ok,205,746
b7b22c9329f4744287f096fe2873b61491bb6a94,ok,403,1431
80e9595e5a72ffc8dc1200a2fe53951bdde7522c,ok,34,116
b0cf36ee2e162744f0a9735c43c068e1a49e2095,ok,38,125
10e32fe7212125a3b3544c21a6895738afcfc5dd,ok,42,142
abcb92195c7514e8e969e7f398e8754f6cc0f5dc,ok,90,292
f5a2a9cde4e43d7cbe73aa539594a259ea2db949,ok,512,1920
74bcb196ca7abd546997e8c8cf0b77f4175cc7c4,ok,60,207
e1a7de0a45f61007b4816f5e57b6003e6b693363,ok,12,36
519c691006a3944dd8a30f4cb57cec57cb3c4b3a,ok,191,662
e570e4389ba71e99dd4b33c56cdd5344e48e9d9a,ok,512,1855
4df595096a79d726119aae7a2aa285406aae5cd4,ok,374,1364
41568f597004c1e49318075488dc03d87771f502,ok,129,446
d381d66723e0ebaa3da7d68e6ad63f4863622baa,ok,39,134
282c9242994ea56088daaae8880b7a785c6797c2,ok,159,590
23ea636bb5a6cb49891a17a7022627856761ba61,ok,149,538
85643898687b45e39fbb5e98c3f33e1eaa353987,ok,16,48
c24149c12fac50a0a798d8f617119a548f48bbdb,ok,308,1135
52f2200f3859063c08196206b221ad96ba9dd9f7,ok,287,1040
3213089dccbd908ff092342278bff11147d50783,ok,79,273
b050d8fe9501a19587633178724cf8eb76ca867b,ok,45,150
3290ef0d82580fc09b5398dd15ed38e12eacd30a,ok,245,872
3f0e3e7d131c51d47581b2a46f52d575828e7a5f,ok,65,219
b68883f76a611f7eae6a20aea3b71554be707b69,ok,89,315
e6ca1c5f38d2b55cc5e8f4f719670962b6aede96,ok,19,58
cd979941bd65d0a03218a12d95043fdb1ea61fcc,ok,17,52
db4c67f60290aa068c8fb7c6b3f3be807a6680a7,ok,25,78
14444f5d7fe2d14cfe90b17c2d34d636e54aba94,ok,51,172
729f7a4e89548b8ce0862b468bd160062a9194b6,ok,375,1370
364b56076fde704159697f84b1aafe80c6c6a150,ok,189,651
18e7ae35ffe5350c2228c6cabd10be204b840537,ok,68,238
58a468cd651214b7af58f40ab3c2e82994a845bd,ok,79,288
8607ded8a8415bbcb261209fa0f3678f47353b64,ok,512,1809
f5f980211be535bda5a990aab0c7362ff522e2b6,ok,16,48
60d07ccd9ad28d73322fce1bd437d71d579a964c,ok,413,1474
d6db4bb41f3e9eaa1eaced6e6253c80c47c04f44,ok,16,48
b73c9a66d9600dddcdadbcbb013b5f652eda432d,ok,140,482
8f48014978763006e55908cde4bf11e24333379a,ok,93,322
fbcf61562831c540f26ddf1bc7eb98144ff932cd,ok,23,74
aa66329810559b8b40505cea911d4f4bde4e0662,ok,106,380
8d806ee1a8763fb97b9b2d6343ffac7c4e5fbffb,ok,29,96
5a5f6cc7974f40fd1f15dfaa3b58a69ef9ce9909,ok,19,60
7eb4e3fe4da3df253fdcdadba57b63e8a85a654d,ok,41,144
8a0c40e9b16b12e51b24d35c75cce856085335df,ok,39,136
0843d5268abb1f5c7e805dac6081e6d8f744386f,ok,27,90
3651e3d8307ab861753c96bf6e86069c75fe3afd,ok,58,191
7db44190b878fe7818303cd2da9328934614a003,ok,146,521
0536f3cbf9ff3b1ceac0e30031b8e689616bd702,ok,44,142
9be26052838c4fe7d8b859c4f8acab8dfc455905,ok,512,1830
2863505febf8e1b4ba18630eca1096028b07c981,ok,287,1029
a47405cca3419d0999ba39953583a2b77d779248,ok,20,64
da144589e4044ed86098e85a2e32e120e06e022d,ok,250,900
3ba083451dddfd608c560a1ea23e45099daa2728,ok,512,1865
b0aa917ee5ee037e096ab6248acb92ca869cd933,ok,123,438
a2e347c2e332690198ecc65d37cd9b350d3734cc,ok,65,222
37982c8448c4550d5552b0c08dca584abe638948,ok,275,1017
10de50331b6f9bc6abceabf1b73cf04db2dc6963,ok,28,88
4e7e95094b97088c33d4e368e565ca09a6064139,ok,55,200
c48ef604c607c83ce92db4576caada8662edc688,ok,36,114
d6e499f4be4489049be742da023f51a11ea291da,ok,17,52
74cabd4a5cf9de48ae93e3ca6a981b2cd79d67cf,ok,94,338
150306fc6c4450c45b8b5b3ec284f29fdd9697dd,ok,44,142
51c6e68f7d12e140bc1f5fb0932f85e69a1b66e2,ok,17,52
487e401ce2c73444e57ed28adef14068a55d631b,ok,52,177
3c8d7fef320ce2f907ba52d76edcd35d41fe928e,ok,11,32
b22d7c7bd62985651c9e82aabcdd3446a7346eaf,ok,71,244
d4411b69884d1ebdacd2dbf95fa74f6ba02beac0,ok,277,1036
95d76d6f044a89e87539d84dcbf65b6d41661660,ok,110,382
745e4ec6d7caab77f4ff881c9efb9d428f945b61,ok,21,64
1e780d6d9c4337721d4eb037646a4516af9ba4d6,ok,28,88
44386d9666d1ac470bdbc5f018be96a5bd773bca,ok,138,490
79b4ecd87a047ece290aeb2a7eef081b281ce6cb,ok,512,1824
978cad1e9af39332f8ac0aff1353569edeadc1d7,ok,119,424
f63f8368f5fe0432627e5d0405c76cf7d8a6cfe9,ok,111,391
de162401490d3f02636098bf0ba1fa158950295a,ok,36,118
5a7c92891326b67a505d8cebf080ae8ff98c538a,ok,512,1849
81db90d1b12722c6a63f162c737a3f3cdae6fcc3,ok,93,330
82a134408129fcfe39c3e80d7be6c3e3dcebdce8,ok,97,342
052e1d1622ae8fcc974f61e5978d868afb4eae38,ok,188,651
419c22bf370fd5f5b9e52fe56eceabea7cf872f2,ok,85,288
ded648112ece8bbd50faa6bb5485841d422973ed,ok,43,150
a079b63004e30eb3781d0b1f31ba29771b3ea75a,ok,53,184
0689ef7d68723c7ef2c408a70e03a6b7fdf36a6f,ok,19,58
a69d296c803338d90df23711c3e190c7f27942b6,ok,249,884
3cdb2ca32496a51163ed67746dc5cab8598fec4b,ok,16,48
12c7fc2de5912bfb2aae1ebb75f8283042420d1c,ok,88,307
1b9529fc3fce5ea0689a03b82a609cbe23c5170a,ok,72,246
6347f76b486939c88b576d251c490074a687ae55,ok,119,416
b3bd50b33ebe5c6f3acb2c66b14df8c8037612b1,ok,25,82
9bd8b864e55dd26aa9b805a44fe42fdd59fbd5ae,ok,25,82
abf15a6b1cd4e55ad7c1f4199581d5a12ac2035d,ok,24,80
76328942b3e134852da3378196bea55d6827849d,ok,31,106
4f1c36836e26d69615bb67d55e2121cdb9edf89b,ok,512,1929
1e2479629eed923798bdf9733402720cc7cd08c0,ok,21,64
f0b3fa7ef78eef7aee387319344aa2ff46fa9fd5,ok,512,1973
77b2b6f746a94c488933469afcd68e729da93beb,ok,512,1766
14fdfe4de08f5c99a9d653b708ee8f019948f660,ok,188,674
ba64fd9c8ceff35ff4b1fd2626b63fc7283614b9,ok,23,72
9c59b2fb08c6e75680e38fa505fb703e03b2988d,ok,114,401
f6fad621b9854a6092dee61f02fe9e3282aa78a6,ok,174,597
447ba4359ad96c913ed913d223b38916c058b155,ok,127,454
456a333d84105aaec9a626c919ce03de86bea86d,ok,200,706
68f038404f88c22f7e486c3b85cae5e2511f6ef1,ok,313,1184
b859567c4ec06fd190defcb8521650a9c2a8f0c7,ok,56,188
c5cd06ee68dbb6a06f4b839e28c7c8513144b0e4,ok,55,189
3ac682592ee82f9a2c9f02d3b49056dc795de826,ok,83,286
51061b36e6879dd499c8de2c2befa849dfdb79a9,ok,66,220
f5c0d243c84008877b1890b1c261175d4b5ef89c,ok,39,132
54615689a26875741bfa4c345778b983f347fe7b,ok,58,198
6e906873d5455bcfc5d95db65041cf902d24f710,ok,31,100
252d2d1540a46260db94cd5d3ea3e7752caa16bf,ok,43,141
c5bc69c25ff9875e33ef6a0eb0f8f4bee5c0985d,ok,139,489
663952fbfd5d222de4a97a39035a7b52912d9762,ok,246,872
8bea3ab6c93ed7c9698aaf5efe392e10dd1782f4,ok,32,106
5d4f435e0fa775d815c6d2a3509d2cd3f123787b,ok,11,32
bb863f4485b1b2e1a663629812aa604fd586a565,ok,13,38
e5517b79791f27ac92d07b9f141b673b0c990db7,ok,47,164
3535271dace6c75bdcd85f1995f3111c3474ec60,ok,512,1811
b94b7eb1f09666d31d26a53f5263b79bb6e2a35e,ok,512,1834
fb4edfa8b70d3d47b6ff2e5797e90084206b82d7,ok,512,1848
394f250df68afa020dd30acc97a7d680fc95b800,ok,18,54
83a5a2cf096c7581cd49cc8cb9bb6b0c00d97968,ok,512,1865
21e70445598211ad3eaa49ab9254da2e5de28a5a,ok,89,306
334d6252347b4804d5c9e3f093fe7aef3142c4d5,ok,12,36
e730ea5bea8648d9521a38f2b3658ec49361a4aa,ok,290,1043
0de773a1171f8be289145c0c5ff9dcc84af4f2a6,ok,54,190
bfb5968d3b56a347a9fb3799ace311817803b2f9,ok,364,1389
d06f23124d7d398dd646a841592c8548ca6b40a1,ok,13,38
33118b7cf5b695be0ffedc0a7252e8d329fb8ea8,ok,173,623
fae219bbced269ea3eaf691241df84dea32fb7e2,ok,16,48
833b4436ebbe5b441eba1e91560eccbc994c52b4,ok,16,48
b5dd85e9d202bd499f768cdb630c38dcc913edd7,ok,75,261
f60090eed30f435109e4bff3246ccd8ff6487430,ok,53,183
be33de222fa42a83443982e77d1a9c3806afa125,ok,56,194
9300595410bf047ef6ce8729a068930f773b19c0,ok,375,1390
c99c6bc105ffc6c4210f4aa128950896c7a02435,ok,29,96
eff9a44168aece5b237557a8b8ad93c0d364df4f,ok,56,203
b9ffd426fa3f345a2b5535e09de075aa9ac983e8,ok,512,1914
720b25ef2b778d668e4062c0830aef1a4229c995,ok,87,312
05d31602ea3ef46340968ec3b1f47a1b7a9c5d18,ok,28,90
18e799d8b4a1ce5ea9c8df4a8661f328945a68ba,ok,269,958
4374fba0793de644b6ff226eadc6a54e2e11a692,ok,58,205
7a96207a547438a7f52510b98cf5b44865a1f9b6,ok,31,104
3e0fa2a456fc355e470634508d24c2c5bb02f53f,ok,80,291
91270fdc471a6b9d2c6539889cafe41c3969d65d,ok,512,1892
d0cf99894b49f9328134ac745126cbbb766a04fb,ok,40,135
959932e24082caf2fd014fa6e6f57acd9dc51725,ok,153,549
9a48151c7c2e781130f6994ce72de5a3586a9c50,ok,42,140
7481722ebc3adb473fceae9c093babd7da3cd939,ok,99,358
c02d27019a32ec5197d696828c77bf1bc15640f5,ok,49,156
c26bc191528c9174311723d98f0f997706cf544d,ok,145,506
21ce3f48e3aaadc7a4c632701607bea73ef570ed,ok,18,54
099fe39bedc2e5cadc7f425d7a8ca7fddb095ebd,ok,285,1054
f76f27fcdfcdd4b9ef0e9658c7c70ab699f6e4a3,ok,124,434
2692ccbd41af680cf4707b4346c63e7dee6b9e94,ok,25,84
e7de8794860e3fdb4bde05725f9c998c924fe4a1,ok,461,1758
e623473f3438016b369a2c770defadaf8ae30ab7,ok,120,428
6317278909c343646b45f0dffe038ac809cdb237,ok,452,1726
d2dda197ad552972e921506ed7443980d03a2c5c,ok,47,154
eb52e9c9b9ba2593e84819438b358ea37427d9cd,ok,277,982
28a87d7e539133e5c1ff651024dcc6d049df8469,ok,32,100
4c2fde304678feace4568902f226e10d49d140dc,ok,54,184
125b434322777ae66e0914b8a7e93248effe626e,ok,199,730
6c7e49c8e8efc5b020136e02a7eaa890826516de,ok,104,364
a6ca32e3c8da1bab40191f44cc06db6dd46e2d1d,ok,63,224
91fff1e674dd0aaf15bb6540dd4c75e5d2ac5c8d,ok,105,388
093713fad32c13eacc39d0efe0c6404a4f8170b4,ok,50,173
c2d7428e48fb221c26bcbff1b7dd78a5adc7b06f,ok,139,471
3f9df000537b7706e0f546e8363c5436cd1f86a8,ok,35,114
b0eac29b058953492c29485f5abeaa5923abacd9,ok,90,310
a21a9403c95ccda726ed8b92046f17d53dd01533,ok,54,178
b7486939ecc04c8eb79e8148af3bc5fdba48d3ea,ok,41,142
25a6db02799c25301efc8c1a74311272381b8a17,ok,119,408
8b6cfc4665e33d1ba44dd95de7668ffc88c81afd,ok,25,84
bad2f447957e418494d2c072b1f777de8834ddfa,ok,512,1828
79df308894a7fb3a4df73b3f758ade2c81f28e69,ok,32,100
00061f5afa683863b9c6c67e81ff4e9166274b79,ok,19,58
f71e9fb8a3c8001b9a6e459fae802344cc5cd75b,ok,123,418
317b1efd2aa3cdc2b9d4de5ba51f213cfe1a89aa,ok,52,176
e4a56886b4279ba857b9aba83a1cda26d590f2d3,ok,52,170
c5e112f55a24d41319f253feba2011a81e7e9f2f,ok,14,42
c42ba73a46d410dc70eb33b898a75d8998a2312f,ok,327,1222
9945ce96021d20a86feb172181a9b13aebdb90bc,ok,276,996
f7676731b68ebb00e6b2f9031b1b6f244b8a6037,ok,89,310
08f8d9c66a23f7653ecd2641f6e7dac78e42b87a,ok,54,182
d3a1958db0b5088d9baafac59c554591d544ed9a,ok,167,610
26ba7c90c70ee83792df7dc9376ebfb13039d020,ok,57,198
7da8fd202188014aecfbfa8bdc5a5d3c6afa85f2,ok,251,900
b0448fe66d4961de77928b7109e0395c385f9d82,ok,512,1895
14912d83a7dcadd401c6c6b8dbe8b0c6f46e3583,ok,38,120
6c3a23b6b5ddc520b3bd3ff02280a2b47967d00e,ok,43,144
106e6330fc73d44ffec2edc813c71d0d20f1fd33,ok,254,913
34908f3070c0006c4f8aa13fbf68f8d1d46b1305,ok,512,1794
d5139ca2205bee054f4777ab2ec054b70bcbdc39,ok,34,114
681e58e8901aa67cb656aefe99aca52c4505095b,ok,237,867
0b0f0ba6b1cee278b0db74c309e5cdd0c2cdafe0,ok,273,971
1eec5c279a4d48ef014bb9af36729d25f33871b3,ok,23,76
2174279533c352bdbbd208242c1ab0b2e8df1d72,ok,66,219
fd1afd77e180588868693cb49dbf44c82478b599,ok,512,1904
a0dcdf413d6f7964b3e1bd99c640320352cc32e8,ok,81,283
48ae572ce7c7adeab7af28ead229c9d0db70e46e,ok,16,48
a5eaeafb6fb34755dbb3c5a8df1f0a7be21a53b2,ok,65,226
f1a7e0cc288d382e603d53ba83ae3df94e4c71d7,ok,103,379
fb2e4a3055ff8d3ec368094c1217ee7dbea6c64c,ok,53,182
f9677e99c5edf136b11372ca725275c40f9e4c00,ok,16,48
4c1815923b77b0eb39f4208575847d93b0f94038,ok,512,1863
b2667843da926597c09e072669bd4927901781a4,ok,24,80
9950be712b3e1d5d1edd280a672317eae0109ad5,ok,48,168
ad627fbe27dc600e68c5a34255fe296d1c9fa636,ok,20,62
60c8be5a1d6621d16896362a8d2e4fd7e04e15e5,ok,512,1774
78aa215408589acad818dd58cd2d840c28fcab66,ok,101,350
9c908d48b5e61616486ff0fc0a70e101649f2224,ok,459,1686
c3fc7e40b5e906a6bf9ff8d32ca02ed98816cf14,ok,73,260
609974cae811020349da0411a4ba94e676611185,ok,501,1785
03f3465927112f3819dc69ed9175b9e67bd025de,ok,18,52
8bf7de848df6b68a8437687ef7e03f25b2b6d869,ok,103,361
e0e07c86ad7981f31c874b31b72ec7a8ada8955c,ok,27,88
4a901df9463145209d19ff475db3786230cc9007,ok,16,48
88741a0ca1d54cc42022bb9f225d19c73088ca3f,ok,71,242
1ce31f5850d4fa82f019812c5575ce05f6d08eaf,ok,54,176
991dde50e2e694dcc26aaaf8f0a0cd2877cae46e,ok,26,82
c15e56497b39e49e9c9f12f146ac4ca0307a5e0b,ok,146,521
64fd7b5b64c2ee3b81fe974916975eb1c6b01bb7,ok,56,186
f964c2acd8d854dd5360670030ede892b80c673e,ok,16,48
222474f52a204dc0b55cd2e604d0c42f6468ffce,ok,447,1638
db52461a26ff21c5a2fa7551d896b015333c7780,ok,79,277
ce06d624db8b07098aea56e3a90d149b998cbd71,ok,266,962
b67f877b40ac33b226055324ede380a235f44709,ok,38,120
31eeee0d6d40452b069120005cc3fdb30767deb4,ok,244,863
d21c3cf8c9c591bf189573ebed40d8e416b575f0,ok,163,580
c35921027bdc3dc20fdd64ed6dfd5b274513dcd6,ok,23,70
a66f0c3df0d7b2e92f690f965441f1b87cebc4f0,ok,25,78
04142b53d430ff47bf9c610f930b6d96b539aab6,ok,421,1525
474713e5370d66c4422ae16b48f75afe2cf28399,ok,217,771
f721e5b46b6db1b06035cb78a387e1e97be00b33,ok,16,48
99bf7d5e89d4ceb1b8a3bd526b3dec70ae227801,ok,26,82
ad5696451a85fd09c6b5d319d40d9abd256f9f4f,ok,25,78
6a41194eeb1da04d5c733e5499c4f2eb423d3a3d,ok,28,88
d08bfe8c8a88256127468c8fe309234f5f73d0ee,ok,512,1877
1e632c4972b5095606570d319ab1514e5d579b16,ok,125,446
4d64c261dd3d25fcc3ec9a0e921f86513de57aa5,ok,396,1466
d19b8a0a221ee40a38239c6883e28ee61531963d,ok,118,415
1d09d467d2d0af5e5bfebf9ab6d73e599d4a29f5,ok,20,60
047eec37d15bdf040ea768bb3e6e509db7ea6f5f,ok,90,313
472bb580ad038b32cf061669eab1a1d3e3b1a915,ok,31,102
4b57f034fe70185f99d278fd96bd0868179290b8,ok,24,80
2eb179c4391a8af38881bb9611cd869631ffa16d,ok,298,1077
3b883600853b9cdeb4d7d37bc543402e9e9ffe7b,ok,71,245
fd4a7bdc2bb197ecb3977bd21349d209c93051d8,ok,46,158
d7e255ad136e9ae1ab660df14a05a8ab29137623,ok,379,1395
3df14769f5b56f5e2b661d8db7e787112d850099,ok,512,1843
c476b09c7497aa470146bc3b58155657d4d5b9bd,ok,16,48
8904ff26f92d6cf69484315504d50b84b07188ce,ok,35,118
752b4d4a153ebff19562d5130cb9dbb18554951f,ok,195,706
c7f695372134010a1bd943675d25769785dd435f,ok,411,1500
445489d41fd323069ea040da5c0ad3721b50dbd7,ok,88,298
e25b58902a9041a9f954d35837e24a8271f1731d,ok,48,154
f03f61d24602e60c7bc587a367e53f5c12ff677e,ok,139,512
fc63af1685920d3ad085a84689c7832b015e7608,ok,472,1683
8af66ac4102a3bcac3cc049a8778b422c832bee8,ok,15,46
f07a1194219793111b1bd4d33e697270156aeedd,ok,77,266
3592d93b4e3e379aa6a0096f7845fc16a3f9cbe4,ok,242,898
c1cb7f10e2c6a66a28281303839b0853d1a3d515,ok,191,687
8e590b7e98a4872098868cc57a6aa48a0e70b454,ok,64,222
2ce75742a86d1536aeef612c7f78bcf465c9a077,ok,61,214
b8cf1169e962a7c5cb032d452bcaaf45d47a90a7,ok,512,1943
470f18656dbe95f150b19f186ee839bbf1c991c3,ok,23,70
46c4381fcb0da574dff4c0f618cd9326db722436,ok,16,48
5c97ada2dd9334428b7a0705a3ea96737f40359e,ok,109,381
a041a23fa7bf1f311012925ff31566d100d0f2f9,ok,79,258
a128c68f8329f65728c9b64422b9aa43ec1d486e,ok,132,460
b87bc594d0b6081c004bdc957b2e1941e4cb75ed,ok,261,920
063b50250cff0e2fac8cedc7b27b51eca9f2f0c6,ok,13,38
8112605776a9a81e86c3dfd4b9b392da5dfbe812,ok,19,58
7c5d1cd8f755e774c5a077da4a43b9857c3c06d1,ok,54,188
f7c3bd994064793bf88e236cee738577f34f521f,ok,115,416
7bed36bcfcbb1fcb1bb52a3c113af87af70e28e4,ok,26,84
774ca04d92fc57c2186e960de3b493fc35041d43,ok,19,58
b0cdadbec693f9fff99f3d21220780b86403a369,ok,512,1894
18fff14faed81dc547fcbee8ff3412e12a17f2cb,ok,512,1886
085e452b6108e2b1e54ce8bae77a912c122c73f0,ok,16,48
3bd8d49ee5b140290a843983a5078667d1e8062b,ok,512,1845
afdb5d84be4afca2ea2b8406dce77fe4c93107e3,ok,386,1433
632b3dfaebeba47f75fb1d32576d76acf30af368,ok,89,306
585ffc02d4cc68dbc2135d792c34be00096fd82e,ok,10,28
4420a86a3996e53ad168d994d370db81da6284e2,ok,283,1008
48a6e1bcafd90b7769b1beca0ff8babeb3c9ecde,ok,115,411
4a25149b9f01a41efc9f81506589a9cca44b327c,ok,61,213
014b9cc7552cc52d926b89a8f72667b2a1babe97,ok,512,1871
52324cc5184b83f612f1cbad5f16ea0afd34ce57,ok,60,200
d499f25a011d56768776a06cfac048dbf9e8fb30,ok,35,122
f39bd7e4ad54a4e84eeb3b881306a9f1f312b370,ok,512,1809
6d9e8bfa3be2b4b00cefe42bb634d2ab88043a32,ok,17,52
346b07979cf8371d94dd7296527bb9579afda089,ok,115,384
45cb3b76c6042a76a41066109b8a11024b75842c,ok,31,98
7b804cb63d0ec1d5a1d7368f1204aa19a54231bd,ok,76,262
656d86589dedd657f2001cce8cc6cd73c6909d88,ok,69,226
f87056e96ef79449cea7751ab25cdc733e00885d,ok,264,911
6001ca6d82fa690cf9ce7e7bb55c80cb36dca94f,ok,52,182
cb6a42e1b5d96a307b4b3b47077cb0cce63118e1,ok,262,929
6d138fd81d21340419c3dcdd396fdb9f2071aebe,ok,82,288
4d618002ed952ed33a8ebc1dd6ce2f91b4c7f9f9,ok,330,1206
e800b3fb32d43d24d0e2ac00bc788da3502f3b00,ok,69,229
bea27d34bea33935af106bd743b50afd6ee69762,ok,18,54
fafe1cbc633e3743f37bfdc68aae5e6427e387bd,ok,17,50
c9b1485bb31dcb2107fab79eaa528666874337ea,ok,410,1508
e56631d50687eb688ffc2b5eed04d048a2ee3bef,ok,357,1329
f15f32781a4a3d11a4062821d186d7312aca1f67,ok,11,32
0a78a33bc3b4ec10e46ceb195edf773d2bb48273,ok,206,744
3b0b3d938a3963055d94bf78e08fca6ba0c1631c,ok,24,76
aacbbdac52fb3734abb2b4698159e6e8cb973895,ok,23,72
ecce60e63f416b457528467e563a5cd6425ebfd6,ok,83,270
721ef2daa0926f6e8475a2a5774738a7e92db57d,ok,171,610
79a271f4ec434e29fa62df48859ab67a5fcb890e,ok,30,100
54e61eef4c66ca7ada7a5491f2c10efaa8231c40,ok,161,600
b8d558434ae69bebad43ade437084ddfb3cdf3d4,ok,124,453
950c03495d989ae9fb88ce91c42fdb4fa949d2a8,ok,28,86
e9be4fc06afb5edb5f8c3b57824924d17f2d0ca1,ok,24,78
8789dfc21740e0550cf9d103400efc77b884ec4a,ok,66,218
f2470bfd683e941d032d75fbb6a42769ca1f4d4c,ok,55,184
25b66edb44a99beed9f0cc0b7b22fcf12429a0e0,ok,173,606
b64f609031eedbf6db11d4799035dc96a54814c5,ok,27,88
68d59978c556ca3e4ce735b37392b4b76e40d37c,ok,12,36
9af5ca1a1dc3cf95f4bbb73308883f4142527d8b,ok,81,290
356cbcc4b914e400318d05b67d7bef6e2c834fc0,ok,62,212
974b3dd39653e2118ad23029c58e007ba65e6e40,ok,19,58
8a65a4af3ec429dfe7f1e1502719089bba9bff58,ok,512,1950
623724ea10e892e200812b25dca435c6336aa37e,ok,270,942
1050e289a9618df617df8c6869652d66a8b6621b,ok,26,84
a22fe2acb1ad8b973edc76af0e6a31f058693ae0,ok,77,259
15d4cad18a11aab75e84143b7d82e081caf638fb,ok,54,190
125519cd41419dadf79629a76df740e77b44bf95,ok,131,468
d5c4c26409bb4daff490070e1ecf75276b250d80,ok,71,253
91a6a9f1387a331e29d6804ca7457fda3298c163,ok,26,82
82237bd60152ec52b7728cc13ad4bfb92b2a3dc1,ok,21,68
ec1fd14dcbab96c55a4cd2758386e9174a6d3e8a,ok,42,136
0d1080b20abaa4fb2d941b49f2b283deae68186a,ok,62,216
22dba9d586d8b44a5042f1e0104edb31ee5e88f0,ok,24,74
10af079fee8878beb97b896bb10be3c2524347d9,ok,16,48
3bc526c8b3e51f5da82b67785a03f9fb82f8d60b,ok,187,656
32fd5f4d9a3a4cf9f9248161ae1a48bcf4ac5cd9,ok,66,219
0cfe64e147db0518240ba22f6a0e41a1e6190780,ok,165,601
003baf8be5111279962be14fd11b9b8e44def911,ok,483,1736
de7811c55a6452102bddab552f3a824c7bd9d48b,ok,94,324
cfa42518a0ea4c684a3f37ce33d47f51b1eeaef1,ok,483,1717
d0fe9f0dc84cb8c31d3c805494be2f6bbc94caf8,ok,25,78
76ae97c170a567f0f18e3953d49a3816bb85cb5a,ok,34,112
04b43b4c96b468e337e0ba87a0189b142f944133,ok,29,98
60210d9fa58ed729e4df276a93950b79e99cc0a0,ok,33,110
991a2d8466d550807be38414b368b106dc88e7bc,ok,42,134
4f59d135780cd72695a2361c55423d1efc575aa5,ok,53,188
c89fc86370d7a37912eaa1ce64fbc1d5abb882ef,ok,75,274
59f674fa6aa61af8fdf76e45bce9ab2fe28f73de,ok,220,788
cf0cc42e5adb97fbf862f2bf8b7613185576ec55,ok,282,994
8467ee859c51ed620494865ec48f02c3ad29844d,ok,213,784
42182fe2bd7d6223bb8b64a6be9ce8e38cae42b4,ok,512,1852
3f3b03d04e4c5ba714813dc27398f8603a16b5ae,ok,404,1396
3d1a5d4005e5636170fd36d483252fe5e859096a,ok,106,366
745498d1d25ea011d846e61f975621628ce6b9f3,ok,32,100
46601711ff5b8cd707a2ba0c04cfdb0def5dd7ca,ok,333,1245
