sample_id,status,num_nodes,num_edges
f8a83a1f7042adb8ac70657a94e6bb19e491bc9c,ok,104,342
a7a5d48f8d3aea2598e34f3848e516aa058f7df4,ok,512,1830
c2d681c4721ef82109ec6e896006f57d7af3ffb9,ok,512,1806
348c36276e6c6216acc4beb98ef4232ae9569dfb,ok,512,1864
fd4cf9971848a04009ccf11d50b854095cf3f79d,ok,512,1822
bf7f2841fb82474f58bbe88cdd03c34aeac10c0e,ok,258,892
8125d44bcf5539cc265a4b54fb3ccf7ae0c70a28,ok,512,1811
12eda6dbcf18b02ce4fed10afb18877389767240,ok,512,1812
45a7803487354f7ecedb87af59226f547f71b9c6,ok,512,1770
598d5ceb202dcfe78542a960da3adce81ae84945,ok,512,1740
2c8f03e831007f39e1eaed4cee650921c0a2dc7c,ok,421,1571
6841da076308c821789b5ac77d3de96c75cb374d,ok,235,788
9e4cc7ffd8e179d1202797ad941ec25ede1a4b78,ok,512,1822
466f284b2bbeaea797b2d2b6aa4d8c50041933ce,ok,512,1831
4c78796091633bdff2668d19fc0707104a2b5c69,ok,107,360
8e18c85393495a20788b2d7fe011e00c44a35a3e,ok,81,272
d8335fd2ee2d5d7026a7d4ba4ec7e353220c481b,ok,66,224
0139d4c2a0d1ad006f1d67205f8a97e14f97cbd4,ok,99,332
db24e8d54fd22e3ad99c02698ebb424c78fcb81d,ok,24,74
223fe747059b122f32b2b55c6853bbbe79cc29a4,ok,512,1819
02357578c13cd9f5f3c31fa693c433b549315cc8,ok,512,1822
2abcd7dc83dd518f45a7bf06ef04e14eaa191525,ok,512,1842
807b6277bb68fc8ec4025a184f99e0228624ac93,ok,46,146
420fd1c518e7ce123ba568cc9dea30e9f2a9c269,ok,181,646
a48ac1d40ebf44a181bff23498203e28574d3bea,ok,512,1844
1176ed2303e341411d531fa755e79b4a0633c902,ok,512,1810
74d69bebb07d4c5ea15135bea4c43ee613bfcf72,ok,512,1876
a1d09b1e73d261472f6f452fd688e52a7b02c54e,ok,512,1856
36e6d0fd4a69ee1146cd61b86db37eda8af4329f,ok,512,1809
5532ab63f7c64de5a752e2b6b111b54bf77594d1,ok,494,1749
4d3306b93a6ef858d25086e85169a752daefa9b5,ok,512,1724
307a8bbb9ff555ef93fded9e4dadd6d70fabc44e,ok,242,856
83d29f7de8fe846b534bc91706eaaf236f33a6f5,ok,325,1140
84454da0199b7fee31f3dee738d2abbd783c3bd4,ok,180,618
fce1e2517e53f7777c311ead2bf103713d11ce29,ok,224,786
2422a425b2d04be90d33f167ddc409e392653076,ok,289,998
57425d052d0af879ec18bec31e97d3f533993f06,ok,330,1182
13e99ef5dc1cc7ed6b3217597c483025253a722b,ok,26,78
6c2221ab20b88636f81c84743f2f6bc711da2546,ok,219,744
bca285aebf6044f1ab94448ed07ba53c53d76039,ok,51,162
55e02ed8dc6df0f6d2030ee789722fd6c0ff96d7,ok,512,1864
25ba25ce8c45b75eac1842269311e051a2d44c1f,ok,37,118
ac03eba62e4193934a94a7e097448ec484914d25,ok,512,1742
c5a25e9011b473480d160c0b9572a52ca10eadc1,ok,512,1934
fc0a8924fd6830364e4de9cc723b7a46f507cdb2,ok,16,48
abc1ffc153596ec3f9af713279919795406a2d4b,ok,213,761
afcdcb3abf8a14caf1c968068c931157ffcd406f,ok,260,862
8aa3b73db10b0da36d1a7762d8686ee5fd2d39c9,ok,143,494
8ea59aa130b3837644583ca12741c0f2cbb548a5,ok,267,906
819a854daac87cc517d260f0641f3cff7f54b195,ok,512,1924
1fd3e4938a1f0ad50a089e960054869bb359d311,ok,34,106
f3c73884579da2e11903b5f43b27678e359e560e,ok,512,1770
a8d27cdfd7cec34f06004c7ae412b3248f57b5fc,ok,461,1656
686bab50dba209a70c8336b1203af1ebf21c0901,ok,337,1223
f14a9ca45925addd892d42e601228ffd138cf674,ok,128,442
ca39ebc15bbbdbf9aa1499f0a51326eb3bfa37ea,ok,503,1808
fc5c226a1c430d3a047c19d1a9c8c7f918a143df,ok,7,18
3a90116e749e2f02235586e17e3791c8773f85bb,ok,512,1816
6a547dc7a6675b599513e456280973f27435b5ff,ok,512,1797
35079085229339fa85dc7dfa19ea9b6d1884f87d,ok,21,66
65cc652c24e8a4cfa726fb2c6fb6d582d185d207,ok,512,1860
db3b32cadcdffee7b1ea1182edc8fcc1536b5e6e,ok,267,934
bd721c7dc39855e7a65b65baa93234248d7a0e40,ok,129,450
335c4fcaf910a458a864938c34e2bbeff05bdffc,ok,477,1716
5aed468d54ccb2cf6326ad2e8c6ba28053f3d6ee,ok,150,516
302f955d394de6f8d550836b4e4f09e429e2c08b,ok,512,1810
760b8e89800aabf5a48bf6d8a495064a382b04ff,ok,297,1116
ca4eb8160a46014b049de9208723d6104fceba14,ok,387,1378
9a110578ac04e7d02abe75d054891bc575627b3a,ok,25,76
47189ec0c962bd47623909e959737c08859b72ed,ok,469,1671
589760ce5f03bd49dbe0493ffd1b13e08d8caf45,ok,512,1780
e9462c49ef4f89e42790ae322ed188d26a6b0f37,ok,475,1752
4819ea3f7d32006dbe781bff78316d1b3871e33d,ok,129,450
e1adb825bc408f7ecbd688933ebafde5ca7f7aa7,ok,512,1700
45f6ed180066ac21b476b7458233709727599654,ok,512,1880
d366d64982ec1cf87f51a77733db6e26fc2d040a,ok,438,1582
3f16fb68d6bea938a180ef8aa2d47b8abd5580b2,ok,27,84
2e5f6c9e3e3f2e0aee4da51bbc748476f8572596,ok,512,1856
4aba7489c8ee07090ac869c6fc75134ef0bec86c,ok,158,536
d3f08a4fe9ead6435be071170af6373c497a9156,ok,512,1857
8387322febeb533863b601327041566c04c4b114,ok,512,1875
3017794b341dd0f07fa844d9cc4863723070ca0f,ok,268,917
65eeaf79c7c3ce1c957f881af394f0fd76142187,ok,468,1666
46a99c614cb86052c9892b34390cd0f1bc7f369a,ok,512,1877
1e55fc66ab34d2286e0865a00c82f887ee1f95fd,ok,19,56
482d982bea393872f97f182ebca623b2d4bf3bfc,ok,188,680
1749aa0eb464a6dc40636c35d1832757ab0ee72c,ok,512,1776
f28cb821954b30a20bcc3e5a6ff1011a2514f40c,ok,390,1412
5a9cc4ee1231cc9b29c7c9a7d17d471a83fd18ae,ok,27,90
4935ec417a6589622a4335225f8bb734326fc839,ok,229,792
383f15f9b92f530aaf7bf24f56e0ca046712196d,ok,512,1852
e813a8a75f527a2f088cbcbad6e2e09d542e73ed,ok,119,412
d9d2e3e1c44f53a97ee2bcb96361e1a0d5d6f52f,ok,28,84
834760e148a0cd9a630572328db6722b4682d855,ok,512,1885
8ef59f4216798d0eff88814fc8d2ba4574a2d4cb,ok,188,662
42be1653974675a9f73b88a93c1fe7b760492c8c,ok,37,118
1525b8b5fe77c0aceff1aba20d80cf1d983bb250,ok,512,1756
4b3da9d6748cb19563867c64d65c422c77b8a255,ok,512,1760
4ee635eff87fb63e5f7026fc071509ba3a448b08,ok,222,772
fba41b89f171eb81f80ca96efcc7cc9861c2161e,ok,512,1776
05f350905e1bb66e525c201d23c4de6e58610f52,ok,512,1848
76886a9cfa798c7cfa4250d722eaece4ebf73b9a,ok,181,629
73ade5a02af5cb7ba5674a900534c357d3d060a2,ok,75,242
b64c2152a15ab37d088ab2019b1aad28f8062e4d,ok,512,1884
4e1a231339466921c1020885e576c447810e50be,ok,441,1594
98906e4ef09b9c44ddf893e0bb3e3d00bff5988a,ok,51,162
974d8830bfaf1f4aac7877307ced5faedebdc1b1,ok,419,1453
05c5eaba31d5f0e6939809abd5c44b7d265b4303,ok,284,990
89f0ae5c80adcda375a3d97f517efffa2829d449,ok,512,1802
2bf5db0fb71508682262dfebe71f858d77c8f3e8,ok,453,1677
b4126c3606129fe174813c301095a922110d70eb,ok,487,1790
1908bc3dd7a8853190bd886e6a03b5155b1a4804,ok,141,491
04e6a14ad984c9c542690acb22b832140202421f,ok,59,180
12b2452d91fa15964379ff2a6a595f3a7b237b53,ok,512,1844
a8caff3ec52610a25af826ce0c6e6926d75df259,ok,512,1825
e114ff262745c506e8d0e6f6af9113e118d75920,ok,80,266
ae87df8ce90e07f4f08df63b5f8a6d8be2277710,ok,299,1058
149085a3e30944323cb48020102f546eb1613d51,ok,512,1802
7f2e1cf7aa7383120efa79399bed8c927572a04b,ok,512,1804
00c0c61d318994bd66dc1103de2204df447a62df,ok,54,176
0762843f87cea27d394f6651d447a341a26d6671,ok,446,1649
1f6d8246cec41f3da6e15d0a00ea26d0a65187d7,ok,151,518
a3d1dd32c05aeda2320d4b4faf87b99ac4785875,ok,79,256
e0a9c546d2a6d57b16003036aaa73ddbba74b015,ok,181,610
2a1b5f8446a8a5bb875bf73ec76c709533ebca6e,ok,218,770
3a5668f81bf797594465a7260e7a22ef47a76b57,ok,456,1587
5af9353bd91c09321a2da3786188c6032e227186,ok,198,676
357405a489ae69eedb7769e3444d28c835669ad8,ok,512,1768
9b17047926c5d3edaa4f6c61e3e21999467dd36e,ok,512,1844
fb60ab083afc5aca5d166d8d9ab66e4e6b061b83,ok,134,476
8b43db13159180452414c0fb76401fb8403de912,ok,139,518
481215159bde257585a61cbde5afddcbdd1ed71e,ok,124,424
863920ebb3e639e5da26e28a73166c5c5377e7f4,ok,466,1594
312e22f41adeb533f9a2621e610df3ced2dd8651,ok,512,1822
a369b0de0f21d070bcd146ad2513ac5bbe75f292,ok,512,1790
1a4c695e96241db391f48c2bc8ca5324f53a0f1e,ok,407,1419
9d24caaf5a916cad2a02a69d6dce9d7805f63036,ok,284,1010
c1a0cdb27da6ff6875a0fcf656c3107ebb78ac6e,ok,237,852
c7ad0993a3db5afe39da31cbde7f2a3a0abcb008,ok,53,176
8c263e55e8300d2b5a23fdfed69935a71ec0b74c,ok,19,58
97aa9fb35cdc6ef2e0c047045b0667182cbdc0e7,ok,351,1281
7bfd8e5dcc561cf7482bb51cf5970dd16fcce1ab,ok,25,78
42f1b83001c86af904834842b0d98c1da918031c,ok,512,1809
82d848252c50778b3db1bd2ee4b8b30d2d226e43,ok,512,1772
2812442cc13c686d51da121a437704dd2a80ba93,ok,26,82
1a2b07af629705a97ad8e44f52efd50e4a4367e4,ok,512,1854
627a976ff85a4174e678a00ad8c0378d3ecd0328,ok,512,1817
000ca3e2759c80b46b393ef7f377c5ca4c074b41,ok,151,534
e9a41000438e442bf51c26f00317e55dfd775abc,ok,512,1784
6c7baf1a17a4f5d8a4aebe5f450848a5561c01de,ok,512,1770
a90ffde6c35311d9112ef862b43bf24dc3a27759,ok,73,244
d6ffba0a273fa6f62698ffad9d6db23fc663cc81,ok,512,1794
05dcdea405047f294b2c509200bc7635ceba34f8,ok,53,172
1a6d77065abb932c9d6c4358b7e7cdbe6949f0ab,ok,512,1822
84cd3298aab673d5f5317731e7dd9fc785def5eb,ok,140,477
1535e327c07cd7550f2c2cd4c04314b7c35649aa,ok,512,1793
5fd98c7b125d22d242b9cc206dd3e34eee85d370,ok,361,1210
5c913cfc5aaad4181ca89594685356e962f26e10,ok,512,1846
38ddb34f1e60c9149185b02733b94f126f476608,ok,370,1262
a17e7ffff56d8993fa4f12b59308fcf8ef79c64a,ok,512,1856
068d7cfd8718b252cc8f8a1471483eb7deac2490,ok,512,1861
4ffd7a330128723edfd783116182b05cc9c782e6,ok,512,1831
ea70e73124807b6de4f187798797aa141f67f165,ok,219,796
b279d8f9da1516abe1d4b9f2da146299824e1c1f,ok,512,1852
b54e98c831f02563fe9be9fa7c304709e5be33e8,ok,165,576
f6e7b28bdafa38bc6cd4b8bea3e976296e709756,ok,126,442
9b935f02b895f60325922f55b3d80f66ea881583,ok,512,1873
cca6edc1061ba7a3a5c3592a0df512f8c1de6d69,ok,139,478
ea72fa785f0e6f46ef457d3b4832a2154a8f7887,ok,512,1834
265ac0ac4ae4b59e306496a928029a28e53512d8,ok,512,1842
d3993fd53ce0a54d94ad20975c01f2e6b3d0ef90,ok,512,1756
0df9934b09d25d29e7c582b0344494b5b70cb9ec,ok,512,1802
f2a391cb1b0deec037eb1efeb9f34a80012aa26c,ok,512,1904
db7234a1d57489b26b9a4003634720e73808b78b,ok,512,1842
dddd441abf4411d2c75d6ff3999c845c335fc4db,ok,512,1848
74a356b6c7b6311102ed95274587f03ecda777ea,ok,214,755
1b4f09984c546f10b9100ad6930c6956369c193b,ok,425,1481
759ab6f4140cfdcf50e6948664349219f6a0eb7a,ok,140,482
73a5cdc4243533fedd7d85c2944ccc6a4a5644dc,ok,258,925
3b086eb4db91d9ee36b1ca06046635cc2795ce42,ok,512,1891
3cfebf7772a14ea1f0d0c24f2ec5c89362366ddb,ok,54,178
cec78db8883b27326cb3fbd34205084ef852aa14,ok,512,1766
0b623749274c06a5aa7e79a2ccab2af4e58d2569,ok,512,1881
303f56c8ebe1bdff5e58b5b785f716f189fcff96,ok,512,1760
ac96da5989da5f8346c01b95c08c6d34075a78a5,ok,25,78
5efd660d63c9dc7d3a1ea6c5c4afcb4bea163266,ok,326,1142
912400176960969aaf74586cdc2dcbed082fe84b,ok,512,1861
a987ffb7188a59986bcb0e83d57d098d40ad7974,ok,146,502
fcd4792450a09f79deb26c97a3d09797f23cd291,ok,512,1826
b9499e3a655e6e30297f071e07fae59f662fa89f,ok,387,1342
23f2cf422f37f69552dd4bd7be63719de8ecb4b7,ok,27,84
baf66ba701a5a4e38959a61626a10ad23c7fdb08,ok,53,172
3304b64b18953a93ab5f86efde6829deb77b5b51,ok,512,1962
7969df8996af60dbffffbfda76934eb062dde4fa,ok,512,1829
9503b8c51be591a333a260433300de2085c49df9,ok,497,1743
85954d7577bb4fadc5d092b057d0b73a8ad24050,ok,512,1820
7765a0d34b39524f82b5bf160443d731105aa82d,ok,512,1844
ff2138a8d1688d239615603ee0737c43e2b43567,ok,512,1822
d1ee46f5d28494dfcd126698b97d1b9a7f262bfc,ok,25,78
8e695c4e1e30e5604be060d82edeb492c8409c6c,ok,512,1812
57d2156073f1e2a346ade4e88dfbc9547287e924,ok,512,1804
dbfa9bda9e02b261efb48a259dffbbe2fdb35b48,ok,56,180
5a4db34f6a9b0f97ce13f804a689c4eecf91eb1d,ok,512,1770
93edf6269a42b1518f683fb8cc8a76774d6a508f,ok,440,1556
397486be762e3e878a969bef453c8b485bc97a1a,ok,512,1888
352db168a68be6f844323d32998c0006586c5f5a,ok,260,900
2955db400cf88295f7e1fc53ef87516ab93c9497,ok,512,1771
3afcaf462f5c13df8f18e7dfba89ab00009cf2a4,ok,37,118
efd357bf49a94d01adae455a18c758366615f4c5,ok,512,1803
1fd4db70156c5d37b735344211d1945263ce8a56,ok,507,1798
186a1971073af2616501fed2c1144a5f4dd07d87,ok,195,700
0a66953df2bcd6603292b40781836bf510ec98f1,ok,149,508
173a001ee2953dd8584c47b72f3db26ce5ea34ae,ok,129,446
0432b5209816e4b34157c9ee70eda9ebbe56b47e,ok,233,788
b092e1f5733383305483a0bf9b06a1cc2a03c3ae,ok,435,1584
bc4792019a2f8eb7b79816aab799f3ee30d0c32d,ok,64,206
7038ad886597e9fbcbf5197d1c6bdbfcbeea06d6,ok,449,1538
8e6c111f24130c3dba7147d9035c214beecff4fd,ok,197,686
c917ce253014d2b3bbcd8cc5e9b0b569f14ba5f8,ok,466,1634
64ac266c32b345d74af6946303e0f053c967c868,ok,512,1764
8920d9d0f60aa08a4fa40f4d70f8e686e54d6c3f,ok,16,48
6547eb45393967a42516b5ea585906d7368dd545,ok,512,1812
5779d1633e33307f754462b8736a70cc51e4dc93,ok,512,1865
c73cdcabe3cc18cac17212f0c5bc1cfd033f327b,ok,299,1050
71d7f682447c43ac7ce1bcd21b8b67c0d6c35289,ok,34,108
34fb54b449004c5cd76da33d90fc4ab74c8943cc,ok,512,1780
f6f6a4e7755389f0a2a669300f6c372ef7a74c54,ok,512,1734
42b0e00f0bf9f70151592a3081524c96fe69fa31,ok,512,1805
6d2254cc55382532a19f630dc296a65b6f7857f4,ok,512,1808
5badccf7f4aa5a2b4768cff91333cf5013e6e9e6,ok,24,74
d7a86cf059e0d3e0a55532bccd048ac559608e2a,ok,115,418
e8eabd1025fe5c6c2739f557b0ec5d85c245d70d,ok,140,476
8c1f4e01e86ef3781bf179eb8e635df79037d301,ok,512,1838
77ba64a69f7edc433c81f66d0b24ee5aee050e8d,ok,189,670
05f14dd08d01eb4e01603488d18e7cbde40760d0,ok,512,1873
9abf77bc009df4e2dcea367835d7b8710b0fc9cf,ok,512,1768
a55959da87012dd04d696cd07ca2e41e1b1c0880,ok,512,1904
5d02c42fe386eb130dd3df0821452a207ad87bde,ok,284,1060
7defcc36f83c370717390bdc3addfd64a3761c7b,ok,298,1034
ba24dc7e544146c96a26d0457b83a8b8035c5497,ok,62,208
9b627104730ae0a68cbea3a9c648c555a3eaafd6,ok,203,698
da78d1c566d3acee860568c88226fb7165ed1468,ok,512,1830
3e8cbc88c7b6627745f48e38becf3bb164cc0b8b,ok,512,1812
be46335458f936e266ed5ce360771c357b9c98de,ok,82,272
2a06ac458e074edc0cebfd94df98ff6fee86d7ab,ok,426,1531
182fa7d1c461a28b8317e747761a3711afc845af,ok,512,1740
198f7e20d5132edb9ebeba73065a784b8f922919,ok,34,112
cd3a8bcde5e6507b454aeeeb6bd4df15f4ec6cc2,ok,512,1929
8a2b7601cf1bf8933de96f09a4501f80ccd7698b,ok,482,1728
e247e7ffd1a2e1b3f82b0587ac237e1887e35641,ok,512,1766
d33da9fb6c6b1642e0ac5ee4388e079a9b4cef00,ok,87,303
7073bd56f5b5fcb709b74ff750b4097175dd6557,ok,512,1790
f95cfaa891745fb9b3c156a08602614cf4f6016f,ok,512,1862
153557a68b571d065c01ee90538e089bc1a7d07c,ok,512,1868
c565ed0b229fe6217db527efdf9c65189eea2c3d,ok,198,697
d80c62bf394cc260f5d6ecb2d7c58e41b1a644eb,ok,512,1924
fb2c857378ec4b0e5d64a9ec70b0fe5012de21a9,ok,512,1710
8729504f4d79f5889715253d8b7ca03b4292f6a2,ok,512,1780
c4fc96543e24df8b19363f737561f7e72bee864a,ok,59,196
c028d58c6e9778619636da81ecdf5d8e36f9717d,ok,512,1868
55bd1c5a81fc5cf20564a0e56c0a948df18b0c0e,ok,371,1350
03a63f04823f7e0aa1ca84f678a7b1ce5c8fe2c9,ok,512,1867
5d235efd7eebf8e1c728e00634c0649ac03d8be6,ok,512,1765
8f98e5adec3e819effecb6cb5625fefa7d8aee8c,ok,512,1961
7375df24a97e8a34f74ede663b67bfd7f7e3dc70,ok,15,44
a8267471df204e1c8b734bee74925026db8b9e5c,ok,25,78
2ffb15e093ea8f05383c4b9f85526a64e68ec944,ok,99,342
c90ff4b9a07f09d5c0f06c167980136f1d259ecc,ok,512,1871
45aebc09b4a356883419a4047c5d851de1a98574,ok,512,1793
05b17f41690a63a5c1417cac5040ff4fd9e887e9,ok,512,1770
42c596ee99dea3e50c8375257f33df565c46d3da,ok,504,1782
b47d2120adc59c757c94e098ef942192b075387a,ok,486,1776
94a0815c18fc7b46941512301d1c28e916d88069,ok,28,88
cb2a32b664cd68c11426479fb936b9d36138fb85,ok,512,1867
2b129eb3adedf185115f82baf7e7673e2b954aa6,ok,512,1690
ad0bc854d10feb8d763c8aa23297e0def06b1e07,ok,153,559
beff776c8a5b0a04c80fed06e81dbfca4a76a915,ok,368,1278
61753611b335c07feff90ef337ef167f04879772,ok,218,756
1a786eb991dd25272a1c677dae9ed207a7db2c37,ok,512,1786
33c8c0ba07a2f12c20212b381a7aced389c3e819,ok,166,584
71e67fe6b7039d4c4e853219ff6cc6bddacbd744,ok,512,1880
86c83c91d4f3dc5cb7ce05ed8b7121329aef7d25,ok,512,1828
e6ed51777b1b13a5db54ab4a6229f891e23ce144,ok,167,590
59464fd8892df14f352c4eaee30cfc3e0cbd5c7a,ok,121,428
660da51bd26e04cdbfe52f8be310f3afc90cb2ca,ok,447,1552
96631d81439d513e6e463ea416fe32fc98e1fd1c,ok,512,1774
c104dcb8a3593d7c4d88827e8bba89e06d39bc91,ok,491,1746
38c6fe0dd23c44e6bed43b5f30e68569cb8e25e6,ok,72,252
96c2da676f31d0e1cdbc8fee78f8a027a65b4b6b,ok,46,154
8c5d0b80f4c7132c4026b9adca45a2ef2ef8ff4e,ok,25,78
f1f50eac94c49fe685cf5d1d81fea15a18300009,ok,387,1378
41acb360364f017b7b0ee6ff751acb226c33f211,ok,125,431
82d5c94cd4885c4455404a176108d7d06663e7fe,ok,512,1806
1fee39017ba78c2b893dd2c9aad4d3764b34d4c8,ok,378,1338
6c2c8d8c71ef188c1142d746d0b41945d4d76538,ok,512,1838
36055f2c63669caae27684b50156122851891da9,ok,327,1212
bd3fa3c3899a32482ea9667741a32ec08fa150d3,ok,512,1780
2c5000cbfc45f28f673a81ea926458050fc18531,ok,512,1785
64ff76a0f060aaf24b5bd84e8afd4a5e8bdf62c3,ok,397,1451
d573f17277c1cc0f56131f07d521b23d3b0e53af,ok,512,1754
e809eb739d8d3b852f8b477df3112b59abb891e8,ok,47,154
3290f40894aaabe9a5d467cf42f4573db8a82d52,ok,411,1436
53c3b65916a875df4db2b60cf216cd569af996d2,ok,512,1910
6a30526bf72de790a23730c2c45a46dc9f265aae,ok,512,1904
67103e83d3a8a21fb62cfd0799eae62a617467ab,ok,512,1728
a574a731bb03032258e5ad98782a8c7026da3ef7,ok,512,1736
73565ed076548da5ccce4482d50cf35bb7edb3a6,ok,185,657
f28b7700f1abaca5567fc77a61d4c7623b64d5f3,ok,100,342
82726e4bb3b285df7afe10f648449b8376e440c1,ok,512,1816
a372f4bb98c11e4fc1a604e87564aba4b78f881f,ok,29,90
5eb7c4daad5d48b68473159aa684f11ef263b815,ok,512,1799
5c3c05cf848de9dd86b6bfccbdfd81837285cf0d,ok,16,48
94aa45ff529b29c4bdb1a885fdbbf0d0201c0f53,ok,512,1852
d18066e7c867190946c65e05752ffbf59f659ff9,ok,512,1858
3b69688b12b5cc348eee28b6b58ef2f0d8e073c9,ok,341,1168
fd3afa9cb65408cd9e538dc6b7112e7b11031927,ok,310,1094
6fd5f4f6eb33ca2d0724a90b389a3d51d82b7488,ok,244,816
8d9c2ec298fd7e424568dd70fd3bd71be4c13623,ok,512,1804
ab0def891d7546284d1c51b767d51f4142fff5c1,ok,512,1856
3b2f32bfd015f16061fbea75f249465d764322a1,ok,21,64
328759170c922f06ac6d8e1ced1e98baa7fe957a,ok,249,895
a677d609ca5faf7fea075271d0df98d6f634945e,ok,359,1249
427a350ed586e1c49ca4132cfd140efee4afca5b,ok,512,1738
93cf07dae65eb927d8aa48a140361e89f877dffa,ok,512,1824
c4300da185a0eec4e2ea8b60502001684cb205cf,ok,512,1760
cf3f5f87209c682983e0e1c0522232060f4309ec,ok,512,1822
b50524b28fe95ff5685f6b5b1a8be125f0152bc8,ok,512,1852
c1d6bc35cd46da50996546a4beb42f1398963f97,ok,61,202
b1a806895fa58b2e00a904ac712a277175e4eec2,ok,512,1844
09f9db774879ccef362374f2a147312d43d09e37,ok,512,1918
ea5e12b2e5f7af96d9cf291f578c2125278f345e,ok,512,1839
d1c420cb19dc4926197ecc4e784474dcd1d99fb6,ok,63,220
2b8e29a0a33dce3fc3ac2ff5e9d5992c009ae392,ok,512,1816
c83a3f0147d473b41466bfd171ca4eac92384b97,ok,338,1308
91ce969de1edd93330ab360489cb7b9165753226,ok,62,200
ce3f195b942d131eb8585d5de1d4ed279ac58960,ok,83,274
ccce0a288116d9a08371c729fa2519d17c0d048a,ok,512,1897
2e9b587f18d9be232451b5d51a4729cc67e49876,ok,512,1771
2a47307963c3d1e0d57c5fcfae2211dcbedb3cd0,ok,512,1898
b775d9e52624106ba14ae29794ed3b7b3ea5eaf6,ok,34,106
4ed859cffaa77b3e094e9eb6a087e00c349ff84c,ok,436,1508
6061b8519de16b3936548311421f068eb6ef857d,ok,81,286
c9ddff36a1a5a9f60775b749dcfdc436c3e5b31a,ok,512,1850
2038f6f729bbd7056f850a6336bef0751f898ea4,ok,273,932
ba28e8ab28bab68bc24de2318bf88ae28b5436ff,ok,512,1841
d6cc71f6d26ec34e50ae171000145c5e956500a5,ok,226,807
3fc1e5e86ed305d1073c5ddf5d21007686a5783d,ok,512,1814
d62e37a586c12e374b5f8aebca7cac54500aa43b,ok,512,2022
70ddc6880d762a56965b4f4969ecf7a4b52e1064,ok,30,92
17b892f3a767189303b600f4b91355bda2f9d9b8,ok,65,220
3541ea504bb3258f34a02b164033755a5cabe947,ok,512,1814
7b5634c164569ea8bc4905d6a4a959406ab0b995,ok,131,452
7672aca02ba9c1da82fabb88b4f2d354ca4b3040,ok,512,1846
7d7467961b5afa1a8e7b51f36c372b00c351d7e9,ok,512,1872
d1481696d3f494684a5c715cc3ee134bfb90de34,ok,512,1706
2263cb66aa860a9486bc8fd8aebaf5aff7463372,ok,279,993
768c22184d3ef1998008735bc12a59946c1cbfb7,ok,512,1806
6c8593978e4485fd7dac51053a19b42c207ee695,ok,255,914
b74ab525f63dee3b3169f79bfa1e55c313b1d101,ok,512,1895
18b18a9224541168ea8f3157503d0aab7b3f12a5,ok,219,778
6da783195e327a0d07e04da2f6e24c3d8c9cfb82,ok,45,146
e463e1d1d54e572532fa3bb94a03d278ccb5f0df,ok,512,1842
a565871133f8e684b6532a1b00c4e5b64ee59c42,ok,17,50
938d15166371fad6c424af2b30eaee845b44935b,ok,63,208
7bcb563bfbcfb56ab0bd2a168362be9f2b6d14d2,ok,512,1766
60db7e9ba36e8fed8c885d3ece22879c96f42f43,ok,266,948
cf74396e5dbdd38dec199bc45ae2da551ac3693a,ok,234,822
c1aae837bc31fb84e84cb35ea24e84e74d1e0c08,ok,164,576
10de2ded795db1b83aa33fdfb431f58d5af2f641,ok,512,1840
8f53ca195caa1a3943cfbef01e955cf5306de103,ok,303,1076
786a2fe541b54ba5b73406e6dca27b8b00bb5372,ok,292,1014
73907238c860c2afda5093e8d77e0f6c96112780,ok,512,1756
e071b6b683225df6dd4d3367967d0154311bde22,ok,390,1432
c28df23c5f47d9f04355b6adf35aaa34c4771822,ok,512,1823
f2342499703a9434d39697dd0174b63da94e20ae,ok,142,488
4685756e845474ac7915b53417d771dc06fcc177,ok,77,258
7450a1b4ae2ef642dc1eb3f8ddfaa17ad5bd378b,ok,512,1764
e662adb24885868f6431fe2bcace268ca276edc3,ok,512,1880
8a73125927026b480f38821a6ee88b78c51432bc,ok,512,1787
1928dfddd5f0b70888bc75f0bcabf788028fb865,ok,177,600
fcfc955e64f97251768875a3a3fef424b8b5b709,ok,512,1892
0e137bb37dd568603fe8c384b31d2baf5cc9c659,ok,512,1767
979fd0c7c3a1544d50be8cddfab51fa69a475b74,ok,512,1706
79625a32bae9db4425c0ee235628dbf60bafa4c5,ok,272,913
83d13afda8462d9bac472aa305648f5a18c95fdd,ok,512,1740
7c9add6b494f937fd53567a62cef2b3fd919f6aa,ok,512,1708
4cb804e14f0de0a3d0bd50b21a533464bb14b359,ok,121,422
2e4c2157ae20000ca99298a21c85f1cf5b8d2cde,ok,29,92
9ab4c41cde94e0058a44809cc1d3fd4dc4398695,ok,409,1410
d9257eed5bd6edf8480399e313dfb18b154ab0cb,ok,512,1808
4156005d9ac8b64c45ddb1c41d574de16ec89068,ok,512,1794
a2d68469c0ea18e90d0e5e4a34bb82beeca9899c,ok,129,455
c91aa4e8a5a2958652f15dd75c6172c6ef8ea9e1,ok,512,1860
ed964dd3efbc6df67735eea7e92b27d1ca046139,ok,512,1864
165fbe13ca59c63f2849c45de30e41abb62111c1,ok,491,1796
c99c267913b3bffa78875ae28467ffc84abb4dd8,ok,377,1363
db144d39e2fdc02b2a339741a0053a89f0262bdc,ok,246,848
30e60f6ec4fb22c1a93fd161ca62df1949f71076,ok,55,178
bcce0bf31c4c3e21dc84429901187d21686d2a3d,ok,512,1819
f92a137cfe66a3869e4310222f8f5e621eebd406,ok,512,1903
936fd16d5ad847af99540c21a0630d17e96f2137,ok,512,1789
f430931eee5cb86d6f867c0a51bd213ce8d060fe,ok,56,184
2d96f4fb939dbd2249f6eaa6a36a8350eab9d45c,ok,121,408
e6fa4cecbd7e0265849656426cd79b8062c13990,ok,79,276
ddb2b6c17f2ee46364eec9af386738ed5c397326,ok,375,1361
3443eba14dc7d72d8556cc5dcb7b6ef5d61d8df9,ok,512,1795
fcb6a80337b01813aa2a226d69564fb234b3088c,ok,385,1314
40658b8fc7074b26620aabc15d4b5db6a97e2620,ok,512,1820
d792b1760671ac3aaf94b47c08ad7a335bf62dc3,ok,512,1768
5cdddfe2243a985351f60c8ecd0a9ca434f94b2f,ok,37,124
4ee4350b91a768a22461cbefff40ad6343e89d30,ok,44,144
be17c7e0a45707c7ee6cec1957bf59f25aa55059,ok,201,666
ef84cd99f5b66237085819b98fd193f7ccd017f6,ok,179,604
735c2816a497374eef62ef17071ca60590409f21,ok,512,1812
2543cf13cb19b53837825fb1f6151a4b358b7fbf,ok,468,1668
e1c50d1bc8b885725306cb6fa8587269ce080ffe,ok,29,90
8a69f8172b060bd89360db4bffb55b64dcbb85bb,ok,512,1821
36c9c435aded7d29f62a5053a8a4c7f30b8792c5,ok,257,902
2bb6768eb61fedc4ecff24ce58fbc9b6a03e1bc1,ok,315,1070
7a0d7902b8aeab7b562874a668e4660eaf2436f1,ok,202,702
470ba2466acd3667eeb5ed28df3c4916cc021bfa,ok,20,58
bdbb3c40f990278dc0c0bec301671d14dba69822,ok,512,1818
6c272a9869a99ed4a310ae3e96d1a448d01eeaf4,ok,302,1040
ecb7771855fe3f4657769bd67c69542cd1dc949c,ok,512,1879
84c2f47f62112c0cc662de7bdecd9368e11dec0b,ok,207,702
f6b43c53bf7d882b6626f2214b0871207d27472f,ok,143,494
5546828157719735c1ce6330311fdc4a74278bb9,ok,512,1795
5c52374d1b79c5958d341dc61e7746c9abb81ce8,ok,512,1688
bf22aa1f38c61917dee51157a8efc7ea9c643439,ok,64,210
429c2db80980b84b62d6f5fb5735f2e1931469a8,ok,276,942
3c43df8c01a265c89129e65015c558f4786c05f6,ok,512,1913
072c40dface1a85fd7329e8c0c2dd578871894e8,ok,21,64
97fcdd118a1dd51a6e1a7275593ca8200dcccf7b,ok,466,1689
54e616e4d9acfd447e8ef5ffc0c8b6b900377c34,ok,276,996
18e4bca395d9eb849a65dd1feebde1b8d32c76ad,ok,512,1902
2ad0ffb0b0daa432c397150db7c897c09a268462,ok,512,1776
2e045e44dc4542024a9ba6f24a4118771b511cee,ok,512,1777
b60ec197c93a4268879155923b31fa4ad9c0c907,ok,512,1852
72bf4fe3e73e3b8da10b3e6efe15d52d9c02f14b,ok,512,1873
de41fe09699298df342172b78a26aa3230e707f8,ok,122,424
1990a96393cfa120f84fa2b62f1de4f1dd8ba250,ok,85,300
5743866b4dac2ba4d2c75b1554914d6a6b094131,ok,512,1825
b572962bc3af3e8b4ae1ac393e4594f36cc0f93c,ok,512,1820
44bfc65448c7db9fd284552926384907d37872f7,ok,44,146
8fbec2b3cb082680c85c6899927f7f90ea5c442f,ok,167,580
c321555bc1b89262dcf39518ba738bd3d3c269fe,ok,117,394
fce6aadde577f47a35e3f536d97c4eca5e47f2b7,ok,154,536
4a6764a76a394e902f276a4ab7577a8bd077488d,ok,107,376
4247d319700f58e372e925ce375f9dad7d2e5e5b,ok,35,110
df4057c325b293ecb423096c37a01315ceb98e30,ok,512,1833
1c281991613107376fb050732554ba0e2e4ba036,ok,34,106
37fb79bc70c63008caab77284c715ec85eaccc0b,ok,133,480
7c317aa9767a4cc5356791bfb45028780a9b959f,ok,46,148
d3d181dc2cb0cedcf6a3b504e363cad793eea5e1,ok,112,384
ceedfbcdbbe2f7369b78d3d6243b5f781284e39d,ok,10,28
52a367a7961073a3905404729f2a95071ad02361,ok,512,1816
7fcdc26be9be54890d41cdc1931e587093bfad82,ok,243,880
cac71939422dc76124ce66a44ba925835acb472b,ok,512,2068
a5ca0d2615d0126157e4a829233cc33441a3a89e,ok,431,1511
7b634e1d3fd9d670c582ebd2df9d187d528ca5c8,ok,512,1818
693688dfcd406e7a8f6f584408f287318f4e90d4,ok,12,34
95abcdba372ad925a3cf399a55a8522f291b2917,ok,62,204
7e189d8117a26ca259b249ade291e85505a15817,ok,194,680
e9e5c88ae347d2e506eda6c279d44fd4811f9196,ok,512,1920
0095e25f2d12e394b60524869f4ba736c19991fc,ok,512,1851
c9cb6a44bd8076e0d274700eff541f9cf51eaa09,ok,33,106
1f0145b3482bccc4ca2a7bcb3faf300a5d42dfc7,ok,46,146
a4749268888633d0696b3a3ceb29706a4ee2a4c4,ok,243,868
9dd10ff62ab111fd51ff270c6bd2eb51714bad78,ok,160,566
59ac2a48a6001b5464559d453500dc206787330a,ok,198,676
d6d1f8e212746fb7e02a33be80b09d53be4c5cc5,ok,291,1056
ab2a4ebfc20323fafbae1c09a69b1e39582a59e6,ok,512,1813
0427e09b877fe861e124d1fbc5b16334bc021445,ok,512,1793
166bd75591a663404ed39bd398d9b208a5e94ec4,ok,67,226
fc7c89709c969d1aa080b5db707aba8b2af215e1,ok,171,592
c7261679725a7ba21a049184be4574eaf628f412,ok,512,1829
0faec7fda9920b45dbed938dd62e56c3017c9874,ok,512,1784
a6d1a9a0abb7d1d887c74c94635abd88f161949c,ok,30,94
a36509892895cffbf471f6adcea7c73e081760d7,ok,160,562
e9f93ebda3c1e7ea0391955070b375cec8685252,ok,177,643
e1121169b8140d0bcd665bac0d748df93634114a,ok,512,1842
66ca7ab103b458e915ea19ad418dbc4cf90b5a07,ok,138,492
225f0de91e751a7729103c70319847931e0c8f41,ok,266,960
9c0149ae37c716534c7660652f5e558201d7c299,ok,106,364
8792bf25600fe22fe9fcc2a5ce036299083e07ce,ok,354,1276
0c265875e05eaef3ff3721087550eae0d8606534,ok,512,1740
bc3c9dcc6e23d23ca10369447a877b0d8940e582,ok,85,278
a2dbe098710b19156510606b0000641585f2fe78,ok,205,754
d78c3c4812a8a67d2c0823904982b0e3df5a06a9,ok,512,1782
41f54f0a7b57102f4eae4a95bd346b465e32d64c,ok,512,1771
fb7de24fc0a5b5b1e0253d029f9d8896504e1daf,ok,512,1784
482fe56fdac9cac87d52844c5f90a96118827f3a,ok,349,1230
f1e17b05e0f6281e30dc8258704336ef00c16830,ok,512,1777
728218435201c945d70283f1793759cc619a1c33,ok,279,934
70505453eba7296fca119717bc19575d49b04e29,ok,512,1954
27ca25096366ab689d39a6845017c3bd712e7eca,ok,321,1112
316a0a7f15970a152d72cf0f9dbfa5d12971a76e,ok,512,1866
10e2d3bd74eb6724b60ef01a9b98120d6ef07bce,ok,512,1806
ac48ee4880dabd9fa5db2c8ac42c265e4310b9c2,ok,512,1775
db648b37295393ac39e914491267149401973a0d,ok,151,529
a25bb08562084838eac5c6df8c49cdbff15bfce9,ok,25,78
d6d09a70f598954cea55fad84a7cc21b96f9458f,ok,108,369
cc19122cc6c787b48c22d33ad75d770479582237,ok,512,1782
f2b8edad518018faeb9a06906a33f153d97c8a1d,ok,24,74
ce707ed374521d3ceae2afd7988044999e831c68,ok,95,320
3a8bf3862178e85d137f2e61c9f90c444b71a968,ok,512,1802
d62ba94868610f10d186503929227c7bb90d7d4f,ok,369,1322
bfe0d21a11d25c9eeb2287edb5ee7157efa15485,ok,336,1194
7a19879381aeea2c047b3c481a531638b912f08c,ok,211,738
575baadb24c82c008102f55c88d3eb851212dd68,ok,12,34
14747e4b872e05e8f3ae296468c62bd0fe62679f,ok,512,1888
03ddd885e605d7736043ece0b1bb48fd74c2ded8,ok,512,1735
609317420a334680d5ac28e7d9d33f4d7472e8a3,ok,255,894
ebd6315d820c2a971480b2e97a1ec93751616259,ok,512,1790
2b84eeee8ca59da81d3f7ef404d2dafa39177151,ok,203,680
61b8687623cc8bd81052e3b96d4afe730d21ef60,ok,246,886
4a96c6681f6e4c1466cd0d5f9ac354aff1cdcfab,ok,512,1827
582ff6f0f78348caf8b663301c2f312cb2493c02,ok,512,1810
b20e16589d338c19eed54fa73b65a3554faf62bc,ok,340,1211
9c6a02bb055adee74149fd9f1335aa28a6ce719c,ok,512,1826
dba2e0d19c8777f175bc874f6f59c836e4b707e7,ok,512,1870
e949388e836d9fad63657e9a356cbacd06916a82,ok,512,1879
6ee10f585d5296b29b58c07189aba8b7b1a76f31,ok,512,1773
7b0afbb020356cfbdcb9459b2ddd5245a9053bfd,ok,340,1238
ff914018f9fd288e226c56b07f8d5ba264eb059c,ok,415,1469
d72cf93ac52245803ea4f495f45c2d2f76b0237b,ok,336,1252
53b3ff8042a1364b4933577726c2a6744c755050,ok,164,574
24ac87df7a0691cd6adc30e0f898faaede5d8f2c,ok,512,1782
666b06e6d14b1e20431c39a627e18701fdb8a640,ok,245,850
59c02734f5520ecc48ca950ec023c0328a74e203,ok,292,1017
48ca8c9fa79625654694c61643cec4d6f5b413a4,ok,512,1740
d628283002006c111e0b5b6cb9dc0724672408b2,ok,512,1866
3e0ba1bdc56d859fa0e20e7c6950d40423601860,ok,48,158
dcc28ac4d1688e0d38c42a40f91be6f96e449a20,ok,382,1375
b6bfb9f42a47f84bdd55e109a832cb58a0bf2297,ok,512,1829
f4065d20f4abc38a3a0736e2bd7a14e88ad582fc,ok,512,1779
3c988dfd1fa1f88eed7812d92bd7489286a3e1a7,ok,355,1222
99690cc685ac282df94d25bb2b517b8e364658d7,ok,129,450
e09d13aaa8ed422bb980123191b110499a9fb0fa,ok,512,1828
08a2871b5b638da1982207d5eb0e602025810995,ok,512,1840
9a8d099320375a77ae9d528438ffb6a25dc8cea6,ok,512,1880
b9e52c2456eeb678fd8f52befd38c7302a74ad32,ok,462,1622
305a62de5a702cd6f64b1ed811d6c01a23c13443,ok,67,224
5a646d4c5c9386f886bc5a41f5541db09efb58ef,ok,512,1806
cc55483897b02dd9a0111011fd1848b0afaf62ae,ok,512,1853
903840f0f604a55139b731dc373d5da8f2605463,ok,362,1298
40474b58909b178b6f877c027ea0911ca4cbd26c,ok,91,312
30011ef2e08c25b359179fadee31d8c5b1ac4d5c,ok,145,520
51f4e07c638ca7da5a94d60140792089cd224d27,ok,382,1366
2c29222c726b9b0bd316a1eb684e7315f16e76da,ok,512,1772
3a6314a24386ed850364bb549b2da37fef059a74,ok,284,967
8e971128fbd720bfbf1908137c1eb7dd3de939fd,ok,512,1840
2a6331c504cd6dbf78bc2023be8b72ff8444fd52,ok,512,1796
c150a91a1b8557c787a315b94381dd4ed49fda03,ok,512,1788
1169a7b16846c8bfdebe5d70a3a753863ad36c6a,ok,512,1806
33ec31eda2938771535731ae5464926a8a13a456,ok,512,1795
6c19594117b9f8024304bf310fdf7eefbfd85710,ok,459,1550
789ee064f5d3eb5d1a8171e777a9540337baeb6c,ok,99,358
4faf5b2083e911cac2e4934f4ad8c31dc34cfe3b,ok,512,1770
c6821c265c3ee50f02d153c5a72ff4e048137bde,ok,150,536
673506d815dcf1957ac25c1f9711557d15dde9e1,ok,512,1781
997c52215cabb8f7ac7f06bf60763dc8a4adf8e6,ok,512,1716
8504b5a1d88c2945b33e122431ce48a2f3955d48,ok,512,1744
a2bbfe6756080033f79ff9123ef7786de6e79df0,ok,512,1864
3ee3571ffe9039e2290f41c0e1fef8b4ea605ab0,ok,316,1125
9b8fd0e3db737e421d344d4f9bd746c87b33393a,ok,512,1728
4ff7ab8fce95ea7fdb8da206212f618cf8df65a4,ok,512,1871
6b78ee6431ac278261094b580e054fd06e3ca978,ok,461,1520
e0945663e0fe6befa9599e728c9279fe91ae6455,ok,512,1847
e53dd036822e81e28ced657fdbe069c82e5ae856,ok,512,1806
e5d0a4b6c926e4d121d55e519e8bc90a4137468a,ok,512,1859
ada068a1cc1bca26fdcf674d06e08e2e387d46e4,ok,173,598
5b3f2249dc8559c9e7f8f4be6d9e6b8de61b70b4,ok,512,1844
52e660711bdb63199cf5305c4846bc0d8a062be6,ok,512,1780
9ece962334e3c59e7d3dfcccf0a44cc909463ae3,ok,120,398
511a8a11e61727601c3c747b9a4bcdf64430f212,ok,270,959
ffc7f36b2a9344a591b87b8696fb3373c7b3fae5,ok,357,1382
d7d2a368a97b58fc7bb7dbe844779efe2c5e9b56,ok,180,621
430c92e2558c1796ef5bd3e9e0f1fd61c7aa9493,ok,512,1802
9f3fb64657f9cedafddc85c92aaf86c3692028d2,ok,395,1428
ec09ca83bee8b6251e591300928e826244b22cfb,ok,209,729
fd1241ec4f501f9af2ded58e8e999d6a0a932b46,ok,512,1825
d2729031d4e53755c15dddad262ee3eb184bb730,ok,512,1808
a084a9f705687d24c03f7bbc9102250b8a4d2725,ok,512,1840
77f1ab675a2fa68ad37c0c065230684a386c8e97,ok,93,326
e6cf96d7acb9d65ef9ea93cc36904e108c55d435,ok,32,100
96f12358a465e9110a76b00623cb2de089d32386,ok,172,596
65945a2224d881092cdb3adaa7bdd5f3edee650f,ok,25,78
40cffcd3144cd0d1aa63c5d9d935f14e54af0442,ok,512,1763
1e2f2e54d6b3ea5810aa61b85c708f4693ac6924,ok,512,1880
220ed8ad9858cd21de2d59dff8efcaa191034f30,ok,503,1754
67e55b0741994df597e9bd43e607786b0dcd012e,ok,442,1482
3fa13afa96250bcb5173455a2289d997ba48acf4,ok,512,1736
e704139ed7eee757d9ca5a21168c190d1bcf389a,ok,512,1860
39c2a6c7bc25e40ee8179d13ea9e2d4d590a9a3e,ok,436,1626
0545b19a704c0553b1ebe1c5ff044a3bc319fd73,ok,151,528
46089f0e7ee3d3c5e2cfb0f01ae0fb9d1710e99e,ok,423,1548
65d5f3422c2214882cfec38329257c4187f85ef9,ok,211,754
05bcb8a475fefd0371d1bfcced6607d843b4db4e,ok,512,1827
3537207d704b487843c642a8a3ebd91238b0134d,ok,214,744
d898fb37d059a2e1d1c818f1152e4a0697437dc5,ok,512,1873
2af5f52b71af166a6a046e21fcc53cf5b7237f9c,ok,309,1100
a5ae0edbce41d9f18a6a176bce52dbefee76fd95,ok,512,1840
d7d39ba6950ba82810c66e9c6318386717309ace,ok,95,328
b6a0fc3c2726e01f8027018557f305fae193fa0d,ok,512,1772
db556f9f125f8814d3585edcd59ff7a79525f4e1,ok,477,1630
6eeeac440b5aebaf6f4fb7246a60078dd4eca43e,ok,512,1822
45ce13d500733541fcf1e6bbc01f5d9605ff43cf,ok,512,1806
592cb419c9b54155455f63b8a3214fde3a21a900,ok,204,727
b10c345f45fac32b42cc627fd7f46b9a0d6af319,ok,188,640
cc83dd24e8dffcac99766e5586aba2831bb7d0fb,ok,111,378
4683fb4fcce2c99b879c3e7c76cb23fe2c5b5c98,ok,512,1814
d1bb78fab399d76ea4ecc177815f356fa3d3668b,ok,512,1812
384ca7077d50ba06c830ab8cc06a18946b24b245,ok,512,1824
5f1955e9d7a2a0eb24e2f3cb59bdb2b00db6b72f,ok,231,826
8eba0d8b2171471a5ab09ee156019e54b7f9e054,ok,145,503
484ee7d31227197c051d5fc2f9d11760b6d9e2ea,ok,88,305
ff4824081c01f43c28e5112883d5c4e21b0f0eb2,ok,512,1805
b991c040c0ff5f30a6da495a832450654d40170b,ok,73,240
603a86523f0e6d664af8eb032f4f4b0ba9b5370f,ok,512,1865
08efcc4536f8c52c040a8f3f432744f2bb39c8b7,ok,152,539
33d040a3df13a4f59fb29a6a60e0cace628e8a6e,ok,512,1828
b63b90ff2f1b10a2ba0c9f5c87496ea900f26d38,ok,238,902
1eb0493a04daa5f19bd7f89ab5bdebcb5f8e3631,ok,131,436
9909038575abd62d44768a967ec4399998711158,ok,486,1730
5c7e7e1cf7aebb87e12ec70d30ea72fd84018cbe,ok,85,280
7e66904bc53935d8de2bd251ec5f3d647e716d63,ok,19,58
ed69a2a308274adbdd7868656993fe91f0925554,ok,512,1777
25bc0d6b53d1de150a6531b9d287601de7420691,ok,398,1420
5402758ea13b337a89d0aaaf9f1701f4f0c8e684,ok,512,1899
5b205d942f9b5d494390318e946b350ace8c999b,ok,154,528
3fa5e1916a463df0501f3089e80765b9b801aff8,ok,419,1488
e3d5e5ab842b3cedea0504b02a0f65c01d51e4c0,ok,150,502
cc1d227a7b2d646a001cabdcac818f2015884262,ok,109,372
cc7923b9e126f358c521a7f9ed64bbe055e4e972,ok,512,1844
7f46ebe7e10e176ca12bbcd8b274ad07a14f7fa5,ok,512,1766
7a1852c4aea2a56c53f9e9b67b2cacddb6060223,ok,512,1830
a65411f216cad4802ec205ee08eac35cdc4fc3d1,ok,512,1808
d005b7d3e5cba000a44b74008d4910d19deb97f6,ok,171,578
7bb2c9308d0821ef57a693a06b4bdf2db67f0c3c,ok,512,1848
8cf72a7080e1d798c4eafd00763f140c3b5e15e2,ok,512,1796
9a73e54d0319de4ae4eb2fcdbd3cc37946b9ec71,ok,512,1812
e37bda80a9baf784910f4366857e24cb617a0277,ok,512,1814
54c9409fc04209347e18c0ce17406b345d36cfb5,ok,379,1364
27e0730d49209c629e91b9875f1e81be630e6ed9,ok,491,1740
bd86f0105de49cb5edba4da8b6bd343229738816,ok,192,690
a7cae2fea9e11ab4dffc5d68b30d2f5c79501bda,ok,416,1502
e26dbb4c037a2fe03136ac57a666c0511fb4c0cb,ok,442,1587
1c7b134216f39ca676558696713239a2c0745310,ok,129,450
3b761a9b84b226d2d698c268ff79d51c80c38a4d,ok,512,1865
b146076fdb47f744b587a6a4d383d482c3f559ec,ok,512,1714
9330981ca212eb6c71587e26b4ac52b3dd80acc1,ok,512,1795
16307f13ba2793127c86b0528c08fdbbad7d11d9,ok,229,832
f8c58b461da49292ef2a4a74d7ef8878c57c12ad,ok,209,727
d96d74e5273f1ec0970029864d9de2bfc04ae571,ok,106,366
8e201b0436e8a476d614c6a09f16bbc18808c5d3,ok,163,596
bdacc02d89ef6ff2ee42c04980fb935da10fad4a,ok,162,551
b1fd0163d1840d59a6df124175759d2fed0381b1,ok,297,1092
dd080fce8748a9e0a66860ea1b9cb51c9747178c,ok,512,1836
0a1ed1eee2a2936344db6c1e5563dffbd97bb37b,ok,23,70
29470b44ae18d5c4a3c07478ac4d4b8f4ac8688d,ok,512,1825
9511027cc782a6cb1c8bb5ff7de88c5039a29d56,ok,79,262
ed81948243c7af701a8180e12d14c7991f945d62,ok,191,702
bcaead7f14dfbbe45627cb9ce78f5ae76d046eae,ok,512,1780
bd86e510d0a98bec699e4f4a699c1fba008a319d,ok,512,1870
b88fe06a1257835c24e119153af352c9fcd4e375,ok,512,1821
ab67a5498c74d0e2f9b73554a85a0d56ac967f4d,ok,107,372
5e7093421ade6986e37ce6cda50e36882d1f2544,ok,129,450
a2953901d889f118343553d1d4cb314d2071feff,ok,512,1774
e2ad5f3307b6b4338cec3df901d63227a9e26ad5,ok,512,1800
c61f3a88ea718778eb936439a9cd4f3696799963,ok,512,1809
884084159c960d3da6f3757cc7fc77650f41d1a8,ok,512,1826
f0e4bea2b30498e35d0d276d214e41581f2b5eb2,ok,160,554
504c15d9044a79dbce0b8b510fd4b123fe4f5917,ok,512,1820
7ed9f81fdd40308a2efe0e8dd83c414051c30a5e,ok,512,1846
f85f1afff1b02df67948cb93aebee91497f6d5ef,ok,50,164
dbcde8bb83ffab174c1f04ac69a6206ec29f72ed,ok,512,1851
4297cc2fc62d4c3f58480b13b20d0b092b701290,ok,286,999
a59eba7531a3d36471436fe2950ee72840523734,ok,22,68
57e7c16bb8231958949b4ea802b00ab262e41ce0,ok,25,78
3f82e7e5577926c5031c51d5d37abce69772e9f0,ok,512,1832
f77c64adc668032cfe6327b0be6458df447ba834,ok,113,400
61347b5f6e22904c73694fbbea60870cfb1473cb,ok,512,1848
033f24b2b1ea58c628b1f9ae39c73f9bbdf99bf1,ok,512,1898
938aeebc2edba0b30c4b22956d8b0d6d779d08d5,ok,21,66
879be322361480a40b1837cf8e29af8f3b8ea89d,ok,443,1581
560cd42272148ad5b3e25c18ba4262eb30d402a9,ok,39,130
01b69e8ce902591767c8ff60a2c167fafeddaba4,ok,512,1833
06c2efba711fa3f7a1f9bf9c23de83cda5160216,ok,512,1775
2581c6fa58b59683815074fd8a57f903c4bd1556,ok,512,1795
f2a80c1e2fb3b39d360b5317f6e8ec818b074c5c,ok,512,1811
4ec05335ae3f1f9dda12005a7de1cce86141669b,ok,512,1826
938331dc58a04636d05b35c57dc30dc48089b873,ok,105,350
cdd5f9ffff12ec9c2565d41cd8eab69d717af33c,ok,348,1228
b044fc8a1c8b127c5f0d5384494ebae889b9bf87,ok,512,1822
4d240a6a6fbc2b608d6e6de651f20ebd5ab78f8b,ok,512,1742
4a4b443a609a6c417be62cc851551f4b7719974c,ok,262,939
1ba24f30d313b5e3f19a732559c1760f21b3f7b7,ok,92,308
033cd156a5162bb0f8453e1f199709e9a5484bad,ok,512,1810
2975d431b428a06ff39ce8cf52210d65d0f02a62,ok,237,798
c5290080a83b94af1281d04769cde7ef292d1f85,ok,512,1850
d18da3bfae1cbb73a96bf3c0921f2be21e1b8692,ok,512,1797
d83c33f80975e628bbf2f073ec545afba96214b3,ok,137,455
7b21b2f1aada0505a20326c62f6dc435be162bd8,ok,32,104
ebbbece2eff258d6b3be42e87dae3cbc68aa614b,ok,133,482
0ab695dbdd9d708f7c64c36da39d1f2691ac9ef1,ok,512,1802
52eec3eb5427a5959b6d76b4b125f2423f299345,ok,63,210
aaa0b54cd2950b40ba0a0e80aa33d95c8984fb4f,ok,58,196
bd06c76b1607fc20b6f45b3a4ff40f589c8b49b5,ok,512,1799
24d7f3e4fa30b3996ce71d34129de5571c315eb9,ok,281,1018
d191093fb07fa29ee7b7628bb7db32c2ff4a1196,ok,452,1574
4a4d464fa2e1f0451c957dd0830350cb445d3f7b,ok,346,1230
a130ef9cbce8a05436c5773eed73cbf4084ed0c8,ok,100,334
7885f4cd22b01bac9e80c52a30f26771fb6cf8e7,ok,324,1182
82319f2b928d79aed1f78bed366ab66a232c03bf,ok,512,1770
3224923ae174e3e52934b38532c85dc2780d5774,ok,346,1224
d64656e4817c55e25dba5f72922ab1ca98e065de,ok,101,354
5bf07c5355780d1f5cbb7073ef2c7b9080ad9e8b,ok,512,1832
349021516049bd9b5bcb8c57f47356461db1dbca,ok,156,565
13b1222ee9cf010a4744502c4d4aec8b1e485dc4,ok,512,1706
98e2fa27372b8fa2fe164746e71809ae23176188,ok,111,378
afc9a3ee46a9ec165b739f722f8a4c5ba045c64b,ok,228,826
4c059cb7d865bfb12d594396d937930004080a47,ok,512,1738
7819acf8188b0a942137b6c6303c2b66ba07ec27,ok,166,602
846d9485e9bb15ead963777108ec293e3089329e,ok,38,128
e92c1ecc381f02ebb5469f92d19abce310191c1a,ok,512,1810
0c749bb0dd4e8dfe831089b0b5d2529c30280bde,ok,512,1822
cee4cef9ed659bdd52596055d05d0c2f0bb5fdc1,ok,26,80
67588ea565ccd0a97249d3d055eba42547e1e743,ok,58,198
c0ba527b7417871fa42f5fbc7799fc1f7595714f,ok,160,542
e852e664735d5191ccf5b45d06e49cdb5c1a62bf,ok,62,214
db3547e36789be9cc599ddfa37e533906feff7d6,ok,206,725
dd19a29d9a438fe1922c03eeb2ce0c6d9f742d0c,ok,20,62
67957f2172b1b1517b3db464f5b06d8ea2283e23,ok,108,370
1cc43bac716c9c82aa259b063a2eeefdcf4e41af,ok,35,110
5154b37f2728433edc332860ffba30c459ab32ee,ok,512,1828
2d270b3127a29898aa6adcda68feb5ad3357cc2c,ok,400,1440
1e93faf8a1666f09ece3083c4c0b0e219046c947,ok,179,608
66f62a0bc65277b0c00a0a5d18855be191233499,ok,29,90
db07d82daed5b2e2b851a1e0c2cb5fe4970b5f16,ok,512,1808
cee3822ca4227ac78a72d8209364419771275c6c,ok,62,208
ab8c33c52927c57c09babc949f0c069382c867a7,ok,358,1322
ab2c72d75ae74bf17c8e49f9ea9998dbcda3f127,ok,441,1526
f241dbfffa358d89592d21920b5b76c745520dc2,ok,262,948
42be2fece8ff0eeffed3981096fae20235a2d40c,ok,62,202
5fd7b58a0fbbf1289839c5a5c9c90eaf7a772471,ok,299,1050
b0ec5af34418c1403c6e548c3895209df7e90265,ok,512,1712
8fa3358a0f84b0494cf3a8d987bc94eba773ea48,ok,19,58
3ac4c041d9510f217a4a83e4058dae5acc3dd55d,ok,170,592
3ca708364927d299cd498aa6c4d31bc8f650cf49,ok,512,1893
176f022f788192201431e3d969618a7a1a9de58b,ok,476,1682
5525530c9df75d3ccfc0416e3a502265b17a90b2,ok,512,1798
8a5ec210bbe428d1fb6a54347a808b0b685d7d85,ok,512,1814
35c97d8a6ec7d03eed3f88fe9e61eaa0d9378a18,ok,512,1823
a54d8bede1a42c6baafe4794d95692f38d646104,ok,512,1756
525948ba30438f41de8a7f072c19cf781bace55a,ok,512,1830
6d35c18a57ac0a8162d8d45f268fef4d75dd7a7b,ok,512,1826
10f81ec2a08bbc8d0da7d5c10442d19d530a1a25,ok,512,1856
c3ee292b3750ca07324fba74308745052365367b,ok,512,1891
ad90fbfd7366dbc414e6dc1b672a649ba7b9222f,ok,183,618
db3f43b8c52babd011fac8d9fb8b93a5fa3e59ed,ok,512,1740
8c9352fd74a9daac1164009a0a7def4e013b98ca,ok,87,308
80987081c04013e88eed96dc7773053def95c03f,ok,512,1850
a248c3e9cdc1f6ae025632d20abbc9f48675ac7b,ok,512,1916
60e1bdc1672f49c4da285d1da3ec6ecc22dba15a,ok,512,1854
cc7e735e577d4b28951be3f14159e50e61dcd0a2,ok,512,1824
e99e1cc1f518267d6426f56de95a6bb09861673f,ok,512,1794
3c972e1a18a8bee674b4a87842daded2a4a8e0b2,ok,512,1688
7d0163c5661e02adbd11fcaf3c66d5518076ecc4,ok,22,68
65fd536d51b492039fd006f112f80688724eeb6f,ok,95,322
7f14ce9462d6e1be7f071ac5dd0b210dbf2b339e,ok,512,1831
809e32a0ef8515e443993853594ee0a84283baeb,ok,512,1825
b4c5e928fff48d2949efefeab3018c81ececb8eb,ok,512,1895
8a4f9ec8e34f98c7ead0cda3c83ff5d32550274b,ok,344,1236
bd7dc6a80522cd09d8367a212adcd6757a806736,ok,445,1603
ffbc7b91ec5be57ab059ac48805ea5385cbe6d7d,ok,512,1838
348d1ee1332f4c78662f964d5c20012827f41842,ok,453,1602
01c3247c04c84d8a156ed2797b727a4be0730f87,ok,512,1770
00aef71c321488d246f433bb5bab5f0f94ceffbd,ok,512,1824
4cf28788fe0646076b2fdd2911399058c0ea9e58,ok,29,90
d74e55b026b5701d9715cddb7e3dedc8e5699ada,ok,155,520
0a27bbbeaf5b13c603a1f5611c817cd7491267f0,ok,512,1766
1e250610d982685a0983b4a6929825dc4c772f7b,ok,324,1136
4ce3328c04b2e08677004c39ddf3913553d4a40f,ok,512,1943
21a2b7c18fe76d97a37b02b037d3fc0f1c052a88,ok,487,1840
757b522ee227470262ede599741b5faf9545215a,ok,512,1804
e9f16988ee4932e042e572213788c3b282d72243,ok,363,1262
aa406e88ea13444922dff52a68b3e1e1c3bd6502,ok,512,1762
6c9c1311a3975c721315368dfcd44c31b71f6300,ok,512,1831
c1cbddb6a461c12f4abd7d28a8a2e8a4baaeb0ef,ok,34,108
b785a6aaf5bd73d0e70878b7d656143ba1c3b76e,ok,512,1844
d53fa83f22e04a4b9d5bc7b8416ce522d540cb5a,ok,80,266
9ef841d5fdb769de200b58080e2b2ea5fdecc15e,ok,163,582
fd303ed283950fca82af0a86025d7669e30b7575,ok,512,1780
b0d67229662be1792cf26fd9305f5dac197e968f,ok,42,140
98539c607344560ed0b976a3dd624d3dd85e620f,ok,165,562
654ec6f6efbdbed2b7e80b912ada3d4cccb61650,ok,197,654
197434cca009ad4fa2c809fe4ed5d76a921ad269,ok,34,106
1637f33dd886a7335b917b59df4ab053efc7e514,ok,57,194
5e2b84e4c372eb83482d6ca79343d61a6b557fc3,ok,512,1830
0c374a11d7a9d261910a3dd875aac0e2fbc2dc71,ok,505,1847
a966ceb25998f4e878205b90b4f0e2be9a81d1e2,ok,512,1837
d3c9ba176b310ef0b2cc66865373c674600567bf,ok,128,445
c55459865d3a37039a1cfde0c5e441cfb45c347c,ok,512,1843
f0b50fdcd0f3eb519fe675893755842ca94b6b50,ok,512,1856
05ff70862198b6f8ea83aa6c4d2744cd09b87ee2,ok,170,570
219c329c5f444c1f21fe9c3204d77fbb9f2c7344,ok,435,1518
895c0ab1a2990162aba4796d767a3c9616b4d05e,ok,512,1849
cf28f82523874c4f347ef16e5ed49c7e78865b91,ok,258,926
c585f8e1b262919c53c70d6d3c06ae908648d798,ok,185,659
22160f98fbdeab6a3eafce3ae9c17bbf7153fb63,ok,234,874
9df1f3df47e48ea857a3321f21d77ef19acca0d7,ok,80,266
3ca60c6dd008476080ea7ca5f721dd50f46363d8,ok,103,350
4fa6148cd1f8d91a606592f965b0d1fa2023c316,ok,512,1780
fba8aa1aaaf019b1ed116e578e5fc77058ca379f,ok,215,760
e8b2de95c641dac2d5be3aa488957fe156a79393,ok,16,50
4a99a018cc6eaa638f73a8538483c52028e8e408,ok,512,1798
1744306bcc63ba4b0b20ded017c43eecff3c4c7c,ok,392,1423
8edbea72990aea752021cf94907435923cbfe008,ok,512,1841
31f19b1338784c962aff599ebf5fdb8010c5e51c,ok,203,726
0ece225461c2c4624040f0ba5b07e4c352507126,ok,512,1768
91b0f4a304c43be8173f731d5a750d2ecde7faad,ok,512,1969
ddfa4c776d7ff43599b8f5cda5ac7f462138d48f,ok,165,592
d9f8a59ea3a6068d8b34d6e41bfc27b056e66c8f,ok,150,510
463980e04b57ced5b4c40465bd77117ee3a27d09,ok,63,210
76646122402162d9fecc6e9e6b182a7eba3c3c0f,ok,237,856
e29816063c30e4890264ebbabd66446c4d7cd688,ok,141,496
229333d2d9c365dc4179dbc886aecdfe7c73b982,ok,129,450
f937a96bfd9b42dc1c3a1aab36b038b37f5f0c8f,ok,175,606
dee65a62e9f6c6f5138e926be0313a85745d6c2a,ok,35,110
da648cdcbd9a1c9087f48248cd108da375e68929,ok,152,524
9febf51ca3a9da9ea4828a8f7108cc5706ac52cb,ok,31,96
ada590118a381e9f8c448f207db45bc97ef99fdc,ok,512,1730
a1ddd5c6e3e2c104584dca572544510fbab5914f,ok,512,1853
ec1769bf717735b2c6ca4a3e469ed5a23239f364,ok,113,384
3b2e3d9af174a7ba31afa253d427ede6c0c8b8b4,ok,305,1036
ddac908090ed6c30be4557a1ce726ab5d74e21e6,ok,512,1778
aa4a7d1a937d5d6d931cda89be1d980f56a4cdd1,ok,276,1000
9a5bd079d40478a80301b814f3606759e1ec9866,ok,512,1924
9c08e3455529aeca1f0f3050c5d0acda5888195e,ok,396,1406
d3bf9c9266ac96606b0111402fb62ea249e5d6fc,ok,102,328
06b60014ce444461d2295cca24c7b288de604b47,ok,25,78
ebe5ad975350ca821e989aa88a896ce1586f6795,ok,52,166
615c79fd5380c6d0401c2cab12f5ed7f9db074f4,ok,152,516
cdeddd4d85670195936e1d8d5c3e0702d503ab52,ok,512,1826
b4f026f66515b1c8f60df0d44d415600f4c42718,ok,512,1782
c2b45d7cc69be16493e220bde37b06a51807e5a7,ok,512,1802
e2639bb588865be9674e3e59950b67ecd80ea56f,ok,512,1907
f175ddd9d3bc8b570773dbbcaa0d570031409b76,ok,206,696
a71117f1f5b0ca7b8e0d1e3f0da7c7729abc515b,ok,16,48
ec20b0ae16484e65792fb0a68e8954413dc410cb,ok,512,1860
eccc965c2bf15992752df0e2e0de1da9fa05b83f,ok,512,1769
adf4d6fc57ad405d44a1d9e3ab5a8e86081fded4,ok,357,1234
28846b00c8876c3b7ae28bb719bec146ea99fe82,ok,512,1738
b99aba3bc5b1f89d8217aae041cadf5332a3b031,ok,54,176
131e20ff2c133f57970db7210754c5d9afb78ad6,ok,371,1302
7e66528dbeda8186fdb1b1ea5295ad3ba5a36f48,ok,58,198
913354e2927dbb9e9aa76ab5a254a1c618aa2e4e,ok,327,1176
60296c6765f7290919b05651a3568f45669e1c9b,ok,512,1808
4a8732b496fd2af37ac79121d0fe9775f73a18d9,ok,97,330
5707cb269d6472c9b88b9d67e176aa22754be267,ok,512,1808
b3a863bd45842e22aca0907efa9e2ff675e6a532,ok,450,1667
d15cd9b8d85e94e6e83c94c396d07be5bdf4ac4d,ok,72,244
5c7e170a7480b457ac391a0d82f32bc15b45fe05,ok,512,1780
f364261eacaf0f5043e8927af92fbe70bb3f1d72,ok,512,1788
9ab5fcacc14c58ac917767c050db7e88544fed78,ok,117,400
ad9f45c36ebf66d00579b43838741e19a61d6469,ok,280,958
3d5b00784a8c3d875a889d8370f0fd29b429fca8,ok,512,1848
11ce0a35fb1055fd258cd96785a6dbddfdde74b9,ok,512,1790
c200016c1704d609a26d5d3d7e5e2c494566b1e6,ok,345,1206
1a12f8ad3dda5b108dfaea1d4983dc04f88f94a0,ok,512,1866
4bb8c8d15da7497eb72fd882fd80ee2a04de0a1b,ok,293,1006
63af09a12f44421b07901c6fdea835166d494cc3,ok,476,1696
846e7a128aca46f892cc498ec024a10ef3da1404,ok,439,1575
1dd5f527cf5dbf698104dd351d064a5925a03ced,ok,82,280
ee8a340f4e07d816ef7dfcbf239e401563457fb1,ok,512,1854
8d065d0624d76260b214915973dca0a08ff47f8a,ok,88,298
283a72e77f8c842f8232b8e7be8eace6bd134098,ok,512,1874
11499234f00b7d336ec35b3dba03cf8cc41aeb62,ok,267,922
3567aba9e45105f4fa3566760a52160a72a43fe4,ok,217,775
3d4f4e07a3b1c004655549ed965e3e80a07b3873,ok,512,1824
85c62f280f16db5aeed033b6e2b7be21591f2ff1,ok,235,804
179eedbaaed49ce81850209ac303688d48d220a9,ok,146,503
52439af575e433257444ca57eae68d8cd028001c,ok,512,1854
7b0e331dacb7bdcf7b8267b42ee3099d8cbfd38b,ok,17,50
43a500e8156b8bc1d9ca468e370fe2d662bb0fec,ok,378,1425
ec82583bde8ae1cad23730dfb4e9d24125c3851d,ok,444,1596
adc37af4b504d5bc85b1c1092ecdcf027c06f483,ok,478,1730
5e627afa4ce865f467fc4d713e2abb50b99712fc,ok,512,1809
d0526300efd7b3c852736fdd2cd56b6e5bc8dd18,ok,512,1854
12e82125e0e84990469473406e663c40a9b26a45,ok,512,1868
ae9ea67376a6af88086549462defaefee19f663e,ok,59,204
253faa2c0c7d3dd4380c960fc3e56b71ce87b970,ok,60,200
cb067830dced55ab51c246c11db9e9b716512ceb,ok,373,1335
20321cad18e8fb7744d508efbb2b20fafb1382c7,ok,512,1787
63ebb3cf5a3110375ef14e8a76e3bf2463f24b51,ok,512,1796
fccc24b0fb66ce70ce621addb66eb5683e792169,ok,33,104
8efb1ac077edc2b7da5943f8a12196a51fdc4db2,ok,101,347
6ddc14610bea8936a82387383859c964baafa55d,ok,31,100
ed869ecf6227e7ee3e0e48610080791eda4a2df0,ok,512,1826
d934f02b0db945518d55b3d93632ee052959420b,ok,512,1960
7b9e38d4cef3d8a653889bb14effa626a2557b62,ok,378,1370
4f52b544b7599fe4374c260ab68ee93057982524,ok,339,1216
2f07a29a3c4fb16fc5023002e569befe147a450d,ok,512,1813
103fa7de66dff47649b004734fb705aaefe30586,ok,250,855
95d7251796d1d76536a8b260a05f76a5e4b6684d,ok,63,210
659c139b59c7741cb8546cd3bb8747f22e66ff57,ok,129,446
f2904cea3b879852f2fa78805203e12ce7abafe6,ok,181,636
aadafe7705672b101672d351cfc72693dc364253,ok,512,1770
38cb0627bd093e26ad481f938cc960c4088a577b,ok,276,918
911b39e6ce28390d1632a9e95f95e27630e83546,ok,36,108
6fe3ba8e80238c55b71823bdd622d2d5616a6540,ok,46,146
68b2385c30db06968e2be06a72ceb488c1f3c561,ok,512,1724
3720b721b5c309365fbb8bdb317efdbc02c37406,ok,512,1869
0d82cdf61a4f6f8ff51c95012a52bd929b02bea5,ok,365,1324
35ee07f131290bfa6d860e6bb0cf4e33dc7c78fe,ok,170,584
1c7152fdb7cdf0c40bd1c4ffc4f94f4407d6e4ec,ok,512,1815
60e07cedc9cef0a6e15fda939af6b2b46b7e1d72,ok,229,792
04647c6cd64e700b37a6153e68506991e1951ee2,ok,512,1786
7a931b880bbb45942ea76627792fd2ab460564f9,ok,120,422
2efc197752a342f27b83c8766bb416051edcaf8c,ok,381,1382
14f8ba93c3885fabca06a840705205b6a2d1271b,ok,317,1123
4b44e275588d1cfa3515c2bd4edd9091bbda7501,ok,512,1832
f18101efbefabcb9d7aa2748a8d9d8e655e4e204,ok,512,1794
2240c7fea5389603678950b4f71d0b798c45bdd5,ok,195,708
1bfe21d74865551800b791d528a1ec903fbfc2d1,ok,142,506
c917b6057b70641d873ca1c84d4648e0139e7722,ok,474,1631
027f17c59c7218d87ee43e1958b88babdd248a0b,ok,223,760
2ccc299c46737a33b494c14dd1bfaecf9ccbc3de,ok,512,1785
04aea964a66962e6e8709f1953785c35fec27e59,ok,512,1809
2882dab0bb2f5b52a8316208b1686e2d93630bf8,ok,512,1722
69abc91ea3d4b25832e3d5427a8da4e92412e6e6,ok,401,1446
aa59a38161d152c4f80f56cc1b51ae22d925b847,ok,102,350
c16bd5a110118399c989ed81b6e116c43182af71,ok,512,1826
d607794926e276acba65f912d7fe4726c4a64368,ok,512,1826
360e7cc164f77a0da269b52f7d06b0f6283a39a2,ok,133,464
56a7fd73d197b04cbe930c9d3d8e46e2a3b07cc1,ok,512,1882
c14fd9ff440ae55f64b7cde3c22ded794a8819a3,ok,254,854
da8eec60f7665034354f11a0ba2b6db4e9795db2,ok,512,1872
037c36c930cbe747036941f9cd030f5d64b461fb,ok,512,1921
9ffc164df8f01f2570a71f28f2710326a71f808e,ok,512,1751
8155669f86863b21818e23a3f667703c3a1623c6,ok,388,1338
81ba170a9e544864dc56605b2479ae6f359f57bd,ok,192,666
0b5339d5f0712bd6b46f08f1daa55806300cbfa6,ok,274,982
6e539b5189865b4fbe6e499dcca32324aeed2cbf,ok,20,62
eafb6e0b502c06f28ed876eefd5a8780538a4e35,ok,512,1776
1f718f08ed7daf88f43bfab2431de0491702b211,ok,125,444
5df9805f2bfa893c782c6f257b9dc93336ee2c0d,ok,512,1720
eb30908c0950734ca655ebe7ed0980703cc763fc,ok,291,1016
9504760135d749f91b4ba4ee6313a7611552c11f,ok,66,220
3c61c2cc0e7f2b08e47ea2ce7fe9d87d33d6ce8d,ok,249,882
3cbbc12a6a4d55dd2b0b152659b584a3658bb10a,ok,512,1876
9fd266dde43214a34b7303d7df37805e71c98172,ok,512,1831
a46b552372feb6a709c9ec00f2c5ccd7b55b5efa,ok,512,1817
67a72a6e5f3709550103b19b6e157083a911e8d2,ok,398,1390
1635ff8dcc8428a73f058203ab668dd80a003fe2,ok,40,130
635b93106376d4b9d71940d7617d4b7ae8195159,ok,466,1595
655c772050b2b8586b262b37fb1ef3d54228ec47,ok,57,190
2ebdc9d40f8e4078b1e3e84efd5bbd0b42eba140,ok,112,372
3bf1d9ca94e446421634945fc983fb379a2c38f7,ok,68,238
8b112577e9c71c642362acbeb1e0ae065ec82941,ok,512,1797
b03232a1701ee8adcb56008978fa6fbc24a19c70,ok,100,344
50e120c8987b01e94b4c6bd8787ab04977b83d26,ok,358,1269
1b2f1a7ed2be46eb10277ac92f0ab7ff6f0d008d,ok,512,1866
55f752de7e4bd51416314e2ffe61ba619b7e2fa9,ok,382,1270
f68275d16315594e900d752d1662429527a7e19a,ok,512,1782
469ca0c3cb34d42659dc382cf42b1001f3c174c7,ok,375,1234
fa4259026d1f8113791bc5104fbc42ae055c0e38,ok,28,88
1be2cdf6778129bc078e21d367789836dfb5122b,ok,72,238
b5a1ef3538a4385e4374654626acc8db9e544b81,ok,96,320
316e7317e507f5c0676f8de312e2437310f04b6e,ok,512,1819
23f49d021a8fb84ce3be9aa3c120093197533e10,ok,512,1843
b8bf729e0bc1415c27bb1f7b89a1089428d88362,ok,512,1928
9c8420923581669a6922c38dd87e451ee03879ee,ok,512,1844
97a22e0c7557408a677f274b4b0e60b0cafcee47,ok,106,360
63ca57a9100a0bd727554e79cd6228147ccf9921,ok,446,1592
585eb72fbebeb40c1faa0ec7d891a09174e2ac30,ok,92,322
d2c5beee2558e46d570d14da752a49e8c00b37ec,ok,512,1778
ff2b93078eac0767e0570739377eca2a142c695c,ok,269,931
1dc160a6cc7f3f19a1b9ae39dfc0fd9dea5a4596,ok,512,1892
11059e1def9a0e05daaaea49f0d73c20cc33558a,ok,512,1817
4e4e1f7189e69c15d539564ae1f43837e730c476,ok,104,362
1e6eb6607f762cc0db3e2a297aab417527060774,ok,129,450
c97cedd799420651bc1ae92e01c9d3bdd95c1f83,ok,512,1801
ae56d30ebb2061df4303a17147f7e763030fcf4e,ok,512,1660
ed4da87e8161bccdac10a24e7f8bf718993b83b2,ok,512,1823
6109bdcb8260e426b7ba46adc4205549d34fb141,ok,512,1879
0fc09c9b7c680a73f3ad3467a53159880c122bbf,ok,45,150
47ef569ae591c6e2572da4ce706c0e7bca67a78b,ok,223,778
fbedaa50fbfc50ff095a6f7e89c27b22f2b5b263,ok,31,98
fe655c5995378b1fa2e993469e6f3df729628172,ok,95,328
5fca531282c3620cb0ba8e32acd88fcd9eb6a449,ok,512,1859
ecb69fd1cbc6386abbbef8e2cc0536ac5d608326,ok,512,1784
6475699da2e7ffe2a2d7d00e9bdcf62617a06a83,ok,507,1777
07275df6bd28e231e8d189356123746290605e46,ok,512,1795
4758942f63a984d37e35e17b9e0090fb430c943e,ok,277,998
ba0cdfe36345796d0ef156d9108158237cfe1469,ok,107,356
640f8cfc96009938f21ae417349d60797875bf18,ok,413,1565
e038a09ec12d7283ceeac5d5c3b20e8eefe04596,ok,18,52
2bbc783ff511bca0487b95c3eb9749c18f849a18,ok,222,762
2f0752487a96be2a37456d612697eb8df47423ef,ok,33,106
fd009d45d84c3de01c0cbf684aa4bbb872e15a7a,ok,249,904
385c81ec816b80b15fc6f25e8fe17afbd5350c81,ok,512,1816
250602fe69207571f2dd6ed9be12c0dab6f3ccea,ok,512,1720
df21a6d258e7bc1fb8257646a5758c043c8aac33,ok,69,234
5078d0fbe5ee910e670bbca7d75b99818bb8740a,ok,512,1833
88859a75235d67eb0c5fc8dabf57602f78dcd3a6,ok,49,160
3fde015205b7f4384d91947bbd792f5f4a991903,ok,512,1845
1701a42bc0947a1eaba94eabfc141ffb6310c346,ok,30,96
4d7f82f95e4446b8fbd7947cbcef14f52a528938,ok,244,844
2e23c293779f5bb017a55a0220516cfd3902362e,ok,512,1780
30444c88ec0560844cb7dfc2cc9d8853123bb2a6,ok,512,1833
2f7841597fdf243456a7d0aa5c641612fc0535cb,ok,512,1764
63a4b1c0bd24c82ca7b4eaf2473d361614505233,ok,192,678
57b8883791ed7445ca3cf8d928bfc65859c5e22f,ok,336,1216
7502d789f21524f6fe8b91523633efc2bf49c555,ok,512,1820
391b8e6fdbfb095586a705cdf61e2d6573646eb6,ok,512,1660
3dac40ff7377a8871aff85563358fd3675c26a01,ok,512,1886
1a0382768ce8aa6db623d52242906dc776a5151a,ok,408,1471
8a97cb590eb6e306ad6eb383b6434aa9bb215536,ok,214,744
8a2bbe90a8e70a60b5d4b7b5cdce6995ec335303,ok,512,1821
bc967851cc1369473d9ef9e5180312136bb3aed3,ok,334,1158
0fe207c045a10b3499f39ae403c22ab5a1053a0e,ok,72,248
6db88b74d2506fa305ad1fc126751cd80a261802,ok,512,1815
2e1af77475949f2f50f9895e3546ee3ebefdc8cc,ok,64,210
fe9355bc492f0674db31a0ce0668c25b7bbe556b,ok,512,1864
cabba91332bb138ccf82774d63be093580df4a1a,ok,441,1467
7f138d7ac8f533ec4ddc8a2c6e2d75999f5b3485,ok,106,356
115a98d592ae501e15ab5b64278d71e002a061df,ok,512,1827
a438983fe1e2c2abb8e466173ee93a03e4f8a4bc,ok,380,1327
d68da70a8fe3b13e082965026759254a5625b6ef,ok,512,1836
38d0fa58eadad75e3914086c8bba3b0d853572df,ok,512,1772
ab7f820915a4d50023ee669d9e964a3eb39a86ce,ok,450,1629
218f066977dd529dee0138d88fe29234e43d4d97,ok,512,1794
5bd8056e07528372e6005afe020756c46edd12d6,ok,512,1822
572ede988937ce94140ef9d42102edb1b1fa213a,ok,512,1830
366b3e9808be4b9ebfd1dfc3659e88271e97b2b8,ok,512,1795
24ef6b80261d902cd4097c79e74eb5733a97b945,ok,28,88
125632abda1106a3f8ec4464d112b75e014a7f73,ok,443,1572
364b3e4601f4d103c1b55292719c652bbe22ffab,ok,512,1796
1bcf78b295917733cc855bca0ea998ddb3b98d75,ok,234,832
e6963715220b18e7462ecb36b28ccb0e2bb0918d,ok,512,1930
93dbc5e3d50538623295b61393b1575ee9fa5f33,ok,33,102
7ee9a4af6b4a75a132449be0648ed0d501c304ed,ok,428,1534
0d68fc594e914028182ef191f40dc5a670f4774e,ok,323,1126
2ca0581a622ae801b7a836936b5d4827cd3ad849,ok,512,1805
736bd7b59779423c704cc9772178887d42db2e3a,ok,357,1294
0877ed43b0d271e3e8d826c3a02547a9d080ce98,ok,35,110
00ed81ab91ab9a8f02ce3039959ada2f7fe4f1ed,ok,376,1352
dd151816887dcbdc58244f82bbbc8a28b280f28e,ok,512,1768
ad4f486b7b10036ad76c710cd17f238d6606048a,ok,512,1814
a4a378c0593a0077d361b48340978427cdcfccee,ok,512,1828
f0eec848ed9550b6fb4937305fda2f9912f5a4b8,ok,512,1838
79e78e654ef4178bf403dd7f0afa94fd2ceeca00,ok,55,184
ff1e3bd09610f8a08bcefaec4c4f2cadcb17beb1,ok,134,473
ca71fdf39f3b92e8fee001ea46659b2cef4b6f10,ok,407,1515
65ab7c9266e27d9cf525327b29ec78e497d36fc1,ok,114,392
1e5cea1ebc89526836fd257b7c4d96d847ad0bdc,ok,309,1067
88d8df4c0cf05d3e7341862eef2bd65cd42096bd,ok,160,556
88beda49f29131a89d9e929f7acf942ab8553bb5,ok,512,1816
ac76bf0e58b26c0a251230de4c00c4961fae9255,ok,451,1678
419e33a25a4c78f03e70215fe9bcb9813897c3ae,ok,112,398
0dd9d5bdf03db54d9785eb62f73f19e6cc3100e6,ok,512,1840
1c03a1c312f0267d759545927ce6a3969c383260,ok,512,1822
312b9282b5cbc6f8087093202f77af65fbeb3fbf,ok,47,146
87bf8c4cfc95f42753d656e3547e3ede02875ccf,ok,512,1764
c7ba398b01cc82b639dbedbb4a8fa52a5bc1fad9,ok,35,110
0dd129cd50a37da99dbd05808554a3fda6797a6b,ok,300,1097
479bbf2aea7d678e485cc7941c22e9161e30da93,ok,512,1918
64ff3a6a642a9f3d79afd6b7306a3a4f18c74e7a,ok,35,110
34a940e241e3211dd48f194501246d4ce6ea75bc,ok,512,1858
68cc6720daa8e74f12cd4345da8f0dce200e7695,ok,58,184
5fef6e22e4e248eae34af1124053929b0ec915fd,ok,230,838
4a10632568177596ff27eb7589d7aa144867bc6d,ok,108,384
de06d105c269cb98bcff25d6f2b2f85a368e4906,ok,512,1896
882948dbb36957195b7f3ba3d77a27eba5dae5cf,ok,512,1822
c36ee50183e0e80e32c1aa2b92a52370eb9bcd45,ok,227,805
4ae2e77432780cf945f52bc93fc272a8a556c0a0,ok,255,915
2d0de1b4b96917fc73c6756df1f1e2d78909a0a1,ok,512,1830
b636d0dc8c47dda466e0a4ff9251af9e34fac26c,ok,87,301
79cc0dd18c9f9e937a5da283d8362170bf6f343f,ok,24,74
f28857385a1b7e68d9d8dcef34b97390a58a291d,ok,343,1172
7762d285bc29fad3ac5316a0551844ceef1d35f3,ok,22,68
bd250e49134f5f4b843e94d0715cac202c8ff462,ok,129,450
a07c0f79e98f7cfecf1dfc162216c39f99f99332,ok,225,801
c7b6d56ee7fd36b6e8736aa3b1e5fae3997ac671,ok,512,1930
1bf813fbef36d0c0a898a6d692f405694ad6f2a5,ok,23,72
301cea271b65aba56e22b4c8b2c0cb4af0a9b220,ok,198,698
392612818f05cfdb810e71eda0f7eca276979635,ok,17,50
74ba39eae0b63492df46539cc51d5e7a1fc9ab92,ok,273,952
3a949234e72046c5310f2f04e26b1c0321c2da2a,ok,512,1785
16da0b5cf2f82ae755ffe093f8f16d394cfd1ac5,ok,107,370
3b40087d2171db46fc7c2f471a50dced07dc0579,ok,512,1833
5c5e6d3317296b97137c070bdf188001d14e8e40,ok,512,1854
8fba77be05eb31c1853c971b1dd2e39fdaf8028a,ok,160,552
c4e5c5ff50989d0b85b6a90025f79c30ef497eeb,ok,202,711
95b0e24766c27b8fbf27c8226ed1a1824afe8472,ok,260,886
8d0936e34e084f353f96e342eb03697987648e9b,ok,512,1797
35875e97a20cdbac2b626720a854bc65a3f42fca,ok,35,112
f7688b26e1570575be5f767049b630a05447d34c,ok,512,1762
62cf49420a5066e9f21e2470fafec0b7fe22e466,ok,363,1255
ffafca66f776f73498abbedf8fea04793ed4f342,ok,512,1864
7a29af9c9964e813fbefbd51420477b45a4d60e3,ok,512,1810
c86ac20bf7a97417038f00ee0398fad79349a57a,ok,512,1800
493e538159f0492cc75e444b8a365145bfb08fb3,ok,94,318
510f0bf516edd598ba2e20f750c057f6bc3a80dc,ok,340,1224
9a90eb0734cfe5c3c97186c7512d328cf6aaeaa2,ok,309,1152
3b64b13b6f538246428434aec3cd55a7bd1e1b36,ok,69,226
bca8ad912da179ff52e8c5b0b3058178bba074fb,ok,60,200
2848b44b5af7516560b49cf7e116d953190841a3,ok,512,1760
5d3fcac8ce50a3afa5dd3612368c4e521d61325f,ok,512,1865
44bce803f9f5756620ed435fb9fff1a277836ee5,ok,259,920
5abdcedf772b1e5c9fdd8c6cb2a40d7089319ad7,ok,512,1770
7d279d0f932494464523f7a464ba8943ab03457b,ok,512,1754
82487b01ba3d70d832c601d029dd6bf7386be7d8,ok,512,1772
e32e23d81a976840146456fb5646b5b200751af5,ok,23,70
5c4ccdabc4aa449075b493e99da64f798e187fa9,ok,512,1776
623afee5272a3db22a63458fa284bec93bb62145,ok,52,178
3e254b6143ed39dc1172c8d9a5f776573866437e,ok,72,230
7444f42d925f66b7b83fb8c654d70e92cf3d0eab,ok,129,450
5bf5213c7aa81232f6b0a408eb45832a5aeb686d,ok,512,1813
ccd49b3fb007db6be32a56032b95cdb843602bb2,ok,110,370
a8401b01c85452466e95a360e2c6a256ef78db40,ok,16,50
2a6ea87b187adba5d22ad84acc92c21b0c04462e,ok,512,1750
3b722707e302ff41c563c5e5ec9da0f26f586461,ok,166,584
8ea93a0d5cf9c69ccffd07b78b3fcdff1918b15e,ok,512,1882
757a4cd1dfe584a219fa28c1d362afe9a48c8299,ok,31,98
fe869703f0b07b54787fb1800b61238d3ee4b1d7,ok,350,1237
785d7f5c0d7dddfd07367045ebc16f71c521e6f1,ok,133,462
e76376f111e0d678b4720a9522417f23bb8d9a55,ok,247,882
f10877c374e83679f7ea2be79a9b43dfba1d6339,ok,512,1747
6128846775835e5830860862d322cf4b59217140,ok,13,36
54d4b10b2ca105ffd6a045532feb885283630b0b,ok,512,1944
559d427c7a9aa90c9f5a61be9f1c7d166ca0cfec,ok,468,1686
dbbeb09b96b44b3a8c6dbb9e7f1c224cf4948345,ok,512,1712
434a9f595c0d4287a76df21494616f589c98d53b,ok,139,481
ca0cb29731c66299392c74486de23ad60a8f478a,ok,364,1287
1d76113317f56ed9c59c7830230e18688ebcb1de,ok,512,1877
985b458129a806b33065e1787e49e8e6707b9a07,ok,512,1782
847cafecdabb3658b72b9464ba04ca6a65584eba,ok,42,138
633312d34db4df95f31b9befe6b0e317cceed21b,ok,361,1274
a93a47fe958884834ebea4b4f6cf97e3bfa77b05,ok,512,1732
8c5b129509a853d5d59b4d2dd0bc7396f57b3415,ok,393,1380
371e9c64eb44741e2ce41d7f4867d022437efd7d,ok,512,1785
5dcfb467d48a90228d26c19c9be2aa13d60088c2,ok,512,1804
a16c2eb9ce5f895909954292ff086451851f687d,ok,512,1758
b32e91a50e82ac2c530379c699ae979f74b8036b,ok,324,1088
b1055a592d5513994c5ab01f052c4c25276cc1a1,ok,512,1895
7330f61375ca5fcbe74bccdde9dbc7b248a7127f,ok,394,1380
340ab6a3310676262d319cb522067216b2474fbb,ok,512,1850
9986b9b3ed2219979dde22c2ef4214446eb9b0db,ok,512,1825
f527936bd91e574a6b67656e06e8a2e582775131,ok,168,588
71777d25654141313a66be6bce899cddb1bc4364,ok,340,1252
ab72a90401ec854f0edcc393001d05af04cdf099,ok,69,228
0f300f9d5c00e3091f10e0a9e97a0b99e3872196,ok,381,1333
b65d640d9401cecbf259039ddeabce1cfe8b8010,ok,20,60
4fe599d704b8349aaf6aa745abdf16a74c3dd1f0,ok,74,246
acf614024fd39e281a85467a1cf99da03e08fb4f,ok,35,114
41623b7c61a152d53d90264e187ef7b7940a6b62,ok,52,170
a2c664dabbda309d151d4950db16457faf9323b2,ok,512,1712
e33c12c4582572bd206683e49c92d0da7c556f2e,ok,512,1810
6fd9d70650480c2c58f1036ad4afb0b2de88ef3b,ok,466,1644
f1e1d5239a75dd8aab59a6186ace3a591b081080,ok,512,1894
5d1779a4ce963ba5e96c58c0357543e318b9534d,ok,276,1016
c73fc545de4abb9e62c158f31659cf5dbe7ed08a,ok,512,1886
cf4b1f2b80206c52bb9dbf6ac04a9419648d7816,ok,185,630
7e80e8eb490bb61f548f46c0c6ffb80bf6bfe4d1,ok,134,476
b738577632a7740a6a04dfff9ea2377ea9fa551e,ok,223,756
46189a73c3663be6ae46b41dd39817ceff5ec7a7,ok,122,433
062c68975db6f409182136a4b04c7df9226d4abd,ok,512,1840
fdd2de8e6977cdf5344634d50efa589ffcfbfb54,ok,38,122
e7b76fd70dbeb55d7d03682b6eb54c4cddbf04db,ok,512,1848
31b3ea3b00f3b4918c20faf6b256082561cdae8a,ok,300,1089
07908904f2d9855db4526c86e21936395e63a697,ok,71,238
a80eeddd9cd86a469f89730edfffa53be3fb5ead,ok,512,1806
e434216d786a2fca647fe69e113a58d468914ca9,ok,155,540
b9a9b73a89381c588e376bf98d74cd46a14f6ef7,ok,37,122
d9d27f29069ab3c666f21bb4e885037d8fef0528,ok,301,1057
446484a1d84cc7b3ff455b0b2f22de9cc902a9d6,ok,512,1832
b285eff1414b41e6e552cc5cdea760e7d642c752,ok,379,1356
1368acf01c830e33a5c49de117a1c042a003d415,ok,482,1715
361c0b681e33331b4c5bd33c16fa652017c704e5,ok,512,1822
22c3ff8d556a5c6335183a2b14b5c7a802489f67,ok,512,1774
398137216fd59371dbfab9ed94e967b462c84d39,ok,364,1352
bfca5fed02c4820422d0bbc8176631bb057b510e,ok,25,78
c2d0c784400afcc8500904aaec1c4c5c310465e3,ok,18,54
68fccc5273f347f2051e52f0aa898190b6b40f16,ok,512,1858
ea2bbe380fb8a57da37e7a6a8a61feb2a12e210e,ok,122,426
8ab932cc5ac598744b16fdcd60a8ca32411e69f7,ok,391,1338
fe14a2cb35913ac09d0666e31a9673675e9711b6,ok,512,1906
99180366c0c5ef750b472f86f2d87703735e91d7,ok,206,726
59dd9bf33d28b355a642a97d5d67b17ef8c40038,ok,128,440
1f6148a99c54625fe06ad3c0710be046bc3716c6,ok,512,1835
7d7b530371290f62c9c3f94a13d70367a87ec3e8,ok,512,1779
ffe8211d877256af68120fb97351ff272890db62,ok,512,1824
ab9da66c9c645ef3c1e90344caaa70ae08745867,ok,512,1820
99c52b94d79d0457dd370c49462e8e102c0aca27,ok,417,1502
c80d9e416510658569c3bb85b1e26d27fa696147,ok,325,1074
e81c67fd2493b8ab199fdd6ff7e6c6788fc1d1d6,ok,35,112
f761c701b516e5269559cc7399c3bed445dd9256,ok,183,640
fb7531a55ef850ea1b78c8b7bbb60833e41c3128,ok,512,1791
faaf90ab185a9160d4383a94e90bffd8b03e83e5,ok,167,562
54c4043044567ec37d4122784d023a5496742b11,ok,512,1861
84388d68db53a194e1b13fec9bc9d9b16f1bb604,ok,512,1869
dc2c8367835a03f26847ed52952c2afdd2aaec5f,ok,133,462
b70c9ba1a4ab730da926028c174cabe6b825373d,ok,65,218
139be89de48bd3962dc5af6aadf01617c74fc20c,ok,512,1800
2c7042206b5f3bef4cc75cd260fccb04f315d12e,ok,51,176
da69973a2eaf33ce22761b92cb58861d67a2cf78,ok,37,124
4ddb18c396978695977adc908e6fdfb79afb3352,ok,512,1794
cf06e4287b45afdaa64eb89195435544fb852bdd,ok,235,812
4c7538b7cbbae466f30c4c873db322aa80e6b670,ok,512,1820
b3ca359c742c33ed98670b036f3353694e55778a,ok,512,1830
c461738a5b7dc949d61296f5f7a584e7528827cc,ok,74,240
cba8d459dc1a42468c3d95232d463c07e235c049,ok,512,1853
b734553cab7dde08e1027f30884046bed252fce4,ok,54,170
1f190f490a754a40959d11e67689479e131b42de,ok,49,158
8fa302883498599354b7e7bb0c9c15dfd181d523,ok,52,164
b0a3959e6fde97e18d8933c43bef3e0dfbe18ec2,ok,512,1715
8594b01fd97d390cf1da6aa63f4acff933c99cc3,ok,229,800
db9ca75180f80bb99d0a613d03144449b7e18cf9,ok,198,684
9c0633ec79cd126f81196f0d7693d94b08c03e32,ok,168,612
ee46a827bc2b87b6a83bc238c0475f8c9d2d4573,ok,39,128
9a10ac02e5be76a5c9c4d3d9e0a1238328a03022,ok,198,676
6fc7a1a25ab3bf2276745daaed614e834a389579,ok,102,336
79de37a42aac89088f5ef78eba71741fffb06cfe,ok,35,110
1f61ede60c75e4aee176c76f7106e4bd6d2b2fd8,ok,512,1802
cccad7912dfb642b4bd451c14fb9d422cc6fcf51,ok,59,196
d1588063842fb39ccd1e76ba688ba37b68204a2f,ok,512,1800
5f25ec398e819d6689934b27c53c779240f7c35c,ok,221,736
c8c3424518ef8838ae4e1f072135483fb0eaf4cd,ok,115,387
e97e989dab42cb17ce4630e5d9c31506db69b865,ok,261,920
94f5ae6fb987d0a79b37d75b82152d894b8290ff,ok,66,216
605d3129e234f47acd5167b2f2bee4492b0b57b4,ok,512,1821
76860f311575edef233c4fb773aedac27789a2ad,ok,512,1790
06f2af8937e2604af4ea02e3927d51552653f7ac,ok,25,78
cc9aa2b7e89be49b345aaadcaa411428e36d2bd4,ok,116,388
64fd00537fd5c384b87b6171d6857816f5bb6cd0,ok,512,1894
c150d7f2b754cc6ec903a482a9b000fc71815fd3,ok,512,1764
4982e27dcd97616deb08997531b79fba147fc863,ok,512,1746
d1a972269e4597628083641adabc6f0671d99a5f,ok,187,676
7ecedb81383cbd472126ab212372c155ac25ba65,ok,80,276
e86b622b420314850ed3f37344ce3afcbb408656,ok,333,1198
3e05f2f9f6a928b10714786f3a57c8101c00ea5d,ok,512,1847
a06cf767bd00eb453818e6047d1f6f1c98eae4e1,ok,512,1891
62b56213b5eb64eb8036a9177a441e15b70f305b,ok,512,1798
9dc28ebb6564e6f6c83718dca758c8a5a765a1ec,ok,34,106
01a462e55f58e8b110b21dfa71fc412565a8660e,ok,512,1770
2adc66485cf8189bb39cac9cabf7074ab308a13c,ok,160,558
cb9eff6c59a051ea2f48607ac1a50fef1d1d8a0c,ok,207,736
2f26c0c6610edd3ce9c122fdf924b68cfcab634a,ok,512,1854
e6ab5d29f9a9930675890e43f1793541c91fb09c,ok,218,770
9aa60fbecb3b6834a006af778df4d78d52ebde47,ok,512,1798
2197d67a092c818657019a2e09f3a8f6b2642aae,ok,41,132
fb4de18d7f12bfc86e1f491224937940be180bdb,ok,512,1844
fe8eb9082398e4cb43453986a320ce610841cd33,ok,153,532
ca8ff420e307fcf7d143c3517be082fc21a8de4d,ok,57,190
901032f4342d30c2d1c10fbef0bef711fe2cb4d2,ok,512,1730
f467e844f0ca3696d9e3e8b900273a518396bd52,ok,512,1890
3518dd8511a7532ebeae082918e2f1c14b7f8125,ok,512,1918
0c15af032bc878f0b5e47342bfcd9066d9a67ad0,ok,195,691
d52134ee24f22eff47e929e36cf5ef57c39877b0,ok,512,1749
211cdfa759065cce0bf212792b3c2b0518bb2bb7,ok,247,892
b81df10ce32bf294ca14360766194cae1496dacf,ok,512,1872
a1fe7ad4faaf5dbf2ce96ba239bfa2a52e6ef927,ok,46,146
005af2128546148a9715039e4477c58077f43b22,ok,131,436
794007ac6232e94e3391d9051b2217cc51c2d9fb,ok,286,1011
f3ad355ef2eedf0186039f157c4d2f9ca000973a,ok,512,1822
c43660675df87c57573cc00d7957d80fd9fd9c3d,ok,196,686
96ebbb4193abedc002375865f68df47b015175bf,ok,512,1863
63ceb656e5492cb26f40acac15eb6abd3d244331,ok,512,1838
0feb2b2f529ec7e6345ca78de451bcbdfc389c33,ok,52,170
a2752caae6f5c7c81737f2c3c1812a077d1dc205,ok,512,1976
72a0da2acc91d6d75f939ec003d1451688291342,ok,255,856
1314cf1c75851c2cfa0f03b83841788a9dede759,ok,150,526
6c0c72ac099abb6edeb3b96d1df6b02ea111be79,ok,512,1752
b85121220e182f332326a2a1db6753d5a0b93499,ok,118,414
a959101c85247b315b7a0df61b5c43b5f55009b4,ok,141,476
7692030b64ca20a4f1a0b1a564af7faef05cdcae,ok,512,1808
3d0674d88b5a3a7bc7a0e88bc03a09f90369bb6c,ok,512,1825
d7032feefd33f0a63a0a2f4c36880793bb3d8445,ok,97,332
c864d3197dc322388929689866c0229677888fab,ok,512,1798
b4463852e182c6ebbe4a25e72e16be6d00bef535,ok,33,106
6429f900479f01f23f442e48c0f9d8c4463e8928,ok,512,1816
8f9e33725897ea810ef44e4d868ce4e62a44b0df,ok,375,1336
1c47fa719eaec32bad2c85844d11d8eb1145d604,ok,512,1782
1d7363811189315a6b85a6f576e916a77136f7b6,ok,186,658
9b7bd9edb94d6ee7a422f557b3c32d8060049e08,ok,309,1063
6b2e006c7bfad84fb4aa69121f80f70487ac8535,ok,139,474
19819e88db01e54a455703b92463ca276cc4d6ec,ok,512,1882
3bc3a12fd820eff94bd86cedc41a9db62456d736,ok,512,1791
a7c24cf2ce7dc7896f8c3b4bb04970f3490a3f16,ok,512,1808
c172bf6b8e449980e4062e78dce15e77d9dde301,ok,512,1710
29721edf2b6e2144620d418c0c23c5cc2a681f50,ok,512,1764
bb59a88873aacad3787abe116b5dcc8868550eb4,ok,59,196
fd7c4d9ba230ed172d4e131227fcae070c32f6dd,ok,213,758
f5d0776e9951a71d3c074eea13ed47aa0130a793,ok,127,437
8a9f6da2c31c98f19eae60fd3ad0c1023e4e7385,ok,98,344
a37e6c70bb7edc6985f83fc2eb65aadaf672fe9f,ok,512,1834
122c87d8355f28bb9032b95b5ed9fd997da8fdb7,ok,169,576
d6fd3ca3abe62b8fec48827f73877dae2075d0da,ok,76,242
08ec64a6c168ef419cd6f1e1b9015260d500fda5,ok,115,390
47edddf02d57f1137336055be1f9d2dd2b317dce,ok,35,110
5758e9645349054b57676c940860e98081d46192,ok,154,528
dea0cf179976e9e3fe6d123723fe2338820c68c7,ok,512,1717
64203744b53e2c77e3f294964d13050adfc2c1da,ok,312,1028
9dbceb1074873fd4e1b2781c2677b5840866b01f,ok,285,1026
ae0d3d5cbe26998522f1daa89387142f6971ce66,ok,512,1878
ffa964e6bdbadeba322bfcbf0a021c78fb32ac33,ok,164,578
f5e809269a22b81feb74c4660f7fa33396f48dce,ok,94,316
820877ae718274578e99d2c1fcbf9b2e236f47b9,ok,329,1207
8f5d3e02e764a3e5a755f7d8277c9f1ee63e4171,ok,54,180
63624b6478d10d68792a1ac5a5d251b8bf1c95ad,ok,40,128
d2f08ab83f242c41b309c65c0a1d870eb9c7e43d,ok,512,1860
ac4053ae7c64051c6936930125efbc0cc925b205,ok,73,250
03293c52afaa1941d83ca3cb9448bf6707a1a8ea,ok,312,1120
e5e60100e4a7ccdb26a2cacfd3cc9f589e4c89d3,ok,512,1860
6fe86ebbebe9573c2e2edcde6bad06e50e5ae921,ok,24,76
ae017974e41aaccf7ca38c5c255e7dc3a463d722,ok,38,124
be6278e20442e9905412dcefde2331d6b4921667,ok,89,308
de39ad56c9e48d610198d532734e1a4aa0cda2c6,ok,512,1788
69497ced9b5a55a555fb10fa63ed9a0098039cae,ok,512,1913
6cfd45d90c517ee9248413107803550acd5b3e49,ok,512,1828
54c4d3817584d4e5ef6c82b8f62556e20a019732,ok,512,1808
7c417c3bdd09f3e8cccebbf99734da4ffa1164b6,ok,32,104
b212268e0627aacb9e45b56e4011de7cbcfc6a39,ok,512,1720
1efc2228f27495bcc238d76c9436080295c079d3,ok,512,1810
29c564f4964f84df1349c9c4786eef3c9ca367d2,ok,242,840
842b38ec52f6c0a7fbd9d01ab3f56713eadec768,ok,272,918
6d94e129e3768fe6d7628fd06aef49cb79b7a995,ok,404,1488
1d26fec83f3bcb252ebdbf285c798960386917e7,ok,512,1732
ef49942cfaf6b01ceabefbd6659f40a0f11a81ce,ok,512,1757
dbd134213a64c32d16282c4eee17a688435ec698,ok,512,1844
cabb76b8ab8dc6f61a6e5a8815c739a7999fc6c1,ok,512,1814
bc5c9021101882174765d03475ee9de6d9d984cb,ok,512,1821
6d5cdccf4d33f4cbda6eb2bfe31b400c706d1ae2,ok,512,1783
b952ae67cf3136cd40a84ceb572c7f7159f156d0,ok,18,54
5e4cf63ee1fbbfec788992ddfd2f75dd1b2344f3,ok,430,1532
331b97486a2049bbce1b6d17e29c2c6158f31ba7,ok,512,1783
93fcb24ab0d1815e8faf8c8b6bcee3c820e64f04,ok,512,1816
337d87e8c833143d4e0634d25706bb5454b8eaef,ok,69,222
706a230501338cc9dd855202755bef13cab23ef6,ok,321,1151
e02990af2d7e61d757fa6c3222d305d2d74949fb,ok,54,176
12e5ff0a6674bf762bd827126fa85b3611f930d5,ok,512,1798
b9a5277a5806d44c967c1a8e829dceeb5e92604e,ok,334,1158
96d6917a7df6ba443af6cd9782bf1501fbe60ce6,ok,512,1762
84617f2ee54bc0a526a55696e6e7716cc0800df3,ok,70,232
34f383bed83605555672cdf327ab38ed42ce74cc,ok,119,408
39a3de03a3119aa9a9c9eae8a5a354b890caaba1,ok,468,1657
8160c1602b18b3c0716b75004b57cd14000d4b04,ok,512,1874
1327b49fc60f1948ff08888eb0094ae9aff1d6a9,ok,512,1809
85f6108a771050fd94f4a558cefc3936d9ec5f87,ok,120,414
91f37beca62a459f18fe1f2936d072abd7eaad17,ok,35,110
0ebe802155a3da326381fb1f02369ff6eb3da043,ok,512,1736
56bb903cff995e735da39d65508e6fc5884a4afa,ok,512,1806
d506a9cbd8278446466749d9b3fa543e18cade7b,ok,512,1792
03f648633739f803fb64c4a240beb23c11813769,ok,64,210
c9cc93a5fda8f2b290b42e925c0789015ac78dce,ok,105,358
d61ce84bf2dd39d19d34d8c39ab46860adc7f17a,ok,512,1948
43d661ab620e0c6e5c49b12787ddf2136c1f722b,ok,512,1954
79b7ae857c978f795ca12b326eb03dc38a2b6f4b,ok,216,747
7dbeb135c91740cde843c39ab7843b9cbe16b5e6,ok,296,1066
17913265984820eb501a8bf73e878f1475a380f8,ok,512,1771
722fed65347d6cc4cacf5d7a8fe6d4cc8db77ffe,ok,204,728
c2692fe667a8eec2ae0236ac895848192dc1fca2,ok,458,1692
0304a034c4b85693c78c9afdc9afb79a4b1649bb,ok,327,1106
8a07f1181f2f2fd99bd325657d98fb12d32a842e,ok,512,1876
a6eb8f09dcad183f2de3adfa55239fc99c99d814,ok,41,134
2347f6128707e25aac03fb0e50e869ea4b29c10c,ok,512,1790
ddb21fb0e7bd7cd771eaee4f999324d9a61839cc,ok,51,162
dc4706fd4f4ef306a85bc463094935a0098ea74e,ok,512,1831
47f5cf9b25e422c26d2a69570231379c2abc2baa,ok,142,497
8569f9920a72f61364d9a00b2367437c8851db8d,ok,512,1818
224e5b3e107479a16843001069b0a4c6edae93cc,ok,512,1837
e393b75acd172f2521487d58594465eb9540796b,ok,512,1842
3c66594b169dd6632e532a39f1a72ae334fd3674,ok,512,1814
e4222bb96c2ccbede0f933da5519d7b9a89a97a7,ok,512,1872
f2e67b78b362bc6f7250117d85ecc3de70a3793e,ok,153,528
c2d847d538b38f1db39b7ea93d4f142331f8b73b,ok,77,262
65828dfdea19d3c7de842abac967f7386fee0192,ok,351,1252
c4b23d2cd835dbd737e96005faab95fed8335034,ok,512,1835
448fc4cfc4e42ef0d8fa036d77f4388ea3bc1718,ok,512,1838
50cad58bdc776691e197b7108682e4685cd43145,ok,512,1860
c0c0617adaaa74c22ed7aff39f4378a847788c5b,ok,16,48
53a5e724acd4fd725f0b680755c2f4fcb34ad426,ok,512,1842
3ce98d3cbbc7c2ae5b18cf44ffb83f316413c458,ok,189,630
eb331aac599c108d29f854c86091deb2230e127e,ok,512,2008
d4a7b4f63cf97f2a3906b3d96d7311af11f47777,ok,512,1845
16c5a0d0edc4a8f64ea83af626f595a47d7a8974,ok,512,1874
408ffb05bcf56cffd7475b6b0789c1c08160d531,ok,512,1946
73f603ccb08ff4357e4e804a55e39867c4033cb5,ok,61,204
29ebfd2fccabbadf9bde833fbfa0ba964e42a90c,ok,55,180
91e20b5b7fc2cc2c1730115beb34a71a1ecc1fd9,ok,512,1829
c5c60a07970de445ec4cb9a85d6914b1eb2f1195,ok,512,1844
8ad29356564e69dad2b0de2f503e72835f1cffbc,ok,90,316
bbf6b2ee2107d6f4967bab9fc298947540ae5a22,ok,66,221
6a57267365d699de8cc81b959734e35dbaf12401,ok,153,552
020b10389c177f7230feeb5bcd8e28fac210c4ad,ok,512,1850
8cd47758c07184d9b2804fb95c287f99abe1251b,ok,16,50
441df3d738e8464c9fe8fd28ab7c580ff3e8a3c2,ok,175,608
7b24260becd423db4950fe70e541ebf2e3ea4482,ok,260,900
33812f412a814882724595900c0c949a3d8b2454,ok,512,1788
ef27b034a7c788725938e3fffa83497d96d914d1,ok,9,24
b9304638edb6006b728aab8532b439a9c6dea5de,ok,125,418
3831d6d97bbe53004b5977cfc4af0073dcfff380,ok,25,78
720a078a4e15dc4ec4b8caef4587d198ce83a9b3,ok,512,1756
7d84d3f38c5fcddd0753336f34a48c9bf96bd888,ok,512,1784
8553b3123272a4092e433f20d18124461fb2df24,ok,512,1863
533b79f749aa20d423ea07d7e21091fa3af5c236,ok,512,1698
1991a90ded455dcf51b8f37511d8d3f49a8cb3c5,ok,512,1783
06b1be82cb151befbacc9c70eedd4892ffa71588,ok,512,1868
7a4b80d0f75285d66fa21fed8cfa32f1163ed0fb,ok,360,1342
045e537a50026c527a07a479ea2ec46be899532d,ok,189,663
e92b081846a4335f915f56a1622ee0b3b9ce186f,ok,512,1902
3c78e4e2592fff77ad604347d0c2ba78cd5b3207,ok,57,192
b608195e6dca6e86774faa49a12af99e87239b6a,ok,413,1508
d09bff21303c5a6e62d690ef152f4733d432c7b8,ok,469,1668
afd5faac020e39c7879d68afdf326bc47098f594,ok,172,572
24669c76e49198af99a04e980acd7aed4c8b7aba,ok,512,1836
92a7adabea280bd37b6161377367aa4ba43ba540,ok,22,68
5df5722f2da17a5bdf3d24c2ce83f1e1e5259c22,ok,103,365
a8da39a7df574bf7fcb0f1c05390c1abb7e7c01e,ok,25,76
a3444d37fa6dcf3943c361f1f47ad401ea603a33,ok,512,1750
056616a5bda9df839d2cd373078607aad350a373,ok,512,1787
e758834d18c74120c95348d9d1325b8bd06bda5c,ok,376,1360
636faf137f1df38a142dad957d283c37f78295bd,ok,477,1626
82cfc525083c7451258a15a9bc833ca5269a086d,ok,307,1100
07e002a7f68c39e3331d70e769104999b1555a33,ok,252,880
12ce8a0bc6c3191ed49d8f28b96303c575aecced,ok,512,1732
c3a0191a3f8992888765479c30f2255a8fbb3608,ok,512,1846
2b65caccd21aa22c32b5205b3167a366788835f9,ok,512,1804
bcc3fc5c82078336b5c8bfd32a22e5d2b62fa441,ok,327,1106
9bfb4c1081df99e8c73c1ef0eb0385a5dead9444,ok,512,1857
9167309f05375caa159deb5c5db21fdcac9aacc4,ok,216,789
86c612ff4596e08bf17131cf1766ead9750d04aa,ok,512,1820
b172536b4aaa476ad0482d7ebed9da01d425bef6,ok,512,1793
9b4f7ce674765c2f99326215f5a25c3d8772566f,ok,512,1892
6af2f0afb1617558292751200c551b2e84058ca2,ok,174,602
4b2bf303991766e3c2b3a43d3bd80eb47ce8c10a,ok,512,1833
512121cfaa33b95dee7211a8110d42c2427a17b6,ok,37,116
cdf6a633f326c8e48c65404afeff55c0b31c3750,ok,89,308
69872145931e91ef6e461d4313ccdddefd7fe3a3,ok,512,1833
df9db9ed813ccf58ccf9661371917128e5fcb248,ok,444,1504
685135a9148e51bd611f5e9eef7bf596bedf64bf,ok,512,1788
60870f8981f14307cffae41e40d5847d4ee4056f,ok,512,1837
bb57cca684a714e1967e9e04ce585df750463d50,ok,239,835
e215b7c546c659179ecffbbdf915563d3072424a,ok,512,1815
8215ac123f68ce4386a5d028cd7b50202b0eaaa7,ok,252,882
530b072143561fc29583491ac0cbcf08d2870a9e,ok,28,88
fef783909b387318598556be137d0f6c9b85f175,ok,411,1458
4fd588e20c902e60b2bba9af3b78752605aea354,ok,477,1710
b24609f660e0dccb2a968a2adcb28a9d91092773,ok,118,402
049a585e79ae11107b0fa07d32401becf02c1764,ok,512,1796
26148364646085e25d49d06b9b9aee326a139d98,ok,10,28
3e0b2cc3c10ed1682c3e962cd70680f40bf8124f,ok,207,744
1677d85f236a417b347c95aa16cc6bd5d958a91c,ok,512,1782
d8fc19e7aea9e342053226e0a756ba9c9c7dbcab,ok,512,1888
129c34af70733d43da4e896be2790e9904fb7f04,ok,105,352
88b4705e284dfe5fe27526390fc40b0abc19c535,ok,512,1782
c220883cd0616d66f7675d085b5e9f8f5a69ab30,ok,35,110
a2e6d0c54e09325a738bada0783b18f6bfc29219,ok,512,1883
b5c9d9f5e1bf527697ea744077de2e6255ad669a,ok,512,1798
008df10b25340b09bc96a46fd28a7bf51ee1d217,ok,64,216
9388bf871dc509ea022a2c618a6b5e062784f87b,ok,512,1810
d0503f84b3abeb31f8d55ef53ed872c1b424b98e,ok,512,1835
a3705591d35577627a1b39bae51716aa2553c75b,ok,33,106
63cd624073469a506891a7c5c09abbbbae217d7b,ok,19,56
698c1f267d8032d455a61bbdadcaffa514647ec6,ok,61,206
32c1d8bc2e8834f380e4de8b2d05b1f8e21f6070,ok,512,1855
4e0c75544de3e4b6e5f536bd27e20e4721c05cab,ok,155,546
8bcdd20ecafeb1e76ff66a977cb5fe2e53ee2433,ok,106,364
e35c0b35d4f2fe39ac91c8d74f8d3d39f1ef33f3,ok,71,234
2c4fb92141d4de5c083a95679108419de2f802bd,ok,50,158
e84f838b0bd48d1fa4721df2dc7eab60944a63ab,ok,462,1642
cabd184b87027f90072bb79883358382de436ccd,ok,512,1785
ef733cb802ecc1ee8d31dce1b2be615dcdd66f6c,ok,512,1818
41b1a1033888699d6eafca171e115e6211017225,ok,189,639
9a527c3b33d5576b21359201875febaa52705ec6,ok,174,598
b5f78f9f1ef2abd3fcce0040a7ac1d80e46f4373,ok,52,170
de26448bf8d87e248491ffda641981b9f9a79952,ok,512,1751
b0ef93a4a0f02ae0c614d403ca2dc8495e921cca,ok,291,1022
e3498e62867636a486713149eae254b80b2b8997,ok,291,1056
7805cb6d65ae93840b399c3b06e403e53cfae66a,ok,510,1848
a6fa63d2978d4ad107bd5b3588e12d24b182ca6c,ok,512,1850
bd590967658c488554ac290e30a9738a136f1bb4,ok,447,1630
39de3a70c3277b705e850262efb584c9c615b0fd,ok,74,250
e7304f9434a8625061e2f92bea20cc1e8d9a603e,ok,236,857
bbaecef406ddd117fa51c1177bb6f7af19d10e66,ok,236,819
1c677207232e0fff1571ac17114d0fc426e17231,ok,77,260
7de41c621d12be11b36a30d04de96f9e2daabcbf,ok,312,1070
89623344da269ee56c9e8f52a5b035eb6498dcc7,ok,512,1800
13b0717a3ff701c5489fd630cfb4e085c34afe77,ok,316,1140
1916d89dcd8a3b1dc6390e7a22a719815f20c66a,ok,26,80
73a52295b71888417b1845cdb7eec3a7ae75efd3,ok,512,1818
047e0b820c31ae3d949f2a285912a80377e60ced,ok,85,284
825c518b3705d8da4bed77918365d519ab2942b4,ok,512,1780
43820286df861cbf2421fb11d6cc5a083bb0c150,ok,512,1836
a8a6801bc7b043e6cc91b21fe4031cc1cd3d8f46,ok,170,596
f1ba9759e22f46c80c97d2717d6c9a75f45b0126,ok,217,760
6b8c2b931417d1d4e4ae69a7b9f9d53e841f1fbe,ok,512,1810
df5738357bffaedde360f383834b85ba9dd9c38f,ok,512,1868
16eca0e2e08b7281b33efa2e66c6cf28518565c3,ok,512,1788
19be4396c019d88a25cc74c7073c4bf6f0f488ec,ok,109,374
99b572ea42dccbd59acd29f18fafe25cd2433a0e,ok,512,1778
9b0d6f06ff441fbf5e3e08fceda16c86beea1a68,ok,190,662
33fedb6ae772b74cfb0f65e0787aa7ac65dbf884,ok,512,1779
f113e3b612538a281d0cae9c35f881f2a88d0c32,ok,512,1802
469fb0c49d401cb71aa97f916992a283beb5d7dc,ok,132,447
b0e77830d5ce448c40aa302d3c8b83abf8a99af3,ok,339,1198
6383279e467646f148822e4d81f40929e32bed02,ok,256,927
ed25225156b3716f6f3d401eb6baf7a1b5da5cca,ok,512,1830
80f4465c9c2175bf6a64cb2ae63b1c1cfdce7a97,ok,512,1878
fe94e8344ecfbf0f5831061c49ac9098a691935e,ok,512,1830
bd57a28ae7197aa533453b5d5883a4e198fbdca4,ok,512,1761
9724648b723813cabf0ec8425851973931e3315b,ok,182,634
83953f5015721bb28a05978ddec6b41939a82613,ok,357,1232
fd60be19fa50c663b55ab0d8aa16e1f2172b2fb3,ok,485,1753
9907b3e124f42e3eefc72e0ac377ac970631f5ad,ok,26,82
2235fb5a9b69317c243aaa2b8f5901f5785fde87,ok,12,34
bf61cba9c5e77581b7f151657c45d4704a1c8b04,ok,512,1770
66766e9124d1938f4c585c0ffc487bb803478e57,ok,512,1795
2692c6e31494b7a29e3f68e247d217aee8fb2c72,ok,129,450
c96cf79f5dd01683298884f3d421d88a0a439072,ok,435,1591
8e8f3c360f9eaa44d3025f003a405df71822289f,ok,512,1892
c7f50b5f6e1820071a381ac69af5ce120391b317,ok,512,1861
da6c0a1d29518e82eeaac607ad763e71e7eb6c31,ok,436,1539
735962738d39dc1880994e60c0483f0713030d04,ok,374,1320
67d07fb4d077a135450dbe8277e4a89715d0f6f5,ok,245,858
608cd847e90b53244a8a50114da5faadee286799,ok,365,1242
b01e34fc9381b86807f6092b20c1a70e27817b3b,ok,485,1657
f9d768e3f820d5c21f4e5b085b004e9261dbf814,ok,126,444
09b0e6c33285e96918966fe16453c2b4847eabb6,ok,512,1817
8eb198ae45cb3e67d9474fdfdb9410fb9a733db2,ok,148,543
0d6767d814624bb50f41ae90fcb8b3184a50d0f2,ok,343,1184
c2358d0c3520291b179e645ff49b893de8dfb572,ok,154,550
393d57ebbd45583b10a8113fcfef38d464a00a80,ok,379,1326
d67c889fa55d466f838c284f2d177f576d90b35a,ok,93,320
428c87e360500dd621678328c50ae9b67038323d,ok,34,110
fb9b87c802bf044b3758eca1eeb7b9c214adaac1,ok,26,80
87cb3008f6a63fbf220c6226b77b99deef4d129d,ok,512,1874
09e2c6aef5cb8d91827a563b0896b1e1b20d7ef2,ok,512,1838
097576686b2628341073c5d1807644b1444e187b,ok,123,441
0aa960bfdde203b3089cb6035dc3840280671cdc,ok,512,1825
e65546bf10a12a5e5e841171bf1e566a7a6d5f42,ok,73,232
025193d7f891ef2c4601763dab404d2674ea5a63,ok,512,1878
58433e03785b3f89d5b42176672343c6cfb69fd5,ok,362,1248
561ae2c110e6520ed5ecd02490e1f8bf765c14e4,ok,253,888
a2e485c31e1195dc818da44d6d1834c295555332,ok,90,296
18a9024f2f74a74ce708c1042868d951a5d8b0e1,ok,85,292
b6fa84632e11e06dbafc0f64c02035de2ec2652b,ok,512,1822
48f207dbd6e5b21374fb3c584064c20e65a373ee,ok,512,1868
6af1380347d3e24ae101ddb5e1efa627b86f18ce,ok,512,1870
dd345b8ec1191a5625d9b2ce701d46d38b10ac8a,ok,442,1580
455b068a3522ec8631b9c809c873d1c25068db1c,ok,101,336
49d11b125d8c6198e644950be1894f85e510cdd9,ok,70,236
3fd489c59ba3e9aedbf9bb98e22d8421a5c1fc5d,ok,466,1651
cdfd8bb32972a3f74da4c58ad9885fcd9158d2de,ok,512,1728
67460b97edfc3a433d7c6e6025039a3566aa544b,ok,18,56
a9d10e47f141f0fd7e2bca94681f1f55392b70e5,ok,256,926
97275c4b9f1443653a4f71f54bd40f12b772cdab,ok,23,70
f84d6af221b4275f2d3815d2db61dfbe2f4620ac,ok,512,1892
c3fa18dce092de9dbccbe3cef21ca7e50d6593ce,ok,512,1770
f62fe4d085eaea51a82ea9447db87ed5e4e9ccd8,ok,512,1759
ced9a1d1d6238c56aef9d4b567f5fae1d6550795,ok,512,1824
a9894a51462eb1a6d6b6cd6649a62123a5426c66,ok,485,1664
02f02b74a69ad0a193f023c6b60ed8fae0f98c4d,ok,265,929
f183dccc651e342c4b1213d6abc78460ba98dcb7,ok,135,474
e03f34c47a939d88790b3a792d598cf4ab05d4be,ok,512,1811
973442739114c35f23e85c78d086a589769bbd1b,ok,512,1774
479e85b5c765d7ff427218ece39b853302c0337e,ok,102,340
fadc1eeb9d16fa67b5bc584649d1bcb50112ea4b,ok,401,1416
51af6ea146b1a457c551ed1d62bd45ffa67e3ce6,ok,400,1434
86d434144c796b518b2f617da75562ad3cf4aa5f,ok,512,1866
d7aa4df5296a41a60e45055a036d7d32e7401d6d,ok,33,106
9e9bdc8a93c58e3561d1688a28c0d09a828a1140,ok,512,1811
1965a1a92af261aec9a2c0b611391b5ef5713109,ok,512,1824
f167cd9e32e063178fe3527053d5999c7eaf04f4,ok,512,1962
11bceed684d85b9769efcacba7a2172f25b8447b,ok,512,1822
13291166df8b5e04301fcda9beefd0117852f75c,ok,34,108
fb24cadb6c7f2eea8d6669372f1edac213992436,ok,440,1571
fc8f4481d0a87d1e4334673038457079bc3a2ef4,ok,512,1817
66ea58914603859b016a48310bd4cac7cb05f86b,ok,512,1831
48579dad7c563871affc24ee2bd6729b99545054,ok,512,1824
ad23b7438483d1809236cb53a399204d0566f044,ok,241,830
3413f5d953f39198fe05755d52f84e973e898c86,ok,197,672
27464c3b60641982ec25827a28321647ddfd57ba,ok,512,1888
357fcdb23f2d3d7f027b86fe41aab44bca9da487,ok,512,1849
d3cec082d185305afa330b4043d7797994674b02,ok,512,1834
60f5ccaa16a7cd649f2a2b834b9711a0a5bdaf1a,ok,512,1807
2b66c6dbb68752ccd10545c1d6595ff844c2e9c6,ok,512,1817
6a8edbaec363f30280724342af745e6ef20e7654,ok,119,410
147390605c289cf1d2baad6c05538b37b26b63df,ok,78,268
722c1d8472e973eeb3fcc3bf7700310d7808f5d5,ok,512,1870
8d8a81166d3d66e976d7b229d8935432a8be1bcb,ok,512,1859
5d4c633153fde7987494be9ff9a5c3813575c14f,ok,21,64
5914d99d12862171a0960e78360bf1c6639bfb28,ok,512,1770
6c427b79d45a473b90a2567c6906304874a6b1b6,ok,195,662
14e0b526cd856053734d2538b8eae6ba731e6f90,ok,187,650
128f66dd22b141f8fd6d6423bb05aabf805f025d,ok,55,180
f9f4c82e212b101b8625c5577773e7626275c4d2,ok,311,1075
7586ab2f52c9895df820674d6ed68792b3143084,ok,138,460
d8a135b9e49e060d281d1ff5ce2b3dd99e197aad,ok,512,1861
3226c53ef3f30bba0337cff8d5ada96234ede06f,ok,155,532
3dbfb4ea9ceb09dba345a1edfe3d9ca779b1ddf1,ok,512,1714
bc51a807706dbd8e4804e7a98ce3ebe5de7ca471,ok,42,134
6e2650633b1544184a5fc68d71f8d3c0d39b783e,ok,512,1810
f42880a5441892dcbd47c6533d6891dde928036a,ok,127,440
f76c78289f4b6f4d535f8500508c6b26c6232832,ok,186,636
6852f7412a14b7697b5238356a6cce224921219e,ok,512,1814
fea636ecb1c8b1a844467fa1eb70bca0b9493b73,ok,512,1833
f0d4f171365aa2f1230c5dd5e5ce50049d173aa5,ok,114,410
a7d0a0b48a53211351d60a15383a9592c52f0b5e,ok,9,24
327f66eb9d6a69af4c7ed59552112410759ece06,ok,25,76
9d00cf6c8f9b8ca8c9b8ee67ab2b3d1703f2d307,ok,35,112
c91242deb48ca2f4eb66bc10dac4b34108189cd1,ok,512,1831
2e683a1af98799f5e3983548b51a622a96e98f05,ok,91,298
bb6753a25ec1ef652c5ed0632ae1e6749bf19dd6,ok,311,1129
efe72af6386890e35a85edd6ed751540019dfc01,ok,177,634
fa074c433d89c763bd7fed3a2c698c2cb7bad80e,ok,66,212
33dbbcc144d4a36eb3a8931d667068ff55706973,ok,252,881
cd3b351609781f087a485be8cc2fa598cb387ab6,ok,175,576
0740516458b6f0f8494a0d889b76c4b25c6e0548,ok,512,1756
7aa1a45f872ad8bd759f09ec5d62aeab00eafa14,ok,73,240
7dd314cb7a37d0e06a4ca7deba4ec6a2f8864df1,ok,196,684
8d156967c26fa062de4d4afb7b720c69bc47cc54,ok,46,146
a3fa409c47520bc3b289a0e5e85a812678420773,ok,80,270
0f85787e69a5a6d04069b8eabe269ca548725f62,ok,512,1878
d202c911d2828ce0d8c2f17ef9b80a5d6c709cda,ok,41,130
0e1d9a44f1ad1365a433d1cbc3116848974b9185,ok,512,1826
38a37cfc35f3e7521fe425a3c536fd55c1250a25,ok,314,1122
2d3c0448321ecbbe87b654dd38a48d21f572a949,ok,18,56
07b96834b8d8d5ac221cabfbaf5812bd445962e3,ok,225,768
7a3b36202980d9738553dd4653ec494f03905953,ok,489,1736
131bd281596cb4b612e6e38ed6e401e9166154e4,ok,512,1869
114c58dc233d20fd08baa55c7f748f87ca4bff68,ok,512,1876
a02f01df13d73ff87927aed22d95424dbd5305ef,ok,37,118
1f797e1e6ede335de37db77f4e37e8a1766e37da,ok,512,1822
9a8c7897ea468e0b63b6a98b35e2b92b3a510174,ok,512,1786
e85e059c81e590b217c70bd504c525337b9a3b2f,ok,337,1202
00e035230ae665b531cb3f65305ae1ab51ad8fd0,ok,421,1528
41e8d4e4fcd3250570cd36a9e8de19fe5f2cb9ec,ok,365,1318
9d6bbad50eb555ed9a4e36db73995285745b24c2,ok,103,348
d7af05505e280584548dc620c4808edf4dfbc391,ok,512,1833
bdd14dfb742ef6e9bc5461170308bc63cd1fa725,ok,512,1868
5c2ae975bea766ad6504c5b21ea710eece933ec3,ok,512,1852
9c9ae18547b099e358dcb316c09f7903096d1c66,ok,161,586
892ee54ab704aec5820bcde277f867a8efc35255,ok,512,1780
c335d5c4743b30c8edf6d8d4d4f629ba34e75d4c,ok,288,1016
ab99f98b31641046694c0623729117e058766891,ok,340,1206
2425c1b0fc6685515bda64124db34ae8b1cd1904,ok,512,1964
cbeb461201b8f81b9bbe400b2725d14b710b23dc,ok,94,316
1060b1224307dc5df6403a65ab970d4553ec13ce,ok,512,1844
ce631df56cccd855c784691c5fcf40c68f22b55b,ok,25,78
51d5b43a1043a5b8a5033eb35df4cb31fd96c168,ok,512,1768
011726b107131acaf068cfe9429df4bce4150932,ok,512,1784
b8d5a1bff40ca6cca50dd0dd7e9d6d147f179f61,ok,370,1353
0593890a53dd1f2aa43c74b93f1d74dd53c987e7,ok,129,444
91f1245d6d703433cb9579106c1eb6964d73e814,ok,512,1718
198526248fa19728c362de7c236600f476652e30,ok,281,1034
9d0e5de6e00deceb4869d6ae4d4a22f5cfac4275,ok,79,264
9f0ff3a03f859b433612a924a7dc8eebfd549695,ok,129,450
372d87a977b98afa8cf7c2791f0b6e2bdc2f7bd1,ok,315,1145
134e858301e8fcb9d414f7c317d944c25427dcc3,ok,512,1834
1bc8de43f01819c708733abc59885fdbd974dbe5,ok,512,1916
c0bdf10c55a45d65b844a6b7d819fcd80f4f7558,ok,512,1881
9a35a3930a96039c3f97031735423ddca549b692,ok,94,318
f340994694065d2cb9ee6e7b9af42a96bcfb574f,ok,512,1752
14502beb8a70cf9a7cd1af47f367acf8135122eb,ok,512,1806
cc8c0fd3f164eab65e26014b4ef30b06c1e3a7fc,ok,512,1802
1071b6785ffc3f37bab4ffb292552e7fc83abc15,ok,512,1769
839ec22c852796fc2d8fad99c60e799ff7207d0c,ok,372,1332
49dfef1c5a8413284021811c20943c0252827152,ok,512,1768
5d71e229271e6cd95bdace332388800600a9296e,ok,282,1015
747f6902e338a8089b60997df4791f978b3e6936,ok,512,1891
7987ee2c088a2d30212198f8e186a85213ce0bed,ok,512,1826
6739017459361644f009c937e953ff93cb8e80ba,ok,512,1841
5eaf810829419160bf116cdc4397e6631af38f49,ok,105,352
9cb1777e6ff29fb878dc0532a066237406a56588,ok,512,1803
1ba79d57adc82eff4f0964b7203a5485a4db5c0e,ok,512,1842
ad73587a9f7d0ab87ecc072c48aef58c98cb6e2e,ok,512,1709
0eab4f36daea4b43ab60ed29356bfd2087b89ef4,ok,512,1827
b32c67a677af4d2fa118fb9e7c2f3864ae360fb9,ok,198,676
43cbe5c0948167230a691cd69bae315098b3c73e,ok,512,1810
0137aa3d3abaf3cdb67c7dacbffefbd2ca35c977,ok,16,46
a5cd4dc39fef8cdd7d0d126dc36bba6b3df07e21,ok,512,1746
968cf5150026b29cbd605c09e296710b31f6f148,ok,512,1778
c3aded147a0ffb26e6232a8df984f645413d9599,ok,35,112
0fbbccf6da11d3bf36dc9624c574b93c0451acd8,ok,95,318
0d69124923c1b219ddadbd7b439e20df06aa91e3,ok,387,1290
84645feb8c0450974e61c11c745b3c6ff18a0c48,ok,512,1758
f648995b8aef86a72b3142902c190452cadfc04c,ok,32,100
226efb8478baa00e0dadb259c63145b42de9364b,ok,84,274
f27de5613cf03827eaa2f83708bbc10c39db1531,ok,512,1846
5e26871eed7899e51e9f8b5c8c8592d93d3b9ef4,ok,266,957
f907f7951e25e38697f8694e21de9576467d601a,ok,480,1662
8ddbec984622b22fadf27c701f9123f0fee011dd,ok,20,60
96275f46fff46b9231d0477431536d6a0904eef1,ok,512,1848
46a55d78a26db78c442e87028a26eacd6e56101e,ok,512,1856
dbe7b2adf59bccf762208ed3d67bd3c97a8133f6,ok,512,1812
f98932fa2db107484bbc55c8cae5284897626430,ok,334,1195
ec07e5f8ffe57b498996d51f3bf2ad36bf573571,ok,512,1740
88575d4fd8e8d638563368a6c630233c938a9392,ok,512,1828
0c652830a0b09354ed53f638b956c548dececb56,ok,129,450
e168ff3529be769af3c98f944c4fd0f9eb6cfdcf,ok,393,1391
7959a018dd4d5deefbb0ad07c91fcb3f4621fbc1,ok,34,106
aa579759cb80feb0ec1e11083a576f8e27b8047a,ok,512,1790
dbdb0bb534e88e1a1ac77231120211ef044f0a47,ok,512,1746
fba4e99f19e3f29843b564bddd7d0e7468d09d77,ok,512,1841
df973f6c355d1511da501fc5f717afb92a388563,ok,512,1799
744b54ee70037718e71d0d9c276c9f2f805f6a19,ok,512,1780
dba1b50525976be3891226fa79a24be884716fc0,ok,512,1802
34db6101be1b2f4a94ef3b7521f61bbda5711608,ok,187,654
5263f8c24e4b9fc2ea183d0efd91bb680fb93969,ok,101,352
b8ca94302025216d83b12488a34d63550db05f99,ok,217,729
791bb8d174efd3ba6562a10c85ae1c333cc6ea26,ok,35,110
8f884847967cee4e004ef7030133411b9f846c1d,ok,389,1356
b498654672d57452ac6f02a250ec0c7d5a109901,ok,198,724
aa61cbebe599f29ce3edd3568bcd648a9bfa0df0,ok,462,1610
a1f11b6e1561811c8e7d4c2b058c17d5bbabdc4c,ok,512,1832
67bd29f77a1da2fe59f4596c2be2e9b734a5a7a3,ok,512,1872
9abcde9e0b1e60487b6e71ffffc3191dc80a2d1d,ok,512,1756
254128298f3209546b949f9d4fcf54decc04e8e0,ok,456,1625
b5d371023fa5fdb934137c21897852a50427713f,ok,21,64
8d8e2c3918d43ae79eb8f7b96fc1be537d2c1270,ok,34,106
3ef32a15249c23ded23f691fb350219bc61b20a2,ok,512,1803
f207675b58b88574fc6e49e93ba1e8aadd7658a5,ok,512,1858
acd4ac7982cfa6a329511cf351b339e1568d9482,ok,512,1768
ac1806d0b4d3b680409a58845f5b08b51df86c9b,ok,512,1754
957170479f6cf39393dd065c2af256c6a375e2f6,ok,512,1775
6b3a0ba0c0f5baeada3eb75252e52a34924cee71,ok,290,1006
55fbbd246265efdae2d8954e06f1e9bc40af786e,ok,512,1873
accf77593d24e7ed57d44692ceca4aa8da9ffa34,ok,196,707
310bf9e7c0c7d80a3f205f206e8aaf57c5494b4f,ok,512,1870
76bef08c4c12d7c0f3f406232fa3ce6879d17ee2,ok,39,124
44fe2e147dbf09fb494aa861f15e29f603887305,ok,73,234
5ed75b3e510c867868eeeed5a0d7eea65da04c60,ok,467,1656
798972e9d6fa7f1e93a8bb76b17185df5b958146,ok,82,270
73f579b807112fc4a9e3c1ac57be4023f3a416c9,ok,512,1729
f75b74b51cad8d63b352dedf41d176eaa24779ad,ok,512,1812
e5a7cd5e64009c5defd37ea8014650b4b469df72,ok,512,1866
60dc7ef26d53d902b35f88b3c0cd25db05874bc3,ok,512,1837
75e86fb88b25f65453699060c97a5411a41e26c3,ok,512,1844
af669d7bcd95c7138eaf8a621c4d4ac232ce166e,ok,25,78
ef97ad8e3ffece49ee2cddbf9bf7a27f538ca07c,ok,308,1058
2b33e1358b89c8b8f876e3e670c6e52dee4e4229,ok,512,1808
dba6fe511c8a31487e8bc1d2ab551a52706192b9,ok,509,1832
bbafd2f3c81d5c097a8d3076079b26326a00af4c,ok,55,186
5cf6c53a1e830e38157a2078be64cc79341e81b9,ok,286,982
9d28a68497019515dc727c066995f28062a92cfd,ok,512,1748
913b974f5b23068eced7d821a47ce899e10c119a,ok,23,70
0dcfee088f9d9aa7df608730f80ecb55b0d342d3,ok,161,573
5a9bd21540aac71482c09c35e564cc348bf7c2f4,ok,397,1330
80d54a0ac248a95c3fd58b91b160316263e24267,ok,337,1194
596b4cd056d03e7c348b0d6a4c82206ccfd69a6f,ok,512,1878
b2d2457a4418916dfff17634a853e4c5b2445868,ok,147,524
518912ef7e0aefe1d42dd6167e0504e08f5893e3,ok,349,1158
67ea8d25439ddb0a444d95c152a8b8637170e1b7,ok,479,1662
40387fcb1489d81355b63adbe454b61d2faa23f7,ok,512,1800
2778b82c911e6984274df313e707a815ff8c18ad,ok,512,1780
dce061aa2b3cb824db432c6e08f13d5e530f7976,ok,156,550
fe313a5ecc23bf2d6266589a1d2bb6a98efd7255,ok,512,1776
7c0a12d4d9f279346fc850187de5ed849faf164f,ok,131,454
638643225b0de78d0b7eb6fb4d71f2a7751e0494,ok,291,1014
fbe7f0d74fd13763b8a7d0ecb8de9a875e8881e1,ok,512,1736
c57dfaf5c78b3fc55199027ae055136cae561a2d,ok,512,1789
4cf6c7314f30925b5f53a7ea9e780cb2d1a7dbba,ok,512,1853
0df9f89d0b07daad6eeb01f41134ef992d494006,ok,512,1835
af0d84eb9cdb36493a0754c2467562c30eea20f5,ok,146,506
e498d5a94cea7d00d58d2f9fe7ae0f272baff42a,ok,512,1724
569d3c3088e91ed8614f25d2bac2e9e2702a9f90,ok,512,1824
451fbf8f71a1c95713bed632004a16ecc0c0aed6,ok,213,748
35bf4f1b4e2a6dd1d2784aa24dd8d36cafdfe305,ok,146,516
b54da2934dce48c7c30ce5bb755cdce719a7633c,ok,512,1787
ca416fd1875c7c9fd2891aad24e6464f02dbc295,ok,512,1789
652f2f1632913d804f4c0be00d70e2b236a0694e,ok,512,1885
a1fa4e405e274d44f7d70696fedc27fcbb445f5e,ok,101,340
10e32f8b5cdb85e413a13d9eb7ba2b3bb289ada3,ok,512,1838
8189799de73efd0f354e61d60780fbac9e22721b,ok,512,1872
5b1c9f1d40a6027e81fae2f0ed100302310f5083,ok,512,1818
3822bc4fb44c17f0895a4199e89a52b8e2cdeef5,ok,512,1792
b5c10040b7fd62c54d9e51dc1134de0de6b326b1,ok,512,1798
a786119d1f1fe3bc95a65e2609d15e3b1d464739,ok,229,792
3502fe685f4680bc38854fdc6f80701b45236548,ok,35,110
5cd80d9533911e2b4342379eeed007b655391125,ok,135,478
86372de8e4669a63952281637787ea0c8758f99f,ok,512,1799
b8f5c716ceb62ca337e79bc7be3a235d0b1a15b1,ok,512,1891
0976ebaac42d25f6f63931c4c79bc8513389315b,ok,82,278
90a8990a9d29d0091bc5fc65b2686ed51b6034a6,ok,512,1846
6985a560fb1ab5e0646905633fe54673516eb7c2,ok,512,1796
432e52df15804a1b71bce7a0ba708d1bf7c35d60,ok,187,656
f74e5280e1cefdf5444bb4a9b22bad145b44526c,ok,512,1861
c12511bb2450bf1b049415c375ffa221c309b4e3,ok,60,202
5f668e234163b73ae2b3031505155ffa9bce8543,ok,173,613
2eb2c59512acfb1a9253547b0a0bf3e727756742,ok,136,472
3fa0f13582a231685ec44b33a2f86a4387283e02,ok,512,1897
30b7cb3426452636b254a0290b973e79b24133f3,ok,119,410
8b1a69a2d9b775b0bc8397d6209785fcc1d7c063,ok,512,1768
e4a5b0a38e13d8f4b39ff330fca72ccc36c1bd00,ok,512,1844
e6d4888be3832aae66530afdc14f7daba89781cf,ok,512,1799
204afd2ede48f0102845ef96c5a9cf0340812b86,ok,381,1318
ee1326200b6915ed8a498aba35f32cc3e0eddd98,ok,46,148
4c95f3422c9cac3d171818219348afd127c6b8b1,ok,71,236
4907a0e9e52251aa7e7565f090f13d590dca55a0,ok,512,1846
81c9ada693747774b502681b7291454661977f73,ok,54,178
d7ad930a1bbc19905b309bef83c2dcaa5a201b65,ok,161,542
58ac670a19611339bb0ea29f80869c72dc20c972,ok,512,1859
b58b35ca5a870f4f187215e87d38cd3092199c3f,ok,512,1858
44be3ba389a5a60f18bf5cdf62c6b135184f3c47,ok,99,334
59d7bcfb3d4c813ef087dda178414cb92067a335,ok,402,1358
ecc0de207f90f33ae4ee1c3d43f02a24bc7e9d84,ok,88,290
4b88453f092025f22692d63d6b1d3eae7b2e0ab8,ok,512,1828
59de9f3c8a621a5ed7b2b6a51031a69827619b17,ok,77,264
31ea1d95c8f532d9e7727c41d0be90135a4424de,ok,512,1865
9c58d46b03fb8029d0227639862b542f1718e2f0,ok,42,138
0eab430d40b49e17354774c73fe3b0b5db803d78,ok,512,1815
ae735cd958901583bee5c0fd8b5b69ce338f7890,ok,60,196
c5d2424f430ee1d34e8018ff7d9551450049e1a2,ok,48,158
f2e5fb98071b150e2da3ce1165b5801fffdfac5c,ok,512,1817
2759c2e8cdac4db6953735c5558db62cbf2287d4,ok,92,321
1ad671f38b4c71d97d7ab41a7aeda04341df56ac,ok,69,226
64f095d762a62b72e17a3ac7aca1c9337899437d,ok,512,1832
d621b612939dd7e9940ca573e0f77129c4cf62a2,ok,512,1770
75fe94b8567f7a749e1c6301e44aa901a89d5ea0,ok,512,1869
4ce0a8dc018d88b7e8909c997abcbfa10e0198ca,ok,91,304
8bcc86dfb961e5c01716a14beca6cc43b4ddcd58,ok,396,1428
e9869d3c7faea9a47fa4ffa48e02a89cc99e41e1,ok,512,1910
9a060802a4920e8528457dc2aa727b09dedc97e9,ok,512,1858
fb83cec7b2d6595a93a4b061235f86a1f346d94f,ok,350,1232
30d73953909d50b3fd5c7b85c807126f533a6b55,ok,512,1828
bce6fd9a7be2cde2e87b99677c5cfe0071ffb81c,ok,512,1822
5148c226cde9c7567991f53241576b0f108f3e32,ok,512,1841
224353570ac810e0b0d6b9920d605b162c252efd,ok,350,1220
665d1a990222f426c7b62a9dd2bd73864ac1d234,ok,512,1804
2345adca69b29f8ceb7aca3846f542ffe102b548,ok,512,1848
364bf426a57af103fca236d38ce4cce61603d06a,ok,39,128
63559a0afa1ced78acf096ec469fe7a12beb563d,ok,512,1770
ac8250ffc71cbf67fe61a613640a47de3716e53e,ok,60,194
ce9ad3eac3788da81674f48cba9734e36a555a86,ok,512,1704
144b7e432b5bcd0e07ba5625f0742ba422c79761,ok,35,114
72eefc8d92c107accf09d29f5e1bef316a0107a8,ok,99,340
846cc9631dcc426a588da495b46bdbe8185f2296,ok,485,1776
6d6ef64c1473e3f645ae4fe8f0de99d412f1cbd4,ok,31,98
ad3a874c5b7afacc4e05cbfe19f30d0e40725654,ok,23,68
0929ec1fb84e64387cd8b9f71709e501ecde87cb,ok,512,1873
90448180a47854e41b8ee5439079f43ddd2c969e,ok,512,1870
ff983cef8fcf792f30b34d58a1b3357da3da0c11,ok,512,1820
76d3d4a3fff6460607ddaa2ed3c4e14540f052dd,ok,97,320
af0f5d54073b6413cf6c2ea547adb0249bc6699e,ok,113,392
16a81fa2a5d6d6d9c687c44ee1d66d9e60934024,ok,512,1863
88f99487efb2871b33a2e3109341448f9caed1f0,ok,29,90
b9f36fc9f3749bca90c11a9a4f7aa6fb4ec31235,ok,438,1582
ea929e5f0656f3ea37b484c611ca7671497e45cb,ok,268,958
435703f1316f38b132a3be34c1c47dd74e8b288a,ok,512,1805
35958f4a62133e4ac3f8c2724f5c28ebddcd3de5,ok,512,1877
2e816ac7db1bd4c7e62a57161fc2fbcea0710c77,ok,512,1774
51189511b92fdd23f082766f9ca72dd917029e25,ok,512,1780
4abf3c6f377ef6431418b634a0266d91cb938f50,ok,512,1852
abf653fd1f125360bc67e476174803fa940d4a78,ok,512,1868
e87e54bf9b78916a5696d3b129a92c81906871f2,ok,70,236
d4b2e4ed326cc88af9e79636fe8aa870ebab7826,ok,512,1787
f297c31f2deac2d178d386547d39aa7a95f9fca6,ok,228,804
4ce272d2893ac5701ef3ef425c635419017b3cf3,ok,28,88
fcfdd54bbe3907850f05f4732c9b4db1cc435aca,ok,512,1832
0d60c42e44a664f26cd257a771aa12050eebc36c,ok,41,132
53bd96c2fe2577594a8daf9287f0841f40d565b7,ok,412,1488
d0bbf8a1750f5b5575a2bbe240c2a1bbd7f3477d,ok,512,1736
3ac7479e5ffb4b5972ddf0b6b44f2c9a4f52df0a,ok,480,1736
5f0b3cf1c215ca87ede33152b4582214ed8eb29d,ok,512,1903
aff1064bfa555efc2a7189b51e1952493d00d26b,ok,241,835
4cda9fa61ab55123456a72dd259b109963241837,ok,152,518
6480c1e9a1eb624cfba5669b4f9b5d1f17472f5d,ok,512,1821
7f52eb4ff9d095775d1451291480a170df368f15,ok,512,1821
a8cc4244722681dc1e3a6f8dbe493eb174d0a047,ok,77,264
546d5df223901591a292525da2f640d2feb1f76b,ok,512,1795
4bebb7ed14f7fb245475ded7f174eac2ce7206b5,ok,512,1895
86a509982bed4e6f7b33c891d83bb22ff77fd003,ok,512,1888
40d0669470344f9179360ec7549174b06b831e4d,ok,512,1810
b63b732e87e8f586172494aefdc3639ce34e39fc,ok,512,1811
5edc0b0c8ec4751642dc90184b7774f1e487cc23,ok,308,1090
dd03169193dc8773d900ae38ef7454f1441db5ce,ok,83,286
8d17f05f78e28a0126602ec753eb6c8e297af2c8,ok,512,1836
231176642426b51a4a7355b79b1de36d02138e68,ok,512,1836
428616e6d15e88e4337a87b7aee3fc9a94bab69f,ok,512,1951
f163f068dcf9736755fe8da4ac2a358c113646e6,ok,128,434
9477f7043d9acfa09068c32450be0a3c1f286b64,ok,129,450
86ee1a2bf1c37e6020262b1dd42076cfc897c9cd,ok,512,1859
5a820798a244bcf983e6e53b1183ebc65083e4ef,ok,512,1852
fec37dd0d005812d51a8dd44436c0fab53a8b6d3,ok,512,1857
3b9684d8ae85a83e45c6d640fa267a916ce0b413,ok,512,1880
5c7de091d89e15487e2765de70494a5c6cbf7d4a,ok,210,727
7c7372f1a24f63312531471f652a232f6812f6e2,ok,147,522
cdb7360a690ea6784b167d1449026e573686aa8d,ok,512,1820
ae04c80dd562184b48bca62c6e98f3bad2f3314f,ok,130,461
8e92c557c5d575d8ba36310b73312a1f4cd9e8d5,ok,78,274
42d490621344fa82914cfbd8492f0a5c70808757,ok,235,856
1b785f25bc6751d83de749fcd51a9a5f2d3f16e5,ok,268,955
cd46716c6a8e61b0d816f35ed3c69d802f008df5,ok,9,24
65787204f6a51c4d9a40b3e5f293f8e43a0eb873,ok,61,196
9f6500d3be02fc616883684bc885f15f38bd5a70,ok,377,1365
4654bd194d83b30631d5a04df31eafbfef61d22e,ok,174,593
dc021dfb4f04f730f8cc8244a1aca229fbe6051d,ok,129,450
c2acd9c6dd16182ae839287c5cccff14a863097b,ok,26,82
35272071b0f1e0fac499118138d1024340268989,ok,512,1846
581369371cdb49c846f3115e24883f74e9c10a96,ok,412,1433
483b26faf59698e665a4c14aa91af8c3cd392ddd,ok,512,1895
b5a816f05cdb1c2569879cf991d9a38c2f685f89,ok,512,1807
aea8a06dfe3826c55cf00da8ab433dd7d894443a,ok,224,764
711e9f65d4b153f433ca14c082b3defa0f037965,ok,75,250
9a56647588abedde1a710aea8721c9187798e724,ok,124,423
1fb0a74464de588e2d70531b0e090f4625e2cbaf,ok,512,1801
12b7b1811030c6fe128b0cd85aac908351643738,ok,512,1845
a4629692f140130a097bc6edfa07b1b9ddde465a,ok,512,1890
592d4dce690b3ed03086074af680af22cb9be253,ok,198,676
bd3a4cb6322f588d86834f2e07dc8a7bc78b0aff,ok,512,1740
b1dc5e17b1e760d9398dc819c00f95f975637860,ok,512,1792
1f13523cc378aa8e2247172b08a41b0a7ebe6d29,ok,512,1734
0325ca21a6ce78d4a950ccc045f23fbdae7dce21,ok,512,1796
4653aa80bb7cc924ccf98c259c303e6380699433,ok,53,180
12e1ae6c0d07280d6dec30f076cc11548bfcbe87,ok,379,1306
282e6306cc3860d7c1f9242413ef3490aa68cad7,ok,512,1849
3fe2290d887d7968265687701aa55eb4ef7f6236,ok,203,728
9c011e6586179dbcf285ff6fcaf9b1160539cfc1,ok,512,1888
12e112f63ac4115836960ab6f3cd524d07aa2ec7,ok,512,1872
b6adde9dbd0dcac9f24a18c6a9ae12d2edfaf823,ok,41,138
af31bc5a264a5695ad096b7ac671c0508a909cc6,ok,135,464
47c3d43c7af46d32591b068a3f89b939d3f5f77b,ok,347,1224
2a5fa70e46671a0ecbc52a4b73716cb1ab87f44b,ok,512,1837
2330fc1a6f42c923a1c150da6bb063a2d85176cf,ok,512,1863
916503a226adf2d084a5faa00540c14f4077ec57,ok,512,1876
57364cbf7e581417a226c2979bbf8afb447d6aae,ok,112,390
1475ce5bf0a0876252ff7b10df0a43baacd2cf37,ok,512,1823
ee59f116c382c06ea7f89f058e2e3d74179e159b,ok,512,1893
8305fe7d647e0534c1323cf6a04138a05ac3430f,ok,232,810
aab1a7749c8409987a61c76a67961548fe4c2ca1,ok,512,1768
6761819052c5d06262830faac0acbdf7cb6dedc3,ok,322,1217
5e60fb9353c079cb9a19de5d1da7c3c196ef2c63,ok,423,1492
eb6bb80ed180beb5861dc366009235b76a462f75,ok,10,28
c39160f4d022ca09c1f9afd13ea49c94eb0914f0,ok,13,36
d63dd267c44f895b48a14610552f448afba581d9,ok,512,1829
116c0ac2722671573c43d28515578d187d5a32b4,ok,254,870
c6b7fcce057beddd69d225c91a2577d2d6c55931,ok,512,1790
933c4b43987c7e20f9136571097934bf228d2f5f,ok,90,320
918f9f99998986935bd44b25c332f1efb19e83c8,ok,218,770
e05524c2f2742d0bc8bf51e559901f2bc1e34fec,ok,512,1883
0874627b377a66c39ad3fa3237f48e438aa7986c,ok,36,108
1e90567eab7f1c40d07da8f7dc91faf212a53ce0,ok,512,1844
0e52cb3ee9680bed98f7e97f713345f8ef2d5a69,ok,44,146
a5e7e6edfa4735932c261b184271480f7e4fc64d,ok,512,1735
538861294f2b55216d0a100207662571bed62203,ok,512,1844
a186c74a9a48d351a89df4d80e9b0fc9f0c7797d,ok,512,1814
0b7251d8fbf8ec3eafc38e7f18171587e02a6001,ok,512,1836
fc61a6058efab4c244043fbb33ce8ef37ed7048e,ok,512,1715
fbb17cb75afa1bfeabb569846e49699451c43653,ok,512,1823
7e28ef382aa6f234d09197949944b11e3ab7766d,ok,79,266
b6184d73ed68d1a4ae4820ee6f189ed33c24198e,ok,512,1855
7bdc6ef8bb5a66e51a9aeb352d67b234090ab1e1,ok,512,1834
54a798971bd352b300bcae226ca9ce514e9ec4e4,ok,512,1795
eb8507e4020a66d4964c2d42e34542a334fe3dd4,ok,512,1868
31737dd65889785c401095db49e2cc4576143bbd,ok,223,800
f86b914f335af9c5ad734b6e3c2210d0e215d812,ok,512,1752
ce217facb5ba40ba8ebd43783b07b15e303733af,ok,50,164
2799bc49e5303cfafab43ed53a294ef05510e7bf,ok,512,1799
189a1ea92e84e6b1025f6ab7e31e460be07f939e,ok,512,1784
f852408ad5e175defefbaa91a572066a3dc13844,ok,512,1792
f9cfb8719f5fc6d4e97b252cec1e842f6899e30d,ok,278,997
f5530028d6d6c5ab34218283ab0edca35105ee80,ok,116,408
6359212ea0b377a622e63ff00ed946d82c95328d,ok,288,1072
b39b5172372c2afb4a609d85625c1146a08c56eb,ok,512,1857
4193f7c31716d6477ff7412c32f641b9e06037ef,ok,248,881
3127093755df71ae0a87f5f6e4a5d6ba51a334ea,ok,512,1853
73eacb0e1bcd85a666e4090ef46f91078a591494,ok,512,1864
94a760a8b5c2292104c6b83b91f6642370b57a0f,ok,84,286
85f3df9d5bfd9e1b205c8805b85e7829b21ff2eb,ok,250,867
1265dfdba5def77a3503545eacde94b4b0f28717,ok,512,1831
29b85d7b47dc656f3c83eaa5ce4882944ee4f3b5,ok,305,1104
98c75727b6302c4da1708f2c49cec42854570c65,ok,29,92
0d428209527a723e890b248548153becf42bc3fd,ok,100,344
f9d38b0598b778fec56ae9779eb729ac7ac06847,ok,512,1660
13da3fd6cd52c10e31b11767eea7cf2ebb50a0bb,ok,512,1806
376f0ff378260837693f142c8cc327c8d32e5180,ok,58,196
8ef929ac090ca81617c12ddda6a19892da45e31b,ok,512,1909
864d31f35c9763df96336d180a127f5ad1b54f61,ok,216,752
e7b27444d71bcd720fe7607bfedd61ca1ff34d64,ok,512,1752
cf970691c019b2cb60c5a77db142a08342993c5a,ok,512,1798
6a8e50df22ca65f0ef52022fd030c864093afcb8,ok,19,56
901005352847d4bb3d9b00f71e32a50335bab2f1,ok,62,206
652865138230d01b13559aa729655fa5c6db7d68,ok,89,312
1086b68e89a5129946d347bd313969c957d66eb5,ok,512,1856
9cbcacc495597a02b41a0f98567d4af4ab0b7d6f,ok,158,546
a0990967b2c5c9af7e1595c6c46f106eb42b90e8,ok,512,1758
a92445b965a65c0ea0eec1b068c40a8bdd3ebe9d,ok,116,397
4e3d70662263571a2d29b082ca2737c1a0a70a52,ok,130,440
8251fb18a1e3352872a204761d64389c7ac44ea0,ok,137,468
a4c83a8f8f7c46eba032a5d51be6c26a73548046,ok,512,1818
4f424d3cc91b19d8e8e615324b5acb5cdb9fc6c6,ok,512,1824
798dbaf988f8947f3a9766beb05b3dd73ef760ef,ok,73,242
041e8613a0b8c0a6ee5d81e4993aaa0cdf376445,ok,512,1783
b60810c3cc461e6ae08fcc0a9627d261cfaf82be,ok,512,1860
16cbe36535ea2c23ed7431bdd5ef986c6b8d3c13,ok,512,1842
f9d201b6f6330a539842747c4e7941f2beafcfec,ok,157,536
a48371f056c12de488d6fd52866ebd68726c2880,ok,512,1819
cc8d2e44f48f11c1a1b240f4e23d2aa960044ee1,ok,512,1826
6d7743486a015b3b44e6429f9cf998308116b739,ok,512,1770
36a5f4ab5731acfa88ad4937b2db1dded7626a94,ok,18,56
4d43c22e72e59f72a9987726c432e716f9a30244,ok,21,64
1a0ad1d5a74aa71b154506c4aecdf21297f2d548,ok,62,208
6f280a2a6d0e7d29ceb5afb22cc3fc0b59b8d452,ok,456,1550
4e9e10f1ac2f70b660d438f61d9fab0a027fcfdf,ok,512,1854
9e7a803e3b61e30a7cfaf937a90bb04186ada550,ok,512,1720
5c758360af7cb8fc4d3dd1969d28b45ba73f5152,ok,359,1279
320dc1e11d30a388bcee815c82b2f94c4582956d,ok,228,796
79f44295a5ea3015237753c9ce4861cd630b02d6,ok,512,1770
efefa538d321f1928cb4dcc7d53732f2bbcdf066,ok,512,1796
dfde3e5a516afb83b89ddc8efbc71e10cb6626f2,ok,121,424
1c2ce7c6881a890315a5536fe52501e67ba2b378,ok,88,298
b1eb21330c42955580ef3621c9f7b66aedfe0c00,ok,512,1786
ad4766d5fb81bb15ec972355813fe70d5c3dc83d,ok,208,716
f28ef652083f4f78af6cdf0deec293077c945e5d,ok,107,368
4de5bf395ba21641db5bfe050012417f79104a24,ok,336,1213
f69c1c7476195670a8603c7558ebb1fe2f2c52b2,ok,365,1277
5941ea2c4c244ba52dfa4b39c70283f678992254,ok,39,124
670c20ebf6bf4939e3fc92df5c7fe6afc23db5d9,ok,512,1799
c340b768d9b517032863e6b8a90ec5718fa78e5e,ok,512,1804
e981e897497bd16cf25595fb1f8a98182b2050b5,ok,512,1843
3f618cd9decf561a3db4e32785162c351048c6eb,ok,512,1805
2476b22d41220cb9045ae7b3d6d8f22df0c53d01,ok,203,692
45695de9b3909acae3d7ce4d1e2ea911d751b4c5,ok,52,168
faa0b4a69743acee7e7b02f452373a62c3920783,ok,512,1782
0130acb0b0eb3e28668f16ed71aa9fee771ab32d,ok,512,1862
2891669be2d997553333ed40ae4e754d86a52c31,ok,37,124
e58dddc7921f5a91ed1e2f1d389365a35d0507cd,ok,25,80
8d16c1939a36b69a7b608eeed7235b4cef2f1991,ok,511,1751
e28868510bbfc26e2f530134d6627088a47e2f92,ok,499,1690
8361fdf4e8c81db54ff4004f29d67e305aa3e084,ok,111,384
0f81bc398f46b5184a64f157a74a803540880891,ok,512,1832
871a276b8a29a3e0dfd4fcf68c3d8ec7d0bf8c01,ok,268,948
4beea6ef7432a069396099325283a8bf779c9ab7,ok,28,88
254823d787c0d6bbd7dc9cfee6742365bb75abd4,ok,499,1762
5945117e448d29a92f66feaae788af4114dee728,ok,512,1808
8011daaf640c91f5e05973b1753d350ec33018f0,ok,512,1786
fa1b1380768454caaaa85c01f0c6b92869952493,ok,404,1382
002803df5d3840b8d9b3788c5673eefe02cc1fad,ok,76,264
53bd406590b45c1053900b43ee19850aa9a9a1cb,ok,492,1766
00071569612d5e76085b3e9e5790af5b4d5698c4,ok,487,1746
699e1eae780e7c3404707a4fffd697c0210d50cb,ok,512,1857
ddeeecd3f6430d9010549066b99cb26b20d138d1,ok,317,1146
fb051ef1d45f3e3759ddde00448aadc13315d1a8,ok,215,760
06fc424333e91e498832c51eb55ffffca463e78f,ok,512,1744
0fc2ebeed0009a31c944869979782296731685cd,ok,229,792
31f0651a4d4230552245fdf1d06c0a6a60f5eb86,ok,430,1524
bb6cd4d83a8b13329dfa878986ded433f82c8680,ok,255,900
d2acacd30e409d2a6b1f5a60d33d94b48d4f4bee,ok,512,1864
4ea18cc2db6a3b4672504bcbf7e61281da416248,ok,512,1845
8c22f8a75bc9bb298297efb8010a810383964527,ok,124,440
75f57277bc0d066816e543adeacd1048bbf754b7,ok,512,1765
53366290e990a9f24263040e08c563400fd224b8,ok,25,80
5ed2562d0ff9060d604205991e697710eb2e19a5,ok,483,1782
3991cb6b450604f4ebca34f1bb59081ddb44f486,ok,512,1764
a4eb07a9910b3783ecc4390f13ad61d8266d2a64,ok,512,1760
fbfddb42f7efb36a575dfe5aa8cd381392b09bbe,ok,117,400
67e8f33cea51551906cad256ef2e242b32b6db6c,ok,512,1848
f4e0625b93d929ec8e50d5117732c9b58c204d3c,ok,119,418
12bc02123e5f25e68afc4e942cb59e77148e5eca,ok,512,1886
68e2dd30e501ebfe08635790d87401be92a80301,ok,512,1842
a1179072b91b43f6afa48804e84baa62c2cb5fc2,ok,512,1745
36ba6da4559415486c1979348803f2ecd30987d5,ok,389,1342
c7acf1b118216c53fce8a3c19fb95903006b5bb1,ok,25,78
c7b110eec2cd56d58e8d1647a6f9f553b37a8d56,ok,74,250
6f2e8b46631cbde83e69693aa6d5163e25d823f1,ok,512,1754
6a589c40b89b2603e2f4556b9350ace280a497fb,ok,317,1148
b31594074b5036fd73eee17bf27f339863cdf229,ok,512,1787
32644f13e2acedf6b8dcf630901a872953154d7b,ok,384,1278
b050a057d52cd9e239a0e9c5d48ded3a91306dca,ok,300,1045
710a2ea6f27f7c72d77cefcb3ce7218b97633d7e,ok,313,1147
063b9541902ba995f7d3898e7893c4ee4ac67e8c,ok,512,1896
444cfd4ebe939131e0def045d0729c31caf90e40,ok,41,130
f11ac0f0832b58afe0b5e9702ee042986a0b3876,ok,512,1915
3a90219eb3953a0922592348612f8964401c0ba5,ok,512,1836
aafe1e5f0a4b95837bf28271fef66e4120d7de4a,ok,512,1804
3bc6c14f05e16149cf8c639141b916675bf28fad,ok,166,584
8f1265ccf9e3c3001855e6aefc60975fb05f6e7a,ok,512,1780
287eb53cd8ebb76c360d3fcade6acec9451ea9b9,ok,246,852
7dba8b83bcf36f4c4936bce1cae091fad7f9c667,ok,512,1755
8993aa7f6e95429bfe1d4478b217278a0b263a98,ok,512,1845
4d9704969226adee4bdcb482a9605b3fd9d44e96,ok,512,1810
b7be46499c462580cff1c41aff25322a401b8bbc,ok,512,1806
7c92c0b3b5f71039193ca93ff5af54b8077627a9,ok,66,230
dbfe6314e5934781882e28226e984a94ad516899,ok,34,106
070bd17fb21da1c6b826cd2078bded5ec64e7216,ok,512,1788
f7a59e5859bed46f414e131939f4d06f3e6b3c55,ok,512,1829
e248f6d0bab1135925728e0fe72a3929da027bf8,ok,512,1834
af823cddfded3fb20cc0463cf6fd2f122aa19de3,ok,512,1850
a43f4e64e2aee04fdf55a6d17bec16eb27130e12,ok,51,180
e62715abdb662d1e2dd73eb2927c58aaf4bd8c02,ok,512,1817
5d2c6426100611d836b037e0f928a3e98735bef5,ok,386,1431
bed345d332230b8e0a12a228740c9ed0bc097f81,ok,119,392
dac2267d1ff7a99e2ca4564500cae141fa6d4c11,ok,512,1773
be7e30c2e5b9aaa57d789f0cfa6fb878db1f53d9,ok,24,72
c3f7834a61e0deca20a444b4a29ab6944c1f4031,ok,315,1121
f9bb5b385d060bd2b8178669cce87788f5fa37fa,ok,253,925
418d3b81e4ff4c5ceed7d12c6db28361b7d2a13f,ok,25,78
3a4e7d1248b21c8dd0f56ccd91141fabbd70e104,ok,255,894
1420fc4667d038726c10d31b3dd2e4aa120db386,ok,512,1926
37b80ec2e3daff4a28d6caaa1564e5c1951fa15c,ok,271,960
b39954978e8d3c084e46557a6409c58460a4f39d,ok,482,1648
e1508c07f734dc3444d1590e5fdf813f6b22f8f1,ok,374,1360
83ee09f54e3fc215cd90c91aac41d0bdcbe7cf38,ok,512,1803
257c0d99e81295d742a93e9d2baff7b99a16ee32,ok,104,366
cf495c4421d1843a38c4828d6ca2e093b7820e0d,ok,512,1798
631a1f1e8fff085c9f09caf4d3dbec2b1041c7a2,ok,222,756
a7f5a79ddd492b8e3003b11f45ab16529dec4805,ok,512,1780
7cded912d29b6abeed4eef0993a5a810909fa600,ok,320,1142
59b78237ef195345e7a9cb596097c64e7787193f,ok,512,1832
4529afa0f2088f7827dab2ba4cdc5c08916e1dbd,ok,512,1770
58527fddea6feea2f59210e54c5733719aa35594,ok,107,364
36ccbff285742ecf86cc96a1efe2b4fa0d1ebdc9,ok,380,1384
f45bc3719384371beadd4dc440af4f7345810043,ok,512,1905
1c69764ce2ddf8e9cb6cf438d297d1e8941f12e6,ok,459,1676
2fe75499eed157a3c03b1b2bf21b31783d5bc5d2,ok,79,260
f1b40efb0f63a8632edf8d5c66ca9ef321c29003,ok,512,1783
2cbf16cd33aefdddeb78eae3fb915a1429b5d5fa,ok,155,556
8a5433bcee6413cfc9e7af9c7cfdfdd779e8e015,ok,185,677
b58a8380598d5753565b343e895486fa8c3cec8e,ok,512,1916
29241cc0d120ce3c4a35942f0009a32f62620a3d,ok,64,212
285368703fe63c95f3f844d141c8819ce0fa3c81,ok,209,760
59c0ac28029d67699880fb64f3ab3fc5385e4afb,ok,209,749
78e2fd52df4370173bc7b5ddfe0ff01bd67abdba,ok,124,424
75bfea5ea49e81eb55cf6f4fc03f087d90727b11,ok,512,1788
6095f4da730e3ec20a05a96c8233dec8c5c9e195,ok,512,1849
e8392f5e04b5b9527b2814013fc6355d9d28db3e,ok,512,1732
f4bd9012fd5c7ed2ae7ac140dc7482c0bc69e0a9,ok,512,1878
262e8c93b54bfba6a02c8bca757042668bc519e9,ok,413,1479
df56141c4cc05b534b6b26f866326d9dfd1636c9,ok,512,1850
8651ef06178863ec08461b8ef1f5d359ac83a0bd,ok,38,122
363e78725e05f9bdf66df336311fff32a61f94e7,ok,258,870
14975bca20659c535592230acc8e2c55e48119c7,ok,52,170
6313ddfdb6402362d0ed541f682ce53e2b293d36,ok,90,307
4919711af23c1ced513064d321dc220b3a07afc3,ok,512,1822
565b579fa4546f408fb63877222f6fa63aac5495,ok,512,1796
693f33dd296ef8202f4b1c574bdc807331d8c8db,ok,252,860
5d7f166f26a1bafb3079f78bf096c42350939663,ok,422,1507
fd0f30193a849dc3ccc0dee3cfa4a7b12eb1b0e4,ok,223,744
e85aa9d823220c39f130e1009be8e9ecd337e0ac,ok,512,1824
4c0429b5560e282115e39fde0f634ae3265d8775,ok,209,718
91efd97a1c69c4da0590e48bac314cefe6560c57,ok,104,358
1de16fd80b689bd74aba703626b7d619f17610de,ok,61,200
10c8f44a66adf67c0bcdff0abcbf4dd935bf1006,ok,512,1734
64988b820a523ede1954824a65a635ba07e2f218,ok,512,1754
5935df5c21d2ff70dadb7ea09235063bff984f4b,ok,512,1818
fee99083c27795e1404b0d38dbb7ed87480b9e6b,ok,512,1913
0e8f9a655ca81fc67527bed46d8deccde436e564,ok,429,1542
f45da56eee8716509bdd64822b7883db9722a9e6,ok,512,2014
a03ac416002ee06662f4905b437e0e149d6abb47,ok,16,46
8a269b994cb43b27518ef747f56e3aa740f0db2a,ok,105,368
bb77efd64b7ab771f0c1b91fbd7350ab0b494236,ok,367,1309
ad8ed6a910eacecb1a0d1e9f8fa212af22c800b6,ok,256,933
012de0860c2eb284fef3fcb90d301ce839d31775,ok,512,1770
d249475fd09d441f0d00b89debd3629f9fda7488,ok,294,1032
8a7d58c1e5ac0a74da64f573ffb0bd87fb9d52a1,ok,512,1674
afdf916de040366de20f2d486a4a1593a607f620,ok,512,1818
5278353da5b31f569f3a825c9c84df086d506fcc,ok,358,1280
ffbf41713e0524f470efff014a40def438962aa4,ok,167,586
f41122f8b8ddcd939653fa71d8370ef4eeda879e,ok,54,178
6515c84c532632f2e21907725dafbdc90435e4c4,ok,512,1836
21c2125e0bc5d7f3ca707aa377da4a1346492ac2,ok,58,188
aa2a4477109ed762b217aa9a5f15806c8d91abf7,ok,512,1859
c6054d2a116cc3a40c5f437c97cf11b1e1128189,ok,86,304
6c78e9b3dcb208c997e79f1b8cc2ed69b4a5f5bc,ok,55,180
267d32c6ceeb09444b4277e848276c413e1bcca4,ok,512,1802
d6f16aa0588df207fe8d75ddb1edfb892942b605,ok,171,614
73451b70d00fd1ee79f846543d9c2fb2e6bc93dd,ok,512,1807
ba04d31f6b7ea15ec9a00b199a7debc46d921ee3,ok,393,1358
2aacb19499de59fb4359628baa96c512e10537c4,ok,219,770
e499987b9acde2c61bc9b40313923149d74b8715,ok,512,1760
3262902094eaf24bf48dba28be49113717238393,ok,47,150
85ee71350ed70fb1c1956ce0f12d3fe679365fc1,ok,308,1070
3b21bea9adcd1dbdd5fa8e981794c03db73a98a7,ok,87,298
15d58caf3130101c2b3140d1ba97e468f19b9bbb,ok,512,1844
8d9f53201f3c97f085cc55012b3807518793a845,ok,512,1768
9ca9953b4ce73637785ba792cded173fab5fe57d,ok,512,1831
c0d25b80ac4c0b38622ddb63d9b6f9b1016cdf6e,ok,83,298
e3854fae2844e28798153c3ed822da054a4b26f4,ok,207,735
274f368deaaf3885fe22723b2b0acc649ef7be4c,ok,512,1801
0bb44204e801628befefdc20601c9efd65ee1e9f,ok,309,1093
ce82d625825fcfbdadb07ab43cd628ba6f7962f7,ok,512,1846
2132b99d1d27e102657807047eceb08fd31888b0,ok,182,632
3c532c48e8f419a3fbb03f0c848b332bc289212c,ok,138,476
7d5b461324d960da3f141180c9110f6a46209e53,ok,512,1769
6e7ecae2866796eb03352d7392e57b0fceca1405,ok,369,1321
61af6850756693021390fbf0e07b8473bee40fef,ok,29,92
43c934eeaa4190270b3fc8a9c0e2b4add67ef99d,ok,512,1795
78abb3cc46b0b326d1738a8661bfb0b802e96232,ok,67,220
809b276dda0be3265fe566b1ffb8fc7e5565845a,ok,77,264
07d5020d165460ca458e95160b57b7a952a8151c,ok,154,530
de333f15169827cebede758b3bb2ee68c09cad24,ok,512,1853
3ee79b1ae0602b5a83314cdae28da41653e3dda8,ok,512,1859
ae018737548ae01ef9f2236eb44235f967b742c9,ok,512,1780
e4bec6b175072260b5262096ef59075151cc49de,ok,512,1890
52c8d330ded9957d48d74f2a4f38d86743d3ed9c,ok,177,618
5baf1dff849e1a438fca317bdc62ae268e361d17,ok,151,525
c14ddab86665de2c230c928404f2e34929065456,ok,512,1714
80473dbd127a828f6e8c07cfcb074e2217532180,ok,501,1750
c6724c33d8c4584e34f9fd6409729bce55686954,ok,512,1810
06e9c644d0bace46cc1d12c2bd07f5a8d8e2fb83,ok,512,1798
046db87791d48921df0fa27a04b5d4a618525373,ok,229,832
1d389851b6fa0e828cf50a55a003a3bd8d0ec1e1,ok,368,1292
2b403ea177a7199e07f00a07958046d6f1413d0f,ok,512,1746
4bbe6c89c1736686b70a04b58f601e8799e0795a,ok,512,1823
59d4975589a7b2bffa82b3d59271891253f16ad4,ok,512,1774
3f9b171e005505ddd71e1edcb9d38b74624ecdbd,ok,485,1735
033d83de0dc546320ecc51d4da7529566412365e,ok,334,1142
f406b30f93b44826e0b2e198f09547eecbe564bd,ok,308,1058
fbd920b77a57933f792fa7b4caa666a03b7d42a3,ok,391,1416
f0cfeee157e55afbe4faac6f2b39ef76eb8428b7,ok,487,1736
f676e710f3d9dac749d199c9846a99503c57148c,ok,289,1008
7d37c78583fb100cd44fbb7fcb7254ae68e4b13a,ok,512,1800
ad05d1b7c89f326c8b74460361b10a30899be8d8,ok,512,1831
4f7186dbd5199f91f7125c1abb65d77dd606e8ae,ok,512,1799
31ac26e259199a5e3c300de4e5c7b4bc613bf60d,ok,512,1835
de48b694daf4b65d56cf32861deca5305d9c7d56,ok,512,1732
cc48c0ef3f3076d8cfbfab075d3041006eb26d71,ok,512,1808
a51d57e1f3c96b70daa33aebc48b896fa08bffb0,ok,41,132
7c9ce406343f0350f83bfe62c85bf6571ba3dc4a,ok,80,280
f49db4681a180eaf033cf7d24caf188531ae441c,ok,352,1223
ecfbc9c3fe911800567347d645495145201798d4,ok,512,1787
135c3642df2657dcf9989541db1f18216e7194d2,ok,512,1873
b23cbcfbc2a67bdbdbdd7ed43fd6da0232ea8746,ok,157,536
99bf729b612bfe5cf2b497b8243e9d8f52be0e58,ok,33,104
3469a597d24dc5f6d32e528cd1123a293423f29b,ok,512,1808
7923d7556336ea770f109f77dc08a117133df8db,ok,512,1836
2a6c4dff5822f55d39097681b850a29a27364ef3,ok,512,1803
07e59df8bdcab67abc92e731e966eaf62c2ad412,ok,512,1790
1bd2f16f2fbe4134a41b13583780a0eb46bd2b67,ok,397,1392
4c0abc5e5b3981075f6c76731fef8f64871ff3a8,ok,149,494
fdf6f8edf4e4331c6059ac01bc162fd31bce52bd,ok,217,742
4d5cad73f79784df0b9128f058c906fdf93ef39c,ok,14,40
7137cd9d69e2570008288eb951dee2b62fdd44ab,ok,278,972
65dc3da7353d69e2c4d1c1814d0a2b96cf03793b,ok,512,1782
345f296c01cc320195b944fe8b4547ffc119e6bf,ok,504,1842
e8297e8cacbe56e63b63220f14d3f198b00a81bc,ok,486,1713
fa8607ef90f6cc72911022f3de871f9f2786a4f8,ok,238,851
ba76005b4a9fb2037984dc729204de7fd9b4fc9a,ok,512,1750
a734f0f1aae8e3f8360d14531e1359112eedb43e,ok,16,48
5abb0dc9184599224574a8beea549747af2c1091,ok,319,1116
80f79b84a650247b04f158f37fd6c21143fcb2cf,ok,512,1789
43337b086b1b90ec5584cab04ed196e8b726b118,ok,243,864
d9a42dfaf5f1c06f205e54cd6b101705419756ce,ok,512,1846
c1be48b129770bfcb8d9d69253b33c70ec4105b7,ok,111,372
316a3146514a956915ee44a2fe7f99b55c6b43e6,ok,268,910
9c9356896b56dd205051a853a9a13616d8344883,ok,295,954
bc21be48b5ae8e4eaf2931c769bb0886a060ba2b,ok,152,526
689621fb8d4c5b510f191533f42a1a08581b6469,ok,165,560
b2711d912701ba810f4e3c311e8d6b95efef8c96,ok,512,1880
8dcb327bfed35cf8878386545daf440c46fc9379,ok,101,352
a4546c19719c72588f979fed61884988b3ef8b56,ok,351,1198
77de6f11efd061b22b96930793c689ec4d019d48,ok,105,346
9b26759ca84bab23e69b30ed46a955eda6421674,ok,512,1866
e930f63bd57686783cb3b9381e1f5c9b02a84a26,ok,290,1003
4e7b9d4515576c6520d7f807f0f1c64133c93f36,ok,129,450
441e844faa0528a161ac0412a5caf8fada0f74ae,ok,12,34
ddb481aee62e044930a12641e400d6507c924387,ok,512,1774
0267799c03651331d01a61cc1989b6928848e5ca,ok,199,684
a2ea71109145f55884ea17bbcc0684223b0190a0,ok,244,910
0f6f51baa17d8c192d6693702b0768c2890ec6d8,ok,237,812
a0f2708396ab45cfb9802d4934c51501e3f2728b,ok,173,607
3d6d563864c1f0b3894ff33c237bda1bdc5039aa,ok,135,462
03bd003ba8138c514adb70e0cd424dd980a42f8d,ok,35,110
af55cfe4c61472e4e59ababec2b560354c913d35,ok,290,1017
879b2f103cc203be46482d776d1812b315ac4534,ok,512,1804
4979e981d99097d20fe00609b13f6b0c34fa9efc,ok,512,1860
3b4f2f290b73b59a10ffb5b47ba6da2793b783c5,ok,512,1816
1decaf185474c655d6945047ae9663b596152a02,ok,512,1848
1ea6decb0d9cb8814ba6ad1541650923401ebb04,ok,512,1843
cd76461145c8f0ce8309c4647f5868b1b044354a,ok,512,1846
46f417e2f5235c061beffe9a395950eaaae04329,ok,431,1535
0b175b8a9761861266a699085851dfc136172505,ok,512,1858
18461e5c3d2ce6da08b307b0213bbeaafdf9a5aa,ok,512,1816
788d5d1ba6298547bba3a341570d2679bcb9f521,ok,158,552
a4999cbe8602460719aaffe6d275a7671b150cb7,ok,512,1906
e65a9cb1d7dc868fa9253ffdc61fbb767d22f233,ok,512,1832
b4228f9011801c9dc8efd030a71bacd129067f4d,ok,345,1247
ea0a875cca5ee295e761dd444135a660174d1a74,ok,65,212
075a268c5f826cd7df580f58d78040326109bd8f,ok,512,1844
971cc26aa02fb8d261283a05741df356d2e805e4,ok,34,106
598462ba413212df0dcb5d1f9f542eb225295a71,ok,512,1783
a39c7d3b3daa11ab55a1a0db3738024d406bd569,ok,512,1808
ff7d8b31bd37bb5afd67defe9af15f4d21e899ad,ok,246,858
9243bd59394806ff34e91ae02e011ab13bb53f9a,ok,512,1823
23a64c2705a3a406c27e8b08b2019dfb5c20ee34,ok,512,1838
4155995561223113ecb900747d4bb6060d5c68e3,ok,389,1339
f9b7a7d1743ce5dc66ec71f91fea139cdf07e245,ok,512,1797
1a789b39ad8a4b90214f25d4485310144f077007,ok,512,1833
61dee7e9b6be7dedd1f54401ef9008fb6a854c55,ok,512,1870
9d0cf838bd3d171054c574c7a9d39a0026ea49e3,ok,512,1816
2698c16c936b846a022e87156d929587e39a876c,ok,242,869
b3e96ec4924195ce18c5e47dbf9f996dd686715d,ok,107,356
95511d382530bb18b8e1de1d5eea4d7e660e53a1,ok,52,168
d93cf3cae6fd0ed7437da44e675700fe910df3bb,ok,512,1803
744de8085989f54905f829382519e797f4d87340,ok,512,1805
f9a2cf613eaddbe79f8cae72e45e0f4f45a11be5,ok,351,1188
cad291c3f352803d8ef9f5aa8e0b46338ea5361a,ok,512,1806
7b5383ceb28f97b6680f04d07cdb84ae05ce60f0,ok,512,1770
6b4fa843d2745e9b12b7895be7f6d05bf9003371,ok,512,1890
8fb436dab50bad1b70c4fb6e9438d022118f8911,ok,512,1865
765bae8f16596f85f81a3d15c2883f4abc4d51e2,ok,327,1112
ab539fca9579aad1b134778a1be0c514c9071d7b,ok,251,863
7dca698a8d790ce05c0551911d785ca24cf61cfb,ok,512,1784
298c3e1355c6293a86556fa6abefbf0adc19f53e,ok,512,1829
9d1532ab1b8d738989c3ba7b0e261fe51397ad76,ok,512,1868
3a83b4744d94f4d080916b73ce4022c7c91b5250,ok,512,1770
47ba9cf13ec085e35018ade645af6240afb3e269,ok,512,1784
80484ef59c3f5a567c8362c58fcab78f71c34363,ok,512,1864
d5133a2f07b3ec04b76add3169cff9b81b0dcad3,ok,415,1490
5431218f5a7b347c18b2966cd8eed947c14b49e7,ok,221,778
5b9c3c59dd6af1fd1d24634452654e9f9b0e4e63,ok,188,652
819fe387f0b2fd2c84062f7d997c466815862d1f,ok,412,1513
75975792c1355a0cfae0606971a7dff2a43f6b90,ok,40,136
98ba0f67b2f931fa5d8522894fb9f08b5df6a435,ok,512,1864
93fb0b926e9e6985c67536e617458ab7c01b2bd6,ok,355,1312
2e9c6451ac0b7f5d9326260f8afa77ced125ef02,ok,512,1776
72bbd9b7128f29d9cc3a63a31561ec99a997fbc4,ok,135,484
919712e8dda010491ec2cda349fbe3596c324a44,ok,175,638
9c1a1404960c097c7cfba6e0ba167509a9a3c0ff,ok,512,1812
5868b21da24262022aa9029691a4ef194d006f4a,ok,64,228
1fdea1af9db7f13c62b665fde38b21cf49c578df,ok,129,450
7115d2882cfdb9a52fb1429ffaa65fec83732524,ok,492,1813
b6aafbe12e33f441e00d6880046ca4efba9f3472,ok,254,922
f502aca3c794d0802e896782c977089258007b80,ok,512,1788
39d076bd0ef6df408068ee80a1b006556a106d1c,ok,512,1896
30135e98347c75b3869b74cfb839c4bbc4de2d22,ok,512,1810
d21ba4e27039556ee18250a41749dd43970ace10,ok,27,86
7990d5c1241fea98d39eb9431177695e1b20fb89,ok,163,583
eb4ff93b7a13a31c505a99c6cab17727891026a1,ok,113,388
d136fefe7972a2758b899a6f8f83976b5de7fe2a,ok,67,218
5aefa80311ab7bacfc9e3f4dbc48bbea3fce7be8,ok,512,1818
c5f1dd878bdfe0b794af0a994f51518dac5a7573,ok,512,1805
796a1fc0048c60a8763cd95ff38b9317a83c2b4a,ok,221,780
40e8806d3b02729a12f8ec8bd7de42ace0f7e06b,ok,512,1726
16c36e9d5bcb3893a70f3be46762b0a25b0ff55a,ok,512,1824
5c9a609ab75a765791d5ad9d611f5bdd68d564c7,ok,104,348
9104801ddde71a35cfae125ced23e17faf992ed4,ok,88,316
a3e3ebed139445c1e1982470d1d93e6a4202a37f,ok,137,460
21c4d661524c410c928c37e000ce6840c4bd31f5,ok,59,194
d91c8290a9fba5b3431c697e6a44ab4006d41760,ok,126,446
eca55d276882939240e1f78b63e9c2a779a5f55d,ok,512,1755
de06d8170c79812a4b622d93658e34399811daca,ok,21,64
99d2bdc6d9a5dde34acb3380db750b5b977bea6d,ok,512,1894
00796b358977f647d9a621164326489fa1496590,ok,512,1843
239ae0e58bc3a3858481f0f36fedaf2d379bc6c3,ok,18,54
ac2ca2ce65e9b794a39d0558f4ffbc96c83ab2ff,ok,420,1450
7d12f1f65c243fb1a8715c593429cd59bba74e0e,ok,512,1829
8b317a7ab5f9982aad10d83141946b7fb75b762a,ok,82,276
4fac4e3736bda184e8d3dc7f17788aee2f836516,ok,463,1609
68ee3e98aa205122a6c35f073b164b289e04703b,ok,36,116
49516f260b258e7f1fae5ef68294e55e8ecfa13c,ok,81,276
62c45ca7630e5bf3625da823a12e8600812e5b88,ok,512,1780
31a2cb6adde7cdbb03a01713921068f32dd504f4,ok,331,1204
6a567a31a2ff3a14f2b2b69c9470e61a05d1d94a,ok,293,1054
8a98bbf9640bf219cd9bc8a66159026f760c40a1,ok,349,1228
89103d6726c0d8d451b7df1e1d037cd9eb51522a,ok,512,1824
9e608819483599ea95f7ceea01d249e8817fdedd,ok,28,86
132eeec8c5e316c72744cbdf317d90ab9eed2d7d,ok,237,855
703951c847bb5befd222b2dff6038cb64ce1f86e,ok,151,516
6c973971669f782a14c0f659c8b0bac5a53bab4e,ok,168,580
88b9b87975a1f56649ae8e0afc1d4f4bc2fd15b9,ok,28,88
0850b7fb553f08882eee1536b65a76bda16270ed,ok,113,384
83da7fed220b5f9ad912340cf99664fd7e885eb7,ok,512,1800
c43f7f70ac71aaaf0e06db932f1fced740ea841d,ok,65,218
3671fcecde73aea39ddce93bc5ce5136ba52ce17,ok,129,450
45d5dd7ed5eb955dc09cf66e793eec62cc85c6d9,ok,512,1925
fc3c647fcd322fd4e2c2f870e3ef95fa5689f407,ok,34,106
58250e302880ea80766d27a9cd2fb287f13ac42d,ok,512,1837
ea3dda17db4bc0a2f3c5310df609a8a2fd7fdbd5,ok,25,78
489d4cd6cc21331a2f8228e1f28507db83c4456c,ok,35,110
b00689d27e44e46a3f34b6c72dbe1037837eb1ee,ok,512,1724
59e2811d93208b08704b47208a6982e575dd5b9c,ok,512,1910
fe189d68349e70ca3dad5dd9b0d64f006b7589da,ok,36,116
0a89a48933a5f1d2b593ad57d5620068c126df12,ok,142,492
0f0601f3d2d9da71275c0da38a81706a04db9118,ok,512,1834
0e46bae3f5fa12e6e37c3e801611845f930e3574,ok,512,1745
274db6e6cbcada800da3fddd415585eda3f55112,ok,512,1746
86a0c1bfded94805d60ec24e89544770add7fd0d,ok,478,1735
362a52862ef9e3b99dfbcdbb60f8c009496773ac,ok,51,166
a1fc8ae667fc09dc3568ee12fc8976e42e04ddaa,ok,512,1755
c83f5aa3a01a7791dfc3465876d7358786536300,ok,109,369
31c22b0a9a9badc02142659b0af1fc202b9909ff,ok,512,1780
a6d54421784c5623f243240b8d311faed42e7968,ok,512,1825
4092e3e7cc6e032c4857f549e97773711d34e35b,ok,512,1907
7718bedd273b8294e24b100a6f3142cec22b1be0,ok,68,234
e1e9e09138e15dfd0750f2fde128b550066d79a8,ok,512,1830
749efc7ea92020a561ac9b214f4727268681c44c,ok,22,68
67103f2eb8b0838c335e4aa486aca3b4b7c2a2b3,ok,512,1843
bf8ed2e05a80d52055db59925118410dca5b2b40,ok,88,298
0b232edd31add477ee08a08baa754437cf9d9cc0,ok,311,1092
5d3ebbea680f6dcb4ad39ed2f45fbace540de2ad,ok,150,527
2fc9c48ac53c9f2b68edb66cf03ecfe0a80d3839,ok,177,602
31789ba19134f130f137347ec290679eb446b376,ok,301,1066
58ba679a929aed62ca9be6efe748564ba28b654b,ok,512,1785
ccbef8601278ca9658c5e40955e0578da289e2bb,ok,192,677
4ce969872537e5bd1db957c7c082d4cc96e1a426,ok,90,314
51450b1b0f72d6c6709d887b6fcc448b85c7d2b8,ok,46,154
25a2d9275be2f9e36f61d8baf79b5ad28785bdb0,ok,326,1170
d87d5e578d015758a080caa41d1fc63047dcc9b6,ok,512,1771
fc286ea296e81720ed75f8aa69aae789e39b05af,ok,512,1820
9fbfa60ce6e6d53d1f9afade2a65e06e24ba755a,ok,512,1840
3f33642d0420220c300b2de8ee55e086e235321a,ok,512,1800
16a6a7dea6d0b4e4b7223fffe5617cfca2a9f9aa,ok,92,322
6b693c7a3581072e793aba7857ad3f20b4bea7f8,ok,258,910
9ba1027722f932f5aad4d1b57debbe38c287efac,ok,356,1232
51d74c24e1d53a348bc012253afa34a77b64b1b1,ok,120,435
51fcbca54b9fd8888affd5c25387fb49049d41dc,ok,56,186
1e875f91989ed83988cf133ccff8a034eb7648ab,ok,186,650
6d817d21405751d0df9835fe51f0d5bb225af489,ok,512,1797
a2681288a248b55686ab2ef10a372bc7efb4cbf0,ok,512,1770
2c21687df1c2dfb3fd2f0699820fe1a150f7b14e,ok,179,620
5c79605e7b7a4d59516041040f0705d00002f9d2,ok,233,837
e86fc4043f96c8a17dd50d8bd5f8df62edbcbede,ok,512,1763
0132a8f5ae1f3189b945759ab1aab4a91db1cc8c,ok,38,126
9566017d83c6d8f6fc29cae5de469d1ae7c3614a,ok,512,1794
74669b6b0e558cff0c45e4aab3b8575fd2d80ff6,ok,51,164
35f4f24160ecf587d3a8a5d3196fa55997b3da0b,ok,354,1274
74a55b32223d30a20bc5c9eed33199e8258edd78,ok,143,498
102b7fd684066b036bb141f261d52e1620a48646,ok,512,1744
3de8bfaee5adacb7f178fb639dde123e42f55794,ok,512,1858
9186343daabccbad6264a126b8307d5b744de194,ok,512,1879
4791feb3cc5fa912e6aa97e9927ebd5e9faa9e03,ok,512,1806
a98a55b0c373542139d252f16db5463fee35d508,ok,41,132
11667a3012686c43bedf33f245c86331da36e016,ok,229,764
a1e9992665d913e8b56ebfa3eb830dfc3338be86,ok,49,158
bfba0d768c23b34433894ddbe1904a19eb689a7e,ok,512,1770
1cc88ac55da96353c2360ea0843a9c9ffd573717,ok,290,998
67c41db14add17417faf6c7e2aa7c7dd04cfe950,ok,176,600
01051ae46d9f1216cc8c40e90edbcb501278d0d4,ok,178,600
80704a441f8d98c972dc24150db818ff83917ca6,ok,447,1621
55a7a7594c8800934f871f8da2919432a9858595,ok,512,1822
14121b4db4c499b4aee3838d5ff6d9952bf240c0,ok,21,66
15a495730ce3c8bbc5e3c6067bcc2a26b2f2cd66,ok,512,1885
9482b5e2b9648fe095cc3cfa7fa019620010bc6b,ok,78,266
f473d3f340d919047741727ce20ec521ca968ba4,ok,512,1894
c209bfc0d340860dcb33a6af91ca5f214f4d7136,ok,219,808
8ad999abdae83c6e58d357acfb8a2b69bb32b18c,ok,512,1830
f6b11f679fbedadbc9b36e63970fb9525eb00dec,ok,512,1762
b682fba8030fcaf5d612de5cfbe883cb1f6edfd4,ok,512,1939
0b45c51255e9353718e3e36b1568ff695be3132f,ok,512,1774
ba504051bc55f80ede9f68493ef4e974b3cf8db2,ok,512,1820
327ec30b78ea230847a66c0ac96a779e99b031f0,ok,512,1823
8342f7f7a721e9a57db77cb8542bd1982b59bcc5,ok,512,1729
515c883a89dd31c82f92f1fa0c00c0ace9cd2c5a,ok,512,1902
6e699e76b5383512b880f3c0a1ff0da75aaddc9f,ok,16,50
e66ee40d4174370d34a03b24112534d0334f2142,ok,512,1738
92b01aa0f34e7b237252ee5d66da88110de96ac9,ok,512,1868
b764c75cf4542c843101a250b9f38dd4d73c6cf9,ok,512,1916
53c2dc034ddc4ae43df5111d46168d354f75aee6,ok,23,68
6a3b5fb53125a5818694815940c1a1a42df0eafe,ok,59,196
89426b7909e4d0cf7798a71347ba632fa0d0860e,ok,252,894
583297da12a65ed4da6335c04c39172fc11021c1,ok,21,66
2993db15195fa23f0d26c49482b3e0b9bf516032,ok,512,1790
8384900b92d4b741184b20f3d999f347ce27c690,ok,338,1225
c40d186f374aee4c3bcdebca58e24c685089464b,ok,512,1770
2bec07cec785e09ed1d3f2d575cb6dbbd8b54991,ok,512,1810
3df330f395d1baf7b37aa5a952bfc76e9dc49790,ok,245,844
26f693e8330c0a8862a9c30e288e9fba5a517bbb,ok,44,144
74e056e91c292ce146a8738d26de74a1b79bf4d6,ok,279,1022
9daecae9b5981ddfdc703957ca73dbc097680420,ok,512,1831
784fd6d2339e6344d3793510505831ef39854ec9,ok,301,1072
2273ccf7b5986aa7258533d2ee9782ac75e6948f,ok,512,1807
2a2f9a35abe13e770df802946d391ff590fdd640,ok,512,1779
155a972f27014cd123e8104c3050e5e179373870,ok,278,970
2cdbb7a140c2b31f94157b81a9cf990161a07b85,ok,206,730
8d2a1df6e8f233eb0fa0162f4c284122dd0d2fdf,ok,297,1058
ae1e2beacc29d594cdf7bebe34d3881c4b3469b9,ok,512,1986
514f930d986381d05e9febfee9bbaa882d2718c3,ok,62,196
7fd885b5bd9cc4f8e54f94978cf303ae7b6a98d8,ok,99,350
4dabe508666a0bb0be5a7707b916ffa2a7b15868,ok,83,278
6080f041b4d90f047ec97afc07437a66a9d82cd7,ok,63,204
b013e4fef7f20b1a14e42d7e46ea3c2eb8fbbd2a,ok,324,1174
b1595b4f5c2a89bb8f81be954e1fd0cde75d2e28,ok,512,1766
04b2c0df999b93a787acf50b258e4c3b4f624fa0,ok,170,600
0dbb0f6555c5679430856d1cc79e4ce188329974,ok,35,110
79b87a5c77a076a63ce775e37235749bef930d4d,ok,512,1610
c5918ed845cdf62a2993c53aa09053cff528ba1a,ok,187,652
66ab96f789dc3eac34bc4794979ebcbfb1cd7e12,ok,88,304
af6244ab3c43a5f15b46496fac49af8ad13ed64f,ok,22,68
d99359d1d15598ce6797c30fc96c7fb5750f378a,ok,512,1746
2dde5d95fe7ae7e94f97e903f6a04ade0bb38b60,ok,241,858
1ad94aad40fb92a137cb8af1c0ae393b0a71d10f,ok,512,1829
72ec533db688b25a08930cc7783dee563d2ac19f,ok,512,1796
e2a5e0b78773bb8244a1637fbcb8760a6f952d65,ok,229,782
80fc6ace50f3a35d3ab5845f38a6b260b74bff11,ok,70,224
40abdaa3dbc75a083c5a6956ab319bdfac2bca34,ok,205,756
5e93323bed22cd6be06c225a3b08c64217b332c4,ok,142,498
033250acd282dae63e82a9964f4343f3980e5c05,ok,263,916
e5043999d203c845cdebc632dcbbeea9004c56e7,ok,171,602
d9b1903065ded14757b53001031b395132d3697d,ok,512,1788
edfc57226152bff1cf9647bac33c257ddf2438d2,ok,284,1018
ff4b74632d510e31e7689e8f2023dc7dbd9ace5a,ok,512,1832
835c3a20531dba62270638ba4477f7292c80b364,ok,466,1687
d62251804088d1afa85cb4672d1a20592d4c1418,ok,278,992
69cb2c8578608f3fb42f5dd7e7d93d74bd8bdcd4,ok,161,556
08bdc89b4be5669dabcfa9005c503ff797ab789e,ok,425,1472
9ffebfeb35443c746956f6b4ce0ae1cc3414153c,ok,392,1405
fa3b747a61f6c210f0ba2f43587ed3b9453e722d,ok,144,516
f748ac715b5bbeb04dbc42504fbbac67f0e6c233,ok,141,491
ea00330596a51db09e97dd98ad6ee56a4bc66513,ok,512,1834
78b767c25369f18ef95ecf5e00fe7cbd17e1555f,ok,84,276
87be6b30809882991e59cdb6d88adf3bde8e5e1c,ok,13,36
bcc670348ecf78116e2c3c41fb15f41aba61c697,ok,60,194
aad52fccaa6d0960b1182f9dfdbb07cd7a6a965e,ok,234,872
af9a7049129a028a1a89f3200f3a9994487d9b6d,ok,512,1743
a837edb0947c3a5497962ab16e65c55a70180205,ok,56,190
cd7680e1f462ffe2081c6857e789439a6a86f068,ok,49,160
b2ff72c44a43d58fe5fc197b85ef6b8c9f5b31e8,ok,512,1837
f4cc9db19284d539ebc446ac8ebe65b086ce6546,ok,266,938
cad7d991e9cbcde7a5413190c1c4a68c6b9ab29a,ok,146,500
a94f2a662b362708cbfc3d346bc91157567c8651,ok,512,1842
ca69701b1f240cfb70ada4afef34de23befcffd7,ok,512,1791
7b42186c64b7a6c39e4fa4a6bbaf3c9c70b16029,ok,9,24
82902191a24e0835bfc8114907b9f6d86d52449a,ok,195,678
43430cc2f069a0275291fe87c9b1c895a410ae18,ok,512,1848
5c66c9d1e3bfcec67251aa5fc6f0f2ee6f98cc41,ok,504,1846
b0f4bca481515b95819838f4db9f08fb3ea24d16,ok,512,1706
981f095260d706c7390b73cb5f28e5db08c00127,ok,236,833
966f959adc75a73c0c8a415bb614f59d4a554415,ok,512,1836
07fd0b6172fd06f8769404cbb3586362898351b9,ok,512,1904
aeb24177874db16ecb148a0a8bfdd2a2e40bb651,ok,512,1800
d0872e1d446f67ec76b592efc5cda0752f0d7fce,ok,512,1788
5149542f43b539c77a93e23515b0587ddfffc045,ok,16,48
cb98317176bebb0bc34e8cd9fb94a62df56f346d,ok,134,455
84d7cff7feaec13f2f0dd8a03630fd00dfd29658,ok,512,1782
ae829eb1503edf765cf846e18b90abbda21c1d18,ok,128,443
bc15c3c5ee4294743f7cdf142b089aacfee55d6f,ok,156,552
9e96901d665c44d405119654323316e61be69999,ok,512,1668
c3b7e0f45751492d768c3b40e276469712cb4c11,ok,407,1480
46fabb9b49e930acb23dbbf09889b917f4923992,ok,512,1841
eccdc0aebce1bf339fecee0810b32b9e37a81211,ok,512,1788
abd9c9a813dab78da23ceeb733d6e4b17fca4be2,ok,512,1772
a81c839bf198c16051787c75920e7488c2167efe,ok,41,132
df42577036c16d93be79c6e68926d5a8d14240c9,ok,512,1891
3de08faea53a6caa8f715330dce77b07dd3fe236,ok,512,1770
acd0c0a33c6c22acf0261647be39cec849697bd1,ok,512,1824
20c4d4ca53f491ece668ec240ac9d4463079065b,ok,47,146
8e8d94872b444f3a09cc2de71a185b5c2670c309,ok,245,844
5f75cdecbc9a2060e97786540ee2be2c259f8529,ok,512,1816
e97cf2d1568057b2e474b0ea8f8e14ad6276e93d,ok,512,1862
2edeedd4abf82f1b5833df7698ee5ba696f50a6c,ok,417,1482
3d8a7543d9167ddf70c92fd5c3807c8b959564a1,ok,512,1832
b4cd61624bb549316829a2e0d1e0e97083d479f5,ok,53,174
80acdd54b48faa6c5b7da968e1d0025afbaf6b30,ok,512,1872
8e7703faa630eb412ffccec905c835407e487724,ok,458,1568
8adc8bf326b364ba822cb2930cf92f8c7f33bd4d,ok,277,984
7fe80ad20360944f3e80ec1bc110705893a2345c,ok,271,997
a571b9e0f2467169d32bc7a8f6e7300678929b1e,ok,376,1294
17640430bd2de25c695b702c5b730d4f228319ef,ok,512,1867
4d1f36d1043203671bdd63ed2f1d99cfab54b6a0,ok,512,1868
59adc6069ca84d8cb42ccecc0b790bc2c7753747,ok,512,1822
414a5cda602775ea9db23fbc5dbc9d591acf0b3d,ok,72,238
002ff0ed82b8558a7332882384071162916fb4a9,ok,70,244
47954065831be279701101aec4831434097c26e4,ok,512,1770
a760ca0f7e40cd5cd2cd233d9dc495179dec5e83,ok,119,415
5e304ed63db52208a01734f69887cbcd4875d886,ok,512,1827
d25afc93018feb404e180d09578eedd14d65559f,ok,512,1820
6e2dc994e0b150924aeb96f99f3972190eb88bf4,ok,10,28
1734a159cb93fc3366ac2ef17ee286163838d39c,ok,512,1753
c4de93fd0be09830255e4d5e5f0501dbccd45889,ok,26,84
1af6b99bd6a9008a38e9560e707ac887e7297517,ok,169,598
c23256d9d42273b22022500bf76033aba024c35c,ok,296,1027
31f7df6e9d2baa24a28f6ab2ea6ba11a12a7c2d0,ok,311,1136
50c2e84b52469f1b9696a147dcea648139eebbfe,ok,512,1770
5d11a0b9af7ff8ec472474d8031b8ce6714f366b,ok,512,1852
9805dae12a04c0c12fd9518e0efcfa2e3dd3307b,ok,19,60
591ec1a127661d72ed2193110305d6374425d8e6,ok,512,1833
11bafd8c199a11b245b1e2dbf126ea262344f81b,ok,32,104
89fd0eeeef1adbffefe89e9c114c3fd1e38d4873,ok,383,1353
0b5a62c12a1a9c51b4a3bdcd338a4265413e6101,ok,117,412
442d72d6156b320cdd973b6f78b0c7ac359912ea,ok,175,611
e2d80afef4bc8a8e50afacf50dd01bc5dfec543b,ok,512,1892
0371a8cdb9bcf813ea49836cf6e7ace1a7172556,ok,97,320
32fbceb849c2f1a0c2a5316e0e4a676adff8b45a,ok,260,866
0ac30445cc6e5a8a4fd3fbbb6563702b0c11d485,ok,430,1492
ef991435f944654154b572673ec289ebedbc0435,ok,108,358
8c04fe8672bb5be3cf8d2e6c116765ad9a85d37b,ok,301,1042
3e0e9fe7ff180e9e07fa4aee7d3a8136884a0e67,ok,512,1794
ff2369d4c3206745b2d6e3c90914a8818699f218,ok,328,1154
8fededab681a7e7067f1544d2c87cebf76180128,ok,512,1838
4d7234703409971a130716ba82761ca85ad198a3,ok,174,605
a1bc11b4ebc806e76fd0654671dafb839e7499c0,ok,512,1728
6191d357bdb3900950e8c78486c97b93f79266ab,ok,327,1148
d9763f27727900eab55c612e314943cd01782f2f,ok,512,1815
71df55c9bf09ba416286871587d52d5b48709b2d,ok,201,694
084479734dec38f26707a263898bde3c1a3a51eb,ok,512,1773
5d42cb5f08abbd9def64e967c6285c5d7ec7bcf1,ok,480,1667
4517f77883ea917ca2971329e581fb2ce53fd50e,ok,436,1598
ea54c5b7d33072ac77e999d6d02fbe8bbfd060fe,ok,236,808
6a3c79e615fb502b90977b9ffeb7b058a9d55e99,ok,328,1084
d27fc4362d200cfaf6c15349dcd0efafe6f65b5a,ok,494,1718
e3cec9e4caa9d5aaf4fa73bc466cacc6ae003c8a,ok,25,78
96b7be35006c809d007077f8b7b82d886d943ffc,ok,512,1810
f416eb3c14bf38a037a5258921d423dca4554944,ok,512,1800
87cdd2d5a409562d3beb32def2f266a28591a4be,ok,512,2014
6f8a9049d68ab3f427a46896cf20500f69c3469b,ok,58,190
a57d09a3ed5e8849486b2b0428d605386476469f,ok,512,1824
ddbc6592e752cb5db7ad2c476c88d4705e37c3ae,ok,328,1162
15e8d6b5757aaa042372c7686a5edd836eb81fd6,ok,512,1762
a3cc0678add2e8caf641ba62efd4c3f78120f807,ok,512,1770
a54513324467b5ba8f95d272bae38c3b7afc0fd4,ok,512,1787
1a7b09c361aac093be7ac00fa0cab91cf84ebf22,ok,438,1582
75290cbc4f92615a0c8d105274d32a69d491f157,ok,277,978
1d799ddb505226754458d981163cbfc1f4298857,ok,248,886
45f857e02dde05d8c244b253de3d2c6e0a858f3d,ok,512,1785
bf2d554d1f44ebf8ca5c385a7d2a05fec35ae345,ok,512,1782
4b51775c77be33e5ec0e2f8ef0ad2cd331c9a14d,ok,29,90
43eaf87bbe0bd717d6d2348f9a2cf2fffd13a862,ok,512,1850
9753d80a795f94d7f45bbfd0b4330de9f8d6eb06,ok,53,176
831477ee238f9d83a069730406453446aea27524,ok,114,382
e77aecdfe47bfeb6c16042688470c09f2563c02a,ok,512,1778
d78e8e9ed51d4f88bf30b5cfb7582f69ad5ec734,ok,63,206
fbd29421cb6687eaf1099beec2a7a48db75f0598,ok,41,130
ad4a1c36e39d3e6994c79341490210f3baf7b8a1,ok,131,455
c59749b0b043f5839bf7e8d01e91c5ad13b183cf,ok,287,1024
3b4a6ad2f1dcc6c818eb605f97fbf6b409a2cbf4,ok,410,1467
d77414f0c88041dc3c408115b7daa7437313a58f,ok,512,1831
f200b53f75d2a38d6b4b8f030d0ecf8b7ad251f1,ok,44,148
2ce1e3d07ce146f46f50eb502282210e37b64432,ok,512,1872
70c4f4270da1a1c6da2eb92b5f29c73f06f18fda,ok,139,483
6b5d8bc16ec4796f41da389884a4c8028178a834,ok,512,1787
ecfede734357d566f8b4501f37076a0f96bab1c1,ok,512,1783
4a5685bc829dad01a3d532eab6a6bee39f5f00f3,ok,70,232
4f52815c309232dbf0ca922179ff071769379973,ok,240,873
37a029bc20d7a419fd87878862f34acd7568792a,ok,129,450
d5e1915bc2f5c06c8ebee7e5d55194d942411424,ok,175,608
61fa6a5853acea4a10e81bdd63e6ac33e8c1d8b8,ok,512,1830
f7fa166d227015ac6210abb2dc0d4140bd9137a1,ok,103,356
325e6021105000b82520efc2bb3f89b9e59e955a,ok,134,442
e8e7339778aa462bca0c83d4de98e8a43fb0639f,ok,512,1785
9a6c5a4fbed8f47a87c4b91a7798080ce8ee642e,ok,512,1869
7ea5d64342f5099e1a09ea8324740bf3381e8f93,ok,296,1050
3058e89146fb227f877b2a8987cba7617641d0d8,ok,512,1802
ab20f14559f3fa5775af9f8e839eaa057cd65368,ok,23,72
06b7548db4e47cd8a8b331722762d9e2c2ffb5b7,ok,26,82
ca7f600fa6a5321fc054399ead0c92aa8608d001,ok,97,342
34eda34f12ccf63a6fb62bac9d85ade46769791f,ok,236,851
c71cdd95c32d8775994eca16cc2f193e3c32530d,ok,71,234
2daf516b9abdb8e613b3eea8241150a6ff52251f,ok,512,1849
946fea25a0b117aa6636d4055c823b82228bc2af,ok,19,58
f4fa3908aa9c72d9ee4d1a60afd369a770c56a50,ok,512,1828
6cfa5e550ce368c91062eda7689873c82abbef74,ok,357,1297
26f9a24d1566f4eb8cd09e2957f7799437049481,ok,512,1770
0a262a98cafbc3541138eff9f30c9939ac19e3f1,ok,512,1766
c780b54d264ba5366b812c521e6e72f7ffcee06e,ok,399,1414
ec8a7b24778712b8e43138dea9b050d88e61903e,ok,512,1820
8f8484eb98b05b98b988e814977dc66f1859bd0f,ok,58,188
476babc09a11d781e3ce4d285aaec6cdb515398e,ok,203,702
3895b3614fb4643a6f947bb99c8331bc250792a5,ok,54,184
2abc2e207cfa392801d7b58135a352c759f98355,ok,512,1838
f8ec79cdacecf88ec3ec78292f96eafe9a8d17f2,ok,345,1156
88533c684796fd245010dc588dda403482e499ea,ok,512,1876
76df286d7bd130b9d9e9fc6d0169958109dc61ac,ok,178,631
054a946d74f1da125434e70bfc7a2ad7d017e1e0,ok,512,1843
d2d60d590b279aef255adaeacd0ce12235e29c62,ok,109,376
f45a207613259fabcfd578dbde44c2eaf4f75c1d,ok,512,1877
4b174b35ce0bd967e126e284e4efb3e825e2ca73,ok,512,1724
850c8b0f2579bd492d8b379b6c4eb88749631a72,ok,59,198
0e57059818fb913e377c6afee388ab3befb5ff63,ok,47,152
97ff8a460be0e37cb3626865084ad70a99c8d44d,ok,512,1680
a1a485327d1ecb75578794995485bafd9a2b2fa4,ok,512,1792
825abe8cda86fe6484daa446071921267e8d7556,ok,173,604
2d3c6722113ae557b0bc6972d43754a1dacd6938,ok,512,1794
a3b7bac161ccbd01af811effd951e13554e098e6,ok,331,1165
2f85e8a38764cb838720c068f648938458d49a45,ok,78,272
60ef8f83e7280d7a3f82dbf5b93877bc763d08dc,ok,512,1816
d0c6d051a597427d3bdfbfb03be019afc240a943,ok,512,1787
063f62333ba04e5ed980c217f924cbf4d8a8a11e,ok,512,1770
842b0fd977dd21086432329cd3718f05fff61d24,ok,103,346
98f53e685fb2ab02d7ce0791707fef8148d75566,ok,183,648
9fde2dfa3f18e3dd2abc610c69991d0ffdda71e7,ok,48,156
dee33783523f05fab7bd46b04268235e35b79aaf,ok,168,594
4542fac76a6c5940f3b44e9c1896182fdbad74c4,ok,222,754
3dce4cf15cf893b15b8c0e9fd78271ffb472dcd7,ok,512,1813
575ceb57f7ab6255ca926ee1ff61e707c8f4517b,ok,409,1450
24b63059852036c0589c5d1c8858c0bc4fc6367e,ok,512,1758
b4175d527356300e8d7b274a1d40761a99a0ec70,ok,512,1683
1a46a60dd9e01de2f543e757daf060e56bd552ee,ok,88,298
facb7923f77fc6dc6437b11f7b5a6c50a09f4619,ok,512,1788
f76fd48b77a4a997cb10fa09127bd84601a07058,ok,234,858
d3bc556008e28443d258a9785879d891398204ad,ok,512,1736
a491539b5152db67e4a18fcc5b588347894d01f2,ok,512,1890
1d88d5793b8d10565495e195364c7d4cffc98031,ok,512,1848
737f967af6fd67a066c2cbd434339f609a8bf8a3,ok,145,493
23fef2e6a15f421a3fdb414d55cca07958626a58,ok,512,1884
8bcc89e4685f450e3e14b4aeb61b46345d117641,ok,512,1847
de5a4d9cf721301900d1a147b8ef57274c561957,ok,405,1462
92e5bae5d6e8f00b5a09b33790766a586e2ab4a3,ok,512,1834
95fc9d065a41ddcc7e9366daf428025b07dc4881,ok,512,1827
d995d59f89d0ea74c1b0a24e055784689edc86ad,ok,61,196
b9b1f54a34cd7bbf7e94bf74560b0c257e0b082e,ok,512,1778
e6d0e6f90ef6f1d19fe75f8d69f6728f59caffae,ok,512,1876
dbf359c7bf6cf94eaa001205e0bce0f6178631ac,ok,512,1797
f2990ef4697feb6562d8b45aba03452cba867c33,ok,76,248
9192b13e264d46d2ef5e0689fee3f8e26e59b8ea,ok,512,1888
6d85aa8a2b53c9fef8aad64f6d278df8b0b5672c,ok,512,1770
6b2b04069090eaff72173c4b85b8e351c639f290,ok,511,1804
7192d3beec218907d8a7bdffc57779c3e771ea5c,ok,270,932
97df06c7829753d12d3541d35f41df129b1ef577,ok,512,1787
fca8ac77e67bf49f9e28e93fa176d1140f387c35,ok,50,162
d3dcc1bd00fd051cdbd5bb83a05b242ce208d296,ok,512,1896
e88053b894921a0b6edb8a89c62deacdc2375290,ok,20,60
6522d8e11b07e10331edbbe8767c2a8b392e52ca,ok,33,106
52cc6c1fd35b1a2bb35b0e6967d19978d50f2391,ok,497,1799
0f201a005ac0ab8d1d3d21f78d7046b287124ec3,ok,244,898
5ad470f645559c7fd1f07297d70614e2afa5dd3e,ok,512,1770
d2b4337e32afaa8bc742167aa44c39157a9f3dc3,ok,512,1946
8c7932ef753d3d6ee777bd383898318fc6c5b1ef,ok,512,1860
d528c91982b7d56fc2bb621c5fe3fb4beec35093,ok,33,104
faee57e8252eec7154ff99a5d1a5ba818abb8397,ok,512,1984
cee6b630f8d8d509c8a1190c4fe5a081eb8315c3,ok,48,166
89ab1a4783d4708f687af3fd2f264eafb6ea19c2,ok,134,450
829c629959f957ec0fba0d3fda55d95b136160f8,ok,512,1850
239d2d02d387129d4a06dc3dfece2063f34fd9a7,ok,198,676
86337b565c8408b8762546e280ff02b166ea3e7a,ok,115,398
ed51cdf94197994ef8b8cb8f13ada1ea12ed47b3,ok,512,1810
27f2f8f27165604704a905637808859484804bc0,ok,512,1828
c96bdc8948ed87ac70b1d244ef7bbafb93aa9b12,ok,512,1826
4ce6f5f7e6fb957201679443e25413b86c3cc567,ok,171,562
a0bd6cd1f42bf06c28e3f895c7754fb9d573c01c,ok,37,122
bcfc643c7e5294fc02d44227f477cb7410eac142,ok,23,72
9098c44bbc838475c8c7275ad3d30b5afdb5d050,ok,386,1343
93cf6b91674792a116abbc81556b9830ed8a5f60,ok,43,142
14f35c51f967bb7ada253ba3df1d65b0e224fa57,ok,137,464
59d56950c9aa5cb83c148e6566a75f61c1cc8ab8,ok,64,222
8cc145a3763c6eaeb963e5731480dd23d56bc094,ok,512,1818
13355dc85b269ff7af14cd4d2edf55661615b1d6,ok,512,1794
6980b561d8147153c49bc131e72b58a5e011f58c,ok,512,1797
a0f2f019a0b1133025f6befa22b94d1f3300a209,ok,297,1012
1e18433a0b612b96c1c244f9cc079467dc852b55,ok,69,232
a1d4e75d8d189df90f461cdc7d1b207ef657133f,ok,186,620
c8b31a955d166755e9cb565bd1045b6b7ee7d0a5,ok,140,494
1eea73f8a7c98c6abb107c19155b1ff6ea6c0f22,ok,136,468
c33eefced51a431fc6cfcbe888ce01290ce41ec6,ok,248,882
9dce9e96d4b217f514cf38cb5de845e61b77c3d2,ok,447,1572
e4a6dcb56b9b339481aae15225d80d8b01af067b,ok,146,509
088ad1b9290e46e3fdbc3d4a1e4006ee5be22ace,ok,512,1826
8506f22c212a542a7fdab13088ecb81249182718,ok,512,1798
8ec6e3dc49c2b21f400e27cf44d268ac31112107,ok,512,1783
e0c88f98cacbd2a7263233cbf856c6dba932ba78,ok,263,946
d131753ef635685008b3f830975d6aa3d919bedc,ok,25,78
de1fe8a527bc9819e8f274b78911af197f8bd459,ok,512,1820
2bb61f141965a3b8b594cb1f1a0c08b48ee9cf50,ok,15,44
2c548c76a9fc2c7c9a7bf2535825c577f1748c7d,ok,512,1756
2babc371bcd591d35a5ea2c5d72c972bf1692451,ok,512,1785
5803e09bb0fe299caa458e3dd8fcd79a75a9929b,ok,71,234
4818de1108a65fd8b86a8e4a9da1c25e245d7789,ok,122,396
d73c7e7cd634f85caa632675486f46171c0aefae,ok,512,1782
61930da68f9410580793455f2ef133f1e1effb68,ok,512,1792
518dcd6212132f59223d8fbe0c6d4168c427085a,ok,512,1782
eb6a0334ed1dc7163d73c3edb3aa9e52cda961f5,ok,58,198
8031628c78d5a5d083d487139a90e0720c75aa5c,ok,192,662
b934ef607718e126657abbafc419c61522a4d9b4,ok,512,1836
5ef0e9e5258e125d3148fe7d74f89cbf19ad4024,ok,49,162
d709c50aefc1b994a3dbb663dfe542f72f1a7279,ok,512,1817
498924315f411c3b6d597cbccdcdb3ac5c1bb555,ok,381,1304
82066a56769cf44591bf6b031d0719995e09a00a,ok,346,1240
74565e588ed519fc7b8a69110d9029951488b596,ok,53,174
246030d9e3ec948307cf1385c73dc6cba8ac3b0f,ok,512,1906
8d06cf16417af86ff15c7d99a2784467b8ef3ea4,ok,59,206
564e883cacdb6b712c0e7da50aa1db790c9f1fbe,ok,185,628
9c8ecf7225212ca3d8ffe65e17a3c997fc07ec0f,ok,512,1736
a4d13debb988b562ad0d323d22f2cebbf6455405,ok,512,1866
3bdf5176492d35d1b633b70de21721e965b9f131,ok,512,1775
84f7dd61ba7936ab5ba4f8556eb24a28d136f085,ok,512,1763
6b0e11b2171b8efdb2cf55f01c3ff89579630043,ok,512,1819
90d78a4995d948a3521c12123e9cb1fae55c0168,ok,33,104
a807944f6b2abf59e6f56476c6dd9a7b2594eb4a,ok,35,112
60d701ae060d111bbd2533f1edb741a05a8a193e,ok,21,64
435f554580f3e45c008c5a843b3673c5ff308aff,ok,506,1825
e77987c36abef9ebe719698c95adc5a7782398cc,ok,512,1798
30b860e016926bb926a66e8313b3dbb24743fbd0,ok,461,1520
e36e544c801be85c8b2bc7852fc17078440e6001,ok,512,1792
b3e0c365843e9afb28e386904d22bea66d64c1f3,ok,66,220
ec2587ee23b89ccfde81f8a34cbefb9392c144a5,ok,464,1680
06710b2be1c1f11943772b891cf5923da78520b6,ok,36,114
bba9f812d2cc58eb6d392164c7319e397a0614bb,ok,447,1584
6e4068b7570e148d665a489953d20c46d6f9ac9e,ok,335,1169
06275b17e97f04aaa613776420252bed460a8412,ok,460,1655
a2cb44d7f13b6e1d6c2e7f3cadb3b22846e1cfd3,ok,512,1764
861276190ab8e7f94f2ea81ed1a775f99b03aa79,ok,512,1928
44a8bbc39018600287f361cdc58b48c61cb16722,ok,512,1907
6c574d04e6f8991c6da96d840acbf2e00939c4b4,ok,512,1780
1167f286115359ac6d5e155de429e24d548e27d8,ok,512,1855
4c6159cbac71597463475242a1e308d5268cd041,ok,512,1849
e38fc8e84245a490162c3408240596f1af6d523b,ok,512,1853
332a65bd17da5078288dfd4945bec13f166e52a4,ok,512,1766
1afe52a45811ffef4a416c427c57d71d8928138a,ok,282,966
7e8f323f88cf0f4eebf658f0d76cdbe729d3407f,ok,512,1839
ded7c8a3e9ce332188226c13b5dc29fed5920a2f,ok,512,1809
9141a94565e56fed6d2a8e757bec334fdaf0fdf7,ok,231,822
075bbea94ff7adcf3ca88c4acc468bded941513a,ok,512,1804
ed1d578632e461c01d8efab2f1b9f2e43368901b,ok,512,1710
01c2e5ffb21428726ecfa119b1c1d101be672703,ok,512,1822
5941e7b86cbc30432a35365489566194df797450,ok,512,1830
3fa839c06fc7f29c17d7fba9c6db6f5ba91cc307,ok,512,1866
064ceefd4752ee2755890e90284433f304274d04,ok,330,1140
50c2bf8eea8f63ad85f806ae794482c5cdea8d87,ok,512,1883
693c14c776ba1a7d80c30ebf1baa179aec4909ab,ok,248,869
6c7105928be344bd0c0b25ce9fd71000f5cbfb8f,ok,251,860
d4e3ce8a549c0827dde40b8ffb4f5a2cef460b01,ok,45,148
4c13fd0e4c3cc07aa8b82cf7f4e402c284b90224,ok,67,218
eb76d22bf1b5389642123f03fa29c70930bb1d46,ok,512,1799
f47c626817e2bffb90b8392f3e558065bae8fbdb,ok,146,514
02c3882e877294451c980d882da3772b560adf8b,ok,100,338
50d10ab15a4f22d4fb69d607935bcf45bafd3c68,ok,512,1756
635810eef6b38432c1768e6d5aa323e21d57dd0d,ok,512,1854
ff9a672a6b0a4c40a38897a068372afb15e8dc60,ok,82,276
e1ed39cac0ecd2768097e4326630ab8fd09287c1,ok,29,90
13f95b8ee512236c2b798e88fc67ed5627904baa,ok,512,1804
05671bf1806c3e0ae18a5933e7602020985050c9,ok,403,1424
657467ab43c3dd8bc322315231c4a49239aea82b,ok,512,1810
0e6c56b11fa92bbdc269842127995e3d299ff554,ok,512,1924
bf38018199ead2b0a7a29bd42972f611e357ef18,ok,139,488
63dd29cf8f5c32b2f7effd64f13cf8575930e044,ok,512,1840
10d8aaa22702e19919556260a6b087c1b8a93f02,ok,28,88
39a02b0c6b7ff0501870c1401d79df44a120c720,ok,512,1863
61b6efe9d5282e55f0b58cd1e08ac35012959050,ok,512,1772
994ef0ddf6f20e5832bafcb8c2575b79deb6e1bc,ok,259,968
427a54db5dbddd713da82c053fd269bee8c4ac7a,ok,512,1828
f23279b6cf6d4f1baa746610a56cbd6028dda60d,ok,75,256
1a138034ad0562a5c718cedaee1648f5d746f467,ok,70,236
3e6152800a91929e253f5b58bbf32d0dc2edfd36,ok,24,74
353fa73930d1d7062e3373a9d74a272f383a1f44,ok,512,1873
0fa21c4cdf9b020f4eb88b8aadf44c0d6395d234,ok,512,1797
a427ff694ba1961500730184e0a36927b50a405e,ok,512,1772
61ef385abfc89c50bc398cd33741a8691c2be465,ok,170,579
dbdd40a9b1cd603800840d30ef84807664c163e7,ok,512,1748
61b360c1e0308c937f475e580df45207e4daaf4c,ok,128,438
f038ac0a868c28b23803a273fa48561453ff4ea9,ok,512,1767
952879adeea9d9c4dfc079cf654e7104071c16b6,ok,459,1572
33678b0106beb4e87efc4413a913447e8187ac51,ok,512,1823
20690af3b3925fb05974a6494fec85f3ea6fedf4,ok,512,1700
4eea6d2aaf269f2b5ca826631f4a334088539ec6,ok,512,1828
d08d4476bd2f7889e6c71690a763d316b8f499e5,ok,512,1742
284a4403d2edff594a27be911fc7313aa5c0cd33,ok,95,326
b6f8a82be047da5a45c9b3a54b6991b35fca779a,ok,512,1816
ec10faec0da1b68a055107ccd4c88e37979ca508,ok,512,1856
c69cf0a5b84b95f3ca941e0fd07127e7db7b7cf7,ok,512,1830
a5a2c3c3db13be43bae53444f2c4d230e23cef3a,ok,512,1780
531c72ea43b3b693abd576c72c67504cb32d5837,ok,54,176
0fac1a09e9d55520d438d028cf61ad829375454d,ok,512,1888
5781dabfc77ee7555768050bc850fb160f0f95e1,ok,338,1176
967ddfda3bb11cbbcbb119e6244aa9099efbc7f6,ok,485,1697
e331a0b826637239e5dbb9d71b30b79a165d3705,ok,191,667
789f2cfbed5d92734f456e98310894a058dac38f,ok,512,1854
c3309b34046938a7e0a60e21609135ad7552e9bb,ok,512,1842
6c46f133f39302fa18ce0d5c8ac6f3efaae71fdc,ok,35,108
d0a3ca366d85e6effe5266bc0739fb803edd531d,ok,102,356
b2f50130c6d4d00a6c8f16ddfad30f1b3dc72724,ok,255,918
4c3236ca96c0256f748a14b443eafa5fc6479132,ok,512,1865
fda1c45ccffeec2b69c640f0414bb3b7ead7b434,ok,147,494
8884b53d09eba350e6187bec780bb39d9cc7fe8f,ok,276,989
2233914f48c0088c50c9ea323dfc9e14561b4fdc,ok,512,1744
6093ff2337d1e3b2e51a8606d45846fa02551a32,ok,43,142
a252b51a1465b2366591bcfb52461c42345713d2,ok,38,126
534cceaf759f9334b020d0659c97c3b5ca30025c,ok,512,1825
ad5808205b4d8871dc12a23ffc2a9b58137be1fa,ok,512,1862
dbeccf64763992b9b539dcb52cab4e6d75acde7c,ok,512,1909
9ca9c0849ae7b548cf8a727eea4025f141085ac0,ok,512,1890
bfcb23048c5ffd85a0e99a30622a4d3671f3078f,ok,512,1772
e7d4cf8d2f5f105268479191843010b909b00be2,ok,359,1273
838ea8dfe262fca064b3be07932e0567003876f6,ok,65,222
89e841e19280c5a7293fda5a0c9d1e8f2b489b4f,ok,87,293
67d3820e257952f086636f6e82f5ea2b0a61b3b5,ok,512,1878
d9b41842773a4b219f00f0f088f85089e1c95bf4,ok,88,307
b93d409649aa00e1e8443aa41159e8fd2a7236f6,ok,345,1221
5f3ebf7f9f23fe56d7f8493585506b655f3055f9,ok,512,1852
5e49db6f478c8a09750ee666937982b2d79f17f6,ok,23,72
fa32f330588bedae257c5f7e86a07f05146a5f53,ok,43,140
cbccd354d605efb97ec4ae24941e83f94937c8d5,ok,512,1783
47f93fca5db886726ac3dcdb7a9a5e84d23c273a,ok,512,1770
8ee7d239a234daa081d07c7e3635b217e047aab8,ok,512,1814
62d347b3b08557fecf30f3db6ee23bee4132c0a7,ok,485,1684
039f08ad08aa62cd40a67957cd1841696121adaf,ok,470,1652
bdd314992a74b181b5a759b814441858b2b33bc6,ok,512,1843
8519a7545711726c162c7356cf3538afe48ee816,ok,512,1847
4d029c97d10f590fa84e5bf0d4b1813d08ca4945,ok,512,1758
1616e55644735b0f170ab57d0f88257e72f8070b,ok,512,1784
50245aec442f94bd1168142b66b32a7991b8728a,ok,512,1817
0533637484954e82a387245274fe776a765d5f52,ok,249,881
85d1a4d61280b881d24c8bf3f2198ff8887147ce,ok,175,602
8c962c838f54f8e0c50692ce9e334e4c322dc90f,ok,215,743
b2a726cc293549f12213a13dd654e8a0c1aee994,ok,482,1767
fbb1919bcf729e601e62495317167c571853a94a,ok,29,92
7d333cd7a3aba81978ab79dad28a51d16389d40b,ok,487,1809
a72f6f770309c55fc525fb11bdcdf186ae7bc926,ok,512,1753
7ca468dc65afe9bfde3984951ab633720687e876,ok,33,104
6c584a803f74bbdd301d7ed0a7a826c34f16dd47,ok,60,196
bbc0b103704216546a9d67c42d4e93fa6edfcdc8,ok,512,1822
08a09a408e2add7ca68c0116da0b2da986789e00,ok,512,1790
6e86d49bb3b5514c6ed2898c1b8668874b75d2d9,ok,512,1762
36510f0356f0e0a64f5623d587f4800c79cf4e28,ok,512,1782
2b8ddf6aaca0a74274cd62bcd1079b73aee3204b,ok,42,136
77d18746c05076d1f684872e839f94e020afa790,ok,448,1634
84862b535fb2c944e783bfef75aa24c89eb3bd60,ok,512,1758
91602acc938a3db335f89a3accbad2006a3cacb8,ok,345,1254
25e3916d804fc7449eb4a1e6c2809a9ec95f936e,ok,474,1728
c9451786cd15d11ea9c0c9778f677dd9c821760d,ok,49,156
03e726186c4173f67e61bc5c2d859c6afa452509,ok,36,118
2b051d5c83f2df221ec7f321d9ef35e0b637d0fc,ok,61,190
498741e72b067f9e19c3ddbc90c48d7bf3072ebe,ok,299,1104
be3d976908f70ef9c7bbde872551fe882e81bf28,ok,112,388
f95872350b2f1f04e7bfecfb5d27d174e3f4991c,ok,32,98
25440a529b250deab5e71ae774f8923e347b7ec5,ok,501,1800
0899d24eeec2ab21c804957cd89d020689636761,ok,317,1086
c7003c1c7c40a8985e30533d54c0a3efb5973713,ok,104,374
4a32f53ab9813c656f671a8ebd55487e7bea63a7,ok,415,1440
bc5b8c7bdd651717e94aab69662512540afd7c36,ok,141,486
7337c9a5c73eae8adcdbe1b5b426f657cd07e178,ok,177,596
cdcad1e0e9a2916f4680e827ffb59415fcdf099b,ok,74,238
843175233569fccc9f09a8a0f282b82be501ce45,ok,512,1813
1d70e498f2a1b84fb2b5a508d0717d6d82d9e317,ok,512,1802
a20b9c20f495915e23d45434d2a7a66632caf385,ok,16,50
764266e2218855cb67852c2f911b082bf89a408a,ok,83,276
b96ad6dda4090751e38beb103f38300bc7d5e782,ok,512,1842
f9ee085d1d308d13b67441485c72f1922cdaf84b,ok,62,200
9be05546fb11685c1d2fce08f47778ceaa156e5d,ok,512,1712
db0f030ecbfb8ff59c587ad4b31d0f6c4f336602,ok,196,670
32291820a30712079fd33de84f5d882a0832d46d,ok,512,1910
7bc7bae76bd8c7060f8b22f153e52e5dc8779a1e,ok,53,172
98a2ac0aadd936fc4e9584836973a6be7a9f32c9,ok,512,1822
61dd6dfd74c9f406c56b9faec36398f0d0c0c5f7,ok,512,1869
cb61f3df28629f8645fbf270e3f3c99895d5f585,ok,24,74
47fffd3011a0b743207f760b8fff0fcb68f5714f,ok,225,782
9a185e3200b694446d9644344244e4bfb723a7a4,ok,512,1794
419e14acb5fee6ffe57a1b5183a8b6ae82b9bead,ok,21,66
d113b94291f4b2d40d1f8a0915a433b026461b00,ok,16,50
82c1cfc4a3e076610991eafcb38820615c05ca12,ok,217,769
bff356497ddcf72074a4a03c710f02b0098b4687,ok,265,968
15f82e66966dde4043d108f65b283bc9daaef676,ok,141,508
ca570d87d0d87a31698641e2d821600c37c834c4,ok,58,192
192555d304d25e0c86381ebf54461844c94637cb,ok,512,1879
91f3101d5928df7568e325056ee0dc7612a8efc2,ok,99,334
ed57d0f23eb928f6b0ba81c7298cfafb47435af7,ok,512,1820
e3c1dd3bb42fe3f4164a53d524931035d582568d,ok,156,570
5feb9be57e204dbe80cfcbcc0f7727e3746774e4,ok,512,1762
9920b470fea28b3b42e2e57c10b4b5e7980eaa45,ok,512,1823
cecb30825208aaa16f222246a6959e9a10f05fa0,ok,512,1827
0ccfec2ea87e20544688bbc5552e37e92285385c,ok,464,1669
c0cb8222302384715d188882f1394cbd8b369e73,ok,196,670
9a17fc1fe0a058a08d35851099b78a9186233806,ok,53,170
217b0a5edf7f99bd29b4c9278cdaefa2ddbb2564,ok,155,534
d25b1c8578237eabadac92e427bf961c2762206a,ok,208,756
16d6a3bcd1cad8a0d726604b1e4aa19789c442d1,ok,16,50
97d67a87857de0bcae8348877694076a9f1308b9,ok,72,236
97f5a1c88bec19f1a05c6ba9b4c75a99e73d6b16,ok,512,1806
2379e034ed033165cb62a694f7700d4bb5c64dc3,ok,151,529
b446f9696cb20c7ff0d9c77e6422fdd89bcaf508,ok,512,1816
b1fa714a0dcd8db68f6a02a596bcb553445bca51,ok,38,126
1f35fee3ec482c3d1b80245eeae962564b32dcf5,ok,20,60
c23ede06ba71f1e3be56328948991ddf792785d1,ok,512,1842
5ba185c67a98bf4c17b6c96db8c494200af8da23,ok,66,214
d245f5e625a0520a9ce963cd473e66df7f86e334,ok,512,1837
757c517d29ea208a27671e7b523d64c1aedc730c,ok,12,34
141c7e87d501dea4eb1f2a7930fb31cb2f8291ce,ok,58,194
6993a6ebc2c8b5dcd8be814bedfdb8b820b47c8b,ok,236,814
356fa5c43ff6624f561e5c82d453c6f7dce091f9,ok,116,392
f5ead2462dabe84a3a2603bdeffed11ddad8f3be,ok,512,1811
8d4523d9019d273500f115ff72e94eda403af221,ok,512,1834
1d0938a91074210fe07b80c5204ade340e008b65,ok,107,368
099ab9b92d5c9775e9becec110c0ee7d48a317e7,ok,512,1792
2318ebeb3ec3d40f29e485e2a00346ddb3eb5405,ok,396,1428
94707ff78fc9cfadeed6500967a44c4635e0451b,ok,512,1768
6acbb225f13bd20c4ffeb41e532eb13730f785d5,ok,97,344
84608cada8b90fcf56bfd58c5f4f80ff101c6811,ok,193,682
4b2196477260866bb3b521f40a89389b352e0129,ok,178,612
e27b00a9605a1df42e666bb20580613d6f8cb78e,ok,213,756
bb4cbeae45df61caf802ee13dc6fae19725f619d,ok,512,1802
17e071ccb62f6232133937ff073691e7edaa4462,ok,243,864
2d57b2e6951e5fd8a551a6b156452a8e20d2c0b6,ok,57,182
4cff8d9689ddee6a914cba4a5499ebe8efc6c18f,ok,512,1824
a4e18a183d9b94b08543270e1c57c1e9376b3816,ok,434,1548
624ede472e5645b5004b7a26bc45e34778c2388d,ok,512,1783
a36c9b83ac413d612e648070fcf207de2d3d1d98,ok,55,176
63498e1e08763eebef5d3551f21c00caf0ab4656,ok,512,1860
7e1bb584d51dccefe5b333669e0aa7c3ade4a53f,ok,161,582
6d54796f10cec49c52f3dc12f332caddaae6cb89,ok,512,1824
54b10f57f0a8bb7d69622c690a4ae55c0c02ad5d,ok,512,1875
f1bcbc038a5ecacc43ba79d14d88f853de01b68a,ok,512,1839
84704a6bf2b28b3041b64164a6fdea39a98acfe0,ok,512,1856
7c878cda45f9b4597acc17cb62eb2cbe99b8feb5,ok,18,54
f6b20cff38aebd290a58a8fcb3eb581d32e89989,ok,512,1824
6ae549e1d686f1fc609d60df98bc32a21a41a8fe,ok,512,1779
d17f9b44f3379422072a5f1afb4744aef84eb440,ok,120,412
788e939f95c2918c2021dcc5b30d381d4f45605c,ok,152,514
b3df7057c8279993e1d05ef3ea6b2dee89ae2403,ok,512,1806
0bf7b6c33bf3909b4983cf2db44ab5495e7e6af4,ok,512,1795
fcf182f9a441471d9e138d11850b5ed10ad20235,ok,81,272
d8a0ecb502c1b88303bfe0883e1f63b7da4c7ebd,ok,456,1616
68ccb350afe02428a8fc5a29be449471b1c5fbbe,ok,106,354
7e2d6c88bdd79ec5ff5ee6d1de2c5d83cd1c577c,ok,512,1814
0bfbc189848c1cc369f2e8f86d029495fb017d09,ok,428,1481
b69dc5ad8f4f7b5d52f56f64dfd5391d12d89085,ok,306,1087
97f19b06012fcccb91c4c3999cf1e4e35b149bb5,ok,451,1580
881085c0f095cfd8e7e6564b3eeaee759b95a4dd,ok,512,1842
dc37ff4be644bdf37901e6dddb16c01e7f089e3a,ok,37,118
b9fc36c72c371f846dfa715db98e0fbd2671888c,ok,512,1752
b73c6835aaaa1e2a3fa1ace75d626b1807fadbef,ok,512,1770
867e6c90ed27f135a3c6163e324f065644062ab7,ok,512,1851
c2fb58dcb314c3af69f894f1d8fe46ea2aaf5108,ok,136,456
fe37781498895e1242f4ec876ec9151adf979377,ok,24,72
9a4283810b0d68e4e39903881cf2e8cd318bcc13,ok,512,1788
3028cb4b0cbdc24bcc0eabe9876ddc7f80e90ac4,ok,129,432
a2b6a5cd41341b5ec9258db2076be404c846238a,ok,225,813
a7260e0e147113798c3dd2f4c6206cd5cbd20213,ok,38,126
b5564dc4e440f05ceb23b7eb4b6ea5f3a4befcfc,ok,336,1234
9684eca97c453a0e53beb96758e6453ccf55be15,ok,85,296
e6b7f3a320114f9799144c94f38e024217c1ef4a,ok,267,937
c165d364d4a53375aa0420d1f1c2f2172ef3441d,ok,512,1754
c8dd010f0f8b67743c5314b156d20487d84c821b,ok,512,1791
4c27bb6bc7dc09ffad978967ce06167cb5680596,ok,319,1180
5330959e5bea73a2872428c24a034b7f46234496,ok,512,1803
7337bd76270408dddf2c8368f9b20c0d18b0bc4e,ok,107,374
7358a1e7a8a217fa9c8c16ef3c1eb883a9e14bc7,ok,512,1730
70bbbb72825ec1cd85578295aab61a42f5e957fd,ok,55,174
0aa4191cbd49ec13a4c566e348428e6a1a6c1d16,ok,425,1472
daff75797eb5e809a37a6c9a2924c5920ce5c6ae,ok,282,1030
e7fcd70543b04dba152b88bdde0cdec7f68c7d62,ok,34,108
1b792f20305632530f6658bcc6e4aa4f3704a4c0,ok,512,1923
a8ba0f6bda19f24e1c9b71e8ebbbd09d61772e6c,ok,242,863
76363608c8c0309e1f0dad001747632d29f66553,ok,512,1880
b81dd984b2bc591554d16560bcb929a204e81f49,ok,512,1841
b298494cd29d0cca623bcbfc52402e6bc70fc759,ok,512,1856
c0fbbe14aab62c204bb9364ed2c370271a68f5e3,ok,512,1896
63b357fd96c9f4062e2bbb1dd5117ebdc10c9b18,ok,512,1876
3c9c5e0da3299f0fd649c422bb6d20bc50accfc6,ok,66,220
d37487ca362b49b66fd30efdc4a49a059b5856e2,ok,35,110
15c8ccb313504234d71776be3fe4242f6374c7f6,ok,203,748
b06dcb5010a75497bdddc0a00f397fa5619d331d,ok,350,1184
e322d9203cfe5ffeb10f3c989209d917a229b49f,ok,512,1864
ffcc13fa83d67413c0727d7b9c2fc6ad49d05cde,ok,512,1894
050bf9f60ea6abf41ea22198d3fe8025eb0a6e51,ok,512,1769
704d561f90f0b58727bbcb1af9849a13bd1c091e,ok,281,1004
d28c7bb8ec591c33a1d30cd992f09fbd712efdf9,ok,407,1474
82f4545f9c8fde9bdd7db82ba087cf1935bda7c0,ok,55,176
0c0ba0b414a66d6618e0c0f1aad8e8f8d9c03f95,ok,229,788
5891b197166da4d95f1452ac91447adfabc4fbc1,ok,512,1822
721acc11d64f7a90e93e3ea5c5504dda207480ab,ok,316,1131
736e87e832ca1cedabf38f3ef957511af4327190,ok,512,1724
da86b51244a4b424989b71dc73661833fa3db9be,ok,34,106
5b1a19a7bfdc41cea6b5b0c5679a6174df499d5c,ok,46,146
6a41befa26ff4d89627985352ad33107ff8c0347,ok,58,188
5c2b67a2b34b8463c94dd5fef2ed3d51aa181b5b,ok,512,1794
4c5a0a315734949bf563a203d40248b8468cc5e2,ok,114,394
5dc25f1db6515b15539559bbccc194277bdfd125,ok,512,1776
35a435d99c1c6ce7eca2788299a763f60590629f,ok,138,481
9d06bc64008f1063729177763b8801dbc1f0511a,ok,512,1741
760ea97a068919b3e3186a8b193750f278037743,ok,512,1820
a2e0dc707a32a80288f313694d749bc8292b98a3,ok,30,94
5f3b858994bf172e0f8f6406a2e0418e103ce54b,ok,24,74
df2942dcd9012c041df961d2a45460badab99d81,ok,512,1847
4b6b5cf466150e8d12554b72f3628fada68b2005,ok,512,1719
226f10aaf51b0094a3cc7bba39dc46120a991eb6,ok,416,1535
0da6dfc4d619c7dd79d4f122037dead1a788f45c,ok,257,900
69c08e194bd3fd39b3b05a31e23999d711e9631d,ok,151,527
19ebf5c33bad6e786b55b3c31eec790ca9ee1deb,ok,512,1828
a6dfcb1d22523cce122b965d904c1dc948104d32,ok,317,1048
fd08ce63b9d3008181400d01d517d2532c624928,ok,345,1136
23bd28d722342d63d5f4336574bf5bb4dae2dae3,ok,170,582
99a017bf4f4d08181f4b7a39ebd66455d8b54769,ok,95,332
04703a8b2869e5e4bc603b785f22b7f7c22e1b09,ok,437,1498
1a0d39e243034393821496e86f8a54b85e98892b,ok,512,1792
025b91d138987e812292ad8d7bf757ad6adbf19f,ok,281,988
ca78432b3a31b123f86512b317b0f2a7dac9c95d,ok,267,928
ede300267bb87f18337435de2460aa9bd39df0e7,ok,90,302
ea87b44d8d20cd3aa0f06b2dab11b4a6290280f0,ok,351,1328
89f6ee26ba63b6225a7c44c43976b33545fc338c,ok,333,1198
e02cee4aa776ae231efdfa8c4df357f9809f05ef,ok,512,1847
313abfaebdb99dfd18254c77185bffc2102677ce,ok,366,1356
a028cd18b36882cea742a48b2d9fd6e85df92e24,ok,467,1616
2afffd8eaa0fa2dc329727edfe4ee7cc3f487f19,ok,512,1845
7e1c4abbab4c377b1899b11844768efc10355baa,ok,178,624
4095d802ae0f9f91348f9b112dedbd3fc20e45ce,ok,27,86
8868918664720675095776badb5c69282901bd54,ok,512,1784
285b04c97895036a048024356257bf53616aec6c,ok,512,1799
2a49f16cf3f1f3e201833d3cec6ea8e12c5a4394,ok,18,54
e728256a90081fdddc72b00bd482268f987d82b6,ok,512,1830
547be53103438a7bcef0060a1c28db30e80c6176,ok,366,1218
c7cd4a094beb33a565a7197eff6f2d7b6dfe4760,ok,52,170
8d59c43f6bd9d09db9066f1c1c9521739b9d4aa9,ok,195,672
e3319d6d8c01f442ddab86be8073968c4f9a5efa,ok,33,104
1c867583e763069b29fabe0ca4560b16ba565caf,ok,176,602
d372139e4903dc6d4923bfc1ac7b5e212df943fe,ok,37,122
0b52ea019a20b8988cfde0b40d0c72e1ca58c299,ok,512,1811
3061cf1a4c5a2f64efcdfd403293ef1885c28390,ok,25,78
21646c6ab645a664d3b51d319e0b68e44bee4cef,ok,512,1835
8d148641f0eab3a5adfd04f4522238007e09623e,ok,391,1387
d2643df0c9ef8dfa0caabf18ab49928f85ff56b8,ok,512,1766
0556d0f930e778e5899ec702ab526aef5c9550b8,ok,215,728
29c762381ec8b3aef2c83aec0f65b1f314452b41,ok,512,1810
b94f7c3a8a2768b66855646dd68f7c19b5f266bc,ok,512,1849
c137fd5d1ebfd25605e4c767d1f799a9769fe24f,ok,443,1562
af6f6983e55aaf6449eb9b7b57d164d51ff852c5,ok,512,1890
625782185fd36d0066c53f9b6bd29b88b4aaf52c,ok,93,312
c9878d11dab329de99af089910772925c266519d,ok,512,1846
c988fdf781dd34d84e674aeb90cb572feb29573a,ok,69,228
b57fb712a6748a7c490f90815bbbd1e2b66356b6,ok,512,1792
cc21616bb9b5393bf8346975a90793456f51427e,ok,117,394
dd33d38cd47a3813be30da5dc51afc861732c8a9,ok,326,1184
199707564231c037c11b06b8875187dac09ea8ab,ok,512,1802
20fc4d6984d7da786e3291f7cd85636b24eff411,ok,512,1803
7615801ca2e1d72edd1ff8d8585690f380ef02a7,ok,512,1849
41a2536bfa2fe987e810f8ed594ea36360b49b7c,ok,512,1858
356c14519586144b35b571d5636cfd1d2007b949,ok,512,1706
bc0bf8cc8ef56b1a7ea4918d0918bf580a686216,ok,512,1805
73f96155a3e09b0e2d7cd1f0e4a9525c4c35000c,ok,414,1485
a7fa05d725ecc980a00873c175be09c49beca8c3,ok,512,1865
c78e6ad86223c0644d76d5059be54b145462da65,ok,199,682
ca873fdddcf48998308b0a2de120f1b3d0291dc7,ok,78,262
5d0b87dce1ae348047c089e19b0f2c46a05b0604,ok,77,250
ced826a0e3464310ee9a20628956f9c595f34ba7,ok,34,110
c4739a663ce8df8ef1559a623804d66cc490ea91,ok,261,919
838a478eac9c96070d1053526122c52674afca0d,ok,512,1830
6ec67721f5e5026415d432bebfff526095c0b557,ok,512,1853
4defe34fda5b4760ac18f855152d81b49f29cfa6,ok,23,72
0c0e331b4586ac4a1af8461cb47dccb2f0bb85ac,ok,406,1482
69c94dc4af55bfb48818753ad933b1e3bdc00a55,ok,512,1746
5d0ed5ae0689be694f480efb84c57a0862af62a8,ok,512,1904
04078eb1c9e7ea65575c923d00f105d170bb637f,ok,512,1806
a5c71a9b46637ae8216a199fd79aefeaf2adf274,ok,25,78
c9071d430f9a447fd0eb01418a4c7c55c50f3f6e,ok,512,1808
29ceb7da89ac97d93d12dc8d1ed0b5c6f3420f9c,ok,386,1300
9bf1b1c6a7dcfb560c92bacf5c3ede0da6df3ed3,ok,338,1180
3b80eecaf3175b6112e321b07a9a6effe0e0afe0,ok,226,764
55148e3254a812f8ef1d573ca15ace6669fdae4e,ok,512,1832
623a622b06770de5d128fc38df37802d3222807c,ok,99,352
f318385c41dfa4e2e26f80f3d2483d0b2825f923,ok,241,860
d0b2e614d2716bcee523f56de8876e0fff87d8c8,ok,367,1368
5609a0ea8159b9b3b29c3678dea07113e1f38934,ok,478,1695
97c5f4ec8c7e9ed68e9a60fb61e180b28044610b,ok,90,302
99abf69ad28b0a39e4b3df6b1ac1b00cb8fb598b,ok,512,1770
a56434b41859c3f5b1de9e00897b3b5ae278f650,ok,512,1814
94b37d4ae2b12ce3721c774e407f65ded935eacc,ok,512,1890
8437f6030e1ab72e0edb6da92e9e4fc9d82a2e3f,ok,312,1120
8eaaddf213e5209d175830da98efbb66c94df56b,ok,316,1132
b2e820ea92dd673fd6fd525a6f12984723376957,ok,512,1843
d51d9e2921d9c0c4e6a48a6672c394177a401021,ok,512,1786
7ad853de5b4bcadd9ab49af328a64c2b195f2937,ok,300,1077
83a9efc5b8d4fbf77ae51af510617dc8ad15d347,ok,512,1799
688d91e2dca6e8aacc536f3880856bfefadd2f0b,ok,313,1032
5ba95b1bd3f445416f235302ff585b04fe4e24cf,ok,512,1856
57e12f938c8a909b71f85ed4207780eaf3289c2c,ok,512,1839
b23a91bc6203211f791d53f9e9eeabb32a72bb86,ok,88,298
687c843b4a6cab16f07e31e9359e4aae2fa0382e,ok,512,1840
9bbda46177690be2f19b0389455fe5b36b98edbd,ok,454,1604
68d3324da3753cb61e63d68a273ba4e78f34bcf0,ok,297,1064
07f872a5d79d69a7a6e512d67fbdcd0b5f74ef20,ok,82,270
b8dfdf9acd3066e22a0830b86627b74621b4db1f,ok,512,1855
b190f2d54a58a395c639367b175a19577089246a,ok,113,380
317922955821cff64715b62ae5ecb57238d96435,ok,198,676
57efb0d4c6829a3f849e10a28dea9c78f0d37c28,ok,512,1809
8cce49d4d6adbeb4806483941ee3b8178ec02b04,ok,139,484
1f6a2960167a3ae0f53a0c19594ba9c3a1b0ded0,ok,65,220
1bdd4bf6945ced4740871e268d7eaf080b886abe,ok,84,278
68d62adfeeb3e04a1f3a6784371544275ef016d3,ok,512,1839
ddfeeda310d368728d428fa6781e9adaeac56bd2,ok,181,624
b9b29039a9afe30e17d6ea37768f6795676c7cbd,ok,80,266
597c05769fd066a680a5d56a133fa08bff91a0bd,ok,114,384
6bd77408517f1763644759eae9912b52beb11603,ok,111,384
4083d5559d3090beab08e86e6b2cfa478c77bd78,ok,343,1207
e8507cc56024d088cf66520c524825d888849c43,ok,188,678
980d073cba099ebda3b221393bab12adf5e80ad3,ok,512,1877
4f923faa04af3369b368ba130b5340682f3f97f1,ok,221,734
d589c1f1d3f4718eece1ffed970205a9654ee897,ok,512,1838
710f3155ce5987822d36c898b774dbd48f3a4998,ok,169,570
8b8f81942cea5e5ed6e27ad58853957c6fe5c3e1,ok,411,1466
26e23fb6ff5ab994cad347dae9d5db843c7ccc82,ok,294,1009
acda65783465141701da7680a4985e495bcaabc0,ok,512,1857
fc349a08877aead5e69ebda0b9e1a23a5f4c59ce,ok,307,1088
0cd79791eceaca066ff4736e395c0e23e9c0c6c5,ok,324,1162
c89c89b9a178dd64988067da0eb81eef47435b93,ok,78,268
ab3358d6ebf01afb301127f819fce911b99e3bb0,ok,342,1258
ab3c8a32140976009b2846b5da529da52b176ddd,ok,38,126
9066748ba4969459379895bf57bc01ba851dcb68,ok,20,62
3586c7e033e11a29b216743ca6ca35cc211cce48,ok,245,888
601619f9253d6a56bf6e461969240023331bd4f4,ok,219,760
36500a3abed9f492341e09668584c64e31323d61,ok,512,1838
b0d01dd00667523a8f07a67b133af97e35f1d26b,ok,512,1758
c9bf33dc9bd59ff1adc5af4f9731e62df7ad4992,ok,199,728
8c5b17351f2323976d0daf0ca7b272cccc164a60,ok,512,1802
b8e55cf03c0ddbbcf9cfa6fe213c5245ef4e0665,ok,175,614
c6ff16d41dab8a10311825f9868fa4fb450683de,ok,53,166
a720164342254c86578b338bf0bf9df84eacfe52,ok,512,1778
6bd195aba15b7ede8ed6538048aed71837c1ed0d,ok,129,450
f3b1b0077bf55a48502424f59e1854f99dd7d358,ok,66,226
4b213088b374a841a6e74313253b7b9e46bc184e,ok,177,664
e069ab0d13e0762be5af0a9d0f30e14be1233f40,ok,69,224
883b9de62ea8c851acd1ac681acf6fb9b83e79b2,ok,512,1879
42871e12fc031abbe24021dc68bd7239446baa84,ok,29,90
3270e6c865f8b44357c3cb5a91d55a83ec158409,ok,512,1838
e2dd3b0c361f016688f1581393510a3e1662ae83,ok,150,528
acb49bf1dda6ad7811ce2de9b3b9a82b3f512abb,ok,512,1803
5902d53cf6082b75bb0abda72b28bdd3f350fbd2,ok,53,178
a13397934ba6ff0f73dc97edbc46aafae9450335,ok,35,112
93ac62bc46d19029e77367145d25737e41a33f2e,ok,104,358
5d9bee63993cd5ecc78179354a1dbba341254bd2,ok,375,1340
57b699f3cbef6426d366078bf16929a01b04a1dc,ok,512,1852
c059dc0560092048a2b1a275b97ae7414d72d696,ok,512,1708
1e5e16c73d97997c1319494a94211d642d7b08db,ok,512,1840
d1e7b7d0fc1c284df9ec92bbb84412bc0d9af5b7,ok,174,604
878e7fc1aa237cf319687f9812d0c6900259e2b8,ok,512,1813
c6d113021d2e93edf7f1ed3fa3074200e6a37c65,ok,101,366
3a5834d0e2b3cde924e38c1380bbe1f1c905c4e4,ok,512,1780
6413c8703aa935ad57673e1d58753350f1a7d596,ok,512,1900
b66ea2ef47a2cca5b419f592b827b6199e2320d7,ok,512,1848
1e6431bc7634a09fb55f119e7a96e3a6c44c0431,ok,512,1780
7c12cbfc8d12cdc242625cd60e1e4fec66e96410,ok,512,1830
12adcdb76142c5b9b04d4dad87fad910a0307620,ok,386,1387
99e10624b594b1fec286e04ac2a1ffe90391f965,ok,512,1736
af84108dd709fd207ebef63917d575ddb624c2a0,ok,512,1728
47df12f218742b3d6af2fd12904412526bf17ac5,ok,512,1834
b5320d3b941f4960b875ef24ea75a839df714b9f,ok,512,1778
234a0f3efbd0e89b6db4863734ed1240b29aa16b,ok,512,1819
1fd502f6de055fe706d1d1cc88b969440859f627,ok,512,1858
813223f1fc1f836d56904588f6a163050e7e25ab,ok,66,220
619b982dcb6be807b52d688b40335029bf2b3ebf,ok,45,146
10dd6a01e1983b0b0290d413f89c3c62ee62103e,ok,186,664
ab297b4e61548e523abb7be43988f1035afab747,ok,464,1634
10387ff2f829cb339369be93d72788d642d5d05b,ok,396,1428
d3c54c76e98f737479e70de71710ef13405263f5,ok,9,24
9e0bc5cbd44eaaa3cd63d91c5f8e0f28aa77fb4d,ok,512,1862
07e98520988346a28ae7ef334ba03c523c1ea889,ok,512,1839
2fad81be90b1a822fb999b1286ef88e833cac6d4,ok,512,1862
30e3e0fb18ac8d98335eee2f9347cafe3611eb6d,ok,33,100
d393860d0d1b3422f3bb9133b78c43fa758a4983,ok,512,1842
b450a686ed2bd037ce0149d6ffbb456f74298bfc,ok,512,1797
fba13ca215a77f352b63b3c4cb22280dfaa83c5e,ok,345,1248
99e05fc999dd4aa34e4a0f7fc885ee4cad722ed4,ok,32,104
cbb78df47cf1e9f75adf55de00a62a38e9c82119,ok,488,1758
d44f72ff82da9dc8c73f4e5d4a21c135c54a04f1,ok,389,1424
4bb8e216e6fbcd765d347dc2ea1dcfdbd2a8eab3,ok,512,1726
42fad2d91f0a84d464cc1775c4bd9a8bfe350bc0,ok,512,1855
a5e91a6098a3a553bc773f1f2fbed39ee3abfc14,ok,10,28
03bf52c4691a526386ec39dae3a9f7474febfbee,ok,512,1826
9f5916a2f0cbd81c086bc9922c16aee8923578d0,ok,296,1088
356aa1ff3c3accca535e8db51fea9c62a54c40da,ok,512,1867
aeaf45fddd92c66f1840a0228f10b0a1fa1ac5f2,ok,277,977
deff3e7e768e9e045551ce645385ace908231ab4,ok,512,1776
c2a3f282d0ef3df78a98480ec928575ef338d7e0,ok,512,1778
bc84eefcad5225a66e00218086c753148d5742e9,ok,512,1809
30f197b231b1510f8e7753e53a328475f0d48ab1,ok,166,589
c15fc3680c96b18787e7d733185d12bdfdd4cbd5,ok,512,1800
b88122e75804f2bce494f5ed19f482ae7d01beb5,ok,512,1855
5db2cffe3de090d843ea836714bbe7ef7e8b7c66,ok,512,1886
c18661162749448a2e3e6e40d52baf247bab200e,ok,375,1274
cfa42b16c4dfdb488fd7d9946319725ccf6c6298,ok,50,166
9adaf1b9902a3dc83841e2785eccc22dd545daa3,ok,69,228
d5108bee95b8c65ef7a1fcde72584cbf0be3ce05,ok,512,1780
bfbdb0e3401a89ebafb0065419f7467bca1da0c1,ok,512,1817
e36a431a5c0022b02d891f80aef688d639dab4f0,ok,105,350
439ff57886782d1a748a6df8867469289b2207ab,ok,56,190
3d3e078f2266e1c4fab88caf645924875cedcfd5,ok,265,932
8c8002f0fa0e604530eadfb72098003151e8d4d5,ok,45,146
0fbcfa003334c5bfdb6850b3d85157747ec636a5,ok,16,50
281c17574e3083210fe5c911ec8a6236f59fc3d7,ok,124,427
bdd314bc9e4e98d1787c6ab3681a87392659a9ba,ok,229,792
ad0778338e96c3c85b94b65e442001021cd354a3,ok,512,1834
19c059633d65e815c8457f3af81078fa3071f2b0,ok,212,755
3ea37103f958608899b5ea6abc2a3c43ffd5a1ad,ok,383,1358
b3e2d66c0f9ce3470b8c3f4aea7adebc222746d8,ok,314,1096
de3e925a9ed30a96588c5eaa6d09d7caad1a3ede,ok,37,124
54be5a11936d200fde46a72b59d4b9e748bde324,ok,512,1842
676e0d9f43da59ceeb7cfedb70ee21d2b3626153,ok,512,1722
dd843133c6f219753ab3bfc747308178e0c92411,ok,214,732
6abc473cc3c567268656d8d53dffd51194605994,ok,190,677
680e83547e2cd6df70bf80e42a9e36f1007ead3c,ok,512,1830
7429928da529b66e8220c44ccae4e27edd668b61,ok,119,400
93906196bfd3a65d0d70b2c524bb61c560282f62,ok,133,464
fe49bc6ab42565e8ab4e10b9c6c50295c36fa111,ok,218,768
22e63859407cab9b6ffe6266cc61b057ebb69332,ok,42,136
fe14bda3494755a1a09769935fbcc4d33382e8e8,ok,392,1420
08426f699330e7d063e57227c1f2dcb7ca5db0ba,ok,512,1880
e4fd446c67f8571edc75377d423f7dc337a2b9d0,ok,120,416
8f9f4639c237d280e0e207680124a8bb432a4915,ok,459,1675
c45b4a248f5d91b4848887cb0f0bce0ceb05a44d,ok,22,68
e396498a02de70a8403c20fa3879206184730ce3,ok,253,844
b8bbddd52160efd3cab6ed40f4f281e54123b22f,ok,512,1874
351fea2a263a0b8b96eb24675ba12a5f7530a27f,ok,47,148
9cc0b455736933ace3714d210c90728cbee2b85d,ok,512,1733
9ec60a8a094ade1647e9cd0814c2f494ea8389bb,ok,86,292
319d826d7cc6aea25c6a6c0f76ac812ec4f7a568,ok,512,1835
329872f6655ba44d6e262618aba155452db5725b,ok,512,1739
40556f1798e1c4073ae9aad800f22f4e66eb8179,ok,512,1823
26408c91f3617c665612b17dcf706ae4218408c3,ok,38,120
ff6521d8b4790e13ac50143f2cbecab795bf95ff,ok,512,1616
9d8b851d9f921f42fa33dc229187acd326efaa2b,ok,337,1215
5bea567e0e733c69c789588b728a1b5b8378ab6e,ok,512,1799
92b84a711d3f795799899080e082788cdf30e2fa,ok,33,106
9ffef77de874d5a98c228f26f83b71316dc0c225,ok,512,1850
bc327a440971f9361dbc6fe4e316622d95cd33e0,ok,350,1208
29dd0eb655614d405361a94bb28bb25c77443af8,ok,98,346
08a5c4634730b750ef6b692361bfe2de62ba573d,ok,512,1841
ca2af5bc781acf1ecbff5cf9c9c11e36b39485ea,ok,103,356
14632eebea47e210b6a4e922b0b0164bf622fb4c,ok,512,1710
ccd32b16b698bec01202375380008de7a82597d2,ok,512,1841
e8026376067c0f6d9390b3c124ba44fd1e62caa9,ok,150,528
39d47f900738e5a69485a715d6c2e93d2e7b4c55,ok,512,1768
7f613d796f80266e496a1c2e7730134a31606d1f,ok,333,1190
075c7ec39ab38c9c313029b2ac87bcf856d1bb3c,ok,122,406
e17bf33bfcb4203c19188f59a2abdbb6444fb99c,ok,512,1844
70b50c56bb7dd77a61def230a11021789dd636aa,ok,512,1822
9168e44498b347bbe44d3b95f252098fe58f359e,ok,512,1856
6c6a0fe2ae860bb27a09cc2713199ffd03b4d11b,ok,116,406
e8ad36e3953c760c7c194662282d1f076be51981,ok,19,58
a772446dddf0748fd21b6a403396ae45a9447ac9,ok,27,86
c4d442bf0cc0c4b548f42f9988c49eb7edeaa73c,ok,351,1228
e5068d8af6cb6dc2dad6ca037d2576bb801a8f20,ok,123,416
6c3a06aeab62b1717b5d585e315d40f52022c313,ok,512,1774
bff48005de5a301172bcd4aa94b043db5aa272f8,ok,512,1770
6a64d000ed80f03564191cb8c99e81d6c07fc066,ok,26,82
7c65d5f6e80afbeeeffd5ba501a38570e7e53aa7,ok,244,832
f2ed0eccb861d96f5fed8b9f8b74343b1fcaf388,ok,105,350
416f451f5ed53272f5bd87c75919beaebaa6958c,ok,512,1776
5b4b0ee75cb1eb17356e3906056971ada85884b4,ok,512,1780
4718e1bcfb2f582ae663a56473dbf237b3ed3256,ok,41,134
d5ffc0e3bfd1ba60bea9ac1f4e5f17ed5a9e6778,ok,512,1851
ea4b9ff97dffc2483bb4409448e365a7ffacbb50,ok,512,1780
79d38da032ef4ab095f5b2a47cebbc0ef1467aa1,ok,512,1818
c0794710bb096676449bddbd5ac7b253476f04a8,ok,512,1820
acfd0a70f3d5377bd0030ce10f6a4999c0cdf18b,ok,134,486
d48882a93dae81b02ce35493e1f2ea36662f0905,ok,512,1783
887d9e76496b9db30d6fb917c290e9bceef8da8c,ok,512,1814
3f02a6c9c52a0544e27f5002b9127a6b67d43f6a,ok,512,1797
8ddc87ffc8db733a228923bc0b0037acb1c08bc3,ok,88,296
d6d9042d2c9964545504e26db8e7e9e55f538d70,ok,398,1398
cfae1642dfe8ffa0afb63d169bfd1c5029e630bb,ok,457,1629
52d0a763dd5e9d505b94325e2c5db990c1e326fa,ok,512,1660
c053e1f1fe5142c6335d77291532e9a37d0a09eb,ok,512,1866
41e2bef9844aafd6d96acb2f16ef7d93d419acea,ok,40,126
eec8f742c19e4f18ff000ec70b3b388228b788ec,ok,512,1866
e897c419ffbb8f046e2413e27ae5cf7aeeac893f,ok,512,1835
6c2e6b82f8f9978415042fa950a4dc5fd52ed56c,ok,418,1521
ed9fc93e7d5f01798c97a18f0322a059731bb846,ok,402,1358
80f9b22fd87d9701b5a940915e97ac743d924ee5,ok,49,162
25f76f3644dcc53978dba42be22ef744faffdc20,ok,290,1024
1746203c43fce99a2841f86893f28b462d862666,ok,108,372
f4ed8240eee7c1436509c0132b7afa4accacefea,ok,512,1822
a5f70b6539b198e41ac3d5ec05ab4f59813d9941,ok,151,524
83142cc752965611c836d8158cc7ff3bfad34e52,ok,75,252
ce598c1b665234a20a0797dc16a4d8656954fd4c,ok,171,587
0d92f7ee0fe37747d50d84c642f2408d364ed6d4,ok,64,222
e20d6254e73d3ded0bdd8a75a0b73fa9bfd87aff,ok,512,1865
5f06b601961dc261a21e2d627bef0e47c5a811f3,ok,426,1545
ee764c5137690fdf9c2e5e517cd1159a5702189b,ok,512,1829
4a3713e38687e8bb4b1258cff6f27d51d085c52b,ok,512,1867
4c4536c8fb45611b6a6d6076543132cbe26a545b,ok,512,1863
2eebc0be7a2c5eb1713296b8b1bb5f03a7f96eb0,ok,512,1888
39fe4c2f8de6e5a3dda8d397cfe8daea677b75e0,ok,512,1801
d819cfa101ef1a9dfb1d0638e8b650ab1cb7d520,ok,240,867
01b0d5201887aa4e92e3efc05a5bfd9e725cc138,ok,82,282
4b39602e86a351e0e0b3a4ffac11ac5d1840e786,ok,98,342
ea8dbca37be9ac5a7b66a9868598f9b746636dd0,ok,129,450
436f00f4b2534e94393642c92152bfe11d39b9f0,ok,51,170
4aaf8e16c421a58bb366b2022a3f3a35af759a74,ok,512,1784
96cc6c7e016a9be24d1ddb8786dfe5153c6f61cc,ok,512,1786
a73eb30aeff402f8007c5ada3c470871bab5b26d,ok,262,970
a856a3966df1434fa32c9c63b02704f6ad49ade8,ok,512,1829
dafffdeda7064a3f3c659c53e8eff286ea583d39,ok,342,1219
ace494b2f91220c0fd5b9bb710067f324f9ab8d0,ok,512,1812
dc209e6edcbc46a2c03e1a7553be297c65f57e36,ok,512,1804
6ad8c96ea044192f85c5a216f321ffed1d7212b2,ok,512,1801
136d179c3f61b9feb6ecedf84b3ffa7ca422d637,ok,359,1263
34391ebbc18ee6f9be0876b775b77a0ffa310e97,ok,406,1495
f456832faa21f320ec19cbd78ddb3b7d0ed6eafd,ok,512,1880
41c154b0c2a363c32413c9ab37e524bff382ba65,ok,512,1730
c790f31fd0a6c0f4ed0ea367d588bb4fd633840c,ok,512,1830
f7edac17a1e90d107be139764cd2c6230a94b526,ok,512,1819
b46ced992d27e48fb34c4f845d9ac0c377fdacc7,ok,118,411
e90aa5b648c7ac91dbeb0b66e59e22d03e1b38ea,ok,155,528
c615e265067e83fdd7dbe4f433552be7e7161203,ok,161,574
9ffcc5e8a85185492cda81ccc11e32507459e752,ok,270,941
124932f5832f3a9147995ae233e4016463b17006,ok,512,1890
e5ab7974bfd044bb61ecb4240cad4bdf65727210,ok,236,828
d4a629677db46b5f6bc940f30748c837ddbc38d0,ok,512,1768
dbb2e6988036c8dc1c3de25d99e4e44b3bb42a14,ok,512,1837
b94af51eac0188456eed700dbb4dc1f08642e302,ok,512,1729
5878100d3c36e17e3003ba6b6dbec7bcd1a22e08,ok,512,1840
393b53f9d02250c48186f483db15818dffbfabb3,ok,512,1850
8c08166dadbee6eba0f5cf72b0cd6ef27e7c9f89,ok,55,178
a6032f0cc498113282844fd698a4b22d1deeb926,ok,512,1848
c13ca3cf0e129a6fd0615d50dac0614de30f79df,ok,512,1804
051b1e7a67fa2b1b75400c50c5e4c34ffb47a791,ok,277,946
8e4c2fe35bdfa6853bb88bc391b7dd68786b28df,ok,469,1679
987223e00d914f46382de56f522894f44665c22f,ok,512,1856
64387af93fadc0ac362c69a251898b5490029f5f,ok,512,1806
2d37e487a56904d0909f13d3edd448a57204591f,ok,512,1768
004a2d5db41e31bf0e19c0348bd6ef3d6eee6457,ok,512,1710
eb2197ebb1e38c1b98c8c7ae350ab3a6189a6ae0,ok,21,66
9aa686f6394db67e0ffe8b13e7aef8777d75a4ae,ok,512,1909
924e74aaa66ec3583e28bb37992001e42296c3dd,ok,512,1775
44ba001348695ee7372bfefc026961b3cbbceb91,ok,326,1176
ff6155d6cfac82037d0ef2d6868800eeefc8f75c,ok,341,1246
cb74a87d6fac6e64a6ab0ed1ee4fcba48e97fc77,ok,265,950
f060463b099c140f1cc57160c3f56380652a8588,ok,441,1587
282552355d99be4c2379723be0ccdc19c06c78c7,ok,289,1031
06a199ffe46c9cded3797e0940d41f1be4f465eb,ok,93,310
54141cade9a9b380498c0f08a08ccf744373988f,ok,132,464
2498b83d98ad94f334b7d2667c448166f183d273,ok,225,773
ae5d1dc917f392ab7980833257e021721cf2c4d9,ok,502,1808
b7cbae5b571f6c3f52df9c2eea04f8e70a686aa4,ok,512,1680
e1710fba85512990e3c730f391115867386e7396,ok,512,1784
2d8444b35ae1f3f1d2da6c46944fffa1b3506c8b,ok,512,1840
55552284dcbe058fc99f692038b5a98209e60bfa,ok,512,1806
7e41f38b0a794153b7cb503cc33ded4d8716b255,ok,439,1636
1f39a42ccd5613d5cf9e1f1ea0ff4c7638d2b157,ok,512,1788
a516643d8dd3dc4a57390194da7305a3da9ac25b,ok,120,412
59885731ee3ee3fe0846628582190571ae2fbd6c,ok,512,1770
c92d3089dec11bcc62adf5e8bcab4c19ad6eef0e,ok,215,791
46559e3fad605f8d69632c505c5ad567adefe2b9,ok,512,1781
abe3974a3c094d44626077c9d74d040904bb511b,ok,512,1786
03689ddac0963f842cbe5a36e599bf513c34b5f3,ok,512,1884
a54688cef614685c15d3d8a7bda1e42dc32a56d2,ok,512,1842
ae85eeb5eeef4a91cd311d8ac3ed8bd8fb70e037,ok,456,1613
da0876c7f275ebadfa02351c4bdf30f45b4c1c14,ok,221,787
8940ac17d34979c99b2d63857b58cbe077ab1271,ok,62,200
48b89815ef311511b05b5753b5b5e959bd3cfe96,ok,512,1770
8f47d88aef80083d909055f5cf17b1cbaa4e83d1,ok,202,702
b0fc6e7f14de1ea832aea78a84f9612b53d7f145,ok,16,50
92f87f94717c25d79a8bf2719d5933a9f7ec41d2,ok,193,682
11109ca0f03dfbba78547e303ecadee15dc1e730,ok,512,1836
a6bc95a1c7a4c732d8365f814d9101a91c64c0c6,ok,138,478
91140832e325c09341fb9a54985e6a968bde6a56,ok,25,78
278dea53677c321a09e5e969b5eb2c856315850f,ok,512,1760
d77d449cc3c13b1c7f108167d0ced7d492824c75,ok,33,102
e680578e6112e7f784a30eaf582e1e38b274ab50,ok,512,1771
340fbe1fba7db870171f571467303a56f5fa36d4,ok,512,1829
210b80d532f8f51f27c68ba751e308f44895f247,ok,274,924
554844335b7129d81701ab3f4456095469974b99,ok,425,1480
2cffbbde0b49100cace1eb40cd3434c6c6e5fecc,ok,291,1047
d839c5a888cd1074ab7d7e668bda06741e922fc0,ok,512,1770
68886d57ea33c2d6621899b1e7fcdfd7afa62c6b,ok,512,1857
e16f07e45337654c3c41ed37f5c0190141cf5d5e,ok,57,194
a75068503e9223d117c677050df22077f39502ee,ok,171,630
209cfd71769268ee2c97173b336d2fc8b14f5db6,ok,512,1836
2d533848ed8a5d1d40f8202b1fe22817a271b8b7,ok,82,274
3bf64ab291fcdc53a2ae0e17dd214719ae0a91e3,ok,13,36
9af9634a42555614a67862ec32ae9c47513ea586,ok,512,1802
8f5a5f397051cb71f2dbeee058d7123fb7c29dea,ok,22,66
e568aeea11f8a681b5d972dda33af8a9b4102e09,ok,512,1760
1f627423df9dd3eb82604b3ab1c0a037cab52ed1,ok,29,90
10c777ee56672eba3751fef9892f6831b8ce8756,ok,512,1780
4d9a52e52a68fe8d50ea9f833bc1bb9be223bb71,ok,72,236
e8105f24730240cb124067b13d8de681ebc087ac,ok,73,242
37dc8ff5269a05e08e492278cd3cfc9ce7e84a4e,ok,147,504
27fa9b2a488d62758bb73d41ed90a71cd66339ad,ok,106,364
0b9103fe200fe157636de5efd149ae49888d544a,ok,23,72
bee7805b11caa2ffe1e1f2432d886ae1721d2521,ok,34,106
454a9fe441a75f418cc9c1492f61c22de7ce1ba7,ok,512,1802
3e68c08ae4f5a5e6092ba9beebe9ccd2950f6ede,ok,356,1236
6af74ef7ec8c496924f64957ac30d84bebf200b1,ok,63,208
9b853ffde54f890598ced430bb83c3fefae886f8,ok,197,666
435e87be61ef5b3d0fe8226dd0fe83bf11de7cde,ok,512,1753
7823e01acb042dfcda84a517067cae4ab17062da,ok,42,138
c1eb2c9316e36a53cbd8f16d6e36e362e843c699,ok,70,232
d2b6bd46e9c5634e300d5fccf0c1cc7b2db912a2,ok,130,452
a59ecd58cf46278e1772579d2cea4996c16b5279,ok,43,140
6521dbf3033988ae7b58c792966a17a681f00927,ok,73,244
fa92a7ec1a22757f6df63ec155d3dc6493437523,ok,204,704
7116d04feca6011c4558a90445d4ffba538d2ba3,ok,242,855
120da6e6f3febdbe6b1287e8f804f95498a410f1,ok,17,52
ca49f9a867dcd3de1ac3fa7f047035a8ced4a97e,ok,80,278
1e995a4291dc88400d953b4d08ace00e07ec5c96,ok,314,1112
d0cd781bf74fff8aa2c0326e455f9b8545a63a5a,ok,476,1623
919649516ef834fd2cf87f8f6b5c886b767cdfb5,ok,512,1861
b68b3fd8959ca97202a610541befdc6f10b2443a,ok,38,126
f7d02411e8e37eeb307e199f569c78722d647bcc,ok,512,1818
224fb8306cb353a4262cce26fa94ed272ad41747,ok,112,381
85627f8eba12db189128625d272d786ae7058c98,ok,118,416
6ccf807088446b7f7a4695fdf01434da25c2e071,ok,512,1770
4f0890f0e1a8c863284515aae26f62b9ccb972fc,ok,512,1875
72a6daa5becf7f9aeadea9c003a212b2c9e20ae7,ok,512,1933
127a150cfb6775ddf3a96caf8a9ceb31ff935750,ok,420,1538
8c24a8d4bea1414ca73f012a37572dfb6b02ef1f,ok,159,542
f05d1bb1df029740d26f95a59c532634fe1f54c3,ok,512,1786
6f5adf2e884043acb3bcf278f3fc166e7ebb6991,ok,512,1788
980208184d1438622c544d81da70e9cbd5e21128,ok,282,1011
e7d18ff76217d193e12fd00f03b7607cd9c895af,ok,512,1864
d1a70e39482340ec696a04f17c33b5506fa96b81,ok,281,1006
bf1a6a1c1224ed47df8f5a9d9acd9d3ce2d62ef2,ok,327,1161
027d0d6b82dd13bc78589c44b3eb6b40db628107,ok,512,1828
76f556be0b643a91081acd57cf25e2bec5cf6cf4,ok,289,1037
f8f9d9aae1d6372137882f916e8ab1105c8de96a,ok,29,88
5b3b163e691eb34542b08ba83953bcd0d34547e6,ok,12,34
b790ad580b8f53615292e3c78d42828bb7e42392,ok,512,1780
2d38e571215b07db66c7aa97626ff94810db7c3e,ok,512,1820
e8d6aad72eac7ac3011b9fd96118f1b9c9f222b7,ok,190,673
292998dc3a04a9298ce1bc1a023dd35bbf77ba08,ok,512,1816
cca392de26e13a90041edc8be68ef6986888a2d2,ok,78,269
2abef5a560473a8662eff7dce46dffeeabad6474,ok,512,1835
f1c39c739d9b9d0f09c3379de6777f90830044f9,ok,458,1606
1a4a1d6252a5e6c2dfda48576960f7f20c5b6571,ok,33,106
6d42458ffeac2e9752ef2ac29244dbedb91b7866,ok,512,1859
3f258896def30b43c90861f146683cdb01ca74d1,ok,123,426
a62ac84ef395bed388ee8076f242d69295d74c1e,ok,278,1004
bb087cdb7049d45fa34ebfefa467cc7c2e3c2bbe,ok,512,1837
9d4e518dadb3bd51e3f64f033914d2c97d7eef6f,ok,512,1829
cc100a95564d2079d61c7a8a7a8e16f5cd3b5afd,ok,189,680
7922a8aa5067b28e5eed0dd6f9518ca9f5c91da9,ok,500,1792
e1f152b37c71e2fd27dd194013f8bc04b71c16a6,ok,512,1827
ddc1bff8d393171139e38b7a0f5eef24fdcf619b,ok,512,1822
b64d4a747ab507c692099a22c1aee098eec1039a,ok,83,284
35b978eac224e58c1d5478295327379df9ab3d13,ok,512,1844
302c5137debab48996ecb9676c228eff25a9103c,ok,42,138
7fd1c0a920fdbb81b545a0920505dee8af718e5f,ok,192,688
04d7bcfbe225f9311e28fcc89700fd06f2a0f441,ok,459,1636
4e584541c365af91f595b4b7873fa3d8fa1f51d8,ok,512,1796
b2641d4f5a9fdf94f8ca86f150c99b673d48b1e3,ok,477,1740
b67eb9789e02adc4bbc92568d25e2a68041ece67,ok,313,1196
3146b3928182de6814eb19ebf7f1d30b6609bfd5,ok,512,1767
84bed9ee4fa711140f7d46622511cc04d56d1acc,ok,512,1802
a7a7f003acefad2eb69dd4f9436b10886e68350f,ok,167,586
3ef08b3fdf4c484f2a2d08304bd19bb18207a52e,ok,327,1136
70993722221bc322fa9a9b64e46414de0ca84f91,ok,512,1775
6b49ec7077d010d1aa13aab8c5c21edf515628ce,ok,348,1262
60ca758691d84f7154370096fb695bb04605e0d1,ok,50,158
4a0d6a6fb16f6fa00141e8ba188833f1f7cc66a8,ok,313,1111
81accc161407018a17dd4813a3b04bd555cd0c7e,ok,132,446
85ca3330bcc83adb6c9f976fb7d2a596bc25bea5,ok,357,1261
f9528eea2c103db4538ec38ee4603d38040e3a14,ok,229,792
dca4dc4851872633feebb565d611132cb692477c,ok,220,796
95ddf1f609640270ecb58dd284fcdf86bb8e2f1a,ok,512,1836
6d25f3fe4399bbb15c7fe6999d5c55e9f82a8b05,ok,512,1815
ed11f72784ad31ba31806d6499eed7a690a80e38,ok,104,368
ebcd28096ebc6605ad23a500874bdefdf2d4d4f8,ok,418,1475
1adbcae3d5867f558380236734e44010cc8d5fb8,ok,36,112
1c5d0999e13b32d01a49e8f7e4f387757a1679ba,ok,290,1022
23a8009ec1afbf37cf30c31316dcde846c4b4ed1,ok,70,232
116e8676da87fc9953f3b63dce7f3ee5a2294b20,ok,452,1601
80f6c0143a496f66880bba006c57c7c2abb7b918,ok,73,238
1b9502a90be59d6f774e496b359d54f532b896c9,ok,101,344
74ad06595c65dd0be2defb0e478eb9a0912bd649,ok,512,1783
f1692c621d4e011f73eb41e03f6a22c13648d3f2,ok,325,1136
236b4510fc40cddd2af8350f8c264406da605fea,ok,54,180
c95eb2f7d8a884092788522a11b45747d78bc5ea,ok,183,629
f2e8b2a5e5824eda905c9e655a89148fdfaa357f,ok,137,496
66eb183e72eb6e7309803f64c02a83572533af64,ok,512,1727
2153ce65623010f043765afcfd92545fdf52a2d8,ok,512,1850
586089fde953cb7a97a0ce62a1bab9dcedff368e,ok,366,1272
444cb0d3f769b04df4b546a2d2921e7d61692dd9,ok,512,1902
4887845315204a55884db81fe8680f7d0c15bd4b,ok,512,1928
a56dacb8112ecfc5616ca260924493d8e10f0c3a,ok,489,1702
96c25d26d5e7db296ecce6c480afc807199809a1,ok,23,72
ca1d54482735815beaab8ffd05baa889a97193bd,ok,274,994
fdb5c8093f7ecbdbb6b467103ed27782fe6214b4,ok,403,1458
fc868a03f5e7981eba4d4d841fb72dc3e1373b13,ok,512,1832
3954cdf260bd3c3944be5ce0888a2c89eb80adb2,ok,35,110
6c2c6bb5c2252d7135983d50dce472c74f7cc257,ok,512,1760
d95c9a2d3532aad827883702cd1c643c86e75b49,ok,64,212
1dc54cabcfb2e548f92a5098014ef79926a5fe0a,ok,111,374
be237da557e07087de37d65ddc8ec97a1b74cab9,ok,90,316
fdb2b846a4ff77899bf837bd596594d571912e68,ok,123,422
b8e2163a174b975074d3d354984657b5b30a53d6,ok,512,1770
41ed5b66c0b17a8fdfc1f1e4315c7ec3b98a005b,ok,30,96
b0b42fa5d563ea638d390bba9e5125b35f309092,ok,512,1878
2dbc6098c63aa4b0cea53634d40f2bf49cc566d4,ok,512,1798
79aa3ae681785fc583c886a4e94ea78d79f2d7cc,ok,326,1220
068e868fe119d07e5b02b10df83ce805dee17200,ok,512,1738
01c7776625d5e6556b49f188248c704595358c82,ok,267,880
a58dc98c2526f2c91f70c45a35b7d238b2c461c8,ok,243,778
3cf6aa3437c38365841a8187e7207ed6fd549636,ok,512,1841
42c0c657c6a407260d608391177735de13211179,ok,512,1774
d054db8dec68385d6bf730b5e4e31729647dd13d,ok,35,110
2fb4e1849eb090f34d2d20711711507dcda5215d,ok,512,1864
9b796377bd3b261b4bd00507ba784bfb1ebbb5ee,ok,512,1818
571849e87afcbdab318b2bbf46bdaabbfa446e43,ok,356,1315
aaf3e6991aa4b3ed61a51791dee1d4a12bd47221,ok,414,1464
3808d47f3e962e2af48803cb3edf727a960d174f,ok,285,998
e7cc211ee989a33ac444aefe154f2a37eecda906,ok,350,1232
cefc89d0b1f0a930a6041de256d0bfc1d9778117,ok,512,1830
bfb085bd360bdf65ad6c85a408d2dd5242745652,ok,12,34
458936a5f2b0feabd73fe510166ace0adb70c1d3,ok,512,1846
2e0e327fc217db35290a1cc602ae05a816d910be,ok,512,1768
3fa57e8d1cf9e7a2e22ae0eea297416f15368c9e,ok,512,1746
ed6f203f6f4b0e5f96ead8296bd738bc3e684b06,ok,512,1861
3346fdbe5670a471ac87f408de5666b28b88aedc,ok,25,78
eeb580ac5e90443c81f66b6aadf2db224ee975d5,ok,37,120
c4e78326da313deb8d43f01b15eb617ec03befba,ok,512,1830
e241e812f32857ca1af349809cbc74a879f6871a,ok,411,1464
8c0a6525fe7ef62ff81498a91a9f60c2ec4efca6,ok,89,286
d6a4fecd6b355441a1a1aa10d2aa6dafefa9560d,ok,512,1852
c9ae4a42e14ba3cad95976b9f5ed53bbd650a8d1,ok,512,1821
bc76c244dd15d48ef6cf51cc542ec310b07743fe,ok,512,1853
735abafd708439fa698b334814b94bbab5d84242,ok,273,960
19734aa11218bb499ef9918d8ad6f4e870f57501,ok,512,1753
d61351ff406d65817df2cdbd0835b206c8f2506c,ok,512,1831
6f362113803c2cfb7fd63f5838e35d0359cd2c87,ok,60,206
f6511f759afb8328d4045636a38ee3650ddf86d1,ok,228,807
a0af1d0ccd680aa0f2f044fbe0b183e84af9d826,ok,386,1402
e8289fee1fb4883794cac8f5c9946f854b90ea52,ok,343,1204
717286f2ae27c019936b15cefc1aca66e9e2f2e7,ok,378,1308
b465d5c18eaf2521d1d0a2d4a6581d9cb3eb1537,ok,512,1807
53474d4ea4b6fd8caa0243fd01ed66f3dfa465e8,ok,512,1844
eb8bc7233d35ce1d808fcad6580687aea4c87f61,ok,512,1864
ac87b28099680c6041d76e6e68ca7504497ae0a0,ok,300,1072
413e8203fdd304291977d45a18e6e5d4453d8ee5,ok,46,154
c140757bda4be04ad1864b8daed22131fc6d1453,ok,512,1834
21c2c901ad781eddccf357b21eb112143a2d73a7,ok,22,68
cf5b99e18e41c1c5d25aae76cee7fe0ad839086a,ok,108,380
72d2d8cf71e14972a8bb5c188a82e3ed593d3fea,ok,512,1799
c6626c9adaad5700160bbafeafe05d3ff4b12596,ok,270,973
af25a70e6e3fa517558d9e82c1bede3f42d3d568,ok,512,1881
45dd465e305f1bd04db0f52d6dfcb62f606f62fd,ok,37,118
48b54217e65b1018bb94c2c73f400dbc8f8d0791,ok,512,1770
a7a8fa0ed16db728065427290785d7ba035de4a3,ok,512,1839
c4f9326cfaaa120802cb4b9223f8ebb21ce5c450,ok,512,1861
d4f7cf72ea1f9939ea7dfe1f2d2af5a2e00ad296,ok,512,1744
fb87d6000462547ce2787becc29727ffa9d94e3b,ok,512,1842
d7c08a9f125587f16de067ca84db2987aee3a948,ok,512,1826
7d91d2de6fd18f4be999c2ae0f0f295cd75ef94d,ok,512,1742
9abc047511321bb0e6b8e05c5d01c1d227b6d2c6,ok,311,1134
8b630b0980ebb67310ea5cca2dd6c65cf8ac3db9,ok,126,451
4bb5d3c4247725412d74269a4eb5d3f83effcfc0,ok,282,986
790fd458da91099427272c0483adc3dea553014c,ok,91,320
6e691f69db3c9eeb6ec551778160316372f820fa,ok,51,170
7b6e1ed77ef4ae213d67c34b19867d65a1405392,ok,317,1064
733dfea9018eb4ed35f793bfd3f12e1d2e95f4f5,ok,508,1832
e6bee42a588173f0be68228227b5f6107a939e99,ok,512,1787
9069c40e9ace068950283e16383bcb4907ad452b,ok,40,126
e1be04faca17feeec32ba1ac98271e8652f68ccd,ok,512,1853
3195bd10015c120e066eac74bdc218044a719033,ok,12,34
3a7e68e1272bd6155805c9f62e9f4afe6070005b,ok,301,1014
94f83e32b8b20bfeb17a75e2710977eb8ae3cd01,ok,512,1776
dce2f8e629d46319af018a290c33c4b1d276e8fe,ok,167,582
b4dc56a7c90ba4a8724eea66d1632b87fb5f862e,ok,170,586
320bba618d41f474bd65b745139a05d16e18df8a,ok,512,1861
eccf14d7ef4560882498ad574afab2d08796bb46,ok,51,170
31b0661368ff46ca4a57fd8f8691a1e815b8f33f,ok,467,1733
9a8aca3cceccd4a78fa5a609ee9cdc3841f4c2fc,ok,229,798
ba1d37d5c3c06c57558c16f6eca720895cae0f3a,ok,512,1855
d35c5d0b55faea1d56897d49c9ab15d816e0d5a4,ok,512,1824
a1ca88bc08ce5aa46ce5d1f8f9743ead67eacf00,ok,512,1752
a56520a2d7ed40b4f514135b554279d152151fd9,ok,40,134
323637b0b2972bcc258af4e18fb3d6fe661f2f1a,ok,417,1499
7bad90c433045b5ded2fd2c3dc3fcf97cfd6d45c,ok,512,1848
33db76d9f2a2f15846ce35f608425d4c65ccc85f,ok,512,1868
73c3385209096c01a17a3f645b55b3964b8b8aad,ok,512,1968
49e502e502aed03c9f64dbd026e56e564f2725b7,ok,379,1370
3007d347867c3007f0aaab0297f434f5c501b253,ok,16,50
240638831f6d455f2a8bcaa7cbbefb3c2f1f6bde,ok,512,1788
731cc3611ae93ae2a8db2fd434ea92f5b69241af,ok,403,1454
d3bd934e380f1c3f0317143357a4ce7e1ca91fcc,ok,108,356
c35430c56482f94209f1a113a3fab9ffcd5eafb8,ok,283,964
4343f62c15a2771915c067c6f81c5731a2fda727,ok,512,1827
76917c128deaaca4e19893b9c0f5c80bdfd43d98,ok,251,911
471b09e9591ded216c7157228b5a2c3544f50475,ok,162,564
6760e7cf66f19af2b5ac02e08406a00cfd5d1356,ok,512,1789
cdc7543b5e2d1d0232a65b39c598ec9861233788,ok,285,996
ee0bcf6bf3409c29a12a136872be1b8063711e25,ok,33,108
1b3bc7b64b314abc7ef833d2730e4893db1b85d6,ok,512,1860
0c22108d1005cb060e23cba3091db34c3ace4aef,ok,149,523
4f5ff447792ed7b7db8fe35539fc35837c57d25c,ok,512,1892
8f1770f1e3789e7afbb99f2dfff596e16358b7ba,ok,512,1850
cb4cc2bd9013ca4af6f98961740d98a46b395544,ok,169,586
f4d592c3f8f895d0a36f945edc487d154704e857,ok,306,1080
877946715036cdc5f0a980b02a07eb71da75b2e3,ok,512,1864
5e563b4c7fbb9780afe6a2fc5148144c7ee79f63,ok,437,1518
c22574056c516c79dd05dbe3e9c570217de6d3ee,ok,49,162
318d078820167775b9cd96fd44049c204c28107d,ok,115,360
7e256923ee1d1727f2ce1d61081a75bdc678c4aa,ok,26,82
3ee1934970ded65cb026714793ca7870ad681c94,ok,512,1780
e01d10b8052db5414cea8b0cee95c1b210e3fdb3,ok,60,196
937671ecdfe50e18e6c073f2b8936c13330c4ed1,ok,49,160
9c5e45f06fc6702a273d47a7b67fe5789eb1e815,ok,208,735
db4e3844732e09c5733b51fd04b6a6b1d8679ea2,ok,408,1478
7f2746139ccdcbce6b5137f8ce69e6c242efdd98,ok,34,106
8ec3528c46d3715c2b720dfb572a52773e250ce2,ok,476,1738
7818bc7148f4998d695d7cca23029bb406a42ed4,ok,30,98
90e8134fbe2e981f7c519f4da0d8d8565db360c2,ok,83,262
20064d190be71baaede48e182b3c07ccf17f4eba,ok,60,210
409aca31ae54112909668dcb91005672a8dd252f,ok,512,1772
bdc616315f7aaee90ca48bb2ceaa81beeed26f41,ok,135,470
11afdb60bd20d5c6ed361b1497735b03e429bb1b,ok,512,1777
221c5ff360a7cedc49a71d817bcb619dd278d1e0,ok,512,1752
f420fb90577bbcc39c4ce12722eddb7a31055e14,ok,104,350
dd44a2d8d19827836a3ac3702d9e49cb75b88aea,ok,46,148
2a63c2305c68b101e9591ea50974a00d37c0d7a6,ok,230,805
778c16334995b0771cea85e4eb3ff5937d8c0eb2,ok,512,1825
30bc3ec02c084cb5957920395917994dcac91f16,ok,125,446
6a40301bd7a184951eb1e008bf32a79a601e007e,ok,251,906
e1bc5d9a1ea7311e33fdf7ec4bb2584139dd9afe,ok,512,1783
e34399edcd7c65f05ac5b65635dd8d23051137d4,ok,512,1856
854194ac1baa8e9feed8306b4eb0f6e23445c13f,ok,512,1849
60b855dea6ebf3431ee0bfaa182f05b92ca057be,ok,60,198
180471c409e878e32c8560792945bb38d1b63e1a,ok,512,1770
bd7cfcfb047b8718949c2c42138da11b67b5fcf7,ok,512,1865
2d4033e7eb8befff2ff46d46992d5757e9682c77,ok,51,170
3e6fc712d734ee3c5dcc578a034a0fccbd4d024a,ok,200,727
a10d14ac199725a30de63894df1f503bff7007d7,ok,512,1866
81b8f73732c455abbec65215f4a0322f98b2b7d5,ok,345,1170
24990b23efa58840f46e4e606d5aeeeb5d2ffb33,ok,39,132
5ade724ebb499953c6402b3d2d4573fa6de8f1e4,ok,261,912
ad9b9147fed57efe518cade969ca8dcd75fd09c2,ok,275,973
ad71ab673c582637ccf3ae8a75ebe06cb637e526,ok,183,628
6965e920765c4af69ce1c79870b9dd7f3167b343,ok,512,1797
46329b8dc1ae9fc0d65484085b916a15aea73fec,ok,149,526
06c8bb0acb566a51f5e2ac6ce6c2d3f9253442d5,ok,512,1822
2087ccdc87b45c23cbcef104f44620063ccc2658,ok,512,1770
718b65d88eaeaa68f682176a90cad5a5daa2009f,ok,51,170
d084d31181d6b836fb1abcba965dcd4203b41ba1,ok,427,1491
efd16c19985e499d68c6fa4752acdd05a009df41,ok,512,1851
d6d4ee6ac5aa9de42fa5355a7a1008e57fac3289,ok,512,1902
c0589a09bdeadb2541133e2b8d3f859be42b56b4,ok,387,1398
245764fffd18739bffef305a13b14dbcd1b9c8ec,ok,49,162
d70ead956107f48544efce53106b8e18a3de8c3e,ok,512,1838
11431de2e00514238e57ce8414c743325fd87cf6,ok,512,1778
30f8df43087230cdc63ac2e73675dd76891c6b43,ok,103,346
9df4ef797defdf40869a1a08034e65b2e5879e01,ok,375,1358
b1c2fc6b8a98c33a484087f95762b000d40318dd,ok,14,40
81742df3065ce828b05fe30e566609e89e3fc4fc,ok,512,1782
b44317cb4554c3ab2612486b0e93178aa7ec6269,ok,512,1888
30efc462db0e5e59d358fb0de279b22988bccacd,ok,512,1772
0e76113bffa81ddd52a0d567c9492401de8d8af3,ok,187,670
59ed6322154c733dde425369ac757f160c56587e,ok,512,1850
9ba7d8573cd97bfce7c3e9d937654bd48ddf0b6f,ok,169,600
8014f250a5a0b93822483abed7eef1302359e86b,ok,512,1930
b529afc9fccc883a874a565677398c2414904ebb,ok,51,166
bd96b4912d520739638016a184f2e5b0a554e6b0,ok,512,1702
26622b177d0f29b665543a15c79b9dc1fa563fd1,ok,512,1815
1a8d36107927fe432b8e375d028a4d93a591a1b7,ok,512,1834
1cc37678b7c491d6907cc1b36a2680caba5e9b4f,ok,512,1776
a81a7efdda30fe2efc191381c245058cad2d6dfd,ok,512,1762
e11fa113439f97af2ad2e5a32a45af56855fee65,ok,512,1770
57540868a92ec16d6fc0c64dced31f6ee2dab4ab,ok,512,1869
fe5c948c9e23910bafcb8fd44ff59596d7e95bd1,ok,175,648
65b5b7e99f5e72f963e9cb61b4c0dd38cd27122b,ok,512,1829
b6bac6d65dc6dde9e6c4f7aed974126c0f523c90,ok,449,1594
efef1d3d1e1959f4b24fef616cfb8c4a05a48e83,ok,512,1731
3b2fd56208e369bdfdca9bb044d9877da3310f52,ok,512,1912
105ac04b81c5b2c1199d995e216a2ce7df2374bf,ok,131,457
36f1357ff30ef4f6918b8bd5127dd371c2b02d03,ok,241,871
b3918aafb850b140181442329445fbad38bd5e1c,ok,512,1868
1cc957da9e3f9ff3e5cc9aedb55119d9c735ecf4,ok,78,254
470dc31fbf1fbbec87edaa3f2d20dee384cbdea9,ok,512,1919
d879c67e0e1c2826c136867c5030907e930547e0,ok,455,1669
66909a9707bffb7ffb066bb909a2663727592e82,ok,178,620
16175d45dfe1fc3b1e5f1ed092c419eda54959be,ok,512,1830
1139edcb1c99c84e7ce38c883f96524ad7cdcb16,ok,315,1124
ea1d2f4bd745d560ec2b59debf95d9ccb8d715cb,ok,100,341
3dc66e1fb3ab8a61f501a3176f9fec1b97fd4eb2,ok,512,1824
24d9d2ecc90a0ef72c1b4eb7c6c2c29708887b99,ok,47,156
a14b0d001ee6550ae4bac4f334c1ae11ddf5780d,ok,342,1216
946901084778072983370f4934bd96b383c31e22,ok,512,1835
bf30edf40fa5d54f83ca318e43801f2e1c957ce9,ok,41,138
6e792c2627a6c29d45a5ae8440924c6229b5c125,ok,35,110
05a05dd0bc6e5ad4f5b5a7ed9acf5c018e414cee,ok,63,220
0a07395beb2a91534f618103891cd522fb4dbc03,ok,512,1829
0ff95c778d024cb90b1ea00a9ce12f6b45f22ede,ok,110,368
957a51c246df58f08b0b938565e5abf5bd4f70d7,ok,512,1839
9e1752dd96a8d0d9a64fc677496830d1ff2e2408,ok,328,1166
e4a6e767bc8b9c74db3b71f45ac2d1544a21077d,ok,62,202
9e18fdeeac6e368f574a50e2616131de03f271b9,ok,512,1789
281659ef9e8b9a00d380328a392e8b25c007cd2f,ok,392,1480
981bf4cc36fa6eb74b1e9d32ba74a540fb90d0a2,ok,284,1003
ce01f0af2f18bd7521e88426331081396d7fd90d,ok,278,974
740663d391adb5d4da6d68ff6aec61637cc49a14,ok,512,1708
34d6bb6334c162c1e86827a2b078cd301c606057,ok,512,1822
37d45ce4fa172abc280426f4db033016edf8f425,ok,92,324
27549f132a16ae5534c096f6c7d23a78f4eec4ac,ok,28,86
5f037b7bd755b53511407ede12357114b63a45de,ok,25,78
6715612238ba658da12d0d0a8e3a8f42ff1f7f78,ok,512,1864
df6c0fb2df4d65acd06554947b9adc173b54dde4,ok,30,96
ae0d2cc356171572926d57fc6562e509bcdc3476,ok,14,40
008f7eac5ef5586bfad978506dae5f394b5be15b,ok,512,1787
2447c746aa55cd4967898b02ca12666fb6410944,ok,512,1872
de47723b08bf1848740aebd146066520c5caeb01,ok,83,292
06abacbb128dd2e73c4494270f75d2b4e9502193,ok,512,1850
4e819b15f34271b96594835eab6cd954ddf92553,ok,189,672
0c8b58ecd49ca90f9d6599fe7e51b1638bf56b5b,ok,512,1812
b0d30439cda870e96d8f0a3f0cdafc5d34784cbe,ok,512,1750
3c157ddd8137adf92b16ad80f124ec3f24d30221,ok,512,1726
bc81692ba6e958510b6b9fbfe253422bbb002f13,ok,512,1815
3512b56c93e64ff1ef102eee6fdc7432695e1527,ok,42,136
e9ce7f201ec9f479f4e3b0eea78c93dea81ea177,ok,405,1428
855a4fd67c7910b36c238d6ddbf8ec1d3c09cc42,ok,66,226
725c051c00e5a73b39084a86f701db216195a049,ok,512,1846
7245b8e1cec275ee7b83df07d7916e2b954e491c,ok,177,617
6f63e0bfe7a223d7a59f31cadbac495daaf73e50,ok,409,1481
e69217e2b318ae6e40192059ac7d3af094ccb4e1,ok,512,1828
0d124f4a8fab421344f9bb351190ecf7a1e79cc0,ok,477,1630
ff25f415be8fc5410b00bb9233a1808444a7900f,ok,42,138
2ca97c0270ec8345a62c792d700f8b8b58ee1af9,ok,80,266
3920cbf01dd9680beac772f0a976f28fd4812aba,ok,512,1771
111f27ff966cc62c71127b46a2c124aef3b8a8b7,ok,512,1768
f4807cd913701470d649bcd4c1be19d6e0badcf6,ok,27,86
77f8c1900a07024b5a25b42055496380013387e4,ok,512,1730
6bb18af1b6e03f4c863155b3118c4772037c6b0b,ok,337,1206
dfff005b19a2db480a5ca463e0cccbb4a73fc90b,ok,128,438
983891bba8374ec13dcb56792f9334da3a662735,ok,45,146
cde0ae17cfe6df6d3fb5f7a14f868cc4f5e58579,ok,205,716
b3fd78776648023d7dce9eee97ad3c586c966087,ok,9,24
5aed1584680c53012f8901963a9b91b78c87a8ae,ok,136,463
369461304fa63239bf8feecd1109f7e5cee8db5e,ok,178,598
abb70fdf5e205a55d71256305f65bfcf18512f0c,ok,512,1876
59facb71e5a0d64aeaf51cc0cc31bafba6f1448d,ok,512,1762
62e77d4dc16b8dc468ee922d13210ed50c28b9a0,ok,490,1759
bffcc01eec42e5bf9fbef7399cbf1dfd8d1a641e,ok,512,1804
4968c6a36e56ad1803f497833de0ab2f6ac292c2,ok,512,1805
fe8521b3161cba1a0c1420271b1e1543dd32915b,ok,512,1811
d81dc7fd2d645166ac96db5a1499c371b84603cd,ok,33,106
33759264edb646513241a02b7544596dbcb17946,ok,276,1012
384ce4ef9f2af6b4f68b27c23ab5995030824101,ok,484,1713
b25449e51725e1502cb6c158a8f95d43a33f0ac5,ok,512,1770
d47008da928812e0af5974155dc4396ff674f0f5,ok,512,1834
ef92c7cd5dc79317e7733e28748dca59e4b1eed6,ok,143,488
ecd50341a6916365ceb5a8bddbfac330f309a462,ok,115,400
67f65654c5b65c9306d10404178713561da7b1bc,ok,512,1808
b35b1acb16bbb02b52a790f49c74506bbc67d342,ok,155,530
f23be3a9161085ca1efc6296d126dee3dc062d4f,ok,512,1826
057e706e436a8015153e6bdf54ed2e33de60848b,ok,512,1800
171163015d389d27cd55021e53c944e03e4b2ab9,ok,38,124
ee64f1642d3af53acbe1960458cffc797d58daf2,ok,512,1880
47b3098d152947a6a51e6e69877fdf9abac3723f,ok,350,1266
573cc09add258da0baa7f23c07b2fd467ae220ea,ok,512,1836
5a0e942782519099e2a8fe7e33986272335428de,ok,105,360
5296abdc4e0d1a866177cc15473b901730074b07,ok,512,1842
406401af8cb9396fb84afb8a18b9ca9ff26b838e,ok,512,1815
7672a9e7ee644d4d293cb019442207ba3ce9f8ce,ok,252,913
caab7563d8fc88eb3c6d9a9d82dcb5bdad6f30bb,ok,512,1826
924fa8363530afdd80f5b2647954d727c95b78b2,ok,512,1862
ed9b74637f440848ca4c5905b68a8293959c60df,ok,512,1837
24ec76912a49e3e2c46eceb3888a6e05af8f02f3,ok,332,1218
2a3c1e2376def18423a730a5f23d927fcd0264b9,ok,255,892
caa6a1a31f7a622466d7104d243b6398b7775b48,ok,296,1080
82d16c828ac593fd038e494f8387f146b3e1dc84,ok,143,512
9b7ab3a7a6fcff352177cc800a1ad2bde01a56b3,ok,311,1112
2f24b7c915e6c9d60004efcbb75990feaadc2b04,ok,83,266
c181602bdbdfa92b09adf55cd1766e7170bac0e4,ok,122,436
d8532d39a890fef1930df1bd438e6e0b3d7f79b2,ok,512,1740
18d4bbfe0dfdff8ac7f04bed2572a63f92570676,ok,512,1870
56bb3de8ba2d6d698752150a83ebcc602091fa4a,ok,230,825
1f14f8ee1327fd4c4de80bbe13a2aaedfeb02db1,ok,314,1128
93d00a26f53fc537b32585790dacb292e27de891,ok,512,1770
f21739681be0ba6f002e4d0dde2e1e692e134d82,ok,512,1818
040c74f98db2e06927899e677aae869c21882595,ok,512,1759
b094c6df524eec079f3f1aa2ef8cf488f6f75254,ok,89,308
dc18cd10a1742cf3ed2fd8da9944b862f7e151e5,ok,512,1807
6de3e032f2ddd27202ee82cd3649b463cc2587b8,ok,512,1820
49a2a20f5336aacf0d1f2e6f14cff2259b4419a3,ok,512,1794
c529ff91f84dbc8c86d5868965822daef20e5ee9,ok,332,1138
e84d7ec8683ab53cb974462934e6239cc97c857b,ok,159,530
23a5a7713d2bce67034e400c61a5dae71f51bb56,ok,512,1708
01cad8f626edf75d3d84bcbfd0f20c33773afba0,ok,16,50
0edff243df48b1ce9cd5dc8452ba1b66726bdc2a,ok,202,682
6505faa5462ea8c72d0bbfd31b23d94fae53fd1e,ok,512,1860
346a59f3b957b556aefdcaa4e3c409f70818a4f5,ok,392,1415
022259bbb70b4f22ee9b3d3d184b7de8ee9a51ec,ok,368,1342
05fc47eb5486243ca1adcd9eca5f37d8b8d96cba,ok,512,1774
6003f63a4a1aee807dd52d2669b4565442bb6039,ok,22,68
6b3eeb2087d66c10f2333db2835d17b4588f6882,ok,512,1805
59232cb586ea47e1c67100cb65fdf9f572a0e238,ok,512,1772
132a896da71edcbd1416b350a5dc38bf829cd388,ok,369,1174
3d8dc6350d8a45c88d36f14b7f371beb9344c999,ok,409,1430
79b198a1bfa35b3d2d0ad12f93d2de3125b1b3e4,ok,63,206
7015176d361208ca0e0be0d0ecb2cd71f0b9a13e,ok,512,1724
76e8b2a5662b727927dde250711050ef38a8abd5,ok,512,1762
060c04b1f82450a6dd6c31e82beb043dead59373,ok,209,734
017cae770c13603ddb3ef2b7eb18b36a9aedceca,ok,512,1890
cb21f988ef639bd673c04d56223f0c91cc214700,ok,512,1841
c1097016e6cddc3835c4c50a922eb3bdc5e4c94a,ok,36,114
efbfbbf9456a57f5d3b8a5cf5de5d046494ffeac,ok,132,440
b71d7cbd4f27e43d38189d1308948dfdf833a424,ok,76,257
1c5acf8814aa74eefe7f7bc7c2ac8c5650b82491,ok,512,1922
726851c36e6d78502e4e7851932d432c484b4cfb,ok,512,1762
490d2070bba6b24339dabea29b3892a3e95823c9,ok,432,1448
7a7b757a54bb20942669c8e99d936de93148a9f1,ok,512,1840
067f63851e12805d25634fb7acc3efd87bdf9312,ok,218,774
fda33b1a15544bd349849271983e81ce08feeaa1,ok,512,1798
c2e5682b5277cf4c90e8d3cc3e4aeb6cf1cbfb09,ok,217,768
a5b37605cdc438b9520fdcba9beb734c6357fcc9,ok,512,1867
830f2a3a4ee0a059a5aa99524b484f1a35409fc5,ok,451,1586
1d41af672b851d3f6fab244a9b445ac385199f24,ok,512,1726
bd45c50b84691abc9e4bbf4c00107b405343b371,ok,18,54
37707bcc40ee39f183a402eedc801c6cf504c42b,ok,407,1436
d864da88c837bb79141699b2d641744d22b704ac,ok,151,533
c7a633a0cee346ce1582f1f2fec2d4a849161792,ok,213,768
8b3cf6e664fc64526c8ef79aa4be2aa24ff834bc,ok,166,576
222a4cff552881382f0638793d1f83fcbb435679,ok,512,1777
a57918f6b1d30dc3ab8dc096b5d050e3821727c8,ok,20,62
d84d809e37034520e8a4d6c7f690d67d0b6089f4,ok,175,646
6db2273242ded54de161f15380f1561adf308d8c,ok,262,888
68f9cf4432ed89de8c20cf65a0c2f58c8708cf42,ok,200,708
f717ee83ea81a389d5900d72a8b7214471ea285e,ok,94,306
fad22d8cf1c6dd5e69040946d67fef094692f8a1,ok,40,134
0a762b8a744314ac8ab2f43c5ff3c3e31a4775bf,ok,219,728
8578f1e07db34fc4c171f25961ca2ac82b5a5f41,ok,395,1390
974cf304f847f3f6e6617da15ee97dcaaaa98279,ok,284,984
5e443e96bc390d4e33aec03d1eaf7ed923110714,ok,192,636
0cbc8c0794d17032cbd39b6e444b7cb3db5a7eac,ok,512,1694
ef260adb25d5a5bec1df5fd8107309a9751d8baf,ok,512,1802
1817e36cffa1190727f59b87f9ca367a0b8218e5,ok,66,222
db4d7ea53ddca0f57a2b30fbd6a57d5514ae5902,ok,214,738
cff5037103a461673c29dc4f85c41532398c6241,ok,512,1870
d332e119ae1bd318beec3f889df0f3eb445cb105,ok,205,713
3c362dcffd047ae7ff08f648c2ca0ed8819c635f,ok,512,1700
0347e06f028b506354f3cdb467dff5a6f0c7d9fa,ok,13,36
c2f9617c37a8486b3ae9a6fd0931f859b9e82eeb,ok,512,1821
4c13e91e326045c40cedba3cf2a978ce3ae33216,ok,42,138
0df5c851de4670b405d39cd4b81ea9da6e8cd3b0,ok,122,444
3c6140902a53fa48be8d7e1a6781d0d09268395b,ok,512,1780
1481a548236aec3b38adef5ec2e0dae1c259f350,ok,24,74
81fc3411b65766d2d9fcabea168dafb70e3aa459,ok,35,110
a0442cf1233c1dd67d9b16bfd8cae9f09d686012,ok,512,1786
11c7d71b55ba5c9d96edf4cbd484edcf599e3e02,ok,97,328
8f86544e7a9542018415e611ffec8f782332cb42,ok,43,138
89e5b268ee730275789d8a6d474ffce29b9064d5,ok,178,636
f0908b75fb3275a5a8b97265825de0a0a9b26c6a,ok,512,1801
53e91acbe234bddaa16ce7fc30bef74e580d8ee3,ok,34,110
2d8bcd9d418cc7afbf7224c622c7943db4d51af6,ok,512,1808
0af99935fb445937e524081c2d2aff4cdfac4727,ok,512,1900
c8da67e5fe051bc44e5b0ce56e5f4521d8b8d8e8,ok,512,1902
3de58d1d2d3fe0b16bb8adeee19a51df4cf06e99,ok,512,1764
0baf795eaac51b6408c96c9ce34040d587dc6dad,ok,512,1765
683cbcaf8cd7f40ec90a202847be44d11c2ea422,ok,512,1864
db5aea521ffb20721e821a45a9438915b64a6001,ok,512,1803
e12353121303e499e3300ebfed68debb1eab97ad,ok,512,1778
3b568c9a3512f97b5de3169297711ca9999dd4b7,ok,45,146
42dd39ba3dff7c494af771ff21b5c6bc0766ab92,ok,512,1780
ddd23086dce00b4c56471ebfc44129080dd1535f,ok,331,1174
8332481e93746999bb9a3876a535b721d23a5d48,ok,262,939
1b5dcdb4c42b300b0235882dd035e6daa5ee7bea,ok,46,150
7895c7156d955eac8eafd6fc2d2e78281f431356,ok,512,1854
5b4c21b8f15c1b59a45842dc9806158a96b0bc99,ok,331,1108
5938cac72840d37dcc0b1c0cc898df7aa93d3326,ok,369,1299
c4331e7a598f8fd22a01b298bb8375aa4bc336e5,ok,491,1725
cbb9e3d47dd868f8156a208c539e14dbd2714a8c,ok,81,280
fc13a83d2d2dc41162cae82927f6f0a98b6b4270,ok,512,1770
411ccea35720379de86d8b00a6073d7b98fda489,ok,512,1889
143eb931a4b43e9101f8c6a2f9811a0bdfb0e6fd,ok,150,522
4394698f0d3f23ce3d1c43d48a081b2fe4dec2f0,ok,36,120
bf2640d796b6638145087b0c8cd03b34a156a850,ok,512,1808
9edab07b3743db26063934be4f1de4e96dd14480,ok,55,182
49bdd057b8dd6f5d5f4795ce813a3f98368abc51,ok,512,1844
e74d1300c6dc6375bc886063decbb799dfbaf8ed,ok,62,218
39d8c0bf16261094413cb42f767a433fc9b0a752,ok,429,1488
a4490cea8e7d36824f2fb057b02ca0618eff71f9,ok,512,1764
e70f4448aadbbf99daac79e04d3a2925c797f937,ok,84,292
b636a2e76ef50f4121f6cf331efa37b83050fad3,ok,322,1129
0f9893aaeff70cbf8d5defb89248010533018f90,ok,28,88
6e2d0e78cc2aed7ccd678a3d006037d976193657,ok,177,576
e9f54fc7216e068dad1b54c28ca53b748bfeb210,ok,512,1846
73edb07dc365a680cec69707e992fedcab8b2234,ok,81,279
2930dc2a7e8c79a11c04da8a9bbf29110e23aa0f,ok,512,1780
7033b00c28c2506a50b9b504b7777ccc9864f6e9,ok,438,1553
798620349f1b8211a9ac9f9310198eecbb277ce0,ok,344,1231
6b075934c22fc8e85de69dbb860abec16420b54c,ok,58,186
79b9075cc06da4762181352fd1a2ef4484c2a8dd,ok,169,617
ddc2727454fea61896b5d6c7e744625d4d2206f2,ok,512,1880
838cd891e98bc26ba19c2e9b57ecef802eeb8fef,ok,142,494
05c9a241e030d71a74d205ab195678359a6e100f,ok,512,1776
27d062a6a709dcef9b45bbfb388c90a95f91fe57,ok,153,543
c9cfcf92882985a44064c50588f9bbd161a2e5cb,ok,512,1735
3845e61a63d944fd75533d28a4446ddb66b1f2f8,ok,120,414
517eb85655c9544f1c2f4cfabb24128ef0a1740e,ok,171,586
8916edfff9ef4bf48a9b5b4363c07dd0b58183c5,ok,128,434
fc29facc10a3f7766dac6fb91d7435f6b4e80d70,ok,145,512
8b4b87638eae52d1a776f6a184823a2a672a6ce6,ok,512,1829
8dbbb9c01bfeb8fd62331730245556d5df032d0b,ok,84,284
6c3651eacf8dc26364ea2fc496f453d5ed118159,ok,133,458
d7bdd89220f56bb64d8e906d7bea126eb80a9867,ok,512,1826
06c3d5cf6efc52c8e80c9eee1eac5c836c5520d0,ok,512,1808
00d6f12285356e5ec6a84298494a0573250dd012,ok,29,92
ecc2286398c409cd6a491447df08a91b00c446f2,ok,512,1778
31a8dc966bf9c85122ed4bdc3804b7a86417e4f1,ok,262,909
15183cd6be7792cbf894b7e08bf476a6d7b21bcf,ok,512,1780
8eb6abf01bc56b01598fdcae59cb80b0671d1406,ok,512,1868
6756e020b3d2862c427ed8e04713ddb1be67210c,ok,512,1876
4e48b6d82361bf6ebf9b84caa85983a50c1ae198,ok,512,1820
f295352952ecca134e5f9177fbed01a9e1771ab5,ok,481,1749
3501a38abfea3f0f29b77583e3409a5ee1c7a18a,ok,108,384
cff32dfe9ff9377a087786c31806aa12ff8988cd,ok,512,1822
a7245b24d83eb84392ef314c39154ed996c5e60f,ok,200,662
62d1e69346cd563aae164bb75738f06fbfe5e656,ok,69,240
8628932c37c26b86788d46bd8efe1d6ffef19637,ok,512,1730
158025ca497f1213fda7cea7cf5412163c27e018,ok,16,50
d76f4cd66a93740ad4dc0cf20008dfa57fa27fec,ok,299,1099
cddc7ec4a5151a5c614b9d2d1e02cc26a9f74e5a,ok,459,1614
ef976444b65abe76344445ff1bb050beb224c047,ok,512,1890
17393c80408bab49f113ddbe469d8b6e66037b45,ok,505,1882
c01225dbcb866a22e6a07289dc479e9fb95e020e,ok,123,435
558e0d8c3b5bff825dc2c24f696e6cdade2fbaeb,ok,512,1834
77ea59b4a2596cc3726a18cd3ff2dc831a14c8a7,ok,61,202
477903684e225e8abd4058b6c4cf01f2b629c222,ok,185,646
60b32950fb976b72644d47d6ed07f2a3a4d58bd7,ok,151,526
4cb5415bf30abe641fd277f57754b235f2f6f054,ok,271,924
0bb442a418b3c1f7cbfb6e74f87283de3bc77d6e,ok,33,104
9c95e85eccf6e2b55265ee61e7a4c599b524df0d,ok,112,390
97e3d7af4706ccaec5e87ba176e83dbc8d6e2a60,ok,16,48
0701a584439d0c1accb9234e45ce2e814be8bc88,ok,512,1852
4f1da33ed58790aaae6e0db176b4b94e5c548438,ok,463,1732
9b7f7482bab356886c6a81eef1eb5858597f8099,ok,45,146
b039a1abd18028a4bde10c15b20834dcb395a3f2,ok,115,398
2c4d9e747bf5598ba12ad81f72692d54e15e7828,ok,29,92
a622b1f8056d61c0941bf8b7b0276d5630f5bf05,ok,25,78
a8da41781f430de8fce79bd9b22b890fea73243a,ok,512,1758
709a5f6a44f4087a1494371b234ca502af3f2b20,ok,512,1716
09d04790ab59949d184fa8a59ee6d25e0d3d17b4,ok,497,1711
3eaad02a8d17afde0dff77025f092e8265b79d0c,ok,512,1797
27b58c8e7fbef8f843c6c6e2b843bb08c1aa70e9,ok,511,1770
0369c2a4ef3d6b35e16cc281c6efc98b01d76bdd,ok,512,1835
dac9c7dadffaac9fe288916a65fd2f697a2dbb37,ok,512,1720
85024cdc49dfa691813927d1809bfffcc454e9f5,ok,486,1728
df975d120c0e7a81929583683aa939cb2b4304de,ok,323,1122
2f905a1b05393b21c0a5af6a66aaef880ee29559,ok,512,1924
096a2ed9f792d2e31a831a139383309497de299e,ok,13,36
bff36860c1eb7dd0f0b7441ecf1505dee680ba54,ok,512,1767
05f75f56e50b48661e06304fcb54c391b4959ce0,ok,186,618
ca143fc8012aa2268b2130a308c44a76fa43c67c,ok,16,48
4ff2f18bcfe8d110bda05d437355a7e3def478f5,ok,512,1718
50c5481a1fb801a0b16368a087355e4ce42ce474,ok,512,1754
f52abdc497811a47064acb3bd24e17d29fc93128,ok,131,440
48a3676e33a71625052d6e257e2f6a9455bf2b35,ok,31,96
d336391453fe34e88f470f6396193e64058b4196,ok,35,110
9404133ff7129589935b722fe0796b6493fafc53,ok,432,1564
e93c9e2ea78af159dcb581878fc563facb61f761,ok,512,1938
c28572b52b2570a067a03726752268b557516c58,ok,512,1797
e7609103076458a7588c3569d87d145c104002f3,ok,41,132
1e629fac2dd04841c71dbc076dc61391173e8737,ok,512,1838
cb3576abaffecf1204fb2a972cac13e5e7faea34,ok,512,1817
708f4582d1695d802a3deb5babf4c3fac4b4daea,ok,118,406
182767405060f83cb09c4ba2228a5d910e414f66,ok,43,132
8644d248a62b957a04fd29086c07d64f7f6a0546,ok,129,428
14704cd6c22e1329fd4a4a446ee5e74c3b6003f7,ok,52,176
a5e40999367dbfc3e69ff60b98409ff41ede5ded,ok,135,464
4b075db31a6cca65e68ef9f6a07531ef10fd67a7,ok,512,1801
ade10fe1c1ad3507afe24b92730a19c782a83a75,ok,512,1888
2c1c1ea59aed0ee441759270b9bb85a2a5445800,ok,512,1779
cb2af321f8f7a70fa99081b2cbcf3a3f724a0a02,ok,512,1829
e1c233d900a8fe9a4333ba8fae425163656dbe9c,ok,129,461
615be2032df6012f4d2a8cae6ea2a6e17b83ca48,ok,512,1854
8d9322a09a89b348e08e08bdf0ab15d5967b4d50,ok,34,106
a720f064c0772db2f6e7a1d1bb8d295e31ee00dd,ok,512,1791
8502ef0434a50a0ad8e455d355007a54c24edd52,ok,22,66
cbb8d4ea71086dcc5fe3080d15dfc77c09b2eb38,ok,53,176
790200232fc5fae78a5098a078ad33cbcc5e60e7,ok,71,232
5b9282027f2510c22eb60c219b63df82cfca6682,ok,249,866
6a74912cff321dd3e1ac868d0ab5edcdaace7aa1,ok,83,280
a20327d0bb74991728a7801c441b9c61c441ac2e,ok,512,1772
7bc4ad8c8e30d8f58f54989818c97fbda3c997c6,ok,92,308
82e838e20335717af2a40ce5af8c0b68aa6de78e,ok,189,664
4a18cccd1d2d1a27a82cc581d6f70baf1f92397e,ok,512,1676
726e1e53cb4d1072fa61859cf4c52beaf8a47bfc,ok,512,1873
f60b107b83679d20b2c25e9d736632167d988dca,ok,440,1542
da0656876b4b73d25ceda67d65d046c402adbdfe,ok,512,1813
614a678266a053041472d3d3001e07fa46f81b20,ok,512,1786
b6fe4a03f3404e3b9d3c9d6e9cd416f9d3934b40,ok,48,162
2183530a224959f859a20bff94d883008f943f5b,ok,401,1422
7610cd3923401d7de7f068d458c78baa936cfb75,ok,512,1860
304fc830d5485472b14fcebbed7b0ed97a764500,ok,34,106
42c76175ff751463ace91247fada9effddb7d413,ok,65,224
0d2e8c1e252ddebf257722619fc64ae43dbdc12d,ok,453,1662
f9c71ba9d76d9b8f36b7bf647c6cdcfa99c7387a,ok,47,154
7d449cf0af93bb04806c5fc3afb2dacecbfac88c,ok,512,1797
50e7f72bc45fbfefa9f070b555f8230a93318711,ok,455,1608
957eb2e2c22eaba773fd4c30776dd137aea30fd3,ok,198,676
6c511c7df54b2d688fbc15e93e99a33e05b5580f,ok,452,1600
a6c55c8fd50e7498df348d03a51b988651d4876c,ok,512,1824
8b84d9c9f8b5dca4a78e2a296b3ce85e2460a2d8,ok,268,926
74e068776140189d3d9d58cf0972f86c88148feb,ok,270,948
3ddffaa025b2e8ec16f80bbf1220fa8bea622843,ok,510,1815
675e9ea2ef1bc5db87e6fec01f03b8a5f7f5b4f4,ok,512,1927
8e0de454dcc2c5b7aef49ed0f4299e6cee17ba5e,ok,143,522
3ac8ce2de12bdcc9dcf9b9e2c75c002586ebd4d8,ok,470,1631
46c8235156316c1fbfc97815073408b135cf1eb9,ok,443,1528
88277d7224a2a76d36e32a6252adedae5bdd15ac,ok,512,1976
4d5c365814779f5478213c37e34c3004796a3246,ok,33,104
d26e5bca50a875d0f8609b428773288e4a166992,ok,209,726
b888005e1ce50d05f200762300feffabb88d1dec,ok,512,1853
48e3bf7827bd38ab3ced0c8fb308b96747c03462,ok,512,1910
9626112d41df0e34427135853d19917114dc8772,ok,34,106
c1bc0d33756a6836287c0eb68425e175c52c041b,ok,176,631
aab79ddcace7533e913b51dda52ecdf36a4a572e,ok,512,1754
fe365ee4cd79d05ef8d700d250cbf094b088f03f,ok,452,1665
8e10415f6f204c484e11b48a203aef1ecc1ebfcc,ok,21,66
5a01feba765321ab632d7cc841fd1df915f37a3d,ok,512,1872
6a8672606965286ef973edc1a78448b91caf2aeb,ok,512,1778
50eef059eff28b75adc63bb428c7017db0c9dbd5,ok,512,1855
753ee67b647e664e6f93a4ad5d485e336a5cd7c6,ok,512,1768
80ed32717a61fb217cbdaf6320926632f4fb69fe,ok,48,148
4d46d4e7bf94ed07f913eace1928d93e4c3f0354,ok,512,1818
1b125c2059899b7e61d4e37ac03d59c6bd08ff44,ok,512,1778
e48c1e9d2e3ae38587076db9b26b98bb8bba086a,ok,75,256
bc84ae7434e6179781960b0d6a8c277f6caa3a0b,ok,512,1883
0df352951718b1aed75816e7968408d93964ac92,ok,512,1775
9b90a01e04bf7e1c1968cb73afeb1104a7970305,ok,316,1137
dadd7c35055bac2be181ca3d8d3314bc5d2b393a,ok,512,1804
07d9dedf4804e886e71c82cd4906183028fda1a8,ok,59,198
34efcb4e21330466b6df6569486d0e2aec4568cc,ok,201,732
b0925299bb0f202a83cc8b878ec4e50b56694898,ok,512,1874
ef7c95770b5c13425943588f9648226da5d151ce,ok,23,70
399dda9226d77fd09a03a3a5f59e2e497a8f7d6d,ok,512,1785
c30cd230161689a758a0213a29cbce463aab9589,ok,176,613
51cea10db590b474e483fe4a3bf3314e2bfa2b75,ok,512,1825
3295d416a7704fecf28e9d54aeec91902ae4cea0,ok,80,266
ced285ec7dc4057709b2df112f8cb3381d7bd576,ok,503,1815
2082b1ee4f9f98607175fb89e5732e4e741b4ebb,ok,512,1798
b40d0cf446e8009e0fd69066e61dfa753b08af5b,ok,50,160
1f5fcd8ffd9964b2a139f7bfd78167487cc20827,ok,512,1854
9d8add5cb52dd0c2ab3e2061a31145deacb12f54,ok,480,1736
59ebe0f86ae4a1a49ba9290676bee654cdfc0c3e,ok,512,1864
8415875b463b47d2f177889847996366e5e99027,ok,16,48
c94e4317301c2dc5e3066ffc92a78eebe184674a,ok,100,346
ac3940201aaaef906f24c18baa889eb3c7235f5f,ok,512,1804
9a3c4dcf2ceca892f9e7048166ae2e2fa79a8c48,ok,512,1772
630dc35ca2bc6d93b99422d34e047811a3b04a48,ok,512,1836
0f2fc3e5a384bdd8c18d8dc30516113469afdf44,ok,512,1789
2a9fbe613e80622a8bd0ca1e79b1c58933f068e7,ok,512,1770
a9aedbe4a862a10f5f434f3193a3048b42f81acf,ok,45,148
8f57c9f5cf67df01b011c9550a21a368f274e631,ok,101,334
1871cd01fd39de999596af8b17e2a7f9d128ee27,ok,89,296
6d83b5e9f276fa6d6f991ccd513762bbb58be7aa,ok,512,1778
7b98eb7c594abe9cda4a06323b9c10a4f226b76c,ok,512,1830
1203874af43d5e78ea83e1994f3c2e6a7df298f6,ok,107,370
7a84f119d20708320330270d18b7fbff1f7d0178,ok,304,1094
7e6b2c9e31186832ff5a16a44302a89589b67d89,ok,512,1834
123b6d9ae5357cc179b5d270a295fb89f4a7733a,ok,512,1820
ded5508a18b2f2cad2516dfc06166d9e1ebdbecb,ok,206,720
a4a2ec76446fec4f4ee08c3757300bbeb100fdcf,ok,512,1812
307a5da400c3c73f98a65d13ed92f77a6140504c,ok,374,1331
5c8b2e41c01dc3181c503c89935553c702b826c2,ok,28,88
0bc93edf60fd86695cb1b9a187cbccef965c3813,ok,512,1808
870bc61f5007102a5468ed345c8a1e097e183ba8,ok,21,66
b58f8cf2d26944ce2805d73fcf559df9b907eff9,ok,512,1818
c6726fb499d6a36ba534c01a821273568442566b,ok,61,214
37f31249d4bc4430732a8712361bdd199058329e,ok,174,618
faaa685dbd6023d5eaf7ac1de673ddde28e93aa4,ok,305,1064
b685bb378aff651adeef889ec9cc4f9e45f994a8,ok,290,1032
2d11c8a329533ee6fb775dfe9206d780d46ca3f9,ok,512,1880
0e76d25f2e983f469c6e6502b113584e3dc708ad,ok,35,110
13b7aaabe9b9c19969fb520e675c91e4ae11adab,ok,40,130
3b0354323c0597a86032e94296fe149d4243c452,ok,121,406
d796aa3c0cd66df32be66c865c9aff6f1d709c8a,ok,512,1880
1979d8c3e6d1d6f17def73631167c586e91a0bbd,ok,512,1805
1c84c5270ee2170401041a05860d5b7ba72c1f40,ok,512,1814
8dc4eaba0809df195a13696a3f62a576b93b5421,ok,512,1768
ed2131e0dc388d21488cfd6231e0555fc173fdd4,ok,512,1845
b27b07db014408ad6044da991a05194e056641e7,ok,43,138
193ff32c61a9e7c5398668e72a45ca57f2e07014,ok,512,1798
ba3b8347a9354d4d5bf12b585b2ac60ad0f97415,ok,102,356
e298aabf504f2dc0cddf83a11567ee05f1f35bac,ok,512,1802
3a16e328105664ef8d5b297599dc9bd8564362b8,ok,194,693
f32d39fccce2864598d0ba57a4310a07ae9588cd,ok,512,1778
98f3c99e466566602bcb66e8c54494dca2e80c5a,ok,512,1800
3ff1a4b66af1c7606b9d6beed66bf11cae28362a,ok,512,1901
71ebb6ed65e9a7b1fc68eb5a24bf9613e08330bd,ok,512,1834
53317f28db20f2bbddbbffbeb0c02d325ed40369,ok,512,1814
3077d4d70d892c708696448475daaa4b72760ac0,ok,512,1861
ca1a6073e085568a324093bbc312e0c6c2ab5f91,ok,394,1378
905b123119a9f3ce8b1885c18c0e5efe35bf4f88,ok,142,494
8166114b84fca2110e8254379fa82943bcbcf5fe,ok,147,486
9fb41e3846aa6a6a976d7dd00ea9d55c6f0b98ac,ok,362,1246
f6b42e0ce514e0350cf3a68918b97346066e70ba,ok,512,1736
7a7695a8742966ccaa7fd59bc254f1bbe76a32a2,ok,358,1253
6092aca00505275cb1a53a54e6d936fd85f344b9,ok,275,978
82094f088b36f1f90e3e292394ca21ff7b457c8b,ok,512,1820
bc97d8273ab94e21698e9c60ee1cedcf78ef00cf,ok,512,1760
12d1e94affa04120abc0c337335b804c1e1e870c,ok,512,1744
e9d14d9e5b75e6792dc3c948991fcef975efac4f,ok,16,48
7a014952fb658c1f8d52daef59a526e5327371f2,ok,218,771
aa5614f7046331d994499160b68d8ad181961be3,ok,512,1852
8151af1f7ea8d5c42e8a57578d4e6453ca934a23,ok,512,1893
e4d389a6a7852ff799f458406c3d6968b1b80238,ok,512,1812
d6eeaeead5c5ef059b7605af74b6a1d714ddd19b,ok,512,1835
56e071bac6bd0df0a36f908ed607313d72a9a0ab,ok,135,470
4393017269015575f54423c1153c08183278d97e,ok,25,78
6fb2e97c51ea1b5db1f8328d7fbc1898e2738fed,ok,512,1790
d69f8e0ac1d52fcc73b84fd530759fbe064297e0,ok,23,72
40c27bb85198696fc56f48ce6cb2e357329bdbf6,ok,512,1770
ced5276ebb9c882cdf9cdbd7d215c6500e2340c2,ok,512,1820
e7726ce3ddf243257e4f0c85e0b4bcb6354ca00f,ok,210,712
92c2dd0576a3a36b2495dd9438a80275ec2a1dd0,ok,129,450
e183901cb2df866fe05f03c2e0d673b2f703c380,ok,512,1872
be52eb20300a3bed6545e2c4e59cc7e59589d9e8,ok,185,646
bb0359c74bff0346bb554e59549435bf4db1df7c,ok,512,1832
9dadf4768b2902f5d5c1e9684e1fab2f0c0a93eb,ok,416,1520
cff6d7cbcdee7672b454385ada76b0213155eba8,ok,512,1852
5be7d2f84db8cb00a97a3dae3a81ca6a8dfeb806,ok,512,1893
0ac345576274215c99b5897a51f1e78de46eacf2,ok,89,306
2ad9fbd5902440351b3b50e5e4962f42789016f6,ok,437,1560
25e6d54dea8ae7e37fca1080819a18a4b910a8ae,ok,46,156
73bce2d97af5116d2628f814505200edae3f3db3,ok,307,1109
c36fc0c7d5ef82bde8c98fe9c6cd0739fb95f6a0,ok,75,246
04a6369296ea9b4c32fb0d576c5645621688accb,ok,512,1828
a4108dd508f1db227c5e933aa55fc30b67f08928,ok,19,58
6c42b6720394aaf158b468ac89331090570d5267,ok,30,94
3879c76a9cfa57187d4f3b89696b23ff0f768b7a,ok,122,424
73cc425a28f2902bb8be5ba8ea8d175f15945eeb,ok,241,798
ab618718418758a6ce0d1f3cb29f349d05c35c5f,ok,358,1251
d0feba5033b1bb8625ec796495328f70eb028782,ok,153,546
2dbdd3c77cb45906e7ed9f32cf43d9cede1d4306,ok,16,48
0466a6365f6bae84babdbc6f3e57dad6a7cfd420,ok,512,1839
3cb679369604b081d5775f5c6c40a4395ebbba4a,ok,74,244
9632d88361025fecb7f6510cd4f7c2d149a91a9c,ok,485,1773
ee456b3331cac1a34b71e9db89e8d583314726c1,ok,512,1881
0425b799d649d34a6765cbc494231a7ca780e233,ok,129,450
85af6d229b3c5eabe39fadec3e5c603656d7cb11,ok,512,1817
f5d6ef3ede005a7822d98cedc7d982e793e0388e,ok,137,456
1f04c14ff0b98a3fc4c23a242297eab28941463f,ok,442,1492
ea93488e55dd51b287b5edb207a9e6d179c55c47,ok,512,1807
6f15a2ed39aa8e9e374f73805ff5e26fd73f0125,ok,67,218
9024ed9be20549489e4ad1a917a22efa1ed89e41,ok,512,1734
7f5798477c5aa9d478b4dbac29a552c1d96e38c6,ok,480,1706
9624b38ab0b665bb0a631b3f21d3449a38abf9db,ok,187,657
f616d6dc9553c1ce4ff892054d1820976dafa4cd,ok,512,1805
26ce1485d148e40ec36e191f8cb86ea9b983adce,ok,207,739
243d5432a339219d65843126596ce7f278a0559d,ok,512,1770
fade65d66726263c3ca8cdaa17ef409555e4b7fa,ok,512,1780
c60edf2e67a706d74f9351b0525432d135db8411,ok,264,925
438689c7172ce71fa0f297e177a5e3c1b8d38738,ok,321,1149
f02db3898b2f14002476c817eca4643223011120,ok,512,1870
a5403498fdc23e71f3fbe7841dee68b6e1c87f77,ok,208,742
f561591bb49652b9f507318fa0870d845aba1cd4,ok,512,1835
a51754360ca7dc5d1920c4f472a2bb154a9b8e8a,ok,130,478
2bb591baf5b28445156e6cdbd650a8dc644cfaa0,ok,512,1840
13fab00745a02208bf3d01cff2f061cf982562fd,ok,39,124
95b72c7b427a428a32c6abc7738f9b10fbf1e070,ok,512,1770
56f6ddbfefac0fa73706286f884342ea2b25a6ea,ok,512,1902
70d144940600d1b636db605f7ecf931f6f0ab032,ok,66,226
f362c87ef50295d4e54f94230f97128a3eb57429,ok,58,188
2c0cc02d7ae8751403eefa7f0f05c2d97a7851ab,ok,512,1848
496f2ff31cd410ec0104e12533272db221936ee4,ok,512,1804
180ca00584e93e93046f48a5040fad9ae0cad345,ok,512,1720
1cdf71e8ffd80ac890b72b58f102bab62ced4102,ok,512,1834
49e3c1b036db123997c5ef2b89d7ab11826298f5,ok,188,657
1e75e0c71e6ad18699ec856470b478b4b7e219a9,ok,512,1712
925a256fc02138585732f7e62abff2b4c70ea02e,ok,311,1124
567614a3edd0699ca38f11bb7e17a155da8742b6,ok,512,1830
6040a64907422567d80b2b521c49913f393234a3,ok,512,1662
ee95abda6ba655f544a53612b9aeb9ed8f4e899b,ok,45,150
0f983d844dd841e0212da6d9d54cc48477dae95c,ok,512,1840
768af5c93d6a4c4003cd5b4bf25460e855315758,ok,512,1803
