sample_id,split,label,member_name,class_name,class_context_added,token_length,cached_length,is_truncated
ec8a7b24778712b8e43138dea9b050d88e61903e,train,0,MultifacetedAbstraction/Negative/xtext_seven-languages-xtext_xtext_seven-languages-xtext_org.xtext.guicemodules.ide.contentassist.antlr.internal310InternalGuiceModulesParser.code,unknown_class,False,289219,512,True
d607794926e276acba65f912d7fe4726c4a64368,train,1,MultifacetedAbstraction/Positive/google_closure-compiler_google_closure-compiler_com.google.javascript.jscomp7TypeCheckTest.code,unknown_class,False,176596,512,True
e4a5b0a38e13d8f4b39ff330fca72ccc36c1bd00,train,0,MultifacetedAbstraction/Negative/PGWelch_com.opendoorlogistics_PGWelch_com.opendoorlogistics_com.opendoorlogistics.codefromweb.hqx177Hqx_4x.code,unknown_class,False,94387,512,True
ca416fd1875c7c9fd2891aad24e6464f02dbc295,train,1,MultifacetedAbstraction/Positive/gid15_jpcsp_gid15_jpcsp_jpcsp.Allegrex1Instructions.code,unknown_class,False,89641,512,True
7d91d2de6fd18f4be999c2ae0f0f295cd75ef94d,test,0,MultifacetedAbstraction/Negative/google_guava_google_guava_com.google.common.cache301LocalCache.code,unknown_class,False,72392,512,True
33d040a3df13a4f59fb29a6a60e0cace628e8a6e,train,0,MultifacetedAbstraction/Negative/google_closure-compiler_google_closure-compiler_com.google.javascript.jscomp1254TypedScopeCreatorTest.code,unknown_class,False,52436,512,True
e62715abdb662d1e2dd73eb2927c58aaf4bd8c02,train,1,MultifacetedAbstraction/Positive/google_closure-compiler_google_closure-compiler_com.google.javascript.jscomp0Builder.code,unknown_class,False,51634,512,True
08a09a408e2add7ca68c0116da0b2da986789e00,train,1,MultifacetedAbstraction/Positive/magarena_magarena_magarena_magarena_magic.model.target3MagicTargetFilterFactory.code,unknown_class,False,41050,512,True
ba76005b4a9fb2037984dc729204de7fd9b4fc9a,train,1,MultifacetedAbstraction/Positive/BlueBrain_bluima_BlueBrain_bluima_test2ObjectFactory.code,BlueBrain_bluima_test,False,38480,512,True
d573f17277c1cc0f56131f07d521b23d3b0e53af,train,1,MultifacetedAbstraction/Positive/BlueBrain_bluima_BlueBrain_bluima_ch.epfl.bbp.uima.xml.archivearticle30ObjectFactory.code,unknown_class,False,38053,512,True
a6d54421784c5623f243240b8d311faed42e7968,train,1,MultifacetedAbstraction/Positive/google_closure-compiler_google_closure-compiler_com.google.javascript.jscomp5NodeUtil.code,unknown_class,False,37002,512,True
b1dc5e17b1e760d9398dc819c00f95f975637860,train,1,MultifacetedAbstraction/Positive/aparapi_aparapi_aparapi_aparapi_com.amd.aparapi.internal.instruction0InstructionSet.code,unknown_class,False,32807,512,True
356c14519586144b35b571d5636cfd1d2007b949,val,1,MultifacetedAbstraction/Positive/mozilla_j2me.js_mozilla_j2me.js_javax.microedition.lcdui8Graphics.code,unknown_class,False,31829,512,True
ed1d578632e461c01d8efab2f1b9f2e43368901b,train,0,MultifacetedAbstraction/Negative/marklogic_java-client-api_marklogic_java-client-api_com.marklogic.client.datamovement.functionaltests113WriteHostBatcherTest.code,unknown_class,False,27289,512,True
a966ceb25998f4e878205b90b4f0e2be9a81d1e2,train,1,MultifacetedAbstraction/Positive/foxinmy_weixin4j_foxinmy_weixin4j_com.foxinmy.weixin4j.model.card0Builder.code,unknown_class,False,26413,512,True
23a64c2705a3a406c27e8b08b2019dfb5c20ee34,train,1,MultifacetedAbstraction/Positive/marklogic_java-client-api_marklogic_java-client-api_com.marklogic.client.expression0PlanBuilder.code,unknown_class,False,26087,512,True
e85aa9d823220c39f130e1009be8e9ecd337e0ac,train,1,MultifacetedAbstraction/Positive/pavel4n_wowdoge.org_pavel4n_wowdoge.org_com.google.dogecoin.core1WalletTest.code,unknown_class,False,24462,512,True
32291820a30712079fd33de84f5d882a0832d46d,train,0,MultifacetedAbstraction/Negative/pietermartin_sqlg_pietermartin_sqlg_org.umlg.sqlg.test.gremlincompile332TestRepeatStepVertexOut.code,unknown_class,False,23401,512,True
bbc0b103704216546a9d67c42d4e93fa6edfcdc8,train,1,MultifacetedAbstraction/Positive/OpenHFT_Chronicle-Wire_OpenHFT_Chronicle-Wire_net.openhft.chronicle.wire0BinaryWire.code,unknown_class,False,23381,512,True
bff36860c1eb7dd0f0b7441ecf1505dee680ba54,test,0,MultifacetedAbstraction/Negative/justinsb_cloudata_justinsb_cloudata_com.cloudata.mq468MqModel.code,unknown_class,False,23253,512,True
13b1222ee9cf010a4744502c4d4aec8b1e485dc4,train,0,MultifacetedAbstraction/Negative/GlowstoneMC_Glowstone_GlowstoneMC_Glowstone_net.glowstone.entity417GlowPlayer.code,unknown_class,False,22963,512,True
ed6f203f6f4b0e5f96ead8296bd738bc3e684b06,val,0,MultifacetedAbstraction/Negative/SkymindIO_nd4j_SkymindIO_nd4j_org.nd4j.linalg.rng1317RandomTests.code,unknown_class,False,22957,512,True
f0b50fdcd0f3eb519fe675893755842ca94b6b50,train,1,MultifacetedAbstraction/Positive/google_closure-compiler_google_closure-compiler_com.google.javascript.jscomp2CompilerTest.code,unknown_class,False,22618,512,True
48e3bf7827bd38ab3ced0c8fb308b96747c03462,test,1,MultifacetedAbstraction/Positive/caskdata_cdap_caskdata_cdap_io.cdap.cdap.spi.metadata8MetadataStorageTest.code,unknown_class,False,22610,512,True
180ca00584e93e93046f48a5040fad9ae0cad345,test,1,MultifacetedAbstraction/Positive/tesseract4java_jtesseract_tesseract4java_jtesseract_de.vorb.tesseract0LibTess.code,unknown_class,False,21711,512,True
57efb0d4c6829a3f849e10a28dea9c78f0d37c28,val,0,MultifacetedAbstraction/Negative/VHAINNOVATIONS_InfoButtons-182_VHAINNOVATIONS_InfoButtons-182_org.openinfobutton.schemas.kb91AuthorizedOrganization.code,unknown_class,False,21369,512,True
df42577036c16d93be79c6e68926d5a8d14240c9,train,0,MultifacetedAbstraction/Negative/KleeGroup_vertigo_KleeGroup_vertigo_io.vertigo.vega.webservice1227WebServiceManagerTest.code,unknown_class,False,19299,512,True
657467ab43c3dd8bc322315231c4a49239aea82b,train,0,MultifacetedAbstraction/Negative/wangzw_CppStyle_wangzw_CppStyle_org.wangzw.plugin.cppstyle12diff_match_patch.code,unknown_class,False,19066,512,True
eb76d22bf1b5389642123f03fa29c70930bb1d46,train,0,MultifacetedAbstraction/Negative/google_guava_google_guava_com.google.common.io2124BaseEncoding.code,unknown_class,False,18956,512,True
82094f088b36f1f90e3e292394ca21ff7b457c8b,test,0,MultifacetedAbstraction/Negative/rocketscience-projects_javaslang_rocketscience-projects_javaslang_io.vavr.collection335Stream.code,unknown_class,False,18460,512,True
2f7841597fdf243456a7d0aa5c641612fc0535cb,train,1,MultifacetedAbstraction/Positive/thelinmichael_spotify-web-api-java_thelinmichael_spotify-web-api-java_com.wrapper.spotify.model_objects.specification2Builder.code,unknown_class,False,17958,512,True
0740516458b6f0f8494a0d889b76c4b25c6e0548,train,1,MultifacetedAbstraction/Positive/numenta_htm.java_numenta_htm.java_org.numenta.nupic.util2ArrayUtils.code,unknown_class,False,17894,512,True
05f350905e1bb66e525c201d23c4de6e58610f52,train,1,MultifacetedAbstraction/Positive/imagej_imagej-ops_imagej_imagej-ops_net.imagej.ops.special3SpecialOpMatchingTest.code,unknown_class,False,17746,512,True
6c9c1311a3975c721315368dfcd44c31b71f6300,train,1,MultifacetedAbstraction/Positive/numenta_htm.java_numenta_htm.java_org.numenta.nupic.network1PersistenceAPITest.code,unknown_class,False,17140,512,True
73f579b807112fc4a9e3c1ac57be4023f3a416c9,train,1,MultifacetedAbstraction/Positive/mozilla_j2me.js_mozilla_j2me.js_com.sun.cldc.isolate2Isolate.code,unknown_class,False,16445,512,True
c9071d430f9a447fd0eb01418a4c7c55c50f3f6e,val,1,MultifacetedAbstraction/Positive/chanedi_QuickProject_chanedi_QuickProject_chanedi.generator.file.sqlparser.gen0CreateTableLexer.code,unknown_class,False,16411,512,True
93d00a26f53fc537b32585790dacb292e27de891,test,0,MultifacetedAbstraction/Negative/stephanenicolas_robospice_stephanenicolas_robospice_com.octo.android.robospice.request168RequestProcessorTest.code,unknown_class,False,16212,512,True
76860f311575edef233c4fb773aedac27789a2ad,train,1,MultifacetedAbstraction/Positive/querydsl_querydsl_querydsl_querydsl_com.querydsl.core.types.dsl8Expressions.code,unknown_class,False,16037,512,True
56f6ddbfefac0fa73706286f884342ea2b25a6ea,test,1,MultifacetedAbstraction/Positive/KronicDeth_intellij-elixir_KronicDeth_intellij-elixir_org.elixir_lang.psi.impl0ElixirPsiImplUtil.code,unknown_class,False,15727,512,True
a80eeddd9cd86a469f89730edfffa53be3fb5ead,train,0,MultifacetedAbstraction/Negative/lemire_RoaringBitmap_lemire_RoaringBitmap_org.roaringbitmap.buffer173MappeableArrayContainer.code,unknown_class,False,15445,512,True
e6bee42a588173f0be68228227b5f6107a939e99,test,1,MultifacetedAbstraction/Positive/ObeoNetwork_UML-Designer_ObeoNetwork_UML-Designer_org.eclipse.umlgen.reverse.java0AbstractJava2UMLConverter.code,unknown_class,False,15338,512,True
250602fe69207571f2dd6ed9be12c0dab6f3ccea,train,0,MultifacetedAbstraction/Negative/freenet_fred_freenet_fred_freenet.crypt.ciphers753Rijndael_Algorithm.code,unknown_class,False,15212,512,True
a2752caae6f5c7c81737f2c3c1812a077d1dc205,train,1,MultifacetedAbstraction/Positive/gid15_jpcsp_gid15_jpcsp_jpcsp.graphics.RE3RenderingEngineLwjgl.code,unknown_class,False,15144,512,True
1169a7b16846c8bfdebe5d70a3a753863ad36c6a,train,1,MultifacetedAbstraction/Positive/apache_struts_apache_struts_com.opensymphony.xwork2.ognl0OgnlValueStackTest.code,unknown_class,False,15035,512,True
dadd7c35055bac2be181ca3d8d3314bc5d2b393a,test,1,MultifacetedAbstraction/Positive/PGWelch_com.opendoorlogistics_PGWelch_com.opendoorlogistics_com.opendoorlogistics.core.formulae2Functions.code,unknown_class,False,14999,512,True
0701a584439d0c1accb9234e45ce2e814be8bc88,test,0,MultifacetedAbstraction/Negative/apache_struts_apache_struts_org.apache.struts2.jasper.compiler1324Node.code,unknown_class,False,14898,512,True
53a5e724acd4fd725f0b680755c2f4fcb34ad426,train,0,MultifacetedAbstraction/Negative/looly_hutool_looly_hutool_cn.hutool.core.io287IoUtil.code,unknown_class,False,14671,512,True
fb87d6000462547ce2787becc29727ffa9d94e3b,test,1,MultifacetedAbstraction/Positive/apache_incubator-blur_apache_incubator-blur_org.apache.blur.thrift.generated6Value.code,unknown_class,False,14610,512,True
1a12f8ad3dda5b108dfaea1d4983dc04f88f94a0,train,0,MultifacetedAbstraction/Negative/google_closure-compiler_google_closure-compiler_com.google.javascript.refactoring1773ErrorToFixMapperTest.code,unknown_class,False,13759,512,True
e7d18ff76217d193e12fd00f03b7607cd9c895af,val,0,MultifacetedAbstraction/Negative/ctron_package-drone_ctron_package-drone_org.apache.jasper.compiler95Parser.code,unknown_class,False,13373,512,True
7d12f1f65c243fb1a8715c593429cd59bba74e0e,train,1,MultifacetedAbstraction/Positive/openhab_openhab2_openhab_openhab2_org.openhab.binding.tesla.internal29TeslaChannelSelectorProxy.code,unknown_class,False,13199,512,True
4982e27dcd97616deb08997531b79fba147fc863,train,1,MultifacetedAbstraction/Positive/hankcs_HanLP_hankcs_HanLP_com.hankcs.hanlp0HanLP.code,unknown_class,False,13066,512,True
14632eebea47e210b6a4e922b0b0164bf622fb4c,val,1,MultifacetedAbstraction/Positive/fiji_Stitching_fiji_Stitching_plugin0Stitching_Grid.code,Stitching_fiji_Stitching_plugin,False,12875,512,True
9c6a02bb055adee74149fd9f1335aa28a6ce719c,train,1,MultifacetedAbstraction/Positive/cloud-software-foundation_c5_cloud-software-foundation_c5_org.apache.hadoop.hbase.regionserver2RegionCoprocessorHost.code,unknown_class,False,12721,512,True
f167cd9e32e063178fe3527053d5999c7eaf04f4,train,0,MultifacetedAbstraction/Negative/wuic_wuic_wuic_wuic_com.github.wuic.test366UtilityTest.code,unknown_class,False,12627,512,True
01b69e8ce902591767c8ff60a2c167fafeddaba4,train,0,MultifacetedAbstraction/Negative/nekopanda_logbook_nekopanda_logbook_logbook.gui.logic170CreateReportLogic.code,unknown_class,False,12562,512,True
84f7dd61ba7936ab5ba4f8556eb24a28d136f085,train,1,MultifacetedAbstraction/Positive/mozilla_j2me.js_mozilla_j2me.js_javax.microedition.lcdui7CustomItem.code,unknown_class,False,11992,512,True
399dda9226d77fd09a03a3a5f59e2e497a8f7d6d,test,0,MultifacetedAbstraction/Negative/marklogic_java-client-api_marklogic_java-client-api_com.marklogic.client.functionaltest452TestBulkSearchWithStrucQueryDef.code,unknown_class,False,11843,512,True
e0945663e0fe6befa9599e728c9279fe91ae6455,train,1,MultifacetedAbstraction/Positive/openlvc_portico_openlvc_portico_hlaunit.ieee1516e.fom1Hla1516eFomParserTest.code,unknown_class,False,11815,512,True
e9869d3c7faea9a47fa4ffa48e02a89cc99e41e1,train,1,MultifacetedAbstraction/Positive/cloud-software-foundation_c5_cloud-software-foundation_c5_org.apache.hadoop.hbase.util3TestOrderedBytes.code,unknown_class,False,11671,512,True
e463e1d1d54e572532fa3bb94a03d278ccb5f0df,train,1,MultifacetedAbstraction/Positive/apache_incubator-blur_apache_incubator-blur_org.apache.blur.thrift.generated5SortFieldResult.code,unknown_class,False,11636,512,True
6d83b5e9f276fa6d6f991ccd513762bbb58be7aa,test,1,MultifacetedAbstraction/Positive/tomitribe_crest_tomitribe_crest_org.tomitribe.crest0Commands.code,unknown_class,False,11584,512,True
e03f34c47a939d88790b3a792d598cf4ab05d4be,train,0,MultifacetedAbstraction/Negative/cping_RipplePower_cping_RipplePower_org.ripple.power.ui.projector.core.graphics3368Screen.code,unknown_class,False,11553,512,True
4b88453f092025f22692d63d6b1d3eae7b2e0ab8,train,0,MultifacetedAbstraction/Negative/grpc_grpc-java_grpc_grpc-java_io.grpc159LoadBalancer.code,unknown_class,False,11517,512,True
0a262a98cafbc3541138eff9f30c9939ac19e3f1,train,1,MultifacetedAbstraction/Positive/allanbank_mongodb-async-driver_allanbank_mongodb-async-driver_com.allanbank.mongodb.builder.expression1Expressions.code,unknown_class,False,11320,512,True
ef976444b65abe76344445ff1bb050beb224c047,test,0,MultifacetedAbstraction/Negative/google_guice_google_guice_com.google.inject.internal816RealMapBinder.code,unknown_class,False,11274,512,True
60f5ccaa16a7cd649f2a2b834b9711a0a5bdaf1a,train,0,MultifacetedAbstraction/Negative/chaupal_jxse_chaupal_jxse_net.jxta.impl.document375LiteXMLElement.code,unknown_class,False,11263,512,True
720a078a4e15dc4ec4b8caef4587d198ce83a9b3,train,0,MultifacetedAbstraction/Negative/google_closure-compiler_google_closure-compiler_com.google.javascript.jscomp922PeepholeRemoveDeadCodeTest.code,unknown_class,False,11170,512,True
675e9ea2ef1bc5db87e6fec01f03b8a5f7f5b4f4,test,1,MultifacetedAbstraction/Positive/gid15_jpcsp_gid15_jpcsp_jpcsp.Allegrex0Decoder.code,unknown_class,False,11150,512,True
d62e37a586c12e374b5f8aebca7cac54500aa43b,train,1,MultifacetedAbstraction/Positive/querydsl_querydsl_querydsl_querydsl_com.querydsl.sql18SQLExpressions.code,unknown_class,False,11131,512,True
76e8b2a5662b727927dde250711050ef38a8abd5,test,1,MultifacetedAbstraction/Positive/OHDSI_WebAPI_OHDSI_WebAPI_org.ohdsi.webapi.service1EvidenceService.code,unknown_class,False,11099,512,True
f113e3b612538a281d0cae9c35f881f2a88d0c32,train,0,MultifacetedAbstraction/Negative/google_closure-templates_google_closure-templates_com.google.template.soy.jssrc.internal742GenJsCodeVisitor.code,unknown_class,False,11008,512,True
a8caff3ec52610a25af826ce0c6e6926d75df259,train,0,MultifacetedAbstraction/Negative/chaupal_jxse_chaupal_jxse_net.jxta.impl.membership.pse619PSEMembershipService.code,unknown_class,False,10906,512,True
e4222bb96c2ccbede0f933da5519d7b9a89a97a7,train,0,MultifacetedAbstraction/Negative/mikeberger_borg_calendar_mikeberger_borg_calendar_net.sf.borg.ui.task220TaskView.code,unknown_class,False,10881,512,True
64988b820a523ede1954824a65a635ba07e2f218,train,1,MultifacetedAbstraction/Positive/att_XACML_att_XACML_oasis.names.tc.xacml._3_0.core.schema.wd_170ObjectFactory.code,unknown_class,False,10731,512,True
40d0669470344f9179360ec7549174b06b831e4d,train,1,MultifacetedAbstraction/Positive/apache_incubator-wave_apache_incubator-wave_org.waveprotocol.wave.model.testing8Generator.code,unknown_class,False,10579,512,True
b5c10040b7fd62c54d9e51dc1134de0de6b326b1,train,1,MultifacetedAbstraction/Positive/project-ncl_pnc_project-ncl_pnc_org.jboss.pnc.model3Builder.code,unknown_class,False,10548,512,True
f11ac0f0832b58afe0b5e9702ee042986a0b3876,train,1,MultifacetedAbstraction/Positive/caskdata_cdap_caskdata_cdap_io.cdap.cdap.store9StoreDefinition.code,unknown_class,False,10491,512,True
8c7932ef753d3d6ee777bd383898318fc6c5b1ef,train,1,MultifacetedAbstraction/Positive/google_guice_google_guice_com.google.inject4ScopesTest.code,unknown_class,False,10342,512,True
75f57277bc0d066816e543adeacd1048bbf754b7,train,1,MultifacetedAbstraction/Positive/ObeoNetwork_UML-Designer_ObeoNetwork_UML-Designer_org.obeonetwork.dsl.uml2.design.api.services1ProfileDiagramServices.code,unknown_class,False,10322,512,True
f616d6dc9553c1ce4ff892054d1820976dafa4cd,test,1,MultifacetedAbstraction/Positive/apache_incubator-blur_apache_incubator-blur_org.apache.blur.thrift.generated4Response.code,unknown_class,False,10236,512,True
2b65caccd21aa22c32b5205b3167a366788835f9,train,1,MultifacetedAbstraction/Positive/Accla_d4m_api_java_Accla_d4m_api_java_edu.mit.ll.graphulo.util1GraphuloUtil.code,unknown_class,False,10054,512,True
40cffcd3144cd0d1aa63c5d9d935f14e54af0442,train,1,MultifacetedAbstraction/Positive/mobile-event-processing_Asper_mobile-event-processing_Asper_com.espertech.esper.util7TestJavaClassHelper.code,unknown_class,False,10027,512,True
3fa57e8d1cf9e7a2e22ae0eea297416f15368c9e,val,0,MultifacetedAbstraction/Negative/cybergarage_cybergarage-upnp_cybergarage_cybergarage-upnp_org.cybergarage.upnp.std.av.server156ContentDirectory.code,unknown_class,False,9968,512,True
bc5c9021101882174765d03475ee9de6d9d984cb,train,0,MultifacetedAbstraction/Negative/google_closure-compiler_google_closure-compiler_com.google.javascript.rhino1821JSDocInfoBuilder.code,unknown_class,False,9921,512,True
a20327d0bb74991728a7801c441b9c61c441ac2e,test,0,MultifacetedAbstraction/Negative/ic3fox_jawr_ic3fox_jawr_net.jawr.web.config24JawrConfig.code,unknown_class,False,9864,512,True
5525530c9df75d3ccfc0416e3a502265b17a90b2,train,1,MultifacetedAbstraction/Positive/marklogic_java-client-api_marklogic_java-client-api_com.marklogic.client.impl1BaseProxy.code,unknown_class,False,9819,512,True
cd76461145c8f0ce8309c4647f5868b1b044354a,train,1,MultifacetedAbstraction/Positive/apache_uima-uimafit_apache_uima-uimafit_org.apache.uima.fit.component.initialize0ConfigurationParameterInitializerTest.code,unknown_class,False,9472,512,True
565b579fa4546f408fb63877222f6fa63aac5495,train,0,MultifacetedAbstraction/Negative/apache_struts_apache_struts_com.opensymphony.xwork2.config.providers162XmlConfigurationProvider.code,unknown_class,False,9419,512,True
b9fc36c72c371f846dfa715db98e0fbd2671888c,val,1,MultifacetedAbstraction/Positive/mozilla_j2me.js_mozilla_j2me.js_javax.microedition.lcdui6Canvas.code,unknown_class,False,9120,512,True
e499987b9acde2c61bc9b40313923149d74b8715,train,0,MultifacetedAbstraction/Negative/Evolveum_midpoint_Evolveum_midpoint_com.evolveum.midpoint.model.intest.security1077TestSecurityMultitenant.code,unknown_class,False,9036,512,True
88beda49f29131a89d9e929f7acf942ab8553bb5,train,0,MultifacetedAbstraction/Negative/rapidminer_rapidminer_rapidminer_rapidminer_com.rapidminer.gui.look.fc542FileList.code,unknown_class,False,8919,512,True
45f857e02dde05d8c244b253de3d2c6e0a858f3d,train,1,MultifacetedAbstraction/Positive/apache_struts_apache_struts_org.apache.struts2.jasper.compiler3JspUtil.code,unknown_class,False,8843,512,True
e36e544c801be85c8b2bc7852fc17078440e6001,train,1,MultifacetedAbstraction/Positive/getsentry_raven-java_getsentry_raven-java_io.sentry0DefaultSentryClientFactory.code,unknown_class,False,8718,512,True
cabb76b8ab8dc6f61a6e5a8815c739a7999fc6c1,train,0,MultifacetedAbstraction/Negative/freenet_fred_freenet_fred_freenet.clients.http571PageMaker.code,unknown_class,False,8706,512,True
2345adca69b29f8ceb7aca3846f542ffe102b548,train,1,MultifacetedAbstraction/Positive/tabulapdf_tabula-java_tabulapdf_tabula-java_technology.tabula1TestSpreadsheetExtractor.code,unknown_class,False,8652,512,True
68b2385c30db06968e2be06a72ceb488c1f3c561,train,0,MultifacetedAbstraction/Negative/PayPal_SeLion_PayPal_SeLion_com.paypal.selion.platform.dataprovider354YamlDataProviderTest.code,unknown_class,False,8616,512,True
997c52215cabb8f7ac7f06bf60763dc8a4adf8e6,train,1,MultifacetedAbstraction/Positive/cping_RipplePower_cping_RipplePower_org.ripple.bouncycastle.jcajce.provider.symmetric4AES.code,unknown_class,False,8496,512,True
8628932c37c26b86788d46bd8efe1d6ffef19637,test,1,MultifacetedAbstraction/Positive/amutu_tdw_amutu_tdw_org.apache.hadoop.hive.jdbc1HiveDatabaseMetaData.code,unknown_class,False,8468,512,True
a16c2eb9ce5f895909954292ff086451851f687d,train,1,MultifacetedAbstraction/Positive/apache_tajo_apache_tajo_org.apache.tajo.jdbc2TajoDatabaseMetaData.code,unknown_class,False,8284,512,True
19ebf5c33bad6e786b55b3c31eec790ca9ee1deb,val,1,MultifacetedAbstraction/Positive/cping_RipplePower_cping_RipplePower_org.ripple.bouncycastle.asn1.x92X962NamedCurves.code,unknown_class,False,8252,512,True
331b97486a2049bbce1b6d17e29c2c6158f31ba7,train,0,MultifacetedAbstraction/Negative/Cloudslab_cloudsim_Cloudslab_cloudsim_org.cloudbus.cloudsim9Datacenter.code,unknown_class,False,8250,512,True
a46b552372feb6a709c9ec00f2c5ccd7b55b5efa,train,1,MultifacetedAbstraction/Positive/magarena_magarena_magarena_magarena_magic.model.condition2MagicCondition.code,unknown_class,False,8207,512,True
676e0d9f43da59ceeb7cfedb70ee21d2b3626153,val,1,MultifacetedAbstraction/Positive/HearthStats_HearthStats.net-Uploader_HearthStats_HearthStats.net-Uploader_net.sourceforge.tess4j0TessAPI1.code,unknown_class,False,8165,512,True
ee8a340f4e07d816ef7dfcbf239e401563457fb1,train,0,MultifacetedAbstraction/Negative/apache_tajo_apache_tajo_org.apache.tajo.master994TajoMasterClientService.code,unknown_class,False,8119,512,True
79b87a5c77a076a63ce775e37235749bef930d4d,train,1,MultifacetedAbstraction/Positive/primecloud-controller-org_primecloud-controller_primecloud-controller-org_primecloud-controller_jp.primecloud.auto.service1BaseServiceSupport.code,unknown_class,False,8040,512,True
cbccd354d605efb97ec4ae24941e83f94937c8d5,train,0,MultifacetedAbstraction/Negative/apache_incubator-blur_apache_incubator-blur_org.apache.blur.thrift.generated1522queryStatusById_args.code,unknown_class,False,8034,512,True
99e10624b594b1fec286e04ac2a1ffe90391f965,val,0,MultifacetedAbstraction/Negative/FenixEdu_fenixedu-academic_FenixEdu_fenixedu-academic_org.fenixedu.academic.ui.faces.bean.bolonhaManager.curricularPlans2550CurricularCourseManagementBackingBean.code,unknown_class,False,8033,512,True
356aa1ff3c3accca535e8db51fea9c62a54c40da,val,1,MultifacetedAbstraction/Positive/apache_tajo_apache_tajo_org.apache.tajo.plan4ExprAnnotator.code,unknown_class,False,7915,512,True
2955db400cf88295f7e1fc53ef87516ab93c9497,train,1,MultifacetedAbstraction/Positive/imagej_imagej-ops_imagej_imagej-ops_net.imagej.ops.math2UnaryRealTypeMath.code,unknown_class,False,7814,512,True
f6b42e0ce514e0350cf3a68918b97346066e70ba,test,1,MultifacetedAbstraction/Positive/wgybzbrobot_sentiment-search_wgybzbrobot_sentiment-search_zx.soft.sent.dao.domain.platform0Builder.code,unknown_class,False,7797,512,True
c96bdc8948ed87ac70b1d244ef7bbafb93aa9b12,train,1,MultifacetedAbstraction/Positive/cglib_cglib_cglib_cglib_net.sf.cglib.core2EmitUtils.code,unknown_class,False,7787,512,True
193ff32c61a9e7c5398668e72a45ca57f2e07014,test,1,MultifacetedAbstraction/Positive/google_closure-compiler_google_closure-compiler_com.google.javascript.jscomp3DevirtualizeMethodsTest.code,unknown_class,False,7625,512,True
3de8bfaee5adacb7f178fb639dde123e42f55794,train,1,MultifacetedAbstraction/Positive/wso2_MDM-Android-Agent_wso2_MDM-Android-Agent_com.actionbarsherlock.app0ActionBar.code,unknown_class,False,7466,512,True
d18066e7c867190946c65e05752ffbf59f659ff9,train,1,MultifacetedAbstraction/Positive/whatscloud_whatscloud-android_whatscloud_whatscloud-android_com.actionbarsherlock.app0ActionBar.code,unknown_class,False,7466,512,True
5bea567e0e733c69c789588b728a1b5b8378ab6e,val,0,MultifacetedAbstraction/Negative/glazedlists_glazedlists_glazedlists_glazedlists_ca.odell.glazedlists.impl.adt.barcode2421SimpleTree.code,unknown_class,False,7454,512,True
67d3820e257952f086636f6e82f5ea2b0a61b3b5,train,0,MultifacetedAbstraction/Negative/caskdata_cdap_caskdata_cdap_io.cdap.cdap.data2.dataset2.lib.partitioned1809PartitionConsumerTest.code,unknown_class,False,7432,512,True
8342f7f7a721e9a57db77cb8542bd1982b59bcc5,train,0,MultifacetedAbstraction/Negative/ic3fox_jawr-main-repo_ic3fox_jawr-main-repo_net.jawr.web.resource.bundle.factory107BundlesHandlerFactory.code,unknown_class,False,7402,512,True
8a7d58c1e5ac0a74da64f573ffb0bd87fb9d52a1,train,0,MultifacetedAbstraction/Negative/cloud-software-foundation_c5_cloud-software-foundation_c5_org.apache.hadoop.hbase.codec.prefixtree574PrefixTreeBlockMeta.code,unknown_class,False,7351,512,True
8a73125927026b480f38821a6ee88b78c51432bc,train,1,MultifacetedAbstraction/Positive/bitcoinj_bitcoinj_bitcoinj_bitcoinj_org.bitcoinj.core0PeerGroupTest.code,unknown_class,False,7274,512,True
a186c74a9a48d351a89df4d80e9b0fc9f0c7797d,train,0,MultifacetedAbstraction/Negative/caskdata_cdap_caskdata_cdap_io.cdap.cdap.internal.provision3990ProvisioningService.code,unknown_class,False,7230,512,True
72ec533db688b25a08930cc7783dee563d2ac19f,train,0,MultifacetedAbstraction/Negative/ceskaexpedice_kramerius_ceskaexpedice_kramerius_cz.incad.kramerius.security.impl796DatabaseUserManager.code,unknown_class,False,7222,512,True
2848b44b5af7516560b49cf7e116d953190841a3,train,1,MultifacetedAbstraction/Positive/arquillian_arquillian-cube_arquillian_arquillian-cube_org.arquillian.cube.docker.impl.client0CubeConfigurationTest.code,unknown_class,False,7197,512,True
a0990967b2c5c9af7e1595c6c46f106eb42b90e8,train,0,MultifacetedAbstraction/Negative/bydavy_android-number-morphing_bydavy_android-number-morphing_com.bydavy.morpher.font11DFont.code,unknown_class,False,7117,512,True
30efc462db0e5e59d358fb0de279b22988bccacd,test,0,MultifacetedAbstraction/Negative/Evolveum_midpoint_Evolveum_midpoint_com.evolveum.midpoint.model.intest.archetypes1009TestArchetypes.code,unknown_class,False,7104,512,True
6b5d8bc16ec4796f41da389884a4c8028178a834,train,0,MultifacetedAbstraction/Negative/cloud-software-foundation_c5_cloud-software-foundation_c5_org.apache.hadoop.hbase.protobuf.generated1546Action.code,unknown_class,False,7074,512,True
753ee67b647e664e6f93a4ad5d485e336a5cd7c6,test,1,MultifacetedAbstraction/Positive/thelinmichael_spotify-web-api-java_thelinmichael_spotify-web-api-java_com.wrapper.spotify.model_objects.miscellaneous1Builder.code,unknown_class,False,7069,512,True
9cb1777e6ff29fb878dc0532a066237406a56588,train,0,MultifacetedAbstraction/Negative/rundeck_rundeck_rundeck_rundeck_com.dtolabs.rundeck.core.common186TestFrameworkProject.code,unknown_class,False,7068,512,True
d3993fd53ce0a54d94ad20975c01f2e6b3d0ef90,train,0,MultifacetedAbstraction/Negative/freenet_fred_freenet_fred_freenet.client.async172SplitFileInserterSegmentStorage.code,unknown_class,False,7062,512,True
b1eb21330c42955580ef3621c9f7b66aedfe0c00,train,1,MultifacetedAbstraction/Positive/apache_incubator-blur_apache_incubator-blur_org.apache.blur.thrift.generated7ValueObject.code,unknown_class,False,6996,512,True
b39b5172372c2afb4a609d85625c1146a08c56eb,train,1,MultifacetedAbstraction/Positive/apache_tajo_apache_tajo_org.apache.tajo.catalog0CatalogUtil.code,unknown_class,False,6994,512,True
59adc6069ca84d8cb42ccecc0b790bc2c7753747,train,1,MultifacetedAbstraction/Positive/google_guice_google_guice_com.google.inject.spi9ProviderMethodsTest.code,unknown_class,False,6984,512,True
86a509982bed4e6f7b33c891d83bb22ff77fd003,train,0,MultifacetedAbstraction/Negative/foxinmy_weixin4j_foxinmy_weixin4j_com.zone.weixin4j.base64612Base64.code,unknown_class,False,6981,512,True
3dbfb4ea9ceb09dba345a1edfe3d9ca779b1ddf1,train,0,MultifacetedAbstraction/Negative/vert-x3_vertx-codegen_vert-x3_vertx-codegen_io.vertx.test.codegen169ClassNullableTest.code,unknown_class,False,6963,512,True
a37e6c70bb7edc6985f83fc2eb65aadaf672fe9f,train,1,MultifacetedAbstraction/Positive/google_truth_google_truth_com.google.common.truth1FloatSubjectTest.code,unknown_class,False,6956,512,True
056616a5bda9df839d2cd373078607aad350a373,train,0,MultifacetedAbstraction/Negative/cloud-software-foundation_c5_cloud-software-foundation_c5_org.apache.hadoop.hbase.protobuf.generated1555AggregateRequest.code,unknown_class,False,6955,512,True
e66ee40d4174370d34a03b24112534d0334f2142,train,1,MultifacetedAbstraction/Positive/CloudSlang_cloud-slang_CloudSlang_cloud-slang_io.cloudslang.lang.tools.build1SlangBuildMain.code,unknown_class,False,6908,512,True
ec07e5f8ffe57b498996d51f3bf2ad36bf573571,train,1,MultifacetedAbstraction/Positive/openscore_score-actions_openscore_score-actions_io.cloudslang.content.amazon.entities.inputs0Builder.code,unknown_class,False,6877,512,True
2975d431b428a06ff39ce8cf52210d65d0f02a62,train,0,MultifacetedAbstraction/Negative/mozilla_j2me.js_mozilla_j2me.js_javax.microedition.media1813Player.code,unknown_class,False,6756,512,True
73c3385209096c01a17a3f645b55b3964b8b8aad,test,1,MultifacetedAbstraction/Positive/rancherio_cattle_rancherio_cattle_io.cattle.platform.configitem.context.dao.impl1MetaDataInfoDaoImpl.code,unknown_class,False,6726,512,True
1cdf71e8ffd80ac890b72b58f102bab62ced4102,test,1,MultifacetedAbstraction/Positive/OpenHFT_Chronicle-Wire_OpenHFT_Chronicle-Wire_net.openhft.chronicle.wire2RawWire.code,unknown_class,False,6667,512,True
8014f250a5a0b93822483abed7eef1302359e86b,test,0,MultifacetedAbstraction/Negative/pushtorefresh_bamboo-storage_pushtorefresh_bamboo-storage_com.pushtorefresh.storio3.sqlite.operations.delete517PreparedDeleteCollectionOfObjectsTest.code,unknown_class,False,6606,512,True
3146b3928182de6814eb19ebf7f1d30b6609bfd5,val,0,MultifacetedAbstraction/Negative/imglib_imglib2_imglib_imglib2_net.imglib2.util648KthElement.code,unknown_class,False,6569,512,True
041e8613a0b8c0a6ee5d81e4993aaa0cdf376445,train,1,MultifacetedAbstraction/Positive/apache_incubator-wave_apache_incubator-wave_org.waveprotocol.wave.client1DefaultProvider.code,unknown_class,False,6514,512,True
004a2d5db41e31bf0e19c0348bd6ef3d6eee6457,val,1,MultifacetedAbstraction/Positive/freenet_plugin-WebOfTrust_freenet_plugin-WebOfTrust_plugins.WebOfTrust.introduction.captcha.kaptcha.jhlabs.image0ImageMath.code,unknown_class,False,6497,512,True
c172bf6b8e449980e4062e78dce15e77d9dde301,train,1,MultifacetedAbstraction/Positive/TannerPerrien_picasso-transformations_TannerPerrien_picasso-transformations_com.picassotransformations.jhlabs0ImageMath.code,unknown_class,False,6497,512,True
e7b76fd70dbeb55d7d03682b6eb54c4cddbf04db,train,1,MultifacetedAbstraction/Positive/CorfuDB_CorfuDB_CorfuDB_CorfuDB_org.corfudb.runtime.object.transactions0OptimisticTransactionContextTest.code,unknown_class,False,6496,512,True
4a18cccd1d2d1a27a82cc581d6f70baf1f92397e,test,0,MultifacetedAbstraction/Negative/openMF_android-client_openMF_android-client_com.mifos.objects.templates.loans623GroupLoanTemplate.code,unknown_class,False,6465,512,True
589760ce5f03bd49dbe0493ffd1b13e08d8caf45,train,0,MultifacetedAbstraction/Negative/google_guava_google_guava_com.google.common.testing.anotherpackage2921ForwardingWrapperTesterTest.code,unknown_class,False,6452,512,True
e8e7339778aa462bca0c83d4de98e8a43fb0639f,train,1,MultifacetedAbstraction/Positive/semanticvectors_semanticvectors_semanticvectors_semanticvectors_pitt.search.semanticvectors0FlagConfig.code,unknown_class,False,6439,512,True
fe94e8344ecfbf0f5831061c49ac9098a691935e,train,1,MultifacetedAbstraction/Positive/google_truth_google_truth_com.google.common.truth0DoubleSubjectTest.code,unknown_class,False,6432,512,True
c57dfaf5c78b3fc55199027ae055136cae561a2d,train,1,MultifacetedAbstraction/Positive/bruno-medeiros_DDT_bruno-medeiros_DDT_melnorme.lang.ide.core_text1LangAutoEditStrategyTest.code,unknown_class,False,6406,512,True
760ea97a068919b3e3186a8b193750f278037743,val,1,MultifacetedAbstraction/Positive/apache_tajo_apache_tajo_org.apache.tajo.engine.codegen1EvalCodeGenerator.code,unknown_class,False,6401,512,True
838a478eac9c96070d1053526122c52674afca0d,val,0,MultifacetedAbstraction/Negative/querydsl_querydsl_querydsl_querydsl_com.querydsl.mongodb1760MongodbQueryTest.code,unknown_class,False,6362,512,True
4b6b5cf466150e8d12554b72f3628fada68b2005,val,0,MultifacetedAbstraction/Negative/numenta_htm.java_numenta_htm.java_org.numenta.nupic.encoders85ScalarEncoder.code,unknown_class,False,6335,512,True
5c7e170a7480b457ac391a0d82f32bc15b45fe05,train,0,MultifacetedAbstraction/Negative/CorfuDB_CorfuDB_CorfuDB_CorfuDB_org.corfudb.runtime.checkpoint304CheckpointSmokeTest.code,unknown_class,False,6328,512,True
a427ff694ba1961500730184e0a36927b50a405e,train,1,MultifacetedAbstraction/Positive/caskdata_cdap_caskdata_cdap_io.cdap.cdap.io6SchemaTest.code,unknown_class,False,6323,512,True
7b634e1d3fd9d670c582ebd2df9d187d528ca5c8,train,1,MultifacetedAbstraction/Positive/apache_stratos_apache_stratos_org.jclouds.aws.ec2.features0AWSInstanceApiTest.code,unknown_class,False,6287,512,True
dea0cf179976e9e3fe6d123723fe2338820c68c7,train,0,MultifacetedAbstraction/Negative/freenet_fred_freenet_fred_freenet.client26FetchContext.code,unknown_class,False,6277,512,True
3eaad02a8d17afde0dff77025f092e8265b79d0c,test,0,MultifacetedAbstraction/Negative/looly_hutool_looly_hutool_cn.hutool.core.util523TypeUtil.code,unknown_class,False,6267,512,True
a54d8bede1a42c6baafe4794d95692f38d646104,train,0,MultifacetedAbstraction/Negative/cping_RipplePower_cping_RipplePower_org.ripple.bouncycastle.crypto.engines1269Threefish1024Cipher.code,unknown_class,False,6262,512,True
d4a7b4f63cf97f2a3906b3d96d7311af11f47777,train,0,MultifacetedAbstraction/Negative/kaazing_gateway_kaazing_gateway_org.kaazing.gateway.util2385EncodingTest.code,unknown_class,False,6214,512,True
0b623749274c06a5aa7e79a2ccab2af4e58d2569,train,0,MultifacetedAbstraction/Negative/pietermartin_sqlg_pietermartin_sqlg_org.umlg.sqlg.structure181SqlgVertex.code,unknown_class,False,6210,512,True
07275df6bd28e231e8d189356123746290605e46,train,0,MultifacetedAbstraction/Negative/cloud-software-foundation_c5_cloud-software-foundation_c5_org.apache.hadoop.hbase.protobuf.generated1891MutateRowsRequest.code,unknown_class,False,6157,512,True
d1481696d3f494684a5c715cc3ee134bfb90de34,train,1,MultifacetedAbstraction/Positive/PayPal_PayPal-Java-SDK_PayPal_PayPal-Java-SDK_com.paypal.api.payments3Invoice.code,unknown_class,False,6044,512,True
62b56213b5eb64eb8036a9177a441e15b70f305b,train,1,MultifacetedAbstraction/Positive/caskdata_cdap_caskdata_cdap_io.cdap.cdap.explore.jdbc4ExploreDatabaseMetaData.code,unknown_class,False,6042,512,True
8b1a69a2d9b775b0bc8397d6209785fcc1d7c063,train,0,MultifacetedAbstraction/Negative/apache_incubator-blur_apache_incubator-blur_org.apache.blur.thrift.generated1393listSnapshots_args.code,unknown_class,False,6040,512,True
43820286df861cbf2421fb11d6cc5a083bb0c150,train,1,MultifacetedAbstraction/Positive/querydsl_querydsl_querydsl_querydsl_com.querydsl.core.types.dsl10StringExpression.code,unknown_class,False,6034,512,True
298c3e1355c6293a86556fa6abefbf0adc19f53e,train,1,MultifacetedAbstraction/Positive/guardianproject_storymaker_guardianproject_storymaker_org.storymaker.app0SceneEditorActivity.code,unknown_class,False,6033,512,True
454a9fe441a75f418cc9c1492f61c22de7ce1ba7,val,1,MultifacetedAbstraction/Positive/dswarm_dswarm_dswarm_dswarm_org.dswarm.persistence.model.schema.utils1SchemaUtils.code,unknown_class,False,5972,512,True
4c3236ca96c0256f748a14b443eafa5fc6479132,train,1,MultifacetedAbstraction/Positive/igniterealtime_Openfire_igniterealtime_Openfire_org.jivesoftware.openfire.spi3ConnectionManagerImpl.code,unknown_class,False,5928,512,True
67f65654c5b65c9306d10404178713561da7b1bc,test,1,MultifacetedAbstraction/Positive/jqm4gwt_jqm4gwt_jqm4gwt_jqm4gwt_com.sksamuel.jqm4gwt.button1JQMButton.code,unknown_class,False,5906,512,True
7dba8b83bcf36f4c4936bce1cae091fad7f9c667,train,0,MultifacetedAbstraction/Negative/neuroph_master_neuroph_master_org.neuroph.netbeans.lpr.wiz735LicencePlateRecognitionVisualPanel1.code,unknown_class,False,5886,512,True
6f2e8b46631cbde83e69693aa6d5163e25d823f1,train,1,MultifacetedAbstraction/Positive/rapidminer_rapidminer_rapidminer_rapidminer_com.rapidminer.deployment.client.wsimport0ObjectFactory.code,unknown_class,False,5877,512,True
8189799de73efd0f354e61d60780fbac9e22721b,train,0,MultifacetedAbstraction/Negative/ic3fox_jawr_ic3fox_jawr_test.net.jawr.web.resource.bundle.generator.variant.css474CssSkinGeneratorTestCase.code,unknown_class,False,5872,512,True
049a585e79ae11107b0fa07d32401becf02c1764,train,1,MultifacetedAbstraction/Positive/google_closure-compiler_google_closure-compiler_com.google.javascript.jscomp4NodeTraversalTest.code,unknown_class,False,5869,512,True
8569f9920a72f61364d9a00b2367437c8851db8d,train,0,MultifacetedAbstraction/Negative/timolson_cointrader_timolson_cointrader_org.cryptocoinpartners.schema152GeneralOrder.code,unknown_class,False,5840,512,True
e680578e6112e7f784a30eaf582e1e38b274ab50,val,1,MultifacetedAbstraction/Positive/mozilla_j2me.js_mozilla_j2me.js_java.lang5Class.code,unknown_class,False,5800,512,True
ac48ee4880dabd9fa5db2c8ac42c265e4310b9c2,train,1,MultifacetedAbstraction/Positive/gid15_jpcsp_gid15_jpcsp_jpcsp.HLE.modules6sceNetIfhandle.code,unknown_class,False,5794,512,True
670c20ebf6bf4939e3fc92df5c7fe6afc23db5d9,train,0,MultifacetedAbstraction/Negative/pavel4n_wowdoge.org_pavel4n_wowdoge.org_com.google.dogecoin.protocols.channels247StoredClientPaymentChannels.code,unknown_class,False,5782,512,True
f6b11f679fbedadbc9b36e63970fb9525eb00dec,train,1,MultifacetedAbstraction/Positive/iipc_webarchive-commons_iipc_webarchive-commons_org.archive.url4UsableURIFactory.code,unknown_class,False,5772,512,True
2c5000cbfc45f28f673a81ea926458050fc18531,train,1,MultifacetedAbstraction/Positive/gosu-lang_gosu-lang_gosu-lang_gosu-lang_gw.test11TestClass.code,unknown_class,False,5737,512,True
72d2d8cf71e14972a8bb5c188a82e3ed593d3fea,test,0,MultifacetedAbstraction/Negative/FenixEdu_fenixedu-academic_FenixEdu_fenixedu-academic_org.fenixedu.academic.domain.candidacyProcess.degreeChange653DegreeChangeIndividualCandidacyProcess.code,unknown_class,False,5659,512,True
b88fe06a1257835c24e119153af352c9fcd4e375,train,1,MultifacetedAbstraction/Positive/querydsl_querydsl_querydsl_querydsl_com.querydsl.core.types.dsl9NumberExpression.code,unknown_class,False,5593,512,True
8e8f3c360f9eaa44d3025f003a405df71822289f,train,1,MultifacetedAbstraction/Positive/caskdata_cdap_caskdata_cdap_io.cdap.cdap.metadata7MetadataSubscriberServiceTest.code,unknown_class,False,5587,512,True
63ebb3cf5a3110375ef14e8a76e3bf2463f24b51,train,1,MultifacetedAbstraction/Positive/apache_uima-uimafit_apache_uima-uimafit_org.apache.uima.fit.factory.testAes2ParameterizedAE.code,unknown_class,False,5570,512,True
90448180a47854e41b8ee5439079f43ddd2c969e,train,0,MultifacetedAbstraction/Negative/wso2_product-esb_wso2_product-esb_com.starbucks.apps7StarbucksBarista.code,unknown_class,False,5567,512,True
83d13afda8462d9bac472aa305648f5a18c95fdd,train,0,MultifacetedAbstraction/Negative/oodrive_eguan_oodrive_eguan_io.eguan.utils438Files.code,unknown_class,False,5552,512,True
1c84c5270ee2170401041a05860d5b7ba72c1f40,test,0,MultifacetedAbstraction/Negative/aol_simple-react_aol_simple-react_cyclops.futurestream.react.lazy.futures1212OperationsOnFuturesTest.code,unknown_class,False,5551,512,True
366b3e9808be4b9ebfd1dfc3659e88271e97b2b8,train,1,MultifacetedAbstraction/Positive/cping_RipplePower_cping_RipplePower_org.ripple.power.txns.btc7BlockStore.code,unknown_class,False,5439,512,True
070bd17fb21da1c6b826cd2078bded5ec64e7216,train,1,MultifacetedAbstraction/Positive/google_guice_google_guice_com.google.inject3JitBindingsTest.code,unknown_class,False,5388,512,True
ae56d30ebb2061df4303a17147f7e763030fcf4e,train,0,MultifacetedAbstraction/Negative/Cardshifter_Cardshifter_Cardshifter_Cardshifter_com.cardshifter.client56GameClientController.code,unknown_class,False,5381,512,True
06c2efba711fa3f7a1f9bf9c23de83cda5160216,train,0,MultifacetedAbstraction/Negative/PGWelch_com.opendoorlogistics_PGWelch_com.opendoorlogistics_com.opendoorlogistics.codefromweb.jxmapviewer2180DesktopPaneMapViewer.code,unknown_class,False,5368,512,True
285b04c97895036a048024356257bf53616aec6c,val,1,MultifacetedAbstraction/Positive/amutu_tdw_amutu_tdw_(default package)0ColumnStroageStabilityTest.code,unknown_class,False,5359,512,True
e8392f5e04b5b9527b2814013fc6355d9d28db3e,train,1,MultifacetedAbstraction/Positive/kiselev-dv_gazetteer_kiselev-dv_gazetteer_me.osm.gazetter0Gazetteer.code,unknown_class,False,5357,512,True
20321cad18e8fb7744d508efbb2b20fafb1382c7,train,0,MultifacetedAbstraction/Negative/cloud-software-foundation_c5_cloud-software-foundation_c5_org.apache.hadoop.hbase.protobuf.generated1823IsSnapshotDoneResponse.code,unknown_class,False,5355,512,True
fd303ed283950fca82af0a86025d7669e30b7575,train,0,MultifacetedAbstraction/Negative/gid15_jpcsp_gid15_jpcsp_jpcsp.HLE.modules1136sceNpMatching2.code,unknown_class,False,5265,512,True
a1fc8ae667fc09dc3568ee12fc8976e42e04ddaa,train,0,MultifacetedAbstraction/Negative/gid15_jpcsp_gid15_jpcsp_jpcsp.network.proonline1769PacketFactory.code,unknown_class,False,5243,512,True
42c0c657c6a407260d608391177735de13211179,val,1,MultifacetedAbstraction/Positive/google_guice_google_guice_com.google.inject0BinderTest.code,unknown_class,False,5194,512,True
ff983cef8fcf792f30b34d58a1b3357da3da0c11,train,0,MultifacetedAbstraction/Negative/linkedin_gobblin_linkedin_gobblin_org.apache.gobblin.tunnel3006TestTunnelWithArbitraryTCPTraffic.code,unknown_class,False,5193,512,True
c13ca3cf0e129a6fd0615d50dac0614de30f79df,val,1,MultifacetedAbstraction/Positive/GluuFederation_oxTrust_GluuFederation_oxTrust_org.gluu.oxtrust.service.antlr.scimFilter.antlr41ScimFilterLexer.code,unknown_class,False,5190,512,True
a81a7efdda30fe2efc191381c245058cad2d6dfd,test,0,MultifacetedAbstraction/Negative/google_guava_google_guava_com.google.common.reflect2552Invokable.code,unknown_class,False,5183,512,True
e86fc4043f96c8a17dd50d8bd5f8df62edbcbede,train,1,MultifacetedAbstraction/Positive/caskdata_cdap_caskdata_cdap_org.apache.hadoop.fs.sftp10SFTPFileSystem.code,unknown_class,False,5174,512,True
057e706e436a8015153e6bdf54ed2e33de60848b,test,1,MultifacetedAbstraction/Positive/tabulapdf_tabula-java_tabulapdf_tabula-java_technology.tabula0TestBasicExtractor.code,unknown_class,False,5160,512,True
084479734dec38f26707a263898bde3c1a3a51eb,train,0,MultifacetedAbstraction/Negative/RuedigerMoeller_kontraktor_RuedigerMoeller_kontraktor_org.nustaq.kontraktor.barebone213RemoteActorConnection.code,unknown_class,False,5154,512,True
61dd6dfd74c9f406c56b9faec36398f0d0c0c5f7,train,0,MultifacetedAbstraction/Negative/tuguangquan_mybatis_tuguangquan_mybatis_org.apache.ibatis.submitted.sptests753SPTest.code,unknown_class,False,5152,512,True
c28572b52b2570a067a03726752268b557516c58,test,1,MultifacetedAbstraction/Positive/google_closure-templates_google_closure-templates_com.google.template.soy.jbcsrc.restricted4MethodRef.code,unknown_class,False,5126,512,True
04647c6cd64e700b37a6153e68506991e1951ee2,train,0,MultifacetedAbstraction/Negative/cloud-software-foundation_c5_cloud-software-foundation_c5_org.apache.hadoop.hbase.protobuf.generated2133WhoAmIResponse.code,unknown_class,False,5116,512,True
3920cbf01dd9680beac772f0a976f28fd4812aba,test,0,MultifacetedAbstraction/Negative/haifengl_smile_haifengl_smile_smile.math.matrix415DenseMatrix.code,unknown_class,False,5114,512,True
3fc1e5e86ed305d1073c5ddf5d21007686a5783d,train,0,MultifacetedAbstraction/Negative/apache_falcon_apache_falcon_org.apache.falcon.regression440ProcessInstanceRerunTest.code,unknown_class,False,5106,512,True
abd9c9a813dab78da23ceeb733d6e4b17fca4be2,train,0,MultifacetedAbstraction/Negative/openMF_android-client_openMF_android-client_com.mifos.mifosxdroid.online.clientdetails253ClientDetailsFragment.code,unknown_class,False,5087,512,True
12d1e94affa04120abc0c337335b804c1e1e870c,test,1,MultifacetedAbstraction/Positive/kristian-lange_MechArg_kristian-lange_MechArg_general.common0MessagesStrings.code,unknown_class,False,5045,512,True
fba41b89f171eb81f80ca96efcc7cc9861c2161e,train,0,MultifacetedAbstraction/Negative/operasoftware_operaprestodriver_operasoftware_operaprestodriver_com.opera.core.systems.scope.protos356GroupList.code,unknown_class,False,5021,512,True
b5320d3b941f4960b875ef24ea75a839df714b9f,val,0,MultifacetedAbstraction/Negative/linkedin_gobblin_linkedin_gobblin_org.apache.gobblin.util.limiter3259BatchedPermitsRequester.code,unknown_class,False,4993,512,True
1d26fec83f3bcb252ebdbf285c798960386917e7,train,0,MultifacetedAbstraction/Negative/yahoo_artifactory_ssh_proxy_yahoo_artifactory_ssh_proxy_com.yahoo.sshd.server.settings85SshdSettingsBuilder.code,unknown_class,False,4964,512,True
1a789b39ad8a4b90214f25d4485310144f077007,train,0,MultifacetedAbstraction/Negative/google_closure-templates_google_closure-templates_com.google.template.soy.shared.internal1086EscapingConventionsTest.code,unknown_class,False,4949,512,True
c150d7f2b754cc6ec903a482a9b000fc71815fd3,train,1,MultifacetedAbstraction/Positive/google_guice_google_guice_com.google.inject1BindingTest.code,unknown_class,False,4932,512,True
f502aca3c794d0802e896782c977089258007b80,train,0,MultifacetedAbstraction/Negative/edx_edx-app-android_edx_edx-app-android_org.edx.mobile.view642CourseUnitVideoFragment.code,unknown_class,False,4917,512,True
75bfea5ea49e81eb55cf6f4fc03f087d90727b11,train,0,MultifacetedAbstraction/Negative/ceskaexpedice_kramerius_ceskaexpedice_kramerius_cz.incad.kramerius.pdf.impl496FirstPagePDFServiceImpl.code,unknown_class,False,4915,512,True
11109ca0f03dfbba78547e303ecadee15dc1e730,val,1,MultifacetedAbstraction/Positive/rapidminer_rapidminer_rapidminer_rapidminer_com.rapidminer.gui.look1Colors.code,unknown_class,False,4905,512,True
d2729031d4e53755c15dddad262ee3eb184bb730,train,1,MultifacetedAbstraction/Positive/PayPal_PayPal-Java-SDK_PayPal_PayPal-Java-SDK_com.paypal.api.payments0Agreement.code,unknown_class,False,4898,512,True
58250e302880ea80766d27a9cd2fb287f13ac42d,train,0,MultifacetedAbstraction/Negative/rancherio_cattle_rancherio_cattle_io.cattle.platform.iaas.api.auth.integration.azure908AzureRESTClient.code,unknown_class,False,4898,512,True
45a7803487354f7ecedb87af59226f547f71b9c6,train,1,MultifacetedAbstraction/Positive/rancherio_cattle_rancherio_cattle_io.cattle.platform.core.model.tables35InstanceTable.code,unknown_class,False,4879,512,True
b785a6aaf5bd73d0e70878b7d656143ba1c3b76e,train,1,MultifacetedAbstraction/Positive/mklemm_jaxb2-rich-contract-plugin_mklemm_jaxb2-rich-contract-plugin_com.kscs.util.plugins.xjc0MetaPlugin.code,unknown_class,False,4859,512,True
3469a597d24dc5f6d32e528cd1123a293423f29b,train,0,MultifacetedAbstraction/Negative/dswarm_dswarm_dswarm_dswarm_org.dswarm.controller.resources.schema147SchemasResource.code,unknown_class,False,4815,512,True
2799bc49e5303cfafab43ed53a294ef05510e7bf,train,1,MultifacetedAbstraction/Positive/Esri_military-apps-library-java_Esri_military-apps-library-java_com.esri.militaryapps.util1Utilities.code,unknown_class,False,4804,512,True
068d7cfd8718b252cc8f8a1471483eb7deac2490,train,0,MultifacetedAbstraction/Negative/castlabs_dashencrypt_castlabs_dashencrypt_com.castlabs.dash.helpers27DashHelper2.code,unknown_class,False,4799,512,True
b0d01dd00667523a8f07a67b133af97e35f1d26b,val,0,MultifacetedAbstraction/Negative/gmantele_taplib_gmantele_taplib_tap.config192TestTAPConfiguration.code,unknown_class,False,4763,512,True
2d3c6722113ae557b0bc6972d43754a1dacd6938,train,0,MultifacetedAbstraction/Negative/ymback_NGA-CLIENT-VER-OPEN-SOURCE_ymback_NGA-CLIENT-VER-OPEN-SOURCE_sp.phone.ui.adapter280ArticleListAdapter.code,unknown_class,False,4704,512,True
dac2267d1ff7a99e2ca4564500cae141fa6d4c11,train,0,MultifacetedAbstraction/Negative/SkymindIO_nd4j_SkymindIO_nd4j_org.nd4j.linalg.io1144ObjectUtils.code,unknown_class,False,4695,512,True
66766e9124d1938f4c585c0ffc487bb803478e57,train,0,MultifacetedAbstraction/Negative/real-logic_Agrona_real-logic_Agrona_org.agrona.collections92IntHashSet.code,unknown_class,False,4668,512,True
5a820798a244bcf983e6e53b1183ebc65083e4ef,train,0,MultifacetedAbstraction/Negative/rocketscience-projects_javaslang_rocketscience-projects_javaslang_io.vavr.collection295Maps.code,unknown_class,False,4652,512,True
1c03a1c312f0267d759545927ce6a3969c383260,train,0,MultifacetedAbstraction/Negative/allanbank_mongodb-async-driver_allanbank_mongodb-async-driver_com.allanbank.mongodb41ReadPreference.code,unknown_class,False,4647,512,True
10e2d3bd74eb6724b60ef01a9b98120d6ef07bce,train,1,MultifacetedAbstraction/Positive/hawkular_hawkular-metrics_hawkular_hawkular-metrics_org.hawkular.metrics.core.service.tags.parser0TagQueryLexer.code,unknown_class,False,4622,512,True
3fa839c06fc7f29c17d7fba9c6db6f5ba91cc307,train,1,MultifacetedAbstraction/Positive/google_closure-compiler_google_closure-compiler_com.google.javascript.jscomp.type10ChainableReverseAbstractInterpreter.code,unknown_class,False,4617,512,True
9c011e6586179dbcf285ff6fcaf9b1160539cfc1,train,1,MultifacetedAbstraction/Positive/irobertson_pojomatic_irobertson_pojomatic_org.pojomatic.internal0ClassPropertiesTest.code,unknown_class,False,4609,512,True
97ff8a460be0e37cb3626865084ad70a99c8d44d,train,0,MultifacetedAbstraction/Negative/openscore_score-actions_openscore_score-actions_io.cloudslang.content.mail.services525SendMail.code,unknown_class,False,4560,512,True
b764c75cf4542c843101a250b9f38dd4d73c6cf9,train,1,MultifacetedAbstraction/Positive/lightblue-platform_lightblue-core_lightblue-platform_lightblue-core_com.redhat.lightblue.query1QueryParseTest.code,unknown_class,False,4557,512,True
bd57a28ae7197aa533453b5d5883a4e198fbdca4,train,0,MultifacetedAbstraction/Negative/rapidminer_rapidminer_rapidminer_rapidminer_com.rapidminer.operator.nio2427MetaDataDeclarationWizardStep.code,unknown_class,False,4543,512,True
050bf9f60ea6abf41ea22198d3fe8025eb0a6e51,val,0,MultifacetedAbstraction/Negative/openhab_openhab2_openhab_openhab2_org.openhab.binding.phc.internal.handler3684PHCBridgeHandler.code,unknown_class,False,4543,512,True
40387fcb1489d81355b63adbe454b61d2faa23f7,train,0,MultifacetedAbstraction/Negative/amutu_tdw_amutu_tdw_FormatStorage123Segment.code,FormatStorage12,False,4523,512,True
573cc09add258da0baa7f23c07b2fd467ae220ea,test,1,MultifacetedAbstraction/Positive/EdwardRaff_JSAT_EdwardRaff_JSAT_jsat.parameters0Parameter.code,unknown_class,False,4516,512,True
bc76c244dd15d48ef6cf51cc542ec310b07743fe,val,1,MultifacetedAbstraction/Positive/ikarienator_pure-idea_ikarienator_pure-idea_in.twbs.pure.lang.parser1PureParser.code,unknown_class,False,4488,512,True
924e74aaa66ec3583e28bb37992001e42296c3dd,val,0,MultifacetedAbstraction/Negative/apache_struts_apache_struts_com.opensymphony.xwork2.inject239ContainerImpl.code,unknown_class,False,4476,512,True
d3bc556008e28443d258a9785879d891398204ad,train,1,MultifacetedAbstraction/Positive/VHAINNOVATIONS_InfoButtons-182_VHAINNOVATIONS_InfoButtons-182_org.openinfobutton.schemas.kb0ObjectFactory.code,unknown_class,False,4452,512,True
72bf4fe3e73e3b8da10b3e6efe15d52d9c02f14b,train,1,MultifacetedAbstraction/Positive/kaazing_gateway_kaazing_gateway_org.kaazing.gateway.server.test1Gateway.code,unknown_class,False,4438,512,True
91e20b5b7fc2cc2c1730115beb34a71a1ecc1fd9,train,0,MultifacetedAbstraction/Negative/haifengl_smile_haifengl_smile_smile.math.distance365EditDistanceTest.code,unknown_class,False,4406,512,True
1b125c2059899b7e61d4e37ac03d59c6bd08ff44,test,0,MultifacetedAbstraction/Negative/google_guice_google_guice_com.google.inject.assistedinject456FactoryModuleBuilderTest.code,unknown_class,False,4394,512,True
3f618cd9decf561a3db4e32785162c351048c6eb,train,0,MultifacetedAbstraction/Negative/kaazing_gateway_kaazing_gateway_org.apache.mina.util.byteaccess509CursorImpl.code,unknown_class,False,4368,512,True
b0b42fa5d563ea638d390bba9e5125b35f309092,val,0,MultifacetedAbstraction/Negative/kaazing_gateway_kaazing_gateway_org.kaazing.gateway.service.amqp.amqp0911209AmqpMessageEncoderTest.code,unknown_class,False,4362,512,True
5d235efd7eebf8e1c728e00634c0649ac03d8be6,train,1,MultifacetedAbstraction/Positive/mozilla_j2me.js_mozilla_j2me.js_com.sun.j2me.pim3PIMHandler.code,unknown_class,False,4361,512,True
9abf77bc009df4e2dcea367835d7b8710b0fc9cf,train,0,MultifacetedAbstraction/Negative/hankcs_HanLP_hankcs_HanLP_com.hankcs.hanlp.model.perceptron.utility546Utility.code,unknown_class,False,4351,512,True
bb4cbeae45df61caf802ee13dc6fae19725f619d,val,1,MultifacetedAbstraction/Positive/cglib_cglib_cglib_cglib_net.sf.cglib.core3ReflectUtils.code,unknown_class,False,4316,512,True
3822bc4fb44c17f0895a4199e89a52b8e2cdeef5,train,0,MultifacetedAbstraction/Negative/Evolveum_midpoint_Evolveum_midpoint_com.evolveum.midpoint.model.intest.misc1049TestMisc.code,unknown_class,False,4292,512,True
c0794710bb096676449bddbd5ac7b253476f04a8,val,1,MultifacetedAbstraction/Positive/google_closure-compiler_google_closure-compiler_com.google.javascript.rhino.jstype11Builder.code,unknown_class,False,4286,512,True
87bf8c4cfc95f42753d656e3547e3ede02875ccf,train,0,MultifacetedAbstraction/Negative/Evolveum_midpoint_Evolveum_midpoint_com.evolveum.midpoint.gui.impl.prism.component408PolyStringEditorPanel.code,unknown_class,False,4281,512,True
96b7be35006c809d007077f8b7b82d886d943ffc,train,1,MultifacetedAbstraction/Positive/odiszapc_nginx-java-parser_odiszapc_nginx-java-parser_com.github.odiszapc.nginxparser.antlr1NginxLexer.code,unknown_class,False,4271,512,True
f18101efbefabcb9d7aa2748a8d9d8e655e4e204,train,1,MultifacetedAbstraction/Positive/augustt198_lumen_augustt198_lumen_me.august.lumen.common0BytecodeUtil.code,unknown_class,False,4259,512,True
27464c3b60641982ec25827a28321647ddfd57ba,train,0,MultifacetedAbstraction/Negative/openlvc_portico_openlvc_portico_hlaunit.hla13.ddm607SubscribeInteractionClassWithRegionTest.code,unknown_class,False,4247,512,True
1071b6785ffc3f37bab4ffb292552e7fc83abc15,train,0,MultifacetedAbstraction/Negative/caskdata_cdap_caskdata_cdap_io.cdap.cdap.data.tools1609ReplicationStatusTool.code,unknown_class,False,4245,512,True
9d1532ab1b8d738989c3ba7b0e261fe51397ad76,train,0,MultifacetedAbstraction/Negative/nekopanda_logbook_nekopanda_logbook_logbook.gui103DropReportTable.code,unknown_class,False,4243,512,True
ac03eba62e4193934a94a7e097448ec484914d25,train,0,MultifacetedAbstraction/Negative/jmockit_jmockit1_jmockit_jmockit1_mockit.asm.metadata595ClassMetadataReader.code,unknown_class,False,4236,512,True
4ddb18c396978695977adc908e6fdfb79afb3352,train,1,MultifacetedAbstraction/Positive/ikarienator_pure-idea_ikarienator_pure-idea_in.twbs.pure.lang.parser0PureParsecParser.code,unknown_class,False,4233,512,True
70993722221bc322fa9a9b64e46414de0ca84f91,val,0,MultifacetedAbstraction/Negative/apache_tajo_apache_tajo_org.apache.tajo.org.objectweb.asm.tree1161MethodNode.code,unknown_class,False,4229,512,True
82487b01ba3d70d832c601d029dd6bf7386be7d8,train,1,MultifacetedAbstraction/Positive/iipc_webarchive-commons_iipc_webarchive-commons_org.archive.extract1RealCDXExtractorOutput.code,unknown_class,False,4212,512,True
f561591bb49652b9f507318fa0870d845aba1cd4,test,0,MultifacetedAbstraction/Negative/looly_hutool_looly_hutool_cn.hutool.core.util479BooleanUtil.code,unknown_class,False,4207,512,True
ecfbc9c3fe911800567347d645495145201798d4,train,0,MultifacetedAbstraction/Negative/mstahv_maddon_mstahv_maddon_org.vaadin.viritinv7.grid373MGrid.code,unknown_class,False,4176,512,True
5f75cdecbc9a2060e97786540ee2be2c259f8529,train,0,MultifacetedAbstraction/Negative/lightblue-platform_lightblue-core_lightblue-platform_lightblue-core_com.redhat.lightblue.assoc47RewriteQuery.code,unknown_class,False,4164,512,True
887d9e76496b9db30d6fb917c290e9bceef8da8c,val,0,MultifacetedAbstraction/Negative/mini2Dx_mini2Dx_mini2Dx_mini2Dx_org.mini2Dx.ui.render636ScrollBoxRenderNode.code,unknown_class,False,4118,512,True
65dc3da7353d69e2c4d1c1814d0a2b96cf03793b,train,1,MultifacetedAbstraction/Positive/kaazing_gateway_kaazing_gateway_org.jboss.netty.channel.socket.nio0AbstractNioWorker.code,unknown_class,False,4106,512,True
69c94dc4af55bfb48818753ad933b1e3bdc00a55,val,1,MultifacetedAbstraction/Positive/dobrynya_nomin_dobrynya_nomin_org.nomin.util0Converters.code,unknown_class,False,4102,512,True
f7a59e5859bed46f414e131939f4d06f3e6b3c55,train,0,MultifacetedAbstraction/Negative/apache_falcon_apache_falcon_org.apache.falcon.execution208ProcessExecutor.code,unknown_class,False,4067,512,True
52a367a7961073a3905404729f2a95071ad02361,train,1,MultifacetedAbstraction/Positive/linkedin_gobblin_linkedin_gobblin_org.apache.gobblin.data.management.conversion.hive.task1HiveConverterUtils.code,unknown_class,False,4055,512,True
f2a391cb1b0deec037eb1efeb9f34a80012aa26c,train,1,MultifacetedAbstraction/Positive/gmantele_taplib_gmantele_taplib_tap.config0TestConfigurableTAPFactory.code,unknown_class,False,4054,512,True
1d70e498f2a1b84fb2b5a508d0717d6d82d9e317,train,0,MultifacetedAbstraction/Negative/VHAINNOVATIONS_InfoButtons-182_VHAINNOVATIONS_InfoButtons-182_org.openinfobutton.schemas.kb101ContactInformation.code,unknown_class,False,4034,512,True
4ff2f18bcfe8d110bda05d437355a7e3def478f5,test,1,MultifacetedAbstraction/Positive/tokuhirom_avans_tokuhirom_avans_me.geso.avans.jackson1JacksonJsonViewTest.code,unknown_class,False,4010,512,True
ffafca66f776f73498abbedf8fea04793ed4f342,train,0,MultifacetedAbstraction/Negative/thelinmichael_spotify-web-api-java_thelinmichael_spotify-web-api-java_com.wrapper.spotify.model_objects.specification58AudioFeatures.code,unknown_class,False,3995,512,True
64387af93fadc0ac362c69a251898b5490029f5f,val,0,MultifacetedAbstraction/Negative/cloud-software-foundation_c5_cloud-software-foundation_c5_c5db.tablet110TabletService.code,unknown_class,False,3976,512,True
2babc371bcd591d35a5ea2c5d72c972bf1692451,train,1,MultifacetedAbstraction/Positive/jqm4gwt_jqm4gwt_jqm4gwt_jqm4gwt_com.sksamuel.jqm4gwt0JQMPopup.code,unknown_class,False,3975,512,True
55552284dcbe058fc99f692038b5a98209e60bfa,val,1,MultifacetedAbstraction/Positive/google_closure-compiler_google_closure-compiler_com.google.javascript.jscomp1CommandLineConfig.code,unknown_class,False,3972,512,True
e37bda80a9baf784910f4366857e24cb617a0277,train,1,MultifacetedAbstraction/Positive/google_closure-templates_google_closure-templates_com.google.template.soy.sharedpasses.render8EvalVisitorTest.code,unknown_class,False,3966,512,True
48579dad7c563871affc24ee2bd6729b99545054,train,1,MultifacetedAbstraction/Positive/querydsl_querydsl_querydsl_querydsl_com.querydsl.spatial.jts15JTSGeometryExpression.code,unknown_class,False,3963,512,True
4cff8d9689ddee6a914cba4a5499ebe8efc6c18f,val,1,MultifacetedAbstraction/Positive/querydsl_querydsl_querydsl_querydsl_com.querydsl.spatial14GeometryExpression.code,unknown_class,False,3937,512,True
10c777ee56672eba3751fef9892f6831b8ce8756,val,0,MultifacetedAbstraction/Negative/google_guava_google_guava_com.google.common.escape1845Escapers.code,unknown_class,False,3933,512,True
f7688b26e1570575be5f767049b630a05447d34c,train,0,MultifacetedAbstraction/Negative/apache_struts_apache_struts_org.apache.struts2.util.tomcat.buf1911CharChunk.code,unknown_class,False,3928,512,True
8a2bbe90a8e70a60b5d4b7b5cdce6995ec335303,train,0,MultifacetedAbstraction/Negative/opendaylight_controller_opendaylight_controller_org.opendaylight.controller.cluster.datastore439Builder.code,unknown_class,False,3920,512,True
cac71939422dc76124ce66a44ba925835acb472b,train,0,MultifacetedAbstraction/Negative/LapisBlue_Pore_LapisBlue_Pore_blue.lapis.pore.converter.type.world.effect54SoundConverter.code,unknown_class,False,3907,512,True
fba4e99f19e3f29843b564bddd7d0e7468d09d77,train,1,MultifacetedAbstraction/Positive/kaazing_gateway_kaazing_gateway_org.kaazing.gateway.transport.ws.util10WsUtilsTest.code,unknown_class,False,3907,512,True
2a47307963c3d1e0d57c5fcfae2211dcbedb3cd0,train,0,MultifacetedAbstraction/Negative/pavel4n_wowdoge.org_pavel4n_wowdoge.org_com.google.dogecoin.uri305BitcoinURITest.code,unknown_class,False,3890,512,True
d9b1903065ded14757b53001031b395132d3697d,train,0,MultifacetedAbstraction/Negative/apache_incubator-blur_apache_incubator-blur_org.apache.blur.mapreduce.lib555CsvBlurDriver.code,unknown_class,False,3884,512,True
135c3642df2657dcf9989541db1f18216e7194d2,train,1,MultifacetedAbstraction/Positive/ethereum_ethereumj_ethereum_ethereumj_org.ethereum.vm2PrecompiledContracts.code,unknown_class,False,3884,512,True
7e2d6c88bdd79ec5ff5ee6d1de2c5d83cd1c577c,val,1,MultifacetedAbstraction/Positive/jenkinsci_acceptance-test-harness_jenkinsci_acceptance-test-harness_org.jenkinsci.test.acceptance.plugins.git0GitScm.code,unknown_class,False,3884,512,True
3dac40ff7377a8871aff85563358fd3675c26a01,train,0,MultifacetedAbstraction/Negative/pietermartin_sqlg_pietermartin_sqlg_org.umlg.sqlg.test.gremlincompile305TestColumnNameTranslation.code,unknown_class,False,3881,512,True
2ca0581a622ae801b7a836936b5d4827cd3ad849,train,0,MultifacetedAbstraction/Negative/scoverage_scoverage-maven-plugin_scoverage_scoverage-maven-plugin_org.scoverage.plugin9SCoveragePreCompileMojo.code,unknown_class,False,3864,512,True
884084159c960d3da6f3757cc7fc77650f41d1a8,train,0,MultifacetedAbstraction/Negative/datanucleus_datanucleus-core_datanucleus_datanucleus-core_org.datanucleus.metadata.annotations317AbstractAnnotationReader.code,unknown_class,False,3861,512,True
46a55d78a26db78c442e87028a26eacd6e56101e,train,1,MultifacetedAbstraction/Positive/xored_yang-ide_xored_yang-ide_com.cisco.yangide.core.parser0YangModelBasicValidationListener.code,unknown_class,False,3838,512,True
3f33642d0420220c300b2de8ee55e086e235321a,train,1,MultifacetedAbstraction/Positive/OpenNMS_newts_OpenNMS_newts_org.opennms.newts.gsod0ImportRunner.code,unknown_class,False,3837,512,True
1616e55644735b0f170ab57d0f88257e72f8070b,train,1,MultifacetedAbstraction/Positive/magarena_magarena_magarena_magarena_magic.model0ARG.code,unknown_class,False,3784,512,True
243d5432a339219d65843126596ce7f278a0559d,test,1,MultifacetedAbstraction/Positive/rancherio_cattle_rancherio_cattle_io.cattle.platform.core.model.tables69VolumeTable.code,unknown_class,False,3779,512,True
5330959e5bea73a2872428c24a034b7f46234496,val,0,MultifacetedAbstraction/Negative/pushtorefresh_bamboo-storage_pushtorefresh_bamboo-storage_com.pushtorefresh.storio3.sqlite.impl468DefaultStorIOSQLite.code,unknown_class,False,3774,512,True
e77aecdfe47bfeb6c16042688470c09f2563c02a,train,1,MultifacetedAbstraction/Positive/jitsi_jigasi_jitsi_jigasi_org.jitsi.jigasi.transcription0LocalJsonTranscriptHandler.code,unknown_class,False,3764,512,True
51cea10db590b474e483fe4a3bf3314e2bfa2b75,test,0,MultifacetedAbstraction/Negative/yccheok_jstock_yccheok_jstock_com.toedter.calendar10JCalendar.code,unknown_class,False,3757,512,True
20690af3b3925fb05974a6494fec85f3ea6fedf4,train,0,MultifacetedAbstraction/Negative/Esri_military-apps-library-java_Esri_military-apps-library-java_com.esri.militaryapps.model34MapConfigReader.code,unknown_class,False,3755,512,True
ab9da66c9c645ef3c1e90344caaa70ae08745867,train,1,MultifacetedAbstraction/Positive/KleeGroup_vertigo_KleeGroup_vertigo_io.vertigo.util0ClassUtilTest.code,unknown_class,False,3745,512,True
114c58dc233d20fd08baa55c7f748f87ca4bff68,train,0,MultifacetedAbstraction/Negative/calipho-sib_nextprot-api_calipho-sib_nextprot-api_org.nextprot.api.solr.core.impl1049SolrCoreDiffAfterRefactoringTest.code,unknown_class,False,3731,512,True
4d240a6a6fbc2b608d6e6de651f20ebd5ab78f8b,train,1,MultifacetedAbstraction/Positive/google_guice_google_guice_com.google.inject5TypeConversionTest.code,unknown_class,False,3703,512,True
3e0e9fe7ff180e9e07fa4aee7d3a8136884a0e67,train,0,MultifacetedAbstraction/Negative/usc-isi-i2_Web-Karma_usc-isi-i2_Web-Karma_edu.isi.karma.modeling.alignment576GraphBuilderTopK.code,unknown_class,False,3698,512,True
2fad81be90b1a822fb999b1286ef88e833cac6d4,val,0,MultifacetedAbstraction/Negative/gmantele_taplib_gmantele_taplib_adql.query.from88ADQLJoin.code,unknown_class,False,3690,512,True
16175d45dfe1fc3b1e5f1ed092c419eda54959be,test,0,MultifacetedAbstraction/Negative/google_guice_google_guice_com.google.inject.spi1153InjectionPointTest.code,unknown_class,False,3668,512,True
8729504f4d79f5889715253d8b7ca03b4292f6a2,train,0,MultifacetedAbstraction/Negative/google_guava_google_guava_com.google.common.collect.testing1521SafeTreeMap.code,unknown_class,False,3664,512,True
58ba679a929aed62ca9be6efe748564ba28b654b,train,0,MultifacetedAbstraction/Negative/MSOpenTech_azure-activedirectory-library-for-android_MSOpenTech_azure-activedirectory-library-for-android_com.microsoft.aad.adal49BrokerAccountServiceHandler.code,unknown_class,False,3658,512,True
4d9704969226adee4bdcb482a9605b3fd9d44e96,train,0,MultifacetedAbstraction/Negative/mikeberger_borg_calendar_mikeberger_borg_calendar_net.sf.borg.ui.task209ProjectPanel.code,unknown_class,False,3645,512,True
92b01aa0f34e7b237252ee5d66da88110de96ac9,train,0,MultifacetedAbstraction/Negative/apache_struts_apache_struts_com.opensymphony.xwork2.util530StrutsLocalizedTextProviderTest.code,unknown_class,False,3638,512,True
cc8d2e44f48f11c1a1b240f4e23d2aa960044ee1,train,1,MultifacetedAbstraction/Positive/pavel4n_wowdoge.org_pavel4n_wowdoge.org_org.wowdoge.file2PrivateKeysHandler.code,unknown_class,False,3634,512,True
29c762381ec8b3aef2c83aec0f65b1f314452b41,val,1,MultifacetedAbstraction/Positive/coheigea_testcases_coheigea_testcases_org.apache.coheigea.cxf.jaxrs.jws0JWSSignatureTest.code,unknown_class,False,3633,512,True
ce82d625825fcfbdadb07ab43cd628ba6f7962f7,train,0,MultifacetedAbstraction/Negative/mozilla_j2me.js_mozilla_j2me.js_com.jcraft.jzlib347Tree.code,unknown_class,False,3614,512,True
6547eb45393967a42516b5ea585906d7368dd545,train,0,MultifacetedAbstraction/Negative/kaazing_gateway_kaazing_gateway_org.kaazing.gateway.transport.wsn.specification.ws.connector2356ClosingHandshakeIT.code,unknown_class,False,3612,512,True
6c574d04e6f8991c6da96d840acbf2e00939c4b4,train,1,MultifacetedAbstraction/Positive/nhatminhle_cofoja_nhatminhle_cofoja_com.google.java.contract.core.util0JavaUtils.code,unknown_class,False,3611,512,True
0f85787e69a5a6d04069b8eabe269ca548725f62,train,0,MultifacetedAbstraction/Negative/caskdata_cdap_caskdata_cdap_io.cdap.cdap.service5149ServiceLifeCycleTestRun.code,unknown_class,False,3591,512,True
d898fb37d059a2e1d1c818f1152e4a0697437dc5,train,0,MultifacetedAbstraction/Negative/querydsl_querydsl_querydsl_querydsl_com.querydsl.sql1896InsertBase.code,unknown_class,False,3590,512,True
3a90219eb3953a0922592348612f8964401c0ba5,train,1,MultifacetedAbstraction/Positive/crocs-muni_JCAlgTest_crocs-muni_JCAlgTest_jnasmartcardio0Winscard.code,JCAlgTest_jnasmartcardio,False,3568,512,True
6095f4da730e3ec20a05a96c8233dec8c5c9e195,train,0,MultifacetedAbstraction/Negative/rancherio_cattle_rancherio_cattle_io.cattle.platform.process.instance1212InstanceStart.code,unknown_class,False,3560,512,True
acd0c0a33c6c22acf0261647be39cec849697bd1,train,1,MultifacetedAbstraction/Positive/OpenHFT_Chronicle-Map_OpenHFT_Chronicle-Map_net.openhft.chronicle.map.perf0MapJLBHTest.code,unknown_class,False,3549,512,True
b6f8a82be047da5a45c9b3a54b6991b35fca779a,train,0,MultifacetedAbstraction/Negative/cbitstech_Purple-Robot_cbitstech_Purple-Robot_edu.northwestern.cbits.purple_robot_manager.probes.builtin201ApplicationLaunchProbe.code,unknown_class,False,3548,512,True
b465d5c18eaf2521d1d0a2d4a6581d9cb3eb1537,val,0,MultifacetedAbstraction/Negative/haifengl_smile_haifengl_smile_smile.sequence688HMMTest.code,unknown_class,False,3540,512,True
409aca31ae54112909668dcb91005672a8dd252f,test,1,MultifacetedAbstraction/Positive/apache_incubator-wave_apache_incubator-wave_org.waveprotocol.wave.client.widget.button.icon7IconButtonTemplate.code,unknown_class,False,3510,512,True
2e23c293779f5bb017a55a0220516cfd3902362e,train,0,MultifacetedAbstraction/Negative/my2iu_Jinq_my2iu_Jinq_org.jinq.hibernate80QueryJPAJinqStream.code,unknown_class,False,3508,512,True
b172536b4aaa476ad0482d7ebed9da01d425bef6,train,0,MultifacetedAbstraction/Negative/freenet_plugin-WebOfTrust_freenet_plugin-WebOfTrust_plugins.WebOfTrust.introduction.captcha.kaptcha.jhlabs.image189ConvolveFilter.code,unknown_class,False,3505,512,True
033cd156a5162bb0f8453e1f199709e9a5484bad,train,0,MultifacetedAbstraction/Negative/mini2Dx_mini2Dx_mini2Dx_mini2Dx_org.mini2Dx.core.collections103CharQueue.code,unknown_class,False,3499,512,True
384ca7077d50ba06c830ab8cc06a18946b24b245,train,0,MultifacetedAbstraction/Negative/apache_tajo_apache_tajo_org.apache.tajo.client283QueryClientImpl.code,unknown_class,False,3498,512,True
ae0d3d5cbe26998522f1daa89387142f6971ce66,train,1,MultifacetedAbstraction/Positive/google_closure-compiler_google_closure-compiler_com.google.javascript.jscomp.lint8CheckJSDocStyle.code,unknown_class,False,3495,512,True
a4a378c0593a0077d361b48340978427cdcfccee,train,1,MultifacetedAbstraction/Positive/project-ncl_pnc_project-ncl_pnc_org.jboss.pnc.auth.keycloakutil.util0HttpUtil.code,unknown_class,False,3484,512,True
dd080fce8748a9e0a66860ea1b9cb51c9747178c,train,1,MultifacetedAbstraction/Positive/gmantele_taplib_gmantele_taplib_uws.service.actions3TestJobSummary.code,unknown_class,False,3472,512,True
d63dd267c44f895b48a14610552f448afba581d9,train,0,MultifacetedAbstraction/Negative/CloudSlang_cloud-slang_CloudSlang_cloud-slang_io.cloudslang.lang.compiler.scorecompiler180ExecutionPlanBuilderTest.code,unknown_class,False,3472,512,True
1327b49fc60f1948ff08888eb0094ae9aff1d6a9,train,1,MultifacetedAbstraction/Positive/SharedKnowledge_SharkFW_SharedKnowledge_SharkFW_net.sharkfw.knowledgeBase.persistent.sql0SqlSharkKB.code,unknown_class,False,3471,512,True
21646c6ab645a664d3b51d319e0b68e44bee4cef,val,1,MultifacetedAbstraction/Positive/google_closure-templates_google_closure-templates_com.google.template.soy.jssrc.dsl6Expression.code,unknown_class,False,3469,512,True
98f3c99e466566602bcb66e8c54494dca2e80c5a,test,0,MultifacetedAbstraction/Negative/vert-x3_vertx-rx_vert-x3_vertx-rx_io.vertx.lang.rx.test137ReadStreamAdapterBackPressureTest.code,unknown_class,False,3469,512,True
cff5037103a461673c29dc4f85c41532398c6241,test,0,MultifacetedAbstraction/Negative/mobile-event-processing_Asper_mobile-event-processing_Asper_com.espertech.esper.regression.epl3669TestInsertIntoTransposeStream.code,unknown_class,False,3451,512,True
2425c1b0fc6685515bda64124db34ae8b1cd1904,train,0,MultifacetedAbstraction/Negative/apache_falcon_apache_falcon_org.apache.falcon.resource.metadata697MetadataDiscoveryResourceTest.code,unknown_class,False,3448,512,True
fb2c857378ec4b0e5d64a9ec70b0fe5012de21a9,train,1,MultifacetedAbstraction/Positive/jmockit_jmockit1_jmockit_jmockit1_mockit3TestedClassWithFullStandardDITest.code,unknown_class,False,3448,512,True
6fb2e97c51ea1b5db1f8328d7fbc1898e2738fed,test,1,MultifacetedAbstraction/Positive/gmantele_taplib_gmantele_taplib_uws.service2TestUWSUrl.code,unknown_class,False,3434,512,True
50c2bf8eea8f63ad85f806ae794482c5cdea8d87,train,1,MultifacetedAbstraction/Positive/google_closure-compiler_google_closure-compiler_com.google.javascript.jscomp6TranspilationPasses.code,unknown_class,False,3416,512,True
9024ed9be20549489e4ad1a917a22efa1ed89e41,test,1,MultifacetedAbstraction/Positive/google_closure-templates_google_closure-templates_com.google.template.soy.data1ProtoFieldInterpreter.code,unknown_class,False,3399,512,True
819a854daac87cc517d260f0641f3cff7f54b195,train,0,MultifacetedAbstraction/Negative/couchbase_couchbase-jvm-core_couchbase_couchbase-jvm-core_com.couchbase.client.core.logging217Log4JLogger.code,unknown_class,False,3398,512,True
267d32c6ceeb09444b4277e848276c413e1bcca4,train,0,MultifacetedAbstraction/Negative/project-ncl_pnc_project-ncl_pnc_org.jboss.pnc.datastore278DatastoreTest.code,unknown_class,False,3397,512,True
05c9a241e030d71a74d205ab195678359a6e100f,test,1,MultifacetedAbstraction/Positive/apache_incubator-wave_apache_incubator-wave_org.waveprotocol.wave.client.gadget.renderer5Controller.code,unknown_class,False,3391,512,True
5c2ae975bea766ad6504c5b21ea710eece933ec3,train,1,MultifacetedAbstraction/Positive/sindicetech_siren_sindicetech_siren_com.sindicetech.siren.solr.handler1TestSirenUpdateRequestHandler.code,unknown_class,False,3390,512,True
59ed6322154c733dde425369ac757f160c56587e,test,0,MultifacetedAbstraction/Negative/apache_struts_apache_struts_org.apache.struts2.jasper.compiler1264Compiler.code,unknown_class,False,3385,512,True
f3c73884579da2e11903b5f43b27678e359e560e,train,1,MultifacetedAbstraction/Positive/rancherio_cattle_rancherio_cattle_io.cattle.platform.core.model.tables28HostTable.code,unknown_class,False,3376,512,True
b0ec5af34418c1403c6e548c3895209df7e90265,train,1,MultifacetedAbstraction/Positive/cping_RipplePower_cping_RipplePower_org.ripple.bouncycastle.jcajce.provider.symmetric5DES.code,unknown_class,False,3361,512,True
7b98eb7c594abe9cda4a06323b9c10a4f226b76c,test,1,MultifacetedAbstraction/Positive/gid15_jpcsp_gid15_jpcsp_jpcsp.HLE.modules8sceUmdMan.code,unknown_class,False,3353,512,True
ddc2727454fea61896b5d6c7e744625d4d2206f2,test,0,MultifacetedAbstraction/Negative/guardianproject_storymaker_guardianproject_storymaker_org.storymaker.app103Utils.code,unknown_class,False,3352,512,True
5779d1633e33307f754462b8736a70cc51e4dc93,train,1,MultifacetedAbstraction/Positive/usc-isi-i2_Web-Karma_usc-isi-i2_Web-Karma_edu.isi.karma.er.helper2PythonTransformationHelper.code,unknown_class,False,3338,512,True
9a8c7897ea468e0b63b6a98b35e2b92b3a510174,train,0,MultifacetedAbstraction/Negative/openMF_android-client_openMF_android-client_com.mifos.mifosxdroid.online.loanrepayment335LoanRepaymentFragment.code,unknown_class,False,3336,512,True
ac3940201aaaef906f24c18baa889eb3c7235f5f,test,0,MultifacetedAbstraction/Negative/marklogic_java-client-api_marklogic_java-client-api_com.marklogic.client.functionaltest444TestBulkReadSample1.code,unknown_class,False,3334,512,True
591ec1a127661d72ed2193110305d6374425d8e6,train,0,MultifacetedAbstraction/Negative/wso2_MDM-Android-Agent_wso2_MDM-Android-Agent_com.wso2.mobile.mdm184AlreadyRegisteredActivity.code,unknown_class,False,3333,512,True
6ad8c96ea044192f85c5a216f321ffed1d7212b2,val,0,MultifacetedAbstraction/Negative/kite-sdk_kite_kite-sdk_kite_org.kitesdk.data.oozie297TestKiteURIHandler.code,unknown_class,False,3302,512,True
3b086eb4db91d9ee36b1ca06046635cc2795ce42,train,0,MultifacetedAbstraction/Negative/reds-heig_logisim-evolution_reds-heig_logisim-evolution_com.cburch.logisim.analyze.model255OutputExpressions.code,unknown_class,False,3286,512,True
fda33b1a15544bd349849271983e81ce08feeaa1,test,1,MultifacetedAbstraction/Positive/benhysell_V.FlyoutTest_benhysell_V.FlyoutTest_android.support.v4.view2MenuItemCompat.code,unknown_class,False,3279,512,True
49bdd057b8dd6f5d5f4795ce813a3f98368abc51,test,0,MultifacetedAbstraction/Negative/jurmous_etcd4j_jurmous_etcd4j_mousio.etcd4j.transport69EtcdNettyClient.code,unknown_class,False,3255,512,True
c9cfcf92882985a44064c50588f9bbd161a2e5cb,test,1,MultifacetedAbstraction/Positive/psaravan_JamsMusicPlayer_psaravan_JamsMusicPlayer_com.squareup.picasso0Utils.code,unknown_class,False,3237,512,True
ad73587a9f7d0ab87ecc072c48aef58c98cb6e2e,train,1,MultifacetedAbstraction/Positive/openhab_openhab2_openhab_openhab2_org.openhab.binding.weatherunderground.internal.json32WeatherUndergroundJsonCurrent.code,unknown_class,False,3234,512,True
57d2156073f1e2a346ade4e88dfbc9547287e924,train,0,MultifacetedAbstraction/Negative/google_thread-weaver_google_thread-weaver_com.google.testing.threadtester108MethodRecorder.code,unknown_class,False,3227,512,True
46fabb9b49e930acb23dbbf09889b917f4923992,train,1,MultifacetedAbstraction/Positive/rapidminer_rapidminer_rapidminer_rapidminer_com.rapidminer.tools.math8MathFunctions.code,unknown_class,False,3219,512,True
9a4283810b0d68e4e39903881cf2e8cd318bcc13,val,1,MultifacetedAbstraction/Positive/cbitstech_Purple-Robot_cbitstech_Purple-Robot_edu.northwestern.cbits.purple_robot_manager.probes.features0CallHistoryFeature.code,unknown_class,False,3207,512,True
011726b107131acaf068cfe9429df4bce4150932,train,1,MultifacetedAbstraction/Positive/jtrfp_terminal-recall_jtrfp_terminal-recall_org.jtrfp.trcl.miss5NAVObjective.code,unknown_class,False,3199,512,True
b54da2934dce48c7c30ce5bb755cdce719a7633c,train,0,MultifacetedAbstraction/Negative/jtrfp_terminal-recall_jtrfp_terminal-recall_org.jtrfp.trcl.pool933IndexPool.code,unknown_class,False,3192,512,True
ec20b0ae16484e65792fb0a68e8954413dc410cb,train,0,MultifacetedAbstraction/Negative/real-logic_Agrona_real-logic_Agrona_org.agrona.concurrent.ringbuffer220OneToOneRingBufferTest.code,unknown_class,False,3187,512,True
5b1c9f1d40a6027e81fae2f0ed100302310f5083,train,0,MultifacetedAbstraction/Negative/kite-sdk_kite_kite-sdk_kite_org.apache.solr.client.solrj.retry24RetryingSolrServerTest.code,unknown_class,False,3184,512,True
6d5cdccf4d33f4cbda6eb2bfe31b400c706d1ae2,train,0,MultifacetedAbstraction/Negative/benhysell_V.FlyoutTest_benhysell_V.FlyoutTest_android.support.v4.widget426SimpleCursorAdapter.code,unknown_class,False,3177,512,True
36500a3abed9f492341e09668584c64e31323d61,val,0,MultifacetedAbstraction/Negative/holodeck-b2b_Holodeck-B2B_holodeck-b2b_Holodeck-B2B_org.holodeckb2b.ebms3.workers296PurgeOldMessagesWorkerTest.code,unknown_class,False,3167,512,True
29470b44ae18d5c4a3c07478ac4d4b8f4ac8688d,train,1,MultifacetedAbstraction/Positive/sanity_quickml_sanity_quickml_quickml.supervised0Utils.code,unknown_class,False,3154,512,True
1176ed2303e341411d531fa755e79b4a0633c902,train,0,MultifacetedAbstraction/Negative/telefonicaid_fiware-cygnus_telefonicaid_fiware-cygnus_com.telefonica.iot.cygnus.containers79NotifyContextRequestTest.code,unknown_class,False,3147,512,True
075bbea94ff7adcf3ca88c4acc468bded941513a,train,1,MultifacetedAbstraction/Positive/gid15_jpcsp_gid15_jpcsp_jpcsp.HLE.modules7sceNpService.code,unknown_class,False,3142,512,True
f038ac0a868c28b23803a273fa48561453ff4ea9,train,0,MultifacetedAbstraction/Negative/cping_RipplePower_cping_RipplePower_org.ripple.bouncycastle.asn1.eac840CertificateBody.code,unknown_class,False,3139,512,True
e9e5c88ae347d2e506eda6c279d44fd4811f9196,train,0,MultifacetedAbstraction/Negative/openhab_openhab2_openhab_openhab2_org.openhab.binding.robonect.internal4078RobonectClientTest.code,unknown_class,False,3138,512,True
3c972e1a18a8bee674b4a87842daded2a4a8e0b2,train,0,MultifacetedAbstraction/Negative/embulk_embulk_embulk_embulk_org.embulk.spi.time303RubyTimeZoneTab.code,unknown_class,False,3138,512,True
4b44e275588d1cfa3515c2bd4edd9091bbda7501,train,0,MultifacetedAbstraction/Negative/kuujo_copycat_kuujo_copycat_io.atomix.core.impl273CoreTransactionService.code,unknown_class,False,3136,512,True
60e1bdc1672f49c4da285d1da3ec6ecc22dba15a,train,1,MultifacetedAbstraction/Positive/groupon_odo_groupon_odo_com.groupon.odo0HttpUtilities.code,unknown_class,False,3134,512,True
e897c419ffbb8f046e2413e27ae5cf7aeeac893f,val,1,MultifacetedAbstraction/Positive/ObeoNetwork_UML-Designer_ObeoNetwork_UML-Designer_org.obeonetwork.dsl.uml2.design.tests.plugin.manual4ServiceTestsUtils.code,unknown_class,False,3123,512,True
35b978eac224e58c1d5478295327379df9ab3d13,val,1,MultifacetedAbstraction/Positive/looly_hutool_looly_hutool_cn.hutool.http0HtmlUtil.code,unknown_class,False,3118,512,True
e2ad5f3307b6b4338cec3df901d63227a9e26ad5,train,0,MultifacetedAbstraction/Negative/neuroph_master_neuroph_master_org.neuroph.samples.norm1167StatisticsTest.code,unknown_class,False,3101,512,True
153557a68b571d065c01ee90538e089bc1a7d07c,train,0,MultifacetedAbstraction/Negative/gosu-lang_gosu-lang_gosu-lang_gosu-lang_gw.lang.gosuc1688Gosuc.code,unknown_class,False,3085,512,True
f4ed8240eee7c1436509c0132b7afa4accacefea,val,1,MultifacetedAbstraction/Positive/iipc_webarchive-commons_iipc_webarchive-commons_org.archive.url3UsableURI.code,unknown_class,False,3083,512,True
192555d304d25e0c86381ebf54461844c94637cb,train,1,MultifacetedAbstraction/Positive/datanucleus_datanucleus-core_datanucleus_datanucleus-core_org.datanucleus.enhancer0EnhanceUtils.code,unknown_class,False,3082,512,True
19819e88db01e54a455703b92463ca276cc4d6ec,train,0,MultifacetedAbstraction/Negative/caskdata_cdap_caskdata_cdap_io.cdap.cdap.data2.dataset2.lib.table1853MetricsTableTest.code,unknown_class,False,3071,512,True
371e9c64eb44741e2ce41d7f4867d022437efd7d,train,0,MultifacetedAbstraction/Negative/AltBeacon_android-beacon-library_AltBeacon_android-beacon-library_org.altbeacon.beacon17BeaconTransmitter.code,unknown_class,False,3053,512,True
4d3306b93a6ef858d25086e85169a752daefa9b5,train,1,MultifacetedAbstraction/Positive/pavel4n_wowdoge.org_pavel4n_wowdoge.org_com.google.dogecoin.core0NetworkParameters.code,unknown_class,False,3039,512,True
cabd184b87027f90072bb79883358382de436ccd,train,0,MultifacetedAbstraction/Negative/igniterealtime_Openfire_igniterealtime_Openfire_org.jivesoftware.openfire.resultsetmanager613ResultSet.code,unknown_class,False,3038,512,True
8506f22c212a542a7fdab13088ecb81249182718,train,0,MultifacetedAbstraction/Negative/kontalk_tigase-extension_kontalk_tigase-extension_org.kontalk.xmppserver.probe53ProbeComponent.code,unknown_class,False,3035,512,True
2ad0ffb0b0daa432c397150db7c897c09a268462,train,0,MultifacetedAbstraction/Negative/rapidminer_rapidminer_rapidminer_rapidminer_com.rapidminer.gui.plotter889ColorQuartilePlotter.code,unknown_class,False,3028,512,True
55fbbd246265efdae2d8954e06f1e9bc40af786e,train,0,MultifacetedAbstraction/Negative/damiencarol_jsr203-hadoop_damiencarol_jsr203-hadoop_hdfs.jsr20324TestFiles.code,unknown_class,False,3025,512,True
1475ce5bf0a0876252ff7b10df0a43baacd2cf37,train,0,MultifacetedAbstraction/Negative/rapidminer_rapidminer_rapidminer_rapidminer_com.rapidminer.gui283ApplicationPerspectives.code,unknown_class,False,3021,512,True
3de08faea53a6caa8f715330dce77b07dd3fe236,train,1,MultifacetedAbstraction/Positive/rancherio_cattle_rancherio_cattle_io.cattle.platform.core.model.tables64StoragePoolTable.code,unknown_class,False,3020,512,True
6d25f3fe4399bbb15c7fe6999d5c55e9f82a8b05,val,1,MultifacetedAbstraction/Positive/jtrfp_terminal-recall_jtrfp_terminal-recall_org.jtrfp.trcl.miss4Factory.code,unknown_class,False,3013,512,True
b5a816f05cdb1c2569879cf991d9a38c2f685f89,train,0,MultifacetedAbstraction/Negative/infiniteautomation_modbus4j_infiniteautomation_modbus4j_com.serotonin.modbus4j.serial.ascii249AsciiMessage.code,unknown_class,False,2992,512,True
bfcb23048c5ffd85a0e99a30622a4d3671f3078f,train,0,MultifacetedAbstraction/Negative/mozilla_j2me.js_mozilla_j2me.js_com.nokia.example.favouriteartists372Control.code,unknown_class,False,2990,512,True
f1e1d5239a75dd8aab59a6186ace3a591b081080,train,0,MultifacetedAbstraction/Negative/psidnell_ofexport2_psidnell_ofexport2_org.psidnell.omnifocus.model37DataCacheTest.code,unknown_class,False,2989,512,True
2a5fa70e46671a0ecbc52a4b73716cb1ab87f44b,train,0,MultifacetedAbstraction/Negative/Evolveum_midpoint_Evolveum_midpoint_com.evolveum.midpoint.model.impl.scripting835ScriptingExpressionEvaluator.code,unknown_class,False,2987,512,True
af25a70e6e3fa517558d9e82c1bede3f42d3d568,test,1,MultifacetedAbstraction/Positive/datanucleus_datanucleus-core_datanucleus_datanucleus-core_org.datanucleus.enhancer1JDOEnhancementNamer.code,unknown_class,False,2974,512,True
82d5c94cd4885c4455404a176108d7d06663e7fe,train,1,MultifacetedAbstraction/Positive/release-engineering_pom-manipulation-ext_release-engineering_pom-manipulation-ext_org.commonjava.maven.ext.integrationtest0TestUtils.code,unknown_class,False,2967,512,True
829c629959f957ec0fba0d3fda55d95b136160f8,train,0,MultifacetedAbstraction/Negative/ArtificerRepo_artificer_ArtificerRepo_artificer_org.artificer.repository.test283WsdlDocumentPersistenceTest.code,unknown_class,False,2964,512,True
1f13523cc378aa8e2247172b08a41b0a7ebe6d29,train,0,MultifacetedAbstraction/Negative/cping_RipplePower_cping_RipplePower_org.ripple.bouncycastle.asn1.x500.style1006RFC4519Style.code,unknown_class,False,2956,512,True
85954d7577bb4fadc5d092b057d0b73a8ad24050,train,1,MultifacetedAbstraction/Positive/NLPchina_ansj_seg_NLPchina_ansj_seg_org.ansj.util0MyStaticValue.code,unknown_class,False,2952,512,True
ef260adb25d5a5bec1df5fd8107309a9751d8baf,test,1,MultifacetedAbstraction/Positive/google_guice_google_guice_com.google.inject2ImplicitBindingTest.code,unknown_class,False,2945,512,True
88b4705e284dfe5fe27526390fc40b0abc19c535,train,1,MultifacetedAbstraction/Positive/rancherio_cattle_rancherio_cattle_io.cattle.platform.core.model.tables56ServiceExposeMapTable.code,unknown_class,False,2932,512,True
65cc652c24e8a4cfa726fb2c6fb6d582d185d207,train,0,MultifacetedAbstraction/Negative/Evolveum_midpoint_Evolveum_midpoint_com.evolveum.midpoint.prism1357TestPrismContext.code,unknown_class,False,2926,512,True
1ba79d57adc82eff4f0964b7203a5485a4db5c0e,train,0,MultifacetedAbstraction/Negative/MER-C_wiki-java_MER-C_wiki-java_org.wikipedia19Revision.code,unknown_class,False,2909,512,True
48b54217e65b1018bb94c2c73f400dbc8f8d0791,test,1,MultifacetedAbstraction/Positive/rancherio_cattle_rancherio_cattle_io.cattle.platform.core.model.tables24HealthcheckInstanceHostMapTable.code,unknown_class,False,2906,512,True
ace494b2f91220c0fd5b9bb710067f324f9ab8d0,val,1,MultifacetedAbstraction/Positive/psidnell_ofexport2_psidnell_ofexport2_org.psidnell.omnifocus0CommandLine.code,unknown_class,False,2891,512,True
292998dc3a04a9298ce1bc1a023dd35bbf77ba08,val,0,MultifacetedAbstraction/Negative/square_javapoet_square_javapoet_com.squareup.javapoet31IsAnnotated.code,unknown_class,False,2890,512,True
33db76d9f2a2f15846ce35f608425d4c65ccc85f,test,0,MultifacetedAbstraction/Negative/google_closure-compiler_google_closure-compiler_com.google.javascript.jscomp944PolymerClassDefinition.code,unknown_class,False,2886,512,True
9d0cf838bd3d171054c574c7a9d39a0026ea49e3,train,0,MultifacetedAbstraction/Negative/airbnb_AirMapView_airbnb_AirMapView_com.airbnb.android.airmapview39NativeGoogleMapFragment.code,unknown_class,False,2874,512,True
d70ead956107f48544efce53106b8e18a3de8c3e,test,0,MultifacetedAbstraction/Negative/qcri-social_AIDR_qcri-social_AIDR_qa.qcri.aidr.dbmanager.ejb.remote.facade.imp251TestTaskAssignmentResourceFacadeImp.code,unknown_class,False,2866,512,True
0c749bb0dd4e8dfe831089b0b5d2529c30280bde,train,1,MultifacetedAbstraction/Positive/iipc_webarchive-commons_iipc_webarchive-commons_org.archive.url2LaxURI.code,unknown_class,False,2863,512,True
d245f5e625a0520a9ce963cd473e66df7f86e334,train,0,MultifacetedAbstraction/Negative/amutu_tdw_amutu_tdw_org.apache.hadoop.hive.ql.optimizer3063GenMRFileSink1.code,unknown_class,False,2863,512,True
58ac670a19611339bb0ea29f80869c72dc20c972,train,1,MultifacetedAbstraction/Positive/google_guice_google_guice_com.google.inject.spi8InjectorSpiTest.code,unknown_class,False,2860,512,True
8d9f53201f3c97f085cc55012b3807518793a845,train,1,MultifacetedAbstraction/Positive/aol_simple-react_aol_simple-react_cyclops.function0Lambda.code,unknown_class,False,2844,512,True
9566017d83c6d8f6fc29cae5de469d1ae7c3614a,train,0,MultifacetedAbstraction/Negative/pcingola_SnpEff_pcingola_SnpEff_org.snpeff.snpEffect.testCases.unity493TestCasesStructuralDup.code,unknown_class,False,2840,512,True
d08d4476bd2f7889e6c71690a763d316b8f499e5,train,1,MultifacetedAbstraction/Positive/jenkinsci_acceptance-test-harness_jenkinsci_acceptance-test-harness_org.jenkinsci.test.acceptance.plugins.mission_control4MissionControlView.code,unknown_class,False,2836,512,True
740663d391adb5d4da6d68ff6aec61637cc49a14,test,1,MultifacetedAbstraction/Positive/openhab_openhab2_openhab_openhab2_org.openhab.binding.heos.internal.resources10HeosCommands.code,unknown_class,False,2833,512,True
1e75e0c71e6ad18699ec856470b478b4b7e219a9,test,1,MultifacetedAbstraction/Positive/OHDSI_WebAPI_OHDSI_WebAPI_org.ohdsi.webapi.shiro.management2AtlasRegularSecurity.code,unknown_class,False,2833,512,True
01c3247c04c84d8a156ed2797b727a4be0730f87,train,1,MultifacetedAbstraction/Positive/rancherio_cattle_rancherio_cattle_io.cattle.platform.core.model.tables59ServiceTable.code,unknown_class,False,2827,512,True
7d7b530371290f62c9c3f94a13d70367a87ec3e8,train,1,MultifacetedAbstraction/Positive/gid15_jpcsp_gid15_jpcsp_jpcsp.graphics.RE.externalge4NativeUtils.code,unknown_class,False,2826,512,True
30135e98347c75b3869b74cfb839c4bbc4de2d22,train,0,MultifacetedAbstraction/Negative/real-logic_Agrona_real-logic_Agrona_org.agrona.concurrent.status231CountersReader.code,unknown_class,False,2824,512,True
546d5df223901591a292525da2f640d2feb1f76b,train,1,MultifacetedAbstraction/Positive/google_guice_google_guice_com.google.inject.internal7Annotations.code,unknown_class,False,2822,512,True
e215b7c546c659179ecffbbdf915563d3072424a,train,0,MultifacetedAbstraction/Negative/cping_RipplePower_cping_RipplePower_org.ripple.bouncycastle.pqc.crypto.ntru2471NTRUSigningKeyPairGenerator.code,unknown_class,False,2818,512,True
9e7a803e3b61e30a7cfaf937a90bb04186ada550,train,1,MultifacetedAbstraction/Positive/midonet_midonet_midonet_midonet_org.midonet.jna0CLibrary.code,unknown_class,False,2811,512,True
d8fc19e7aea9e342053226e0a756ba9c9c7dbcab,train,0,MultifacetedAbstraction/Negative/amutu_tdw_amutu_tdw_FormatStorage1170TypeConvertUtil.code,FormatStorage117,False,2803,512,True
5a01feba765321ab632d7cc841fd1df915f37a3d,test,0,MultifacetedAbstraction/Negative/cping_RipplePower_cping_RipplePower_org.ripple.bouncycastle.jcajce.provider.asymmetric.dstu1733BCDSTU4145PublicKey.code,unknown_class,False,2792,512,True
aa406e88ea13444922dff52a68b3e1e1c3bd6502,train,0,MultifacetedAbstraction/Negative/neuroph_master_neuroph_master_org.neuroph.contrib.autotrain397AutoTrainer.code,unknown_class,False,2791,512,True
d3f08a4fe9ead6435be071170af6373c497a9156,train,0,MultifacetedAbstraction/Negative/naver_pinpoint_naver_pinpoint_com.navercorp.pinpoint.common.server.bo.stat.join1325JoinCpuLoadBo.code,unknown_class,False,2790,512,True
ff4b74632d510e31e7689e8f2023dc7dbd9ace5a,train,0,MultifacetedAbstraction/Negative/oodrive_eguan_oodrive_eguan_io.eguan.vold.model537DummyMBeanServer.code,unknown_class,False,2784,512,True
10f81ec2a08bbc8d0da7d5c10442d19d530a1a25,train,0,MultifacetedAbstraction/Negative/BlueBrain_bluima_BlueBrain_bluima_org.itc.irst.tcc.sre2084Map.code,unknown_class,False,2781,512,True
fade65d66726263c3ca8cdaa17ef409555e4b7fa,test,1,MultifacetedAbstraction/Positive/rancherio_cattle_rancherio_cattle_io.cattle.platform.core.model.tables20ExternalHandlerExternalHandlerProcessMapTable.code,unknown_class,False,2776,512,True
f45a207613259fabcfd578dbde44c2eaf4f75c1d,train,0,MultifacetedAbstraction/Negative/mjsax_aeolus_mjsax_aeolus_de.hub.cs.dbis.aeolus.batching.api21AeolusBuilderTest.code,unknown_class,False,2775,512,True
83ee09f54e3fc215cd90c91aac41d0bdcbe7cf38,train,1,MultifacetedAbstraction/Positive/SAP_cloud-dirigible_SAP_cloud-dirigible_org.eclipse.dirigible.ide.db.export0DataExportDialog.code,unknown_class,False,2773,512,True
f45bc3719384371beadd4dc440af4f7345810043,train,1,MultifacetedAbstraction/Positive/mini2Dx_mini2Dx_mini2Dx_mini2Dx_org.mini2Dx.core.graphics0Colors.code,unknown_class,False,2769,512,True
901032f4342d30c2d1c10fbef0bef711fe2cb4d2,train,0,MultifacetedAbstraction/Negative/google_closure-compiler_google_closure-compiler_com.google.javascript.jscomp203CheckMissingReturnTest.code,unknown_class,False,2764,512,True
b0a3959e6fde97e18d8933c43bef3e0dfbe18ec2,train,1,MultifacetedAbstraction/Positive/primecloud-controller-org_primecloud-controller_primecloud-controller-org_primecloud-controller_jp.primecloud.auto.service.impl2Comparators.code,unknown_class,False,2762,512,True
5e627afa4ce865f467fc4d713e2abb50b99712fc,train,1,MultifacetedAbstraction/Positive/PayPal_SeLion_PayPal_SeLion_com.paypal.selion.testcomponents3TestPage.code,unknown_class,False,2754,512,True
fc13a83d2d2dc41162cae82927f6f0a98b6b4270,test,1,MultifacetedAbstraction/Positive/rancherio_cattle_rancherio_cattle_io.cattle.platform.core.model.tables31ImageTable.code,unknown_class,False,2753,512,True
6e86d49bb3b5514c6ed2898c1b8668874b75d2d9,train,1,MultifacetedAbstraction/Positive/JCTools_JCTools_JCTools_JCTools_org.jctools.queues.alt3Producer.code,unknown_class,False,2753,512,True
068e868fe119d07e5b02b10df83ce805dee17200,val,1,MultifacetedAbstraction/Positive/rapidminer_rapidminer_rapidminer_rapidminer_com.rapid_i.repository.wsimport9ObjectFactory.code,unknown_class,False,2750,512,True
ea93488e55dd51b287b5edb207a9e6d179c55c47,test,1,MultifacetedAbstraction/Positive/RuedigerMoeller_kontraktor_RuedigerMoeller_kontraktor_org.nustaq.reallive.query1Query.code,unknown_class,False,2747,512,True
ffe8211d877256af68120fb97351ff272890db62,train,0,MultifacetedAbstraction/Negative/cloud-software-foundation_c5_cloud-software-foundation_c5_org.apache.hadoop.hbase.coprocessor677Environment.code,unknown_class,False,2739,512,True
e09d13aaa8ed422bb980123191b110499a9fb0fa,train,0,MultifacetedAbstraction/Negative/linkedin_gobblin_linkedin_gobblin_org.apache.gobblin.source.extractor.utils2889Utils.code,unknown_class,False,2736,512,True
ada590118a381e9f8c448f207db45bc97ef99fdc,train,1,MultifacetedAbstraction/Positive/SpoutDev_Vanilla_SpoutDev_Vanilla_org.spout.vanilla.protocol0VanillaProtocol.code,unknown_class,False,2729,512,True
012de0860c2eb284fef3fcb90d301ce839d31775,train,1,MultifacetedAbstraction/Positive/rancherio_cattle_rancherio_cattle_io.cattle.platform.core.model.tables55ServiceEventTable.code,unknown_class,False,2726,512,True
9ca9c0849ae7b548cf8a727eea4025f141085ac0,train,1,MultifacetedAbstraction/Positive/ic3fox_jawr-main-repo_ic3fox_jawr-main-repo_net.jawr.web.servlet0RendererRequestUtils.code,unknown_class,False,2722,512,True
61b6efe9d5282e55f0b58cd1e08ac35012959050,train,0,MultifacetedAbstraction/Negative/openhab_openhab2_openhab_openhab2_org.openhab.binding.netatmo.internal3186NetatmoBindingConstants.code,unknown_class,False,2720,512,True
180471c409e878e32c8560792945bb38d1b63e1a,test,0,MultifacetedAbstraction/Negative/openhab_openhab2_openhab_openhab2_org.openhab.binding.max.internal.device2634Device.code,unknown_class,False,2718,512,True
6f5adf2e884043acb3bcf278f3fc166e7ebb6991,val,1,MultifacetedAbstraction/Positive/JCTools_JCTools_JCTools_JCTools_org.jctools.queues.alt2Consumer.code,unknown_class,False,2717,512,True
e4bec6b175072260b5262096ef59075151cc49de,train,1,MultifacetedAbstraction/Positive/eclipse_smarthome_eclipse_smarthome_org.eclipse.smarthome.automation.core.internal0ReferenceResolverUtilTest.code,unknown_class,False,2713,512,True
1749aa0eb464a6dc40636c35d1832757ab0ee72c,train,0,MultifacetedAbstraction/Negative/kite-sdk_kite_kite-sdk_kite_org.kitesdk.morphline.protobuf763ExtractProtobufPathsBuilder.code,unknown_class,False,2709,512,True
a084a9f705687d24c03f7bbc9102250b8a4d2725,train,0,MultifacetedAbstraction/Negative/mobile-event-processing_Asper_mobile-event-processing_Asper_com.espertech.esper.regression.epl3682TestModifiedWildcardSelect.code,unknown_class,False,2692,512,True
f5ead2462dabe84a3a2603bdeffed11ddad8f3be,train,0,MultifacetedAbstraction/Negative/kaazing_gateway_kaazing_gateway_org.kaazing.gateway.server.context.resolve1040GatewayContextResolverTest.code,unknown_class,False,2687,512,True
6ccf807088446b7f7a4695fdf01434da25c2e071,val,1,MultifacetedAbstraction/Positive/rancherio_cattle_rancherio_cattle_io.cattle.platform.core.model.tables51ResourcePoolTable.code,unknown_class,False,2671,512,True
47f93fca5db886726ac3dcdb7a9a5e84d23c273a,train,1,MultifacetedAbstraction/Positive/rancherio_cattle_rancherio_cattle_io.cattle.platform.core.model.tables65SubnetTable.code,unknown_class,False,2669,512,True
0427e09b877fe861e124d1fbc5b16334bc021445,train,1,MultifacetedAbstraction/Positive/awslabs_aws-dynamodb-encryption-java_awslabs_aws-dynamodb-encryption-java_com.amazonaws.services.dynamodbv2.mapper.integration0SimpleNumericAttributesITCase.code,unknown_class,False,2669,512,True
55a7a7594c8800934f871f8da2919432a9858595,train,1,MultifacetedAbstraction/Positive/caskdata_cdap_caskdata_cdap_io.cdap.cdap0ConditionalWorkflowApp.code,unknown_class,False,2669,512,True
1f61ede60c75e4aee176c76f7106e4bd6d2b2fd8,train,0,MultifacetedAbstraction/Negative/gosu-lang_gosu-lang_gosu-lang_gosu-lang_gw.lang.annotation1606Annotations.code,unknown_class,False,2658,512,True
2c548c76a9fc2c7c9a7bf2535825c577f1748c7d,train,0,MultifacetedAbstraction/Negative/fizzed_stork_fizzed_stork_com.fizzed.stork.launcher39Configuration.code,unknown_class,False,2651,512,True
e11fa113439f97af2ad2e5a32a45af56855fee65,test,1,MultifacetedAbstraction/Positive/rancherio_cattle_rancherio_cattle_io.cattle.platform.core.model.tables37IpAddressTable.code,unknown_class,False,2643,512,True
744b54ee70037718e71d0d9c276c9f2f805f6a19,train,1,MultifacetedAbstraction/Positive/caskdata_cdap_caskdata_cdap_io.cdap.cdap.admin2AdminApp.code,unknown_class,False,2642,512,True
2b33e1358b89c8b8f876e3e670c6e52dee4e4229,train,0,MultifacetedAbstraction/Negative/zk1931_jzab_zk1931_jzab_com.github.zk1931.jzab29LogTest.code,unknown_class,False,2642,512,True
0bf7b6c33bf3909b4983cf2db44ab5495e7e6af4,val,0,MultifacetedAbstraction/Negative/gosu-lang_gosu-lang_gosu-lang_gosu-lang_gw.internal.gosu.module.fs933FileSystemImpl.code,unknown_class,False,2638,512,True
e247e7ffd1a2e1b3f82b0587ac237e1887e35641,train,0,MultifacetedAbstraction/Negative/jtrfp_terminal-recall_jtrfp_terminal-recall_org.jtrfp.trcl.beh117AutoFiring.code,unknown_class,False,2633,512,True
3a83b4744d94f4d080916b73ce4022c7c91b5250,train,1,MultifacetedAbstraction/Positive/rancherio_cattle_rancherio_cattle_io.cattle.platform.core.model.tables45PortTable.code,unknown_class,False,2631,512,True
088ad1b9290e46e3fdbc3d4a1e4006ee5be22ace,train,0,MultifacetedAbstraction/Negative/grpc_grpc-java_grpc_grpc-java_io.grpc.okhttp1246OkHttpClientStream.code,unknown_class,False,2631,512,True
64fd00537fd5c384b87b6171d6857816f5bb6cd0,train,0,MultifacetedAbstraction/Negative/cbitstech_Purple-Robot_cbitstech_Purple-Robot_edu.northwestern.cbits.purple_robot_manager.probes.media277AudioCaptureProbe.code,unknown_class,False,2614,512,True
01a462e55f58e8b110b21dfa71fc412565a8660e,train,1,MultifacetedAbstraction/Positive/rancherio_cattle_rancherio_cattle_io.cattle.platform.core.model.tables2AccountLinkTable.code,unknown_class,False,2609,512,True
ffcc13fa83d67413c0727d7b9c2fc6ad49d05cde,val,0,MultifacetedAbstraction/Negative/awslabs_aws-sdk-java-resources_awslabs_aws-sdk-java-resources_com.amazonaws.resources.internal174ActionUtils.code,unknown_class,False,2607,512,True
41f54f0a7b57102f4eae4a95bd346b465e32d64c,train,1,MultifacetedAbstraction/Positive/PayPal_PayPal-Java-SDK_PayPal_PayPal-Java-SDK_com.paypal.api.payments5Payment.code,unknown_class,False,2604,512,True
ebd6315d820c2a971480b2e97a1ec93751616259,train,0,MultifacetedAbstraction/Negative/infiniteautomation_modbus4j_infiniteautomation_modbus4j_com.serotonin.cdc.modbus4j31BasicProcessImage.code,unknown_class,False,2604,512,True
075a268c5f826cd7df580f58d78040326109bd8f,train,0,MultifacetedAbstraction/Negative/igniterealtime_Openfire_igniterealtime_Openfire_org.jivesoftware.util835TaskEngine.code,unknown_class,False,2587,512,True
cb2af321f8f7a70fa99081b2cbcf3a3f724a0a02,test,0,MultifacetedAbstraction/Negative/WhisperSystems_Flock_WhisperSystems_Flock_org.anhonesteffort.flock.sync.calendar131CalendarSyncWorker.code,unknown_class,False,2587,512,True
48ca8c9fa79625654694c61643cec4d6f5b413a4,train,0,MultifacetedAbstraction/Negative/TomasMikula_ReactFX_TomasMikula_ReactFX_org.reactfx.collection152LiveList.code,unknown_class,False,2586,512,True
0e137bb37dd568603fe8c384b31d2baf5cc9c659,train,0,MultifacetedAbstraction/Negative/haifengl_smile_haifengl_smile_smile.regression663RBFNetwork.code,unknown_class,False,2580,512,True
81742df3065ce828b05fe30e566609e89e3fc4fc,test,1,MultifacetedAbstraction/Positive/rancherio_cattle_rancherio_cattle_io.cattle.platform.core.model.tables12ConfigItemStatusTable.code,unknown_class,False,2572,512,True
5878100d3c36e17e3003ba6b6dbec7bcd1a22e08,val,1,MultifacetedAbstraction/Positive/querydsl_querydsl_querydsl_querydsl_com.querydsl.sql17OracleTemplates.code,unknown_class,False,2572,512,True
4fa6148cd1f8d91a606592f965b0d1fa2023c316,train,1,MultifacetedAbstraction/Positive/rancherio_cattle_rancherio_cattle_io.cattle.platform.core.model.tables3AccountTable.code,unknown_class,False,2569,512,True
5945117e448d29a92f66feaae788af4114dee728,train,1,MultifacetedAbstraction/Positive/kuujo_copycat_kuujo_copycat_io.atomix.protocols.raft0Builder.code,unknown_class,False,2569,512,True
c14ddab86665de2c230c928404f2e34929065456,train,1,MultifacetedAbstraction/Positive/google_guice_google_guice_com.googlecode.guice.bundle10OSGiTestActivator.code,unknown_class,False,2569,512,True
c0bdf10c55a45d65b844a6b7d819fcd80f4f7558,train,0,MultifacetedAbstraction/Negative/kaazing_gateway_kaazing_gateway_org.kaazing.gateway.server.util1171ParseTimeIntervalTest.code,unknown_class,False,2561,512,True
4092e3e7cc6e032c4857f549e97773711d34e35b,train,1,MultifacetedAbstraction/Positive/GlowstoneMC_Glowstone_GlowstoneMC_Glowstone_net.glowstone.command.glowstone0GlowstoneCommand.code,unknown_class,False,2560,512,True
73451b70d00fd1ee79f846543d9c2fb2e6bc93dd,train,0,MultifacetedAbstraction/Negative/shouldit_android-proxy_shouldit_android-proxy_com.lechucksoftware.proxy.proxysettings.ui.fragments185WiFiApDetailFragment.code,unknown_class,False,2554,512,True
b8bf729e0bc1415c27bb1f7b89a1089428d88362,train,1,MultifacetedAbstraction/Positive/lightblue-platform_lightblue-core_lightblue-platform_lightblue-core_com.redhat.lightblue.query0ProjectionFieldReferenceTest.code,unknown_class,False,2552,512,True
59885731ee3ee3fe0846628582190571ae2fbd6c,val,1,MultifacetedAbstraction/Positive/rancherio_cattle_rancherio_cattle_io.cattle.platform.core.model.tables34InstanceLinkTable.code,unknown_class,False,2544,512,True
916503a226adf2d084a5faa00540c14f4077ec57,train,1,MultifacetedAbstraction/Positive/Rajawali_Rajawali_Rajawali_Rajawali_org.rajawali3d.primitives0Plane.code,unknown_class,False,2543,512,True
a5ae0edbce41d9f18a6a176bce52dbefee76fd95,train,1,MultifacetedAbstraction/Positive/twitter_cloudhopper-commons_twitter_cloudhopper-commons_com.cloudhopper.commons.util0StringUtilTest.code,unknown_class,False,2541,512,True
278dea53677c321a09e5e969b5eb2c856315850f,val,1,MultifacetedAbstraction/Positive/rancherio_cattle_rancherio_cattle_io.cattle.platform.core.model.tables47ProcessInstanceTable.code,unknown_class,False,2539,512,True
2a6331c504cd6dbf78bc2023be8b72ff8444fd52,train,0,MultifacetedAbstraction/Negative/ReactiveX_RxJava_ReactiveX_RxJava_io.reactivex.rxjava3.internal.operators.flowable678FlowableJoin.code,unknown_class,False,2536,512,True
ae018737548ae01ef9f2236eb44235f967b742c9,train,1,MultifacetedAbstraction/Positive/rancherio_cattle_rancherio_cattle_io.cattle.platform.core.model.tables54ServiceConsumeMapTable.code,unknown_class,False,2531,512,True
4c6159cbac71597463475242a1e308d5268cd041,train,0,MultifacetedAbstraction/Negative/apache_incubator-wave_apache_incubator-wave_org.waveprotocol.wave.client.wavepanel.event1489EventDispatcherPanel.code,unknown_class,False,2529,512,True
fcfc955e64f97251768875a3a3fef424b8b5b709,train,1,MultifacetedAbstraction/Positive/raulhaag_MiMangaNu_raulhaag_MiMangaNu_ar.rulosoft.mimanganu.servers0MangaTown.code,unknown_class,False,2527,512,True
1ad94aad40fb92a137cb8af1c0ae393b0a71d10f,train,1,MultifacetedAbstraction/Positive/ObeoNetwork_UML-Designer_ObeoNetwork_UML-Designer_org.obeonetwork.dsl.uml2.design.internal.services2ProfileServices.code,unknown_class,False,2527,512,True
a55959da87012dd04d696cd07ca2e41e1b1c0880,train,0,MultifacetedAbstraction/Negative/oodrive_eguan_oodrive_eguan_io.eguan.vvr.repository.core.api710TestDeviceIoErr.code,unknown_class,False,2527,512,True
9a185e3200b694446d9644344244e4bfb723a7a4,train,1,MultifacetedAbstraction/Positive/igniterealtime_Spark_igniterealtime_Spark_org.jivesoftware.spark0SparkManager.code,unknown_class,False,2526,512,True
0095e25f2d12e394b60524869f4ba736c19991fc,train,0,MultifacetedAbstraction/Negative/PGWelch_com.opendoorlogistics_PGWelch_com.opendoorlogistics_com.opendoorlogistics.components.geocode.postcodes.builder301GDFFileBuilder.code,unknown_class,False,2518,512,True
221c5ff360a7cedc49a71d817bcb619dd278d1e0,test,1,MultifacetedAbstraction/Positive/openhab_openhab2_openhab_openhab2_org.openhab.binding.innogysmarthome.internal.client.entity.capability19Capability.code,unknown_class,False,2509,512,True
c3fa18dce092de9dbccbe3cef21ca7e50d6593ce,train,1,MultifacetedAbstraction/Positive/rancherio_cattle_rancherio_cattle_io.cattle.platform.core.model.tables48ProjectMemberTable.code,unknown_class,False,2508,512,True
025193d7f891ef2c4601763dab404d2674ea5a63,train,1,MultifacetedAbstraction/Positive/imagej_imagej-ops_imagej_imagej-ops_net.imagej.ops0OpMatchingServiceTest.code,unknown_class,False,2505,512,True
34d6bb6334c162c1e86827a2b078cd301c606057,test,1,MultifacetedAbstraction/Positive/TwidereProject_Twidere-Android_TwidereProject_Twidere-Android_org.mariotaku.twidere.model10ParcelableActivity.code,unknown_class,False,2492,512,True
ff2138a8d1688d239615603ee0737c43e2b43567,train,1,MultifacetedAbstraction/Positive/vanita5_twittnuker_vanita5_twittnuker_de.vanita5.twittnuker.model10ParcelableActivity.code,unknown_class,False,2492,512,True
9abcde9e0b1e60487b6e71ffffc3191dc80a2d1d,train,1,MultifacetedAbstraction/Positive/cping_RipplePower_cping_RipplePower_org.ripple.power.ui.graphics8LColor.code,unknown_class,False,2489,512,True
a3cc0678add2e8caf641ba62efd4c3f78120f807,train,1,MultifacetedAbstraction/Positive/rancherio_cattle_rancherio_cattle_io.cattle.platform.core.model.tables70VolumeTemplateTable.code,unknown_class,False,2485,512,True
665d1a990222f426c7b62a9dd2bd73864ac1d234,train,1,MultifacetedAbstraction/Positive/jMetal_jMetal_jMetal_jMetal_org.uma.jmetal.util.measure.impl0MeasureFactoryTest.code,unknown_class,False,2485,512,True
93cf07dae65eb927d8aa48a140361e89f877dffa,train,0,MultifacetedAbstraction/Negative/Evolveum_midpoint_Evolveum_midpoint_com.evolveum.midpoint.prism.impl.delta1476ReferenceDeltaImpl.code,unknown_class,False,2485,512,True
6d7743486a015b3b44e6429f9cf998308116b739,train,1,MultifacetedAbstraction/Positive/rancherio_cattle_rancherio_cattle_io.cattle.platform.core.model.tables57ServiceIndexTable.code,unknown_class,False,2484,512,True
c4300da185a0eec4e2ea8b60502001684cb205cf,train,0,MultifacetedAbstraction/Negative/project-ncl_pnc_project-ncl_pnc_org.jboss.pnc.rest.restmodel951BuildRecordRest.code,unknown_class,False,2483,512,True
e77987c36abef9ebe719698c95adc5a7782398cc,train,1,MultifacetedAbstraction/Positive/gosu-lang_gosu-lang_gosu-lang_gosu-lang_editor0LabDarkScheme.code,unknown_class,False,2481,512,True
427a350ed586e1c49ca4132cfd140efee4afca5b,train,1,MultifacetedAbstraction/Positive/aparapi_aparapi_aparapi_aparapi_com.amd.aparapi.internal.jni1KernelRunnerJNI.code,unknown_class,False,2475,512,True
e12353121303e499e3300ebfed68debb1eab97ad,test,1,MultifacetedAbstraction/Positive/rancherio_cattle_rancherio_cattle_io.cattle.platform.core.model.tables52ScheduledUpgradeTable.code,unknown_class,False,2475,512,True
a7a8fa0ed16db728065427290785d7ba035de4a3,test,1,MultifacetedAbstraction/Positive/kaazing_gateway_kaazing_gateway_org.kaazing.gateway.transport.http.bridge.filter6HttpResponseDecodingState.code,unknown_class,False,2475,512,True
efefa538d321f1928cb4dcc7d53732f2bbcdf066,train,1,MultifacetedAbstraction/Positive/PGWelch_com.opendoorlogistics_PGWelch_com.opendoorlogistics_com.opendoorlogistics.components.geocode.postcodes0PCGeocoderComponent.code,unknown_class,False,2473,512,True
ef49942cfaf6b01ceabefbd6659f40a0f11a81ce,train,0,MultifacetedAbstraction/Negative/MyEssentials_MyTown2_MyEssentials_MyTown2_mytown.entities44Plot.code,unknown_class,False,2472,512,True
28846b00c8876c3b7ae28bb719bec146ea99fe82,train,1,MultifacetedAbstraction/Positive/jmockit_jmockit1_jmockit_jmockit1_mockit0CascadingFieldTest.code,unknown_class,False,2471,512,True
627a976ff85a4174e678a00ad8c0378d3ecd0328,train,1,MultifacetedAbstraction/Positive/arquillian_arquillian-cube_arquillian_arquillian-cube_org.arquillian.cube.kubernetes.impl.enricher3KuberntesServiceUrlResourceProvider.code,unknown_class,False,2459,512,True
099ab9b92d5c9775e9becec110c0ee7d48a317e7,val,0,MultifacetedAbstraction/Negative/igniterealtime_Spark_igniterealtime_Spark_net.java.sipmack.sip.simple90MessageProcessing.code,unknown_class,False,2449,512,True
bfba0d768c23b34433894ddbe1904a19eb689a7e,train,1,MultifacetedAbstraction/Positive/rancherio_cattle_rancherio_cattle_io.cattle.platform.core.model.tables43NicTable.code,unknown_class,False,2446,512,True
33812f412a814882724595900c0c949a3d8b2454,train,1,MultifacetedAbstraction/Positive/GluuFederation_oxTrust_GluuFederation_oxTrust_org.gluu.oxtrust.ldap.service0FilterService.code,unknown_class,False,2446,512,True
2a6c4dff5822f55d39097681b850a29a27364ef3,train,1,MultifacetedAbstraction/Positive/fluo-io_fluo_fluo-io_fluo_org.apache.fluo.core.impl0FluoConfigurationImpl.code,unknown_class,False,2444,512,True
46559e3fad605f8d69632c505c5ad567adefe2b9,val,0,MultifacetedAbstraction/Negative/TwidereProject_Twidere-Android_TwidereProject_Twidere-Android_org.mariotaku.twidere.util.collection629CompactHashSet.code,unknown_class,False,2442,512,True
aadafe7705672b101672d351cfc72693dc364253,train,1,MultifacetedAbstraction/Positive/rancherio_cattle_rancherio_cattle_io.cattle.platform.core.model.tables7BackupTable.code,unknown_class,False,2433,512,True
466f284b2bbeaea797b2d2b6aa4d8c50041933ce,train,0,MultifacetedAbstraction/Negative/ymback_NGA-CLIENT-VER-OPEN-SOURCE_ymback_NGA-CLIENT-VER-OPEN-SOURCE_sp.phone.util363ActivityUtils.code,unknown_class,False,2422,512,True
80f4465c9c2175bf6a64cb2ae63b1c1cfdce7a97,train,0,MultifacetedAbstraction/Negative/trade-manager_trade-manager_trade-manager_trade-manager_org.trade.ui.chart.renderer400HeikinAshiRenderer.code,unknown_class,False,2422,512,True
2082b1ee4f9f98607175fb89e5732e4e741b4ebb,test,1,MultifacetedAbstraction/Positive/apache_incubator-blur_apache_incubator-blur_org.apache.blur.jdbc0BlurDatabaseMetaData.code,unknown_class,False,2417,512,True
353fa73930d1d7062e3373a9d74a272f383a1f44,train,0,MultifacetedAbstraction/Negative/couchbase_couchbase-jvm-core_couchbase_couchbase-jvm-core_com.couchbase.client.core.endpoint.config109ConfigHandler.code,unknown_class,False,2415,512,True
6c7baf1a17a4f5d8a4aebe5f450848a5561c01de,train,1,MultifacetedAbstraction/Positive/rancherio_cattle_rancherio_cattle_io.cattle.platform.core.model.tables33InstanceLabelMapTable.code,unknown_class,False,2415,512,True
63559a0afa1ced78acf096ec469fe7a12beb563d,train,1,MultifacetedAbstraction/Positive/rancherio_cattle_rancherio_cattle_io.cattle.platform.core.model.tables27HostLabelMapTable.code,unknown_class,False,2413,512,True
26f9a24d1566f4eb8cd09e2957f7799437049481,train,1,MultifacetedAbstraction/Positive/rancherio_cattle_rancherio_cattle_io.cattle.platform.core.model.tables44PhysicalHostTable.code,unknown_class,False,2406,512,True
48b89815ef311511b05b5753b5b5e959bd3cfe96,val,1,MultifacetedAbstraction/Positive/rancherio_cattle_rancherio_cattle_io.cattle.platform.core.model.tables40MountTable.code,unknown_class,False,2403,512,True
29721edf2b6e2144620d418c0c23c5cc2a681f50,train,1,MultifacetedAbstraction/Positive/openscore_score-actions_openscore_score-actions_io.cloudslang.content.amazon.factory.helpers1ImageUtils.code,unknown_class,False,2400,512,True
6b8c2b931417d1d4e4ae69a7b9f9d53e841f1fbe,train,0,MultifacetedAbstraction/Negative/Netflix_spectator_Netflix_spectator_com.netflix.spectator.api77Utils.code,unknown_class,False,2396,512,True
cc19122cc6c787b48c22d33ad75d770479582237,train,1,MultifacetedAbstraction/Positive/rancherio_cattle_rancherio_cattle_io.cattle.platform.core.model.tables68VolumeStoragePoolMapTable.code,unknown_class,False,2395,512,True
2087ccdc87b45c23cbcef104f44620063ccc2658,test,1,MultifacetedAbstraction/Positive/rancherio_cattle_rancherio_cattle_io.cattle.platform.core.model.tables4AgentTable.code,unknown_class,False,2395,512,True
3ee1934970ded65cb026714793ca7870ad681c94,test,1,MultifacetedAbstraction/Positive/rancherio_cattle_rancherio_cattle_io.cattle.platform.core.model.tables36IpAddressNicMapTable.code,unknown_class,False,2394,512,True
fbe7f0d74fd13763b8a7d0ecb8de9a875e8881e1,train,0,MultifacetedAbstraction/Negative/awslabs_aws-dynamodb-encryption-java_awslabs_aws-dynamodb-encryption-java_com.amazonaws.services.dynamodbv2.mapper.encryption81NumberAttributeTestClass.code,unknown_class,False,2394,512,True
2778b82c911e6984274df313e707a815ff8c18ad,train,1,MultifacetedAbstraction/Positive/rancherio_cattle_rancherio_cattle_io.cattle.platform.core.model.tables30ImageStoragePoolMapTable.code,unknown_class,False,2391,512,True
d73c7e7cd634f85caa632675486f46171c0aefae,train,1,MultifacetedAbstraction/Positive/rancherio_cattle_rancherio_cattle_io.cattle.platform.core.model.tables63StoragePoolHostMapTable.code,unknown_class,False,2391,512,True
f207675b58b88574fc6e49e93ba1e8aadd7658a5,train,0,MultifacetedAbstraction/Negative/jordw_heftydb_jordw_heftydb_com.jordanwilliams.heftydb.offheap50SortedByteMap.code,unknown_class,False,2378,512,True
50c2e84b52469f1b9696a147dcea648139eebbfe,train,1,MultifacetedAbstraction/Positive/rancherio_cattle_rancherio_cattle_io.cattle.platform.core.model.tables5AuditLogTable.code,unknown_class,False,2377,512,True
f95cfaa891745fb9b3c156a08602614cf4f6016f,train,0,MultifacetedAbstraction/Negative/GluuFederation_oxAuth_GluuFederation_oxAuth_org.gluu.oxauth.ws.rs699EndSessionRestWebServiceHttpTest.code,unknown_class,False,2374,512,True
47954065831be279701101aec4831434097c26e4,train,1,MultifacetedAbstraction/Positive/rancherio_cattle_rancherio_cattle_io.cattle.platform.core.model.tables61StackTable.code,unknown_class,False,2374,512,True
43cbe5c0948167230a691cd69bae315098b3c73e,train,1,MultifacetedAbstraction/Positive/TNG_jgiven_TNG_jgiven_com.tngtech.jgiven.junit0ScenarioExecutionTest.code,unknown_class,False,2372,512,True
6d85aa8a2b53c9fef8aad64f6d278df8b0b5672c,train,1,MultifacetedAbstraction/Positive/rancherio_cattle_rancherio_cattle_io.cattle.platform.core.model.tables50RegionTable.code,unknown_class,False,2365,512,True
7dca698a8d790ce05c0551911d785ca24cf61cfb,train,1,MultifacetedAbstraction/Positive/MSOpenTech_azure-activedirectory-library-for-android_MSOpenTech_azure-activedirectory-library-for-android_com.microsoft.aad.adal0BasicWebViewClientTests.code,unknown_class,False,2362,512,True
8868918664720675095776badb5c69282901bd54,val,1,MultifacetedAbstraction/Positive/AzureAD_azure-activedirectory-library-for-android_AzureAD_azure-activedirectory-library-for-android_com.microsoft.aad.adal0BasicWebViewClientTests.code,unknown_class,False,2362,512,True
eb8bc7233d35ce1d808fcad6580687aea4c87f61,val,0,MultifacetedAbstraction/Negative/revapi_revapi_revapi_revapi_org.revapi.java269JavaArchiveAnalyzerTest.code,unknown_class,False,2359,512,True
5dcfb467d48a90228d26c19c9be2aa13d60088c2,train,1,MultifacetedAbstraction/Positive/lemire_RoaringBitmap_lemire_RoaringBitmap_(default package)0simplebenchmark.code,unknown_class,False,2357,512,True
bb0359c74bff0346bb554e59549435bf4db1df7c,test,0,MultifacetedAbstraction/Negative/KleeGroup_vertigo_KleeGroup_vertigo_io.vertigo.dynamo.plugins.search.elasticsearch_5_6811ESFacetedQueryResultBuilder.code,unknown_class,False,2357,512,True
b790ad580b8f53615292e3c78d42828bb7e42392,val,1,MultifacetedAbstraction/Positive/rancherio_cattle_rancherio_cattle_io.cattle.platform.core.model.tables26HostIpAddressMapTable.code,unknown_class,False,2355,512,True
14747e4b872e05e8f3ae296468c62bd0fe62679f,train,0,MultifacetedAbstraction/Negative/CloudSlang_cloud-slang_CloudSlang_cloud-slang_io.cloudslang.lang.systemtests322OperationSystemTest.code,unknown_class,False,2350,512,True
e298aabf504f2dc0cddf83a11567ee05f1f35bac,test,0,MultifacetedAbstraction/Negative/openlvc_portico_openlvc_portico_org.portico2.lrc1458LRCState.code,unknown_class,False,2332,512,True
d628283002006c111e0b5b6cb9dc0724672408b2,train,0,MultifacetedAbstraction/Negative/tomcashman_metrics-elasticsearch_tomcashman_metrics-elasticsearch_com.viridiansoftware.metrics.elasticsearch1ElasticsearchReporter.code,unknown_class,False,2329,512,True
5914d99d12862171a0960e78360bf1c6639bfb28,train,1,MultifacetedAbstraction/Positive/rancherio_cattle_rancherio_cattle_io.cattle.platform.core.model.tables15CredentialTable.code,unknown_class,False,2316,512,True
357405a489ae69eedb7769e3444d28c835669ad8,train,0,MultifacetedAbstraction/Negative/trade-manager_trade-manager_trade-manager_trade-manager_org.trade.strategy.data270IndicatorSeries.code,unknown_class,False,2313,512,True
b25449e51725e1502cb6c158a8f95d43a33f0ac5,test,1,MultifacetedAbstraction/Positive/rancherio_cattle_rancherio_cattle_io.cattle.platform.core.model.tables42NetworkTable.code,unknown_class,False,2313,512,True
5abdcedf772b1e5c9fdd8c6cb2a40d7089319ad7,train,1,MultifacetedAbstraction/Positive/rancherio_cattle_rancherio_cattle_io.cattle.platform.core.model.tables17DeploymentUnitTable.code,unknown_class,False,2311,512,True
34fb54b449004c5cd76da33d90fc4ab74c8943cc,train,1,MultifacetedAbstraction/Positive/rancherio_cattle_rancherio_cattle_io.cattle.platform.core.model.tables14CredentialInstanceMapTable.code,unknown_class,False,2310,512,True
93fcb24ab0d1815e8faf8c8b6bcee3c820e64f04,train,1,MultifacetedAbstraction/Positive/gosu-lang_gosu-lang_gosu-lang_gosu-lang_editor1LabScheme.code,unknown_class,False,2308,512,True
5935df5c21d2ff70dadb7ea09235063bff984f4b,train,0,MultifacetedAbstraction/Negative/apache_incubator-reef_apache_incubator-reef_org.apache.reef.examples.suspend467SuspendDriver.code,unknown_class,False,2305,512,True
361c0b681e33331b4c5bd33c16fa652017c704e5,train,0,MultifacetedAbstraction/Negative/foxinmy_weixin4j_foxinmy_weixin4j_com.foxinmy.weixin4j.model.card165CardCoupons.code,unknown_class,False,2303,512,True
f75b74b51cad8d63b352dedf41d176eaa24779ad,train,1,MultifacetedAbstraction/Positive/tim-group_test-driven-detectors4findbugs_tim-group_test-driven-detectors4findbugs_com.youdevise.fbplugins.tdd4fb0DetectorRunner.code,unknown_class,False,2302,512,True
e1710fba85512990e3c730f391115867386e7396,val,1,MultifacetedAbstraction/Positive/imagej_imagej-ops_imagej_imagej-ops_net.imagej.ops.features1AbstractFeatureTest.code,unknown_class,False,2302,512,True
51189511b92fdd23f082766f9ca72dd917029e25,train,1,MultifacetedAbstraction/Positive/rancherio_cattle_rancherio_cattle_io.cattle.platform.core.model.tables10ClusterHostMapTable.code,unknown_class,False,2299,512,True
bf2d554d1f44ebf8ca5c385a7d2a05fec35ae345,train,1,MultifacetedAbstraction/Positive/rancherio_cattle_rancherio_cattle_io.cattle.platform.core.model.tables32InstanceHostMapTable.code,unknown_class,False,2298,512,True
d839c5a888cd1074ab7d7e668bda06741e922fc0,val,1,MultifacetedAbstraction/Positive/rancherio_cattle_rancherio_cattle_io.cattle.platform.core.model.tables49ProjectTemplateTable.code,unknown_class,False,2290,512,True
d2c5beee2558e46d570d14da752a49e8c00b37ec,train,1,MultifacetedAbstraction/Positive/rancherio_cattle_rancherio_cattle_io.cattle.platform.core.model.tables58ServiceLogTable.code,unknown_class,False,2290,512,True
ea00330596a51db09e97dd98ad6ee56a4bc66513,train,0,MultifacetedAbstraction/Negative/embulk_embulk-output-jdbc_embulk_embulk-output-jdbc_org.embulk.output.sqlserver112BasicTest.code,unknown_class,False,2286,512,True
7672aca02ba9c1da82fabb88b4f2d354ca4b3040,train,1,MultifacetedAbstraction/Positive/benhysell_V.FlyoutTest_benhysell_V.FlyoutTest_android.support.v4.content1IntentCompat.code,unknown_class,False,2286,512,True
4bbe6c89c1736686b70a04b58f601e8799e0795a,train,1,MultifacetedAbstraction/Positive/GlowstoneMC_Glowstone_GlowstoneMC_Glowstone_net.glowstone.entity.passive1GlowFishingHook.code,unknown_class,False,2282,512,True
d621b612939dd7e9940ca573e0f77129c4cf62a2,train,1,MultifacetedAbstraction/Positive/rancherio_cattle_rancherio_cattle_io.cattle.platform.core.model.tables9CertificateTable.code,unknown_class,False,2281,512,True
cdfd8bb32972a3f74da4c58ad9885fcd9158d2de,train,0,MultifacetedAbstraction/Negative/rocketscience-projects_javaslang_rocketscience-projects_javaslang_io.vavr.collection325Set.code,unknown_class,False,2280,512,True
4529afa0f2088f7827dab2ba4cdc5c08916e1dbd,train,1,MultifacetedAbstraction/Positive/rancherio_cattle_rancherio_cattle_io.cattle.platform.core.model.tables29HostTemplateTable.code,unknown_class,False,2280,512,True
99abf69ad28b0a39e4b3df6b1ac1b00cb8fb598b,val,1,MultifacetedAbstraction/Positive/rancherio_cattle_rancherio_cattle_io.cattle.platform.core.model.tables18DynamicSchemaTable.code,unknown_class,False,2276,512,True
063f62333ba04e5ed980c217f924cbf4d8a8a11e,train,1,MultifacetedAbstraction/Positive/rancherio_cattle_rancherio_cattle_io.cattle.platform.core.model.tables25HealthcheckInstanceTable.code,unknown_class,False,2275,512,True
abf653fd1f125360bc67e476174803fa940d4a78,train,1,MultifacetedAbstraction/Positive/google_closure-templates_google_closure-templates_com.google.template.soy.base.internal0BaseUtils.code,unknown_class,False,2273,512,True
5ad470f645559c7fd1f07297d70614e2afa5dd3e,train,1,MultifacetedAbstraction/Positive/rancherio_cattle_rancherio_cattle_io.cattle.platform.core.model.tables38LabelTable.code,unknown_class,False,2268,512,True
12e82125e0e84990469473406e663c40a9b26a45,train,1,MultifacetedAbstraction/Positive/sindicetech_siren_sindicetech_siren_com.sindicetech.siren.solr.handler0SirenUpdateRequestHandler.code,unknown_class,False,2268,512,True
1efc2228f27495bcc238d76c9436080295c079d3,train,0,MultifacetedAbstraction/Negative/jmockit_jmockit1_jmockit_jmockit1_mockit242ExpectationsWithArgMatchersTest.code,unknown_class,False,2265,512,True
d87d5e578d015758a080caa41d1fc63047dcc9b6,train,1,MultifacetedAbstraction/Positive/netplex_json-smart-v2_netplex_json-smart-v2_net.minidev.json.writer0ArraysMapper.code,unknown_class,False,2264,512,True
7358a1e7a8a217fa9c8c16ef3c1eb883a9e14bc7,val,1,MultifacetedAbstraction/Positive/ArtificerRepo_artificer_ArtificerRepo_artificer_org.oasis_open.docs.s_ramp.ns.s_ramp_v11ObjectFactory.code,unknown_class,False,2264,512,True
0fa21c4cdf9b020f4eb88b8aadf44c0d6395d234,train,0,MultifacetedAbstraction/Negative/AndroidBootstrap_android-bootstrap_AndroidBootstrap_android-bootstrap_com.donnfelker.android.bootstrap.util93ViewUpdater.code,unknown_class,False,2262,512,True
2c0cc02d7ae8751403eefa7f0f05c2d97a7851ab,test,0,MultifacetedAbstraction/Negative/Flow_React_Flow_React_com.flowpowered.react.collision.narrowphase.GJK35GJKAlgorithm.code,unknown_class,False,2253,512,True
1e90567eab7f1c40d07da8f7dc91faf212a53ce0,train,0,MultifacetedAbstraction/Negative/Rajawali_Rajawali_Rajawali_Rajawali_org.rajawali3d.renderer550RenderTarget.code,unknown_class,False,2253,512,True
23a5a7713d2bce67034e400c61a5dae71f51bb56,test,1,MultifacetedAbstraction/Positive/querydsl_querydsl_querydsl_querydsl_com.querydsl.apt.domain3SimpleTypesTest.code,unknown_class,False,2252,512,True
a17e7ffff56d8993fa4f12b59308fcf8ef79c64a,train,0,MultifacetedAbstraction/Negative/mucommander_mucommander_mucommander_mucommander_com.mucommander.commons.file95DefaultSchemeParser.code,unknown_class,False,2248,512,True
08a5c4634730b750ef6b692361bfe2de62ba573d,val,1,MultifacetedAbstraction/Positive/freenet_fred_freenet_fred_freenet.node.simulator0RealNodeProbeTest.code,unknown_class,False,2245,512,True
1734a159cb93fc3366ac2ef17ee286163838d39c,train,0,MultifacetedAbstraction/Negative/bruno-medeiros_DDT_bruno-medeiros_DDT__org.eclipse.dltk.internal.ui.editor1734BracketInserter2.code,unknown_class,False,2245,512,True
86c612ff4596e08bf17131cf1766ead9750d04aa,train,0,MultifacetedAbstraction/Negative/Accla_d4m_api_java_Accla_d4m_api_java_edu.mit.ll.graphulo_ocean212GenomicEncoderTest.code,unknown_class,False,2244,512,True
d27fc4362d200cfaf6c15349dcd0efafe6f65b5a,train,1,MultifacetedAbstraction/Positive/benhysell_V.FlyoutTest_benhysell_V.FlyoutTest_android.support.v4.app0FragmentTransaction.code,unknown_class,False,2242,512,True
f2a80c1e2fb3b39d360b5317f6e8ec818b074c5c,train,0,MultifacetedAbstraction/Negative/rapidminer_rapidminer_rapidminer_rapidminer_com.rapidminer.operator.meta2358EvolutionaryParameterOptimizationOperator.code,unknown_class,False,2236,512,True
2ccc299c46737a33b494c14dd1bfaecf9ccbc3de,train,1,MultifacetedAbstraction/Positive/datanucleus_datanucleus-core_datanucleus_datanucleus-core_org.datanucleus.state2LifeCycleState.code,unknown_class,False,2236,512,True
63498e1e08763eebef5d3551f21c00caf0ab4656,val,0,MultifacetedAbstraction/Negative/openlvc_portico_openlvc_portico_hlaunit.ieee1516e.federation709JoinFederationTest.code,unknown_class,False,2236,512,True
614a678266a053041472d3d3001e07fa46f81b20,test,1,MultifacetedAbstraction/Positive/kaazing_gateway_kaazing_gateway_org.kaazing.gateway.transport.ws.util9WsUtils.code,unknown_class,False,2236,512,True
e99e1cc1f518267d6426f56de95a6bb09861673f,train,0,MultifacetedAbstraction/Negative/vert-x3_codegen_vert-x3_codegen_io.vertx.test.codegen176DocTest.code,unknown_class,False,2229,512,True
d0872e1d446f67ec76b592efc5cda0752f0d7fce,train,0,MultifacetedAbstraction/Negative/datanucleus_datanucleus-core_datanucleus_datanucleus-core_org.datanucleus.metadata276FileMetaData.code,unknown_class,False,2222,512,True
9a73e54d0319de4ae4eb2fcdbd3cc37946b9ec71,train,0,MultifacetedAbstraction/Negative/kuujo_copycat_kuujo_copycat_io.atomix.core.map.impl413AtomicMapEntrySet.code,unknown_class,False,2219,512,True
4faf5b2083e911cac2e4934f4ad8c31dc34cfe3b,train,1,MultifacetedAbstraction/Positive/rancherio_cattle_rancherio_cattle_io.cattle.platform.core.model.tables53SecretTable.code,unknown_class,False,2215,512,True
82319f2b928d79aed1f78bed366ab66a232c03bf,train,1,MultifacetedAbstraction/Positive/rancherio_cattle_rancherio_cattle_io.cattle.platform.core.model.tables62StorageDriverTable.code,unknown_class,False,2213,512,True
79f44295a5ea3015237753c9ce4861cd630b02d6,train,1,MultifacetedAbstraction/Positive/rancherio_cattle_rancherio_cattle_io.cattle.platform.core.model.tables41NetworkDriverTable.code,unknown_class,False,2213,512,True
e1adb825bc408f7ecbd688933ebafde5ca7f7aa7,train,0,MultifacetedAbstraction/Negative/cping_RipplePower_cping_RipplePower_org.ripple.bouncycastle.pqc.jcajce.spec2543GMSSPrivateKeySpec.code,unknown_class,False,2208,512,True
9c8420923581669a6922c38dd87e451ee03879ee,train,0,MultifacetedAbstraction/Negative/reds-heig_logisim-evolution_reds-heig_logisim-evolution_com.cburch.logisim.circuit281CircuitAttributes.code,unknown_class,False,2205,512,True
d77414f0c88041dc3c408115b7daa7437313a58f,train,1,MultifacetedAbstraction/Positive/apache_knox_apache_knox_org.apache.knox.gateway.dispatch0DefaultDispatch.code,unknown_class,False,2202,512,True
c40d186f374aee4c3bcdebca58e24c685089464b,train,1,MultifacetedAbstraction/Positive/rancherio_cattle_rancherio_cattle_io.cattle.platform.core.model.tables67UserPreferenceTable.code,unknown_class,False,2202,512,True
67103f2eb8b0838c335e4aa486aca3b4b7c2a2b3,train,0,MultifacetedAbstraction/Negative/oodrive_eguan_oodrive_eguan_io.eguan.configuration67ValidConfigurationContext.code,unknown_class,False,2201,512,True
aab1a7749c8409987a61c76a67961548fe4c2ca1,train,1,MultifacetedAbstraction/Positive/jtrfp_terminal-recall_jtrfp_terminal-recall_org.jtrfp.trcl.miss6WarpEscapeFactory.code,unknown_class,False,2201,512,True
0cbc8c0794d17032cbd39b6e444b7cb3db5a7eac,test,0,MultifacetedAbstraction/Negative/OpenHFT_Chronicle-Map_OpenHFT_Chronicle-Map_net.openhft.chronicle.map.perf477IFacadeDaughter.code,unknown_class,False,2200,512,True
6c0c72ac099abb6edeb3b96d1df6b02ea111be79,train,1,MultifacetedAbstraction/Positive/SteveyO_Hue-Emulator_SteveyO_Hue-Emulator_com.hueemulator.utils0HueColor.code,unknown_class,False,2200,512,True
a5e7e6edfa4735932c261b184271480f7e4fc64d,train,1,MultifacetedAbstraction/Positive/elastic_elasticsearch-hadoop_elastic_elasticsearch-hadoop_org.elasticsearch.hadoop.rest0HttpStatus.code,unknown_class,False,2196,512,True
2d0de1b4b96917fc73c6756df1f1e2d78909a0a1,train,1,MultifacetedAbstraction/Positive/igniterealtime_Spark_igniterealtime_Spark_org.jivesoftware.sparkimpl.plugin.transcripts2ChatTranscriptPlugin.code,unknown_class,False,2195,512,True
8ea93a0d5cf9c69ccffd07b78b3fcdff1918b15e,train,0,MultifacetedAbstraction/Negative/oyachai_HearthSim_oyachai_HearthSim_com.hearthsim.player.playercontroller598BruteForceSearchAI.code,unknown_class,False,2194,512,True
bf61cba9c5e77581b7f151657c45d4704a1c8b04,train,1,MultifacetedAbstraction/Positive/rancherio_cattle_rancherio_cattle_io.cattle.platform.core.model.tables23GenericObjectTable.code,unknown_class,False,2187,512,True
c2a3f282d0ef3df78a98480ec928575ef338d7e0,val,1,MultifacetedAbstraction/Positive/rancherio_cattle_rancherio_cattle_io.cattle.platform.core.model.tables13ContainerEventTable.code,unknown_class,False,2180,512,True
23fef2e6a15f421a3fdb414d55cca07958626a58,train,0,MultifacetedAbstraction/Negative/looly_hutool_looly_hutool_cn.hutool.core.bean78PropDesc.code,unknown_class,False,2180,512,True
42b0e00f0bf9f70151592a3081524c96fe69fa31,train,0,MultifacetedAbstraction/Negative/datanucleus_datanucleus-core_datanucleus_datanucleus-core_org.datanucleus.plugin343OSGiPluginRegistry.code,unknown_class,False,2179,512,True
4ff7ab8fce95ea7fdb8da206212f618cf8df65a4,train,0,MultifacetedAbstraction/Negative/apache_falcon_apache_falcon_org.apache.falcon.util856OozieTestUtils.code,unknown_class,False,2178,512,True
83da7fed220b5f9ad912340cf99664fd7e885eb7,train,0,MultifacetedAbstraction/Negative/pushtorefresh_bamboo-storage_pushtorefresh_bamboo-storage_com.pushtorefresh.storio326TypeMappingFinderImplTest.code,unknown_class,False,2175,512,True
06abacbb128dd2e73c4494270f75d2b4e9502193,test,0,MultifacetedAbstraction/Negative/Evolveum_midpoint_Evolveum_midpoint_com.evolveum.midpoint.wf.impl.execution4297CaseOperationExecutionTaskHandler.code,unknown_class,False,2174,512,True
809e32a0ef8515e443993853594ee0a84283baeb,train,0,MultifacetedAbstraction/Negative/SkymindIO_nd4j_SkymindIO_nd4j_org.nd4j.linalg.api.rng.distribution.impl863TruncatedNormalDistribution.code,unknown_class,False,2174,512,True
59b78237ef195345e7a9cb596097c64e7787193f,train,0,MultifacetedAbstraction/Negative/freenet_fred_freenet_fred_freenet.node.simulator1095LongTermPushPullCHKTest.code,unknown_class,False,2172,512,True
364b3e4601f4d103c1b55292719c652bbe22ffab,train,1,MultifacetedAbstraction/Positive/gwtbootstrap3_gwtbootstrap3-extras_gwtbootstrap3_gwtbootstrap3-extras_org.gwtbootstrap3.extras.toggleswitch.client.ui.base0ToggleSwitchBase.code,unknown_class,False,2170,512,True
3e8cbc88c7b6627745f48e38becf3bb164cc0b8b,train,1,MultifacetedAbstraction/Positive/CorfuDB_CorfuDB_CorfuDB_CorfuDB_org.corfudb.util.serializer1PrimitiveSerializer.code,unknown_class,False,2158,512,True
a39c7d3b3daa11ab55a1a0db3738024d406bd569,train,0,MultifacetedAbstraction/Negative/google_guava_google_guava_com.google.common.collect.testing1465HelpersTest.code,unknown_class,False,2156,512,True
2b403ea177a7199e07f00a07958046d6f1413d0f,train,0,MultifacetedAbstraction/Negative/exteso_alf.io_exteso_alf.io_alfio.repository492ExtensionRepository.code,unknown_class,False,2154,512,True
a72f6f770309c55fc525fb11bdcdf186ae7bc926,train,1,MultifacetedAbstraction/Positive/naver_pinpoint_naver_pinpoint_com.navercorp.pinpoint.thrift.dto.command3TCmdActiveThreadCount.code,unknown_class,False,2151,512,True
61fa6a5853acea4a10e81bdd63e6ac33e8c1d8b8,train,1,MultifacetedAbstraction/Positive/google_closure-templates_google_closure-templates_com.google.template.soy.jssrc.internal7JsRuntime.code,unknown_class,False,2151,512,True
2e045e44dc4542024a9ba6f24a4118771b511cee,train,1,MultifacetedAbstraction/Positive/PayPal_PayPal-Java-SDK_PayPal_PayPal-Java-SDK_com.paypal.api.payments1Authorization.code,unknown_class,False,2140,512,True
cecb30825208aaa16f222246a6959e9a10f05fa0,train,0,MultifacetedAbstraction/Negative/RuedigerMoeller_kontraktor_RuedigerMoeller_kontraktor_org.nustaq.kontraktor.rest332UndertowRESTHandler.code,unknown_class,False,2139,512,True
e92c1ecc381f02ebb5469f92d19abce310191c1a,train,1,MultifacetedAbstraction/Positive/bruno-medeiros_DDT_bruno-medeiros_DDT_dtool.util0NewUtils.code,unknown_class,False,2138,512,True
34a940e241e3211dd48f194501246d4ce6ea75bc,train,0,MultifacetedAbstraction/Negative/apache_incubator-wave_apache_incubator-wave_org.waveprotocol.wave.model.operation.testing.reference2829InsertionPreservationTransformer.code,unknown_class,False,2137,512,True
e981e897497bd16cf25595fb1f8a98182b2050b5,train,1,MultifacetedAbstraction/Positive/PayPal_SeLion_PayPal_SeLion_com.paypal.selion.platform.html0ContainerTest.code,unknown_class,False,2137,512,True
020b10389c177f7230feeb5bcd8e28fac210c4ad,train,0,MultifacetedAbstraction/Negative/cping_RipplePower_cping_RipplePower_com.jcraft.jorbis200StaticCodeBook.code,unknown_class,False,2136,512,True
e93c9e2ea78af159dcb581878fc563facb61f761,test,0,MultifacetedAbstraction/Negative/CorfuDB_CorfuDB_CorfuDB_CorfuDB_org.corfudb.runtime.view.replication526QuorumReplicationProtocolAdditionalTests.code,unknown_class,False,2135,512,True
a5cd4dc39fef8cdd7d0d126dc36bba6b3df07e21,train,1,MultifacetedAbstraction/Positive/RentTheRunway2_alchemy_RentTheRunway2_alchemy_io.rtr.alchemy.filtering1FilterLexer.code,unknown_class,False,2134,512,True
dc4706fd4f4ef306a85bc463094935a0098ea74e,train,0,MultifacetedAbstraction/Negative/aporter_coursera-android_aporter_coursera-android_com.android.browser.provider4MySuggestionCursor.code,unknown_class,False,2133,512,True
05b17f41690a63a5c1417cac5040ff4fd9e887e9,train,1,MultifacetedAbstraction/Positive/rancherio_cattle_rancherio_cattle_io.cattle.platform.core.model.tables60SnapshotTable.code,unknown_class,False,2131,512,True
3bdf5176492d35d1b633b70de21721e965b9f131,train,0,MultifacetedAbstraction/Negative/OpenHFT_Chronicle-Map_OpenHFT_Chronicle-Map_net.openhft.chronicle.hash.impl34ChronicleHashResources.code,unknown_class,False,2131,512,True
9d28a68497019515dc727c066995f28062a92cfd,train,1,MultifacetedAbstraction/Positive/openhab_openhab2_openhab_openhab2_org.openhab.binding.innogysmarthome.internal.client.entity18ConfigPropertyList.code,unknown_class,False,2129,512,True
09b0e6c33285e96918966fe16453c2b4847eabb6,train,0,MultifacetedAbstraction/Negative/reveal-technologies_sitewhere_reveal-technologies_sitewhere_com.sitewhere.mongodb772MongoPersistence.code,unknown_class,False,2124,512,True
139be89de48bd3962dc5af6aadf01617c74fc20c,train,0,MultifacetedAbstraction/Negative/bitcoin-solutions_multibit-hd_bitcoin-solutions_multibit-hd_org.multibit.hd.ui.views.wizards.use_hardware_wallet829UseHardwareWalletWizardModel.code,unknown_class,False,2119,512,True
302f955d394de6f8d550836b4e4f09e429e2c08b,train,0,MultifacetedAbstraction/Negative/onepf_OPFPush_onepf_OPFPush_org.onepf.pushchat.db96DatabaseHelper.code,unknown_class,False,2115,512,True
567614a3edd0699ca38f11bb7e17a155da8742b6,test,0,MultifacetedAbstraction/Negative/apache_olingo-odata4_apache_olingo-odata4_org.apache.olingo.server.core.deserializer.xml1487ODataXMLDeserializerActionParametersTest.code,unknown_class,False,2115,512,True
68fccc5273f347f2051e52f0aa898190b6b40f16,train,1,MultifacetedAbstraction/Positive/rundeck_rundeck_rundeck_rundeck_com.dtolabs.rundeck.plugin.script8ScriptNodeExecutor.code,unknown_class,False,2114,512,True
912400176960969aaf74586cdc2dcbed082fe84b,train,0,MultifacetedAbstraction/Negative/GlowstoneMC_Glowstone_GlowstoneMC_Glowstone_net.glowstone.io.anvil879AnvilChunkIoService.code,unknown_class,False,2111,512,True
6985a560fb1ab5e0646905633fe54673516eb7c2,train,0,MultifacetedAbstraction/Negative/SkymindIO_nd4j_SkymindIO_nd4j_org.nd4j.imports.graphmapper151GraphMapper.code,unknown_class,False,2111,512,True
d61351ff406d65817df2cdbd0835b206c8f2506c,val,0,MultifacetedAbstraction/Negative/LapisBlue_Pore_LapisBlue_Pore_blue.lapis.pore.impl.entity136PoreEntity.code,unknown_class,False,2110,512,True
0a27bbbeaf5b13c603a1f5611c817cd7491267f0,train,1,MultifacetedAbstraction/Positive/gosu-lang_gosu-lang_gosu-lang_gosu-lang_gw.internal.gosu.parser2ErrorTypeInfo.code,unknown_class,False,2099,512,True
bff48005de5a301172bcd4aa94b043db5aa272f8,val,1,MultifacetedAbstraction/Positive/rancherio_cattle_rancherio_cattle_io.cattle.platform.core.model.tables8BackupTargetTable.code,unknown_class,False,2099,512,True
94aa45ff529b29c4bdb1a885fdbbf0d0201c0f53,train,0,MultifacetedAbstraction/Negative/guardianproject_ChatSecureAndroid_guardianproject_ChatSecureAndroid_info.guardianproject.otr.app.im.app82MessageAdapter.code,unknown_class,False,2098,512,True
de06d105c269cb98bcff25d6f2b2f85a368e4906,train,0,MultifacetedAbstraction/Negative/247687009_soa_247687009_soa_io.goudai.soa.core.service21BaseService.code,unknown_class,False,2088,512,True
cf495c4421d1843a38c4828d6ca2e093b7820e0d,train,0,MultifacetedAbstraction/Negative/vert-x3_vertx-rx_vert-x3_vertx-rx_io.vertx.core.streams112WriteStream.code,unknown_class,False,2084,512,True
08a2871b5b638da1982207d5eb0e602025810995,train,1,MultifacetedAbstraction/Positive/magarena_magarena_magarena_magarena_magic.model.trigger5PreventDamageTrigger.code,unknown_class,False,2080,512,True
e9a41000438e442bf51c26f00317e55dfd775abc,train,0,MultifacetedAbstraction/Negative/ESAPI_esapi-java-legacy_ESAPI_esapi-java-legacy_org.owasp.esapi.util281ObjFactory.code,unknown_class,False,2080,512,True
5296abdc4e0d1a866177cc15473b901730074b07,test,0,MultifacetedAbstraction/Negative/cbitstech_Purple-Robot_cbitstech_Purple-Robot_edu.northwestern.cbits.purple_robot_manager.http121LocalHttpServer.code,unknown_class,False,2076,512,True
040c74f98db2e06927899e677aae869c21882595,test,1,MultifacetedAbstraction/Positive/fluo-io_fluo_fluo-io_fluo_org.apache.fluo.core.thrift1isLeader_args.code,unknown_class,False,2075,512,True
985b458129a806b33065e1787e49e8e6707b9a07,train,1,MultifacetedAbstraction/Positive/rancherio_cattle_rancherio_cattle_io.cattle.platform.core.model.tables39MachineDriverTable.code,unknown_class,False,2071,512,True
96ebbb4193abedc002375865f68df47b015175bf,train,0,MultifacetedAbstraction/Negative/amutu_tdw_amutu_tdw_Comm100Util.code,Comm10,False,2069,512,True
ed25225156b3716f6f3d401eb6baf7a1b5da5cca,train,0,MultifacetedAbstraction/Negative/google_truth_google_truth_com.google.common.truth.extensions.proto238MapWithProtoValuesFluentAssertionImpl.code,unknown_class,False,2062,512,True
d2acacd30e409d2a6b1f5a60d33d94b48d4f4bee,train,1,MultifacetedAbstraction/Positive/Graphify_graphify_Graphify_graphify_org.neo4j.nlp.impl.util0VectorUtilTest.code,unknown_class,False,2062,512,True
2daf516b9abdb8e613b3eea8241150a6ff52251f,train,0,MultifacetedAbstraction/Negative/guardianproject_storymaker_guardianproject_storymaker_org.storymaker.app.tests217EndToEndTest.code,unknown_class,False,2052,512,True
5402758ea13b337a89d0aaaf9f1701f4f0c8e684,train,0,MultifacetedAbstraction/Negative/allanbank_mongodb-async-driver_allanbank_mongodb-async-driver_com.allanbank.mongodb.client.state525ServerTest.code,unknown_class,False,2043,512,True
da78d1c566d3acee860568c88226fb7165ed1468,train,0,MultifacetedAbstraction/Negative/247687009_soa_247687009_soa_io.goudai.soa.util52PropertiesLoader.code,unknown_class,False,2042,512,True
74ad06595c65dd0be2defb0e478eb9a0912bd649,val,0,MultifacetedAbstraction/Negative/google_closure-compiler_google_closure-compiler_com.google.javascript.jscomp.deps1366JsFileFullParser.code,unknown_class,False,2039,512,True
490d2070bba6b24339dabea29b3892a3e95823c9,test,0,MultifacetedAbstraction/Negative/cloud-software-foundation_c5_cloud-software-foundation_c5_org.apache.hadoop.hbase.util2940ByteRange.code,unknown_class,False,2039,512,True
fcfdd54bbe3907850f05f4732c9b4db1cc435aca,train,0,MultifacetedAbstraction/Negative/usc-isi-i2_Web-Karma_usc-isi-i2_Web-Karma_edu.isi.karma.controller.command.publish.json194ExportJSONCommand.code,unknown_class,False,2035,512,True
4c7538b7cbbae466f30c4c873db322aa80e6b670,train,0,MultifacetedAbstraction/Negative/bruno-medeiros_DDT_bruno-medeiros_DDT_melnorme.lang.ide.ui.editor.actions830ToggleCommentAction.code,unknown_class,False,2035,512,True
569d3c3088e91ed8614f25d2bac2e9e2702a9f90,train,0,MultifacetedAbstraction/Negative/caskdata_cdap_caskdata_cdap_io.cdap.cdap.internal.io3939ReflectionReader.code,unknown_class,False,2032,512,True
1e2f2e54d6b3ea5810aa61b85c708f4693ac6924,train,0,MultifacetedAbstraction/Negative/bitcoin-solutions_multibit-hd_bitcoin-solutions_multibit-hd_org.multibit.hd.ui.views.screens.manage_wallet638ManageWalletScreenView.code,unknown_class,False,2030,512,True
68e2dd30e501ebfe08635790d87401be92a80301,train,0,MultifacetedAbstraction/Negative/Evolveum_midpoint_Evolveum_midpoint_com.evolveum.midpoint.provisioning.ucf.impl.builtin.async1896TransformationalAsyncUpdateMessageListener.code,unknown_class,False,2028,512,True
20fc4d6984d7da786e3291f7cd85636b24eff411,val,0,MultifacetedAbstraction/Negative/OpenHFT_Koloboke_OpenHFT_Koloboke_com.koloboke.jpsg.collect333MethodContext.code,unknown_class,False,2027,512,True
d589c1f1d3f4718eece1ffed970205a9654ee897,val,1,MultifacetedAbstraction/Positive/querydsl_querydsl_querydsl_querydsl_com.querydsl.sql.mysql19AbstractMySQLQuery.code,unknown_class,False,2026,512,True
95b72c7b427a428a32c6abc7738f9b10fbf1e070,test,1,MultifacetedAbstraction/Positive/rancherio_cattle_rancherio_cattle_io.cattle.platform.core.model.tables71ZoneTable.code,unknown_class,False,2023,512,True
11ce0a35fb1055fd258cd96785a6dbddfdde74b9,train,0,MultifacetedAbstraction/Negative/grpc_grpc-java_grpc_grpc-java_io.grpc.benchmarks.qps480AsyncServer.code,unknown_class,False,2022,512,True
ecc2286398c409cd6a491447df08a91b00c446f2,test,1,MultifacetedAbstraction/Positive/rancherio_cattle_rancherio_cattle_io.cattle.platform.core.model.tables19ExternalEventTable.code,unknown_class,False,2020,512,True
3b40087d2171db46fc7c2f471a50dced07dc0579,train,1,MultifacetedAbstraction/Positive/google_closure-templates_google_closure-templates_com.google.template.soy.jbcsrc2BytecodeCompiler.code,unknown_class,False,2017,512,True
2b8e29a0a33dce3fc3ac2ff5e9d5992c009ae392,train,1,MultifacetedAbstraction/Positive/PayPal_PayPal-Java-SDK_PayPal_PayPal-Java-SDK_com.paypal.api.payments2Event.code,unknown_class,False,2012,512,True
df56141c4cc05b534b6b26f866326d9dfd1636c9,train,0,MultifacetedAbstraction/Negative/openlvc_portico_openlvc_portico_org.portico2.rti.services.mom.data1550MomFederation.code,unknown_class,False,2009,512,True
4b3da9d6748cb19563867c64d65c422c77b8a255,train,1,MultifacetedAbstraction/Positive/astefanutti_camel-cdi_astefanutti_camel-cdi_org.apache.camel.cdi.se0MultiContextEventNotifierTest.code,unknown_class,False,2008,512,True
6b3eeb2087d66c10f2333db2835d17b4588f6882,test,0,MultifacetedAbstraction/Negative/SpongePowered_Sponge_SpongePowered_Sponge_org.spongepowered.mod.event37CapturedSnapshotWrapperList.code,unknown_class,False,2006,512,True
598d5ceb202dcfe78542a960da3adce81ae84945,train,1,MultifacetedAbstraction/Positive/caskdata_cdap_caskdata_cdap_io.cdap.cdap.common.options3OptionsParserTest.code,unknown_class,False,2006,512,True
5bd8056e07528372e6005afe020756c46edd12d6,train,0,MultifacetedAbstraction/Negative/lsds_SEEP_lsds_SEEP_uk.ac.imperial.lsds.seep.comm.serialization.controlhelpers104BackupNodeStateTest.code,unknown_class,False,2004,512,True
a2c664dabbda309d151d4950db16457faf9323b2,train,0,MultifacetedAbstraction/Negative/groupon_odo_groupon_odo_com.groupon.odo.client.models16History.code,unknown_class,False,2003,512,True
0b52ea019a20b8988cfde0b40d0c72e1ca58c299,val,0,MultifacetedAbstraction/Negative/usc-isi-i2_Web-Karma_usc-isi-i2_Web-Karma_edu.isi.karma.controller.command.alignment123GetClassesCommand.code,unknown_class,False,2000,512,True
15e8d6b5757aaa042372c7686a5edd836eb81fd6,train,1,MultifacetedAbstraction/Positive/gid15_jpcsp_gid15_jpcsp_jpcsp.HLE.modules9sceVaudio.code,unknown_class,False,2000,512,True
dc209e6edcbc46a2c03e1a7553be297c65f57e36,val,0,MultifacetedAbstraction/Negative/pcingola_SnpEff_pcingola_SnpEff_org.snpeff.motif255Pwm.code,unknown_class,False,1997,512,True
222a4cff552881382f0638793d1f83fcbb435679,test,1,MultifacetedAbstraction/Positive/PayPal_PayPal-Java-SDK_PayPal_PayPal-Java-SDK_com.paypal.api.payments7Sale.code,unknown_class,False,1988,512,True
1086b68e89a5129946d347bd313969c957d66eb5,train,1,MultifacetedAbstraction/Positive/oodrive_eguan_oodrive_eguan_net.sf.antcontrib.cpptasks.gcc.cross3GccCCompiler.code,unknown_class,False,1986,512,True
630dc35ca2bc6d93b99422d34e047811a3b04a48,test,0,MultifacetedAbstraction/Negative/embulk_embulk_embulk_embulk_org.embulk.plugin184PluginClassLoader.code,unknown_class,False,1982,512,True
1677d85f236a417b347c95aa16cc6bd5d958a91c,train,1,MultifacetedAbstraction/Positive/rancherio_cattle_rancherio_cattle_io.cattle.platform.core.model.tables22ExternalHandlerTable.code,unknown_class,False,1979,512,True
348c36276e6c6216acc4beb98ef4232ae9569dfb,train,0,MultifacetedAbstraction/Negative/rapidminer_rapidminer_rapidminer_rapidminer_com.rapidminer.gui.renderer1125DefaultTableable.code,unknown_class,False,1975,512,True
62c45ca7630e5bf3625da823a12e8600812e5b88,train,1,MultifacetedAbstraction/Positive/rancherio_cattle_rancherio_cattle_io.cattle.platform.core.model.tables21ExternalHandlerProcessTable.code,unknown_class,False,1971,512,True
4f5ff447792ed7b7db8fe35539fc35837c57d25c,test,0,MultifacetedAbstraction/Negative/mikeberger_borg_calendar_mikeberger_borg_calendar_net.sf.borg.model.db.jdbc61AddrJdbcDB.code,unknown_class,False,1971,512,True
c8da67e5fe051bc44e5b0ce56e5f4521d8b8d8e8,test,0,MultifacetedAbstraction/Negative/ic3fox_jawr_ic3fox_jawr_net.jawr.web.minification41CSSMinifier.code,unknown_class,False,1968,512,True
f364261eacaf0f5043e8927af92fbe70bb3f1d72,train,1,MultifacetedAbstraction/Positive/mobile-event-processing_Asper_mobile-event-processing_Asper_com.espertech.esper.dataflow.ops2BeaconSource.code,unknown_class,False,1966,512,True
a720f064c0772db2f6e7a1d1bb8d295e31ee00dd,test,0,MultifacetedAbstraction/Negative/kaazing_gateway_kaazing_gateway_org.kaazing.mina.netty2529NioSocketWriteIT.code,unknown_class,False,1965,512,True
3ef32a15249c23ded23f691fb350219bc61b20a2,train,0,MultifacetedAbstraction/Negative/totalvoidness_cryptomator_totalvoidness_cryptomator_org.cryptomator.ui.controls110SecurePasswordField.code,unknown_class,False,1955,512,True
7987ee2c088a2d30212198f8e186a85213ce0bed,train,1,MultifacetedAbstraction/Positive/pac4j_vertx-pac4j_pac4j_vertx-pac4j_org.pac4j.vertx0StatefulPac4jAuthHandlerIntegrationTestBase.code,unknown_class,False,1955,512,True
de39ad56c9e48d610198d532734e1a4aa0cda2c6,train,0,MultifacetedAbstraction/Negative/openhab_openhab2_openhab_openhab2_org.openhab.binding.evohome.internal.api1142EvohomeApiClient.code,unknown_class,False,1952,512,True
db3f43b8c52babd011fac8d9fb8b93a5fa3e59ed,train,0,MultifacetedAbstraction/Negative/Graphify_graphify_Graphify_graphify_org.neo4j.nlp.examples.author2main.code,unknown_class,False,1951,512,True
3b4f2f290b73b59a10ffb5b47ba6da2793b783c5,train,1,MultifacetedAbstraction/Positive/Apereo-Learning-Analytics-Initiative_OpenDashboard_Apereo-Learning-Analytics-Initiative_OpenDashboard_od.providers.enrollment0DemoEnrollmentProvider.code,unknown_class,False,1947,512,True
f05d1bb1df029740d26f95a59c532634fe1f54c3,val,1,MultifacetedAbstraction/Positive/Swrve_rate-limited-logger_Swrve_rate-limited-logger_com.swrve.ratelimitedlogger0MockLogger.code,unknown_class,False,1945,512,True
2a2f9a35abe13e770df802946d391ff590fdd640,train,1,MultifacetedAbstraction/Positive/PayPal_PayPal-Java-SDK_PayPal_PayPal-Java-SDK_com.paypal.api.payments4Order.code,unknown_class,False,1945,512,True
778c16334995b0771cea85e4eb3ff5937d8c0eb2,test,1,MultifacetedAbstraction/Positive/phishman3579_java-algorithms-implementation_phishman3579_java-algorithms-implementation_com.jwetherell.algorithms.numbers0Integers.code,unknown_class,False,1940,512,True
3541ea504bb3258f34a02b164033755a5cabe947,train,0,MultifacetedAbstraction/Negative/bardsoftware_ganttproject_bardsoftware_ganttproject_net.sourceforge.ganttproject.util992BrowserControl.code,unknown_class,False,1939,512,True
2e5f6c9e3e3f2e0aee4da51bbc748476f8572596,train,1,MultifacetedAbstraction/Positive/cglib_cglib_cglib_cglib_net.sf.cglib.proxy4MethodInterceptorGenerator.code,unknown_class,False,1938,512,True
5dc25f1db6515b15539559bbccc194277bdfd125,val,1,MultifacetedAbstraction/Positive/rancherio_cattle_rancherio_cattle_io.cattle.platform.core.model.tables6AuthTokenTable.code,unknown_class,False,1931,512,True
340ab6a3310676262d319cb522067216b2474fbb,train,0,MultifacetedAbstraction/Negative/google_closure-compiler_google_closure-compiler_com.google.javascript.rhino1861TypeDeclarationsIR.code,unknown_class,False,1926,512,True
5743866b4dac2ba4d2c75b1554914d6a6b094131,train,0,MultifacetedAbstraction/Negative/xmlunit_xmlunit_xmlunit_xmlunit_org.custommonkey.xmlunit29HTMLDocumentBuilder.code,unknown_class,False,1925,512,True
22c3ff8d556a5c6335183a2b14b5c7a802489f67,train,0,MultifacetedAbstraction/Negative/ReactiveX_RxJava_ReactiveX_RxJava_io.reactivex.rxjava3.internal.operators.flowable545FlatMapSingleSubscriber.code,unknown_class,False,1921,512,True
b8bbddd52160efd3cab6ed40f4f281e54123b22f,val,1,MultifacetedAbstraction/Positive/wso2_balana_wso2_balana_org.wso2.balana.cond1SetFunction.code,unknown_class,False,1918,512,True
03689ddac0963f842cbe5a36e599bf513c34b5f3,val,1,MultifacetedAbstraction/Positive/wso2_balana_wso2_balana_org.wso2.balana.cond0BagFunction.code,unknown_class,False,1914,512,True
3720b721b5c309365fbb8bdb317efdbc02c37406,train,0,MultifacetedAbstraction/Negative/Stratio_streaming-cep-engine_Stratio_streaming-cep-engine_com.stratio.decision.executables80HardwareEmulatorMain.code,unknown_class,False,1912,512,True
017cae770c13603ddb3ef2b7eb18b36a9aedceca,test,0,MultifacetedAbstraction/Negative/reveal-technologies_sitewhere_reveal-technologies_sitewhere_com.sitewhere.grpc.client.common.converter467KafkaModelConverter.code,unknown_class,False,1911,512,True
525948ba30438f41de8a7f072c19cf781bace55a,train,0,MultifacetedAbstraction/Negative/opendaylight_controller_opendaylight_controller_org.opendaylight.controller.md.sal.dom.broker.impl1617CommitCoordinationTask.code,unknown_class,False,1911,512,True
39d47f900738e5a69485a715d6c2e93d2e7b4c55,val,0,MultifacetedAbstraction/Negative/Clashsoft_Dyvil_Clashsoft_Dyvil_dyvil.collection9MutableList.code,unknown_class,False,1911,512,True
c5290080a83b94af1281d04769cde7ef292d1f85,train,1,MultifacetedAbstraction/Positive/querydsl_querydsl_querydsl_querydsl_com.querydsl.sql16DB2Templates.code,unknown_class,False,1907,512,True
18b18a9224541168ea8f3157503d0aab7b3f12a5,train,0,MultifacetedAbstraction/Negative/awslabs_aws-sdk-java-resources_awslabs_aws-sdk-java-resources_com.amazonaws.resources.ec242VpcPeeringConnection.code,unknown_class,False,1907,512,True
69497ced9b5a55a555fb10fa63ed9a0098039cae,train,0,MultifacetedAbstraction/Negative/neuroph_master_neuroph_master_org.neuroph.samples.ml10standard1156Sonar.code,unknown_class,False,1906,512,True
6965e920765c4af69ce1c79870b9dd7f3167b343,test,0,MultifacetedAbstraction/Negative/rancherio_cattle_rancherio_cattle_io.cattle.platform.object.jooq.utils1097JooqUtils.code,unknown_class,False,1900,512,True
e7b27444d71bcd720fe7607bfedd61ca1ff34d64,train,1,MultifacetedAbstraction/Positive/arquillian_arquillian-cube_arquillian_arquillian-cube_org.arquillian.cube.docker.impl.util2AutoStartOrderUtilTestCase.code,unknown_class,False,1893,512,True
9a8d099320375a77ae9d528438ffb6a25dc8cea6,train,0,MultifacetedAbstraction/Negative/real-logic_simple-binary-encoding_real-logic_simple-binary-encoding_uk.co.real_logic.sbe.otf96OtfMessageDecoder.code,unknown_class,False,1886,512,True
319d826d7cc6aea25c6a6c0f76ac812ec4f7a568,val,1,MultifacetedAbstraction/Positive/RSenApps_Commandr-Android_RSenApps_Commandr-Android_com.RSen.Commandr.tasker0Setting.code,unknown_class,False,1883,512,True
d2f08ab83f242c41b309c65c0a1d870eb9c7e43d,train,0,MultifacetedAbstraction/Negative/GlowstoneMC_Glowstone_GlowstoneMC_Glowstone_net.glowstone.util.library1366Library.code,unknown_class,False,1876,512,True
fd1241ec4f501f9af2ded58e8e999d6a0a932b46,train,1,MultifacetedAbstraction/Positive/openscore_score-actions_openscore_score-actions_io.cloudslang.content.database.services.dbconnection4C3P0PooledDataSourceProvider.code,unknown_class,False,1874,512,True
b6a0fc3c2726e01f8027018557f305fae193fa0d,train,0,MultifacetedAbstraction/Negative/apache_knox_apache_knox_org.apache.knox.gateway.service.knoxtoken834TokenResource.code,unknown_class,False,1871,512,True
c6b7fcce057beddd69d225c91a2577d2d6c55931,train,0,MultifacetedAbstraction/Negative/datanucleus_datanucleus-core_datanucleus_datanucleus-core_org.datanucleus.cache48CachedPC.code,unknown_class,False,1871,512,True
cdeddd4d85670195936e1d8d5c3e0702d503ab52,train,0,MultifacetedAbstraction/Negative/c4fcm_CLIFF_c4fcm_CLIFF_org.mediameter.cliff.places.disambiguation30GenericPass.code,unknown_class,False,1867,512,True
a4490cea8e7d36824f2fb057b02ca0618eff71f9,test,1,MultifacetedAbstraction/Positive/numenta_htm.java_numenta_htm.java_org.numenta.nupic.encoders0AdaptiveScalarEncoder.code,unknown_class,False,1861,512,True
63dd29cf8f5c32b2f7effd64f13cf8575930e044,train,0,MultifacetedAbstraction/Negative/bitcoin-solutions_multibit-hd_bitcoin-solutions_multibit-hd_org.multibit.hd.ui.views503SidebarView.code,unknown_class,False,1861,512,True
f473d3f340d919047741727ce20ec521ca968ba4,train,1,MultifacetedAbstraction/Positive/guardianproject_ChatSecureAndroid_guardianproject_ChatSecureAndroid_info.guardianproject.otr.app.im.provider1Messages.code,unknown_class,False,1860,512,True
10e32f8b5cdb85e413a13d9eb7ba2b3bb289ada3,train,1,MultifacetedAbstraction/Positive/usc-isi-i2_Web-Karma_usc-isi-i2_Web-Karma_edu.isi.karma.controller.command.alignment0SearchForDataToAugmentCommand.code,unknown_class,False,1860,512,True
3443eba14dc7d72d8556cc5dcb7b6ef5d61d8df9,train,0,MultifacetedAbstraction/Negative/mrmans0n_smart-location-lib_mrmans0n_smart-location-lib_io.nlopez.smartlocation.geocoding.providers25AndroidGeocodingProvider.code,unknown_class,False,1859,512,True
e662adb24885868f6431fe2bcace268ca276edc3,train,0,MultifacetedAbstraction/Negative/nemerosa_ontrack_nemerosa_ontrack_net.nemerosa.ontrack.extension.svn.service569SVNServiceImpl.code,unknown_class,False,1858,512,True
51d5b43a1043a5b8a5033eb35df4cb31fd96c168,train,0,MultifacetedAbstraction/Negative/caskdata_tephra_caskdata_tephra_co.cask.tephra.distributed.thrift135getSnapshot_args.code,unknown_class,False,1854,512,True
6cfd45d90c517ee9248413107803550acd5b3e49,train,1,MultifacetedAbstraction/Positive/caskdata_coopr_caskdata_coopr_co.cask.coopr.client.rest.handler0PluginTestHandler.code,unknown_class,False,1851,512,True
d4a629677db46b5f6bc940f30748c837ddbc38d0,val,0,MultifacetedAbstraction/Negative/mobile-event-processing_Asper_mobile-event-processing_Asper_com.espertech.esper.regression.epl3646Test3StreamOuterInnerJoin.code,unknown_class,False,1850,512,True
6040a64907422567d80b2b521c49913f393234a3,test,1,MultifacetedAbstraction/Positive/wgybzbrobot_sentiment-search_wgybzbrobot_sentiment-search_zx.soft.sent.dao.domain.sentiment1Builder.code,unknown_class,False,1849,512,True
c7261679725a7ba21a049184be4574eaf628f412,train,0,MultifacetedAbstraction/Negative/mucommander_mucommander_mucommander_mucommander_com.mucommander.ui.dialog.file1010EmailFilesDialog.code,unknown_class,False,1848,512,True
3cbbc12a6a4d55dd2b0b152659b584a3658bb10a,train,0,MultifacetedAbstraction/Negative/exteso_alf.io_exteso_alf.io_alfio.model319PriceContainerTest.code,unknown_class,False,1844,512,True
9e96901d665c44d405119654323316e61be69999,train,1,MultifacetedAbstraction/Positive/ethereum_ethereumj_ethereum_ethereumj_org.ethereum.vm1GasCost.code,unknown_class,False,1842,512,True
027d0d6b82dd13bc78589c44b3eb6b40db628107,val,1,MultifacetedAbstraction/Positive/pac4j_pac4j_pac4j_pac4j_org.pac4j.mongo.profile.service1MongoProfileServiceIT.code,unknown_class,False,1837,512,True
ee456b3331cac1a34b71e9db89e8d583314726c1,test,1,MultifacetedAbstraction/Positive/igniterealtime_Openfire_igniterealtime_Openfire_org.jivesoftware.openfire.auth2POP3AuthProvider.code,unknown_class,False,1837,512,True
d9257eed5bd6edf8480399e313dfb18b154ab0cb,train,1,MultifacetedAbstraction/Positive/apache_olingo-odata2_apache_olingo-odata2_org.apache.olingo.odata2.core.ep2AbstractProviderTest.code,unknown_class,False,1836,512,True
52439af575e433257444ca57eae68d8cd028001c,train,1,MultifacetedAbstraction/Positive/oodrive_eguan_oodrive_eguan_net.sf.antcontrib.cpptasks.gcc2GccCCompiler.code,unknown_class,False,1832,512,True
cdb7360a690ea6784b167d1449026e573686aa8d,train,0,MultifacetedAbstraction/Negative/lemire_RoaringBitmap_lemire_RoaringBitmap_org.roaringbitmap.buffer200TestAdversarialInputs.code,unknown_class,False,1828,512,True
bffcc01eec42e5bf9fbef7399cbf1dfd8d1a641e,test,1,MultifacetedAbstraction/Positive/caskdata_cdap_caskdata_cdap_io.cdap.cdap1WorkflowAppWithScopedParameters.code,unknown_class,False,1827,512,True
131bd281596cb4b612e6e38ed6e401e9166154e4,train,0,MultifacetedAbstraction/Negative/trade-manager_trade-manager_trade-manager_trade-manager_org.trade.strategy245FiveMinWRBGapBarStrategy.code,unknown_class,False,1826,512,True
aa2a4477109ed762b217aa9a5f15806c8d91abf7,train,0,MultifacetedAbstraction/Negative/openhab_openhab2_openhab_openhab2_org.openhab.binding.linuxinput.internal.evdev4j2395EvdevDevice.code,unknown_class,False,1825,512,True
18e4bca395d9eb849a65dd1feebde1b8d32c76ad,train,0,MultifacetedAbstraction/Negative/calipho-sib_nextprot-api_calipho-sib_nextprot-api_org.nextprot.api.core.service.annotation608CatalyticActivityUtils.code,unknown_class,False,1820,512,True
149085a3e30944323cb48020102f546eb1613d51,train,0,MultifacetedAbstraction/Negative/Azure_azure-notificationhubs_Azure_azure-notificationhubs_com.microsoft.windowsazure.messaging.e2etestapp33MainActivity.code,unknown_class,False,1820,512,True
07fd0b6172fd06f8769404cbb3586362898351b9,train,0,MultifacetedAbstraction/Negative/linkedin_gobblin_linkedin_gobblin_org.apache.gobblin.metrics.graphite1747GraphiteReporterTest.code,unknown_class,False,1817,512,True
4ffd7a330128723edfd783116182b05cc9c782e6,train,0,MultifacetedAbstraction/Negative/Devexperts_aprof_Devexperts_aprof_com.devexperts.aprof.selftest62TestSuite.code,unknown_class,False,1814,512,True
2e9b587f18d9be232451b5d51a4729cc67e49876,train,0,MultifacetedAbstraction/Negative/wiztools_rest-client_wiztools_rest-client_org.wiztools.restclient.ui.reqbody178ReqBodyPanelMultipart.code,unknown_class,False,1814,512,True
979fd0c7c3a1544d50be8cddfab51fa69a475b74,train,1,MultifacetedAbstraction/Positive/SEL-columbia_dristhi_SEL-columbia_dristhi_org.ei.drishti.dto.register0ANCRegisterEntryDTO.code,unknown_class,False,1813,512,True
a4d13debb988b562ad0d323d22f2cebbf6455405,train,0,MultifacetedAbstraction/Negative/igniterealtime_Spark_igniterealtime_Spark_org.jivesoftware.sparkplugin704IncomingCallUI.code,unknown_class,False,1810,512,True
a65411f216cad4802ec205ee08eac35cdc4fc3d1,train,0,MultifacetedAbstraction/Negative/BlueBrain_bluima_BlueBrain_bluima_ch.epfl.bbp.uima.xml.archivearticle31061Issue.code,unknown_class,False,1806,512,True
332a65bd17da5078288dfd4945bec13f166e52a4,train,1,MultifacetedAbstraction/Positive/apache_incubator-wave_apache_incubator-wave_com.google.wave.api.impl0GsonFactory.code,unknown_class,False,1801,512,True
1b792f20305632530f6658bcc6e4aa4f3704a4c0,val,0,MultifacetedAbstraction/Negative/mozilla_j2me.js_mozilla_j2me.js_javax.microedition.lcdui1746ImageItemLFImpl.code,unknown_class,False,1800,512,True
bc84eefcad5225a66e00218086c753148d5742e9,val,1,MultifacetedAbstraction/Positive/PayPal_PayPal-Java-SDK_PayPal_PayPal-Java-SDK_com.paypal.api.payments6Plan.code,unknown_class,False,1792,512,True
393b53f9d02250c48186f483db15818dffbfabb3,val,0,MultifacetedAbstraction/Negative/nemerosa_ontrack_nemerosa_ontrack_net.nemerosa.ontrack.boot.support51ResourceHttpMessageConverterIT.code,unknown_class,False,1792,512,True
45ce13d500733541fcf1e6bbc01f5d9605ff43cf,train,1,MultifacetedAbstraction/Positive/DroidPlanner_droidplanner_DroidPlanner_droidplanner_org.droidplanner.android.fragments0FlightMapFragment.code,unknown_class,False,1789,512,True
14502beb8a70cf9a7cd1af47f367acf8135122eb,train,1,MultifacetedAbstraction/Positive/DroidPlanner_Tower_DroidPlanner_Tower_org.droidplanner.android.fragments0FlightMapFragment.code,unknown_class,False,1789,512,True
fe8521b3161cba1a0c1420271b1e1543dd32915b,test,1,MultifacetedAbstraction/Positive/CloudSlang_cloud-slang_CloudSlang_cloud-slang_io.cloudslang.lang.runtime.steps0ActionExecutionData.code,unknown_class,False,1788,512,True
16a81fa2a5d6d6d9c687c44ee1d66d9e60934024,train,1,MultifacetedAbstraction/Positive/querydsl_querydsl_querydsl_querydsl_com.querydsl.lucene311LuceneSerializerNotTokenizedTest.code,unknown_class,False,1788,512,True
736e87e832ca1cedabf38f3ef957511af4327190,val,1,MultifacetedAbstraction/Positive/gid15_jpcsp_gid15_jpcsp_jpcsp.HLE.modules5InitForKernel.code,unknown_class,False,1788,512,True
39a02b0c6b7ff0501870c1401d79df44a120c720,train,1,MultifacetedAbstraction/Positive/querydsl_querydsl_querydsl_querydsl_com.querydsl.lucene412LuceneSerializerNotTokenizedTest.code,unknown_class,False,1788,512,True
24b63059852036c0589c5d1c8858c0bc4fc6367e,train,1,MultifacetedAbstraction/Positive/dswarm_dswarm_dswarm_dswarm_org.dswarm.persistence.util2DMPPersistenceUtil.code,unknown_class,False,1784,512,True
85af6d229b3c5eabe39fadec3e5c603656d7cb11,test,0,MultifacetedAbstraction/Negative/FenixEdu_fenixedu-academic_FenixEdu_fenixedu-academic_org.fenixedu.academic.domain106Guide.code,unknown_class,False,1783,512,True
8fededab681a7e7067f1544d2c87cebf76180128,train,1,MultifacetedAbstraction/Positive/usc-isi-i2_Web-Karma_usc-isi-i2_Web-Karma_edu.isi.karma.controller.command.alignment1SearchForDataToAugmentIncomingCommand.code,unknown_class,False,1781,512,True
4968c6a36e56ad1803f497833de0ab2f6ac292c2,test,0,MultifacetedAbstraction/Negative/OpenHFT_hftc_OpenHFT_hftc_com.koloboke.collect.research.hash163ByteStatesDHashCharSet.code,unknown_class,False,1779,512,True
60296c6765f7290919b05651a3568f45669e1c9b,train,0,MultifacetedAbstraction/Negative/springdox_springdox_springdox_springdox_springfox.documentation.spring.data.rest286SpecificationBuilder.code,unknown_class,False,1778,512,True
b4175d527356300e8d7b274a1d40761a99a0ec70,train,1,MultifacetedAbstraction/Positive/kite-sdk_kite_kite-sdk_kite_org.kitesdk.morphline.shaded.org.apache.commons.math3.random1AbstractWell.code,unknown_class,False,1777,512,True
ed869ecf6227e7ee3e0e48610080791eda4a2df0,train,0,MultifacetedAbstraction/Negative/apache_knox_apache_knox_org.apache.knox.gateway.util1319Expression.code,unknown_class,False,1775,512,True
fec37dd0d005812d51a8dd44436c0fab53a8b6d3,train,1,MultifacetedAbstraction/Positive/querydsl_querydsl_querydsl_querydsl_com.querydsl.lucene513LuceneSerializerNotTokenizedTest.code,unknown_class,False,1772,512,True
9ffef77de874d5a98c228f26f83b71316dc0c225,val,0,MultifacetedAbstraction/Negative/qcri-social_AIDR_qcri-social_AIDR_qa.qcri.aidr.dbmanager.ejb.remote.facade.imp245TestModelFamilyResourceFacadeImp.code,unknown_class,False,1771,512,True
9a3c4dcf2ceca892f9e7048166ae2e2fa79a8c48,test,1,MultifacetedAbstraction/Positive/apache_olingo-odata2_apache_olingo-odata2_org.apache.olingo.odata2.fit.ref3AbstractRefTest.code,unknown_class,False,1769,512,True
33ec31eda2938771535731ae5464926a8a13a456,train,0,MultifacetedAbstraction/Negative/jitsi_jigasi_jitsi_jigasi_org.jitsi.jigasi14AbstractGateway.code,unknown_class,False,1767,512,True
0c265875e05eaef3ff3721087550eae0d8606534,train,0,MultifacetedAbstraction/Negative/fluo-io_fluo_fluo-io_fluo_org.apache.fluo.core.thrift270AsyncProcessor.code,unknown_class,False,1763,512,True
9b17047926c5d3edaa4f6c61e3e21999467dd36e,train,0,MultifacetedAbstraction/Negative/dswarm_dswarm_dswarm_dswarm_org.dswarm.persistence.service.job.test.utils486MappingServiceTestUtils.code,unknown_class,False,1759,512,True
cf970691c019b2cb60c5a77db142a08342993c5a,train,1,MultifacetedAbstraction/Positive/project-ncl_pnc_project-ncl_pnc_org.jboss.pnc.integration.deployments2ArquillianDeploymentFactory.code,unknown_class,False,1754,512,True
735c2816a497374eef62ef17071ca60590409f21,train,0,MultifacetedAbstraction/Negative/vanita5_twittnuker_vanita5_twittnuker_de.vanita5.twittnuker.model383Tab.code,unknown_class,False,1753,512,True
e1bc5d9a1ea7311e33fdf7ec4bb2584139dd9afe,test,1,MultifacetedAbstraction/Positive/benhysell_V.FlyoutTest_benhysell_V.FlyoutTest_android.support.v4.view.accessibility4AccessibilityEventCompat.code,unknown_class,False,1752,512,True
558e0d8c3b5bff825dc2c24f696e6cdade2fbaeb,test,1,MultifacetedAbstraction/Positive/apache_olingo-odata2_apache_olingo-odata2_org.apache.olingo.odata2.client.core.ep1AbstractProviderTest.code,unknown_class,False,1750,512,True
5d0ed5ae0689be694f480efb84c57a0862af62a8,val,0,MultifacetedAbstraction/Negative/gid15_jpcsp_gid15_jpcsp_jpcsp.HLE.modules1501337sceNet.code,unknown_class,False,1747,512,True
c5a25e9011b473480d160c0b9572a52ca10eadc1,train,0,MultifacetedAbstraction/Negative/mobile-event-processing_Asper_mobile-event-processing_Asper_com.espertech.esper.regression.event3779TestEventRendererJSON.code,unknown_class,False,1746,512,True
0e1d9a44f1ad1365a433d1cbc3116848974b9185,train,0,MultifacetedAbstraction/Negative/sriharshachilakapati_SilenceEngine_sriharshachilakapati_SilenceEngine_com.shc.silenceengine.scene227Scene.code,unknown_class,False,1743,512,True
2930dc2a7e8c79a11c04da8a9bbf29110e23aa0f,test,0,MultifacetedAbstraction/Negative/netplex_json-smart-v2_netplex_json-smart-v2_net.minidev.json.test.actions116PathLocatorTest.code,unknown_class,False,1741,512,True
5f3ebf7f9f23fe56d7f8493585506b655f3055f9,train,1,MultifacetedAbstraction/Positive/oodrive_eguan_oodrive_eguan_net.sf.antcontrib.cpptasks.gcc.cross.sparc_sun_solaris24GccCCompiler.code,unknown_class,False,1741,512,True
b81df10ce32bf294ca14360766194cae1496dacf,train,0,MultifacetedAbstraction/Negative/Evolveum_midpoint_Evolveum_midpoint_com.evolveum.midpoint.notifications.impl.helpers1249NotificationExpressionHelper.code,unknown_class,False,1739,512,True
b66ea2ef47a2cca5b419f592b827b6199e2320d7,val,0,MultifacetedAbstraction/Negative/naver_pinpoint_naver_pinpoint_com.navercorp.pinpoint.common.server.bo.codec.stat.join1138TransactionCodec.code,unknown_class,False,1734,512,True
df4057c325b293ecb423096c37a01315ceb98e30,train,1,MultifacetedAbstraction/Positive/iipc_webarchive-commons_iipc_webarchive-commons_org.archive.extract0ExtractingResourceFactoryMapper.code,unknown_class,False,1733,512,True
89f0ae5c80adcda375a3d97f517efffa2829d449,train,1,MultifacetedAbstraction/Positive/kaazing_gateway_kaazing_gateway_org.kaazing.gateway.transport.http.connector.specification.rfc72348PragmaIT.code,unknown_class,False,1731,512,True
b888005e1ce50d05f200762300feffabb88d1dec,test,0,MultifacetedAbstraction/Negative/apache_olingo-odata4_apache_olingo-odata4_org.apache.olingo.server.tecsvc.processor.queryoptions.options1803SearchHandler.code,unknown_class,False,1731,512,True
5eb7c4daad5d48b68473159aa684f11ef263b815,train,0,MultifacetedAbstraction/Negative/freenet_fred_freenet_fred_freenet.store.saltedhash1256Entry.code,unknown_class,False,1730,512,True
9a6c5a4fbed8f47a87c4b91a7798080ce8ee642e,train,1,MultifacetedAbstraction/Positive/cglib_cglib_cglib_cglib_net.sf.cglib.beans0BeanMapEmitter.code,unknown_class,False,1728,512,True
234a0f3efbd0e89b6db4863734ed1240b29aa16b,val,0,MultifacetedAbstraction/Negative/apache_incubator-reef_apache_incubator-reef_org.apache.reef.wake.impl2403ThreadPoolStage.code,unknown_class,False,1726,512,True
bdbb3c40f990278dc0c0bec301671d14dba69822,train,0,MultifacetedAbstraction/Negative/Baqend_Orestes-Bloomfilter_Baqend_Orestes-Bloomfilter_performance64BloomFilterMigrationThroughput.code,unknown_class,False,1723,512,True
008f7eac5ef5586bfad978506dae5f394b5be15b,test,1,MultifacetedAbstraction/Positive/querydsl_querydsl_querydsl_querydsl_com.querydsl.core.types.dsl7DateTimeExpression.code,unknown_class,False,1723,512,True
879b2f103cc203be46482d776d1812b315ac4534,train,0,MultifacetedAbstraction/Negative/rundeck_rundeck_rundeck_rundeck_com.dtolabs.rundeck.core.execution.workflow.steps.node.impl500ScriptURLNodeStepExecutor.code,unknown_class,False,1721,512,True
bc97d8273ab94e21698e9c60ee1cedcf78ef00cf,test,0,MultifacetedAbstraction/Negative/sindicetech_siren_sindicetech_siren_com.sindicetech.siren.index.codecs.block139FrameCompressor12.code,unknown_class,False,1718,512,True
e5d0a4b6c926e4d121d55e519e8bc90a4137468a,train,1,MultifacetedAbstraction/Positive/apache_struts_apache_struts_org.apache.struts2.tiles4StrutsTilesContainerFactory.code,unknown_class,False,1716,512,True
4907a0e9e52251aa7e7565f090f13d590dca55a0,train,0,MultifacetedAbstraction/Negative/openlvc_portico_openlvc_portico_org.portico2.common.network.transport.multicast1362JGroupsChannel.code,unknown_class,False,1714,512,True
61930da68f9410580793455f2ef133f1e1effb68,train,0,MultifacetedAbstraction/Negative/xtreemfs_babudb_xtreemfs_babudb_org.xtreemfs.babudb.api.dev.transaction33TransactionInternal.code,unknown_class,False,1713,512,True
b73c6835aaaa1e2a3fa1ace75d626b1807fadbef,val,1,MultifacetedAbstraction/Positive/datanucleus_datanucleus-core_datanucleus_datanucleus-core_org.datanucleus.util3NucleusLogger.code,unknown_class,False,1713,512,True
6a547dc7a6675b599513e456280973f27435b5ff,train,0,MultifacetedAbstraction/Negative/WhisperSystems_Flock_WhisperSystems_Flock_org.anhonesteffort.flock7AbstractMyCollectionsFragment.code,unknown_class,False,1712,512,True
7bad90c433045b5ded2fd2c3dc3fcf97cfd6d45c,test,0,MultifacetedAbstraction/Negative/aol_simple-react_aol_simple-react_cyclops.futurestream.react.simple1241AllOfTest.code,unknown_class,False,1712,512,True
c15fc3680c96b18787e7d733185d12bdfdd4cbd5,val,0,MultifacetedAbstraction/Negative/JeffreyFalgout_ThrowingStream_JeffreyFalgout_ThrowingStream_name.falgout.jeffrey.throwing.stream.adapter64CheckedIntStream.code,unknown_class,False,1711,512,True
265ac0ac4ae4b59e306496a928029a28e53512d8,train,0,MultifacetedAbstraction/Negative/apache_knox_apache_knox_org.apache.knox.gateway54GatewayGlobalConfigTest.code,unknown_class,False,1707,512,True
2bec07cec785e09ed1d3f2d575cb6dbbd8b54991,train,0,MultifacetedAbstraction/Negative/Evolveum_midpoint_Evolveum_midpoint_com.evolveum.midpoint.provisioning.impl.opendj1848TestSynchronization.code,unknown_class,False,1704,512,True
a54688cef614685c15d3d8a7bda1e42dc32a56d2,val,0,MultifacetedAbstraction/Negative/fcrepo3_fcrepo_fcrepo3_fcrepo_org.fcrepo.test.api1291TestAPIALite.code,unknown_class,False,1699,512,True
52e660711bdb63199cf5305c4846bc0d8a062be6,train,1,MultifacetedAbstraction/Positive/rancherio_cattle_rancherio_cattle_io.cattle.platform.core.model.tables66TaskInstanceTable.code,unknown_class,False,1697,512,True
11bceed684d85b9769efcacba7a2172f25b8447b,train,1,MultifacetedAbstraction/Positive/magarena_magarena_magarena_magarena_magic.model.trigger4EntersBattlefieldTrigger.code,unknown_class,False,1696,512,True
4156005d9ac8b64c45ddb1c41d574de16ec89068,train,1,MultifacetedAbstraction/Positive/benhysell_V.FlyoutTest_benhysell_V.FlyoutTest_android.support.v4.view3MotionEventCompat.code,unknown_class,False,1693,512,True
e6d4888be3832aae66530afdc14f7daba89781cf,train,1,MultifacetedAbstraction/Positive/mobile-event-processing_Asper_mobile-event-processing_Asper_com.espertech.esper.util6SimpleNumberCoercerFactory.code,unknown_class,False,1693,512,True
5d11a0b9af7ff8ec472474d8031b8ce6714f366b,train,1,MultifacetedAbstraction/Positive/larruda_ciandt_tt_larruda_ciandt_tt_org.apache.cordova.device0Device.code,unknown_class,False,1692,512,True
45f6ed180066ac21b476b7458233709727599654,train,0,MultifacetedAbstraction/Negative/cybergarage_cybergarage-upnp_cybergarage_cybergarage-upnp_org.cybergarage.upnp78DeviceTest.code,unknown_class,False,1681,512,True
652f2f1632913d804f4c0be00d70e2b236a0694e,train,1,MultifacetedAbstraction/Positive/apache_olingo-odata2_apache_olingo-odata2_$0AnnotationSampleDataGenerator.code,$,False,1680,512,True
4e48b6d82361bf6ebf9b84caa85983a50c1ae198,test,0,MultifacetedAbstraction/Negative/openhab_openhab2_openhab_openhab2_org.openhab.binding.dmx.internal.handler817ChaserThingHandlerTest.code,unknown_class,False,1679,512,True
ab2a4ebfc20323fafbae1c09a69b1e39582a59e6,train,0,MultifacetedAbstraction/Negative/raulhaag_MiMangaNu_raulhaag_MiMangaNu_ar.rulosoft.mimanganu.servers156VerComicsCom.code,unknown_class,False,1671,512,True
db07d82daed5b2e2b851a1e0c2cb5fe4970b5f16,train,0,MultifacetedAbstraction/Negative/BlueBrain_bluima_BlueBrain_bluima_ch.epfl.bbp.uima.xml.archivearticle31019Edition.code,unknown_class,False,1667,512,True
e38fc8e84245a490162c3408240596f1af6d523b,train,0,MultifacetedAbstraction/Negative/openhab_openhab2_openhab_openhab2_org.openhab.binding.fsinternetradio.internal.radio1296FrontierSiliconRadioApiResult.code,unknown_class,False,1666,512,True
f68275d16315594e900d752d1662429527a7e19a,train,1,MultifacetedAbstraction/Positive/rancherio_cattle_rancherio_cattle_io.cattle.platform.core.model.tables16DatabasechangelogTable.code,unknown_class,False,1666,512,True
95ddf1f609640270ecb58dd284fcdf86bb8e2f1a,val,0,MultifacetedAbstraction/Negative/openhab_openhab2_openhab_openhab2_org.openhab.binding.russound.internal.rio.controller4156RioControllerHandler.code,unknown_class,False,1662,512,True
ab0def891d7546284d1c51b767d51f4142fff5c1,train,0,MultifacetedAbstraction/Negative/marcosvidolin_doco_marcosvidolin_doco_com.vidolima.doco13ObjectParser.code,unknown_class,False,1661,512,True
6715612238ba658da12d0d0a8e3a8f42ff1f7f78,test,1,MultifacetedAbstraction/Positive/hazelcast_hazelcast-simulator_hazelcast_hazelcast-simulator_com.hazelcast.simulator.utils0ReflectionUtilsTest.code,unknown_class,False,1656,512,True
5f1955e9d7a2a0eb24e2f3cb59bdb2b00db6b72f,train,0,MultifacetedAbstraction/Negative/awslabs_aws-sdk-java-resources_awslabs_aws-sdk-java-resources_com.amazonaws.resources.identitymanagement106AccessKey.code,unknown_class,False,1655,512,True
03bf52c4691a526386ec39dae3a9f7474febfbee,val,1,MultifacetedAbstraction/Positive/querydsl_querydsl_querydsl_querydsl_com.querydsl.core.group5AbstractGroupByTest.code,unknown_class,False,1654,512,True
e183901cb2df866fe05f03c2e0d673b2f703c380,test,0,MultifacetedAbstraction/Negative/PayPal_SeLion_PayPal_SeLion_com.paypal.selion.internal.platform.pageyaml246YamlV2Reader.code,unknown_class,False,1648,512,True
ed57d0f23eb928f6b0ba81c7298cfafb47435af7,train,0,MultifacetedAbstraction/Negative/calipho-sib_nextprot-api_calipho-sib_nextprot-api_org.nextprot.api.isoform.mapper.domain.impl967SequenceVariant.code,unknown_class,False,1646,512,True
b6184d73ed68d1a4ae4820ee6f189ed33c24198e,train,1,MultifacetedAbstraction/Positive/jivesoftware_jive-selenium-pages-framework_jivesoftware_jive-selenium-pages-framework_com.jivesoftware.selenium.pagefactory.framework.browser.mobile0MobileBrowser.code,unknown_class,False,1646,512,True
4bb8e216e6fbcd765d347dc2ea1dcfdbd2a8eab3,val,0,MultifacetedAbstraction/Negative/google_closure-templates_google_closure-templates_com.google.template.soy.exprtree379ExprEquivalenceTest.code,unknown_class,False,1639,512,True
67bd29f77a1da2fe59f4596c2be2e9b734a5a7a3,train,0,MultifacetedAbstraction/Negative/mozilla_j2me.js_mozilla_j2me.js_org.mozilla.io2007TestNokiaPhoneStatusServer.code,unknown_class,False,1638,512,True
60ef8f83e7280d7a3f82dbf5b93877bc763d08dc,train,1,MultifacetedAbstraction/Positive/tesis-dynaware_graph-editor_tesis-dynaware_graph-editor_de.tesis.dynaware.grapheditor.demo0GraphEditorPersistence.code,unknown_class,False,1635,512,True
605d3129e234f47acd5167b2f2bee4492b0b57b4,train,0,MultifacetedAbstraction/Negative/larsga_Duke_larsga_Duke_no.priv.garshol.duke.datasources170NTriplesDataSource.code,unknown_class,False,1631,512,True
0b175b8a9761861266a699085851dfc136172505,train,1,MultifacetedAbstraction/Positive/kaazing_gateway_kaazing_gateway_org.kaazing.gateway.service.http.directory2DirectoryListingUtils.code,unknown_class,False,1630,512,True
624ede472e5645b5004b7a26bc45e34778c2388d,val,0,MultifacetedAbstraction/Negative/Evolveum_midpoint_Evolveum_midpoint_com.evolveum.midpoint.web.component.form.multivalue3503MultiValueTextPanel.code,unknown_class,False,1620,512,True
bd06c76b1607fc20b6f45b3a4ff40f589c8b49b5,train,1,MultifacetedAbstraction/Positive/jtrfp_terminal-recall_jtrfp_terminal-recall_org.jtrfp.trcl.beh1SpinCrashDeathBehavior.code,unknown_class,False,1619,512,True
572ede988937ce94140ef9d42102edb1b1fa213a,train,1,MultifacetedAbstraction/Positive/ymback_NGA-CLIENT-VER-OPEN-SOURCE_ymback_NGA-CLIENT-VER-OPEN-SOURCE_sp.phone.util1HttpUtil.code,unknown_class,False,1611,512,True
5aefa80311ab7bacfc9e3f4dbc48bbea3fce7be8,train,1,MultifacetedAbstraction/Positive/kite-sdk_kite_kite-sdk_kite_org.kitesdk.morphline.metrics.scalable0MetricBuilders.code,unknown_class,False,1611,512,True
0e46bae3f5fa12e6e37c3e801611845f930e3574,train,0,MultifacetedAbstraction/Negative/apache_incubator-reef_apache_incubator-reef_org.apache.reef.vortex.evaluator2302VortexWorker.code,unknown_class,False,1610,512,True
8a69f8172b060bd89360db4bffb55b64dcbb85bb,train,0,MultifacetedAbstraction/Negative/spring-projects_spring-integration-kafka_spring-projects_spring-integration-kafka_org.springframework.integration.kafka.inbound35KafkaAckCallback.code,unknown_class,False,1608,512,True
e92b081846a4335f915f56a1622ee0b3b9ce186f,train,0,MultifacetedAbstraction/Negative/caskdata_cdap_caskdata_cdap_io.cdap.cdap.explore.service2888HiveExploreServiceTimeoutTest.code,unknown_class,False,1608,512,True
42dd39ba3dff7c494af771ff21b5c6bc0766ab92,test,1,MultifacetedAbstraction/Positive/jmockit_jmockit1_jmockit_jmockit1_mockit2FakingTest.code,unknown_class,False,1606,512,True
7d7467961b5afa1a8e7b51f36c372b00c351d7e9,train,0,MultifacetedAbstraction/Negative/real-logic_simple-binary-encoding_real-logic_simple-binary-encoding_uk.co.real_logic.sbe.ir71EncodedIrTest.code,unknown_class,False,1606,512,True
6af1380347d3e24ae101ddb5e1efa627b86f18ce,train,0,MultifacetedAbstraction/Negative/gosu-lang_gosu-lang_gosu-lang_gosu-lang_gw.internal.gosu.parser.annotation1280AnnotationTest.code,unknown_class,False,1606,512,True
a56434b41859c3f5b1de9e00897b3b5ae278f650,val,1,MultifacetedAbstraction/Positive/GluuFederation_oxAuth_GluuFederation_oxAuth_org.gluu.oxauth.fido2.service.processors.impl1TPMProcessor.code,unknown_class,False,1603,512,True
15183cd6be7792cbf894b7e08bf476a6d7b21bcf,test,1,MultifacetedAbstraction/Positive/kristian-lange_MechArg_kristian-lange_MechArg_services.publix1PublixErrorMessages.code,unknown_class,False,1602,512,True
683cbcaf8cd7f40ec90a202847be44d11c2ea422,test,1,MultifacetedAbstraction/Positive/openhab_jmdns_openhab_jmdns_samples0ITunesRemotePairing.code,unknown_class,False,1601,512,True
7a7b757a54bb20942669c8e99d936de93148a9f1,test,1,MultifacetedAbstraction/Positive/linkedin_gobblin_linkedin_gobblin_org.apache.gobblin.util.logs4Builder.code,unknown_class,False,1600,512,True
037c36c930cbe747036941f9cd030f5d64b461fb,train,0,MultifacetedAbstraction/Negative/apache_olingo-odata4_apache_olingo-odata4_org.apache.olingo.commons.core.edm.primitivetype713CommonPrimitiveTypeTest.code,unknown_class,False,1593,512,True
e20d6254e73d3ded0bdd8a75a0b73fa9bfd87aff,val,0,MultifacetedAbstraction/Negative/linkedin_gobblin_linkedin_gobblin_org.apache.gobblin.converter.parquet754ParquetGroup.code,unknown_class,False,1592,512,True
70505453eba7296fca119717bc19575d49b04e29,train,0,MultifacetedAbstraction/Negative/OHDSI_WebAPI_OHDSI_WebAPI_org.ohdsi.webapi.cohortfeatures135GenerateCohortFeaturesTasklet.code,unknown_class,False,1587,512,True
1420fc4667d038726c10d31b3dd2e4aa120db386,train,1,MultifacetedAbstraction/Positive/InfinityRaider_AgriCraft_InfinityRaider_AgriCraft_com.infinityraider.agricraft.blocks.irrigation0BlockWaterChannelValve.code,unknown_class,False,1586,512,True
cff32dfe9ff9377a087786c31806aa12ff8988cd,test,0,MultifacetedAbstraction/Negative/copper-engine_copper-engine_copper-engine_copper-engine_org.copperengine.regtest.test.tranzient.lang470LocalVarTransientWorkflow1.code,unknown_class,False,1585,512,True
dbdd40a9b1cd603800840d30ef84807664c163e7,train,0,MultifacetedAbstraction/Negative/ArtificerRepo_artificer_ArtificerRepo_artificer_org.artificer.common.ontology66ArtificerOntology.code,unknown_class,False,1583,512,True
2e816ac7db1bd4c7e62a57161fc2fbcea0710c77,train,1,MultifacetedAbstraction/Positive/Netflix_suro_Netflix_suro_com.netflix.suro0ClientConfig.code,unknown_class,False,1579,512,True
a10d14ac199725a30de63894df1f503bff7007d7,test,0,MultifacetedAbstraction/Negative/seagate_kinetic-java_seagate_kinetic-java_com.seagate.kinetic.simulator.internal280GetLogHandler.code,unknown_class,False,1578,512,True
9b935f02b895f60325922f55b3d80f66ea881583,train,0,MultifacetedAbstraction/Negative/getsentry_raven-java_getsentry_raven-java_io.sentry.android21AndroidSentryClientFactory.code,unknown_class,False,1577,512,True
5fca531282c3620cb0ba8e32acd88fcd9eb6a449,train,0,MultifacetedAbstraction/Negative/FenixEdu_fenixedu-academic_FenixEdu_fenixedu-academic_org.fenixedu.academic.domain.contacts901EmailAddress.code,unknown_class,False,1576,512,True
54be5a11936d200fde46a72b59d4b9e748bde324,val,0,MultifacetedAbstraction/Negative/igniterealtime_Openfire_igniterealtime_Openfire_org.jivesoftware.openfire.user710HybridUserProvider.code,unknown_class,False,1572,512,True
d6eeaeead5c5ef059b7605af74b6a1d714ddd19b,test,0,MultifacetedAbstraction/Negative/my2iu_Jinq_my2iu_Jinq_org.jinq.jpa.jpqlquery185SelectFromWhere.code,unknown_class,False,1568,512,True
7f52eb4ff9d095775d1451291480a170df368f15,train,0,MultifacetedAbstraction/Negative/MCTCP_TerrainControl_MCTCP_TerrainControl_com.khorn.terraincontrol.configuration69ReplacedBlocksMatrix.code,unknown_class,False,1566,512,True
e1121169b8140d0bcd665bac0d748df93634114a,train,0,MultifacetedAbstraction/Negative/dswarm_dswarm_dswarm_dswarm_org.dswarm.controller.resources.schema146SchemaAttributePathInstancesResource.code,unknown_class,False,1566,512,True
1fb0a74464de588e2d70531b0e090f4625e2cbaf,train,0,MultifacetedAbstraction/Negative/JCTools_JCTools_JCTools_JCTools_org.jctools.jmh.latency.spsc107RingCqBurstRoundTripWithGroups.code,unknown_class,False,1565,512,True
680e83547e2cd6df70bf80e42a9e36f1007ead3c,val,0,MultifacetedAbstraction/Negative/primecloud-controller-org_primecloud-controller_primecloud-controller-org_primecloud-controller_jp.primecloud.auto.entity.crud627BaseUser.code,unknown_class,False,1565,512,True
3d8a7543d9167ddf70c92fd5c3807c8b959564a1,train,0,MultifacetedAbstraction/Negative/cloud-software-foundation_c5_cloud-software-foundation_c5_org.apache.hadoop.hbase.client486RpcRetryingCaller.code,unknown_class,False,1562,512,True
2330fc1a6f42c923a1c150da6bb063a2d85176cf,train,0,MultifacetedAbstraction/Negative/247687009_soa_247687009_soa_io.goudai.soa.quartz.core31SimpleQuartzManger.code,unknown_class,False,1561,512,True
2f26c0c6610edd3ce9c122fdf924b68cfcab634a,train,1,MultifacetedAbstraction/Positive/Steveice10_MCProtocolLib_Steveice10_MCProtocolLib_com.github.steveice10.mc.protocol.test0MinecraftProtocolTest.code,unknown_class,False,1560,512,True
97df06c7829753d12d3541d35f41df129b1ef577,train,0,MultifacetedAbstraction/Negative/rapidminer_rapidminer_rapidminer_rapidminer_com.rapidminer.operator1623CommandLineOperator.code,unknown_class,False,1560,512,True
3a5834d0e2b3cde924e38c1380bbe1f1c905c4e4,val,1,MultifacetedAbstraction/Positive/rancherio_cattle_rancherio_cattle_io.cattle.platform.core.model.tables46ProcessExecutionTable.code,unknown_class,False,1556,512,True
ed4da87e8161bccdac10a24e7f8bf718993b83b2,train,0,MultifacetedAbstraction/Negative/snakerflow_snakerflow_snakerflow_snakerflow_org.snaker.engine.access.jdbc36BeanPropertyHandler.code,unknown_class,False,1556,512,True
6c2c6bb5c2252d7135983d50dce472c74f7cc257,val,1,MultifacetedAbstraction/Positive/kontalk_tigase-extension_kontalk_tigase-extension_com.google.android.gcm.server0Builder.code,unknown_class,False,1556,512,True
303f56c8ebe1bdff5e58b5b785f716f189fcff96,train,1,MultifacetedAbstraction/Positive/google_gcm_google_gcm_com.google.android.gcm.server0Builder.code,unknown_class,False,1556,512,True
d393860d0d1b3422f3bb9133b78c43fa758a4983,val,1,MultifacetedAbstraction/Positive/FenixEdu_fenixedu-academic_FenixEdu_fenixedu-academic_org.fenixedu.academic.predicate0AcademicPredicates.code,unknown_class,False,1555,512,True
95fc9d065a41ddcc7e9366daf428025b07dc4881,train,0,MultifacetedAbstraction/Negative/hankcs_HanLP_hankcs_HanLP_com.hankcs.hanlp.dictionary329CoreSynonymDictionary.code,unknown_class,False,1554,512,True
ddc1bff8d393171139e38b7a0f5eef24fdcf619b,val,0,MultifacetedAbstraction/Negative/sanity_quickml_sanity_quickml_quickml.utlities407CSVToInstanceReader.code,unknown_class,False,1551,512,True
2eebc0be7a2c5eb1713296b8b1bb5f03a7f96eb0,val,1,MultifacetedAbstraction/Positive/apache_incubator-wave_apache_incubator-wave_org.waveprotocol.wave.model.util9Utf16UtilTest.code,unknown_class,False,1548,512,True
5941e7b86cbc30432a35365489566194df797450,train,1,MultifacetedAbstraction/Positive/couchbase_couchbase-jvm-core_couchbase_couchbase-jvm-core_com.couchbase.client.core.tracing0Builder.code,unknown_class,False,1545,512,True
b60ec197c93a4268879155923b31fa4ad9c0c907,train,0,MultifacetedAbstraction/Negative/caskdata_tephra_caskdata_tephra_co.cask.tephra.util463HBaseVersion.code,unknown_class,False,1543,512,True
09f9db774879ccef362374f2a147312d43d09e37,train,0,MultifacetedAbstraction/Negative/247687009_soa_247687009_soa_io.goudai.soa.sys.web.entity46User.code,unknown_class,False,1540,512,True
f7d02411e8e37eeb307e199f569c78722d647bcc,val,0,MultifacetedAbstraction/Negative/BlueBrain_bluima_BlueBrain_bluima_com.wcohen.ss.abbvGapsHmm1535AbbvGapsHmmForwardEvaluator.code,unknown_class,False,1539,512,True
27e0730d49209c629e91b9875f1e81be630e6ed9,train,0,MultifacetedAbstraction/Negative/joel-costigliola_assertj-swing_joel-costigliola_assertj-swing_org.assertj.swing.fixture1261AbstractSwingContainerFixture.code,unknown_class,False,1534,512,True
ea72fa785f0e6f46ef457d3b4832a2154a8f7887,train,1,MultifacetedAbstraction/Positive/fcrepo3_fcrepo_fcrepo3_fcrepo_org.fcrepo.utilities.xml1XercesXmlSerializers.code,unknown_class,False,1532,512,True
57e12f938c8a909b71f85ed4207780eaf3289c2c,val,0,MultifacetedAbstraction/Negative/apache_incubator-wave_apache_incubator-wave_org.waveprotocol.box.server.robots.passive387RobotsGateway.code,unknown_class,False,1529,512,True
458936a5f2b0feabd73fe510166ace0adb70c1d3,val,0,MultifacetedAbstraction/Negative/linkedin_gobblin_linkedin_gobblin_org.apache.gobblin.config.client530ConfigClientUtils.code,unknown_class,False,1529,512,True
2273ccf7b5986aa7258533d2ee9782ac75e6948f,train,0,MultifacetedAbstraction/Negative/opendaylight_controller_opendaylight_controller_org.opendaylight.controller.cluster.raft.utils1263InMemorySnapshotStore.code,unknown_class,False,1528,512,True
71e67fe6b7039d4c4e853219ff6cc6bddacbd744,train,0,MultifacetedAbstraction/Negative/iipc_webarchive-commons_iipc_webarchive-commons_org.archive.url339URLRegexTransformerTest.code,unknown_class,False,1528,512,True
40e8806d3b02729a12f8ec8bd7de42ace0f7e06b,train,0,MultifacetedAbstraction/Negative/gustavomondron_twik_gustavomondron_twik_com.reddyetwo.hashmypass.app.data24DataOpenHelper.code,unknown_class,False,1527,512,True
a3444d37fa6dcf3943c361f1f47ad401ea603a33,train,0,MultifacetedAbstraction/Negative/Evolveum_midpoint_Evolveum_midpoint_com.evolveum.midpoint.web.page.admin.orgs3891AbstractOrgTabPanel.code,unknown_class,False,1523,512,True
8d9c2ec298fd7e424568dd70fd3bd71be4c13623,train,0,MultifacetedAbstraction/Negative/cping_RipplePower_cping_RipplePower_org.ripple.bouncycastle.math.ec.custom.sec2367SecP256K1Field.code,unknown_class,False,1521,512,True
d5ffc0e3bfd1ba60bea9ac1f4e5f17ed5a9e6778,val,1,MultifacetedAbstraction/Positive/project-ncl_pnc_project-ncl_pnc_org.jboss.pnc.integration1RSQLTest.code,unknown_class,False,1520,512,True
70b50c56bb7dd77a61def230a11021789dd636aa,val,1,MultifacetedAbstraction/Positive/ArtificerRepo_artificer_ArtificerRepo_artificer_org.artificer.repository.query0AbstractArtificerQueryVisitor.code,unknown_class,False,1519,512,True
6d54796f10cec49c52f3dc12f332caddaae6cb89,val,0,MultifacetedAbstraction/Negative/openhab_openhab2_openhab_openhab2_org.openhab.binding.loxone.internal.security2499LxWsSecurity.code,unknown_class,False,1518,512,True
7a7695a8742966ccaa7fd59bc254f1bbe76a32a2,test,1,MultifacetedAbstraction/Positive/juniversal_jsimple_juniversal_jsimple_jsimple.net0HttpRequest.code,unknown_class,False,1513,512,True
518dcd6212132f59223d8fbe0c6d4168c427085a,train,1,MultifacetedAbstraction/Positive/bitcoinj_bitcoinj_bitcoinj_bitcoinj_org.bitcoinj.store1H2FullPrunedBlockStore.code,unknown_class,False,1512,512,True
bd7cfcfb047b8718949c2c42138da11b67b5fcf7,test,0,MultifacetedAbstraction/Negative/jtrfp_terminal-recall_jtrfp_terminal-recall_org.jtrfp.trcl.core334FeaturesImplTest.code,unknown_class,False,1509,512,True
b31594074b5036fd73eee17bf27f339863cdf229,train,0,MultifacetedAbstraction/Negative/project-ncl_pnc_project-ncl_pnc_org.jboss.pnc.executor432DefaultBuildExecutionSession.code,unknown_class,False,1506,512,True
b4c5e928fff48d2949efefeab3018c81ececb8eb,train,0,MultifacetedAbstraction/Negative/apache_incubator-wave_apache_incubator-wave_org.waveprotocol.box.server.robots.dataapi341DataApiTokenContainer.code,unknown_class,False,1506,512,True
5148c226cde9c7567991f53241576b0f108f3e32,train,0,MultifacetedAbstraction/Negative/CloudSlang_cloud-slang_CloudSlang_cloud-slang_io.cloudslang.lang.compiler.modeller94DependenciesHelper.code,unknown_class,False,1501,512,True
4ec05335ae3f1f9dda12005a7de1cce86141669b,train,1,MultifacetedAbstraction/Positive/davidmoten_rtree_davidmoten_rtree_com.github.davidmoten.rtree.geometry0Intersects.code,unknown_class,False,1501,512,True
3f82e7e5577926c5031c51d5d37abce69772e9f0,train,1,MultifacetedAbstraction/Positive/fcrepo3_fcrepo_fcrepo3_fcrepo_org.fcrepo.utilities.xml0SunXmlSerializers.code,unknown_class,False,1501,512,True
8125d44bcf5539cc265a4b54fb3ccf7ae0c70a28,train,0,MultifacetedAbstraction/Negative/glazedlists_glazedlists_glazedlists_glazedlists_com.publicobject.misc.xml1112XMLTagPath.code,unknown_class,False,1500,512,True
b57fb712a6748a7c490f90815bbbd1e2b66356b6,val,1,MultifacetedAbstraction/Positive/gmantele_taplib_gmantele_taplib_uws.service1TestHttpServletRequest.code,unknown_class,False,1499,512,True
c2f9617c37a8486b3ae9a6fd0931f859b9e82eeb,test,0,MultifacetedAbstraction/Negative/bitcoin-solutions_multibit-hd_bitcoin-solutions_multibit-hd_org.multibit.hd.core.network119MultiBitPeerEventListener.code,unknown_class,False,1495,512,True
bcce0bf31c4c3e21dc84429901187d21686d2a3d,train,0,MultifacetedAbstraction/Negative/247687009_soa_247687009_soa_io.goudai.soa.common.context4SoaContext.code,unknown_class,False,1494,512,True
59232cb586ea47e1c67100cb65fdf9f572a0e238,test,1,MultifacetedAbstraction/Positive/jtrfp_terminal-recall_jtrfp_terminal-recall_org.jtrfp.trcl0Crosshairs.code,unknown_class,False,1486,512,True
102b7fd684066b036bb141f261d52e1620a48646,train,1,MultifacetedAbstraction/Positive/SEL-columbia_dristhi_SEL-columbia_dristhi_org.ei.drishti.dto.register2ECRegisterEntryDTO.code,unknown_class,False,1482,512,True
d796aa3c0cd66df32be66c865c9aff6f1d709c8a,test,0,MultifacetedAbstraction/Negative/kite-sdk_kite_kite-sdk_kite_org.kitesdk.morphline.api659FieldExpressionTest.code,unknown_class,False,1479,512,True
54c4043044567ec37d4122784d023a5496742b11,train,0,MultifacetedAbstraction/Negative/KleeGroup_vertigo_KleeGroup_vertigo_io.vertigo.studio.plugins.mda.domain.java.model1011DtDefinitionModel.code,unknown_class,False,1479,512,True
c790f31fd0a6c0f4ed0ea367d588bb4fd633840c,val,0,MultifacetedAbstraction/Negative/primecloud-controller-org_primecloud-controller_primecloud-controller-org_primecloud-controller_jp.primecloud.auto.entity.crud602BaseNiftyCertificate.code,unknown_class,False,1478,512,True
94707ff78fc9cfadeed6500967a44c4635e0451b,val,1,MultifacetedAbstraction/Positive/bitcoinj_bitcoinj_bitcoinj_bitcoinj_org.bitcoinj.store2MySQLFullPrunedBlockStore.code,unknown_class,False,1475,512,True
1e6431bc7634a09fb55f119e7a96e3a6c44c0431,val,1,MultifacetedAbstraction/Positive/rancherio_cattle_rancherio_cattle_io.cattle.platform.core.model.tables11ClusterMembershipTable.code,unknown_class,False,1474,512,True
d0503f84b3abeb31f8d55ef53ed872c1b424b98e,train,0,MultifacetedAbstraction/Negative/jphp-compiler_jphp_jphp-compiler_jphp_org.develnext.jphp.ext.compress.classes405PArchive.code,unknown_class,False,1472,512,True
b96ad6dda4090751e38beb103f38300bc7d5e782,train,0,MultifacetedAbstraction/Negative/jhauswald_sirius_jhauswald_sirius_info.ephyra.search.searchers143KnowledgeAnnotator.code,unknown_class,False,1470,512,True
bd86e510d0a98bec699e4f4a699c1fba008a319d,train,1,MultifacetedAbstraction/Positive/linkedin_gobblin_linkedin_gobblin_org.apache.gobblin.runtime3JobBrokerInjectionTest.code,unknown_class,False,1469,512,True
88277d7224a2a76d36e32a6252adedae5bdd15ac,test,0,MultifacetedAbstraction/Negative/OpenHFT_Chronicle-Wire_OpenHFT_Chronicle-Wire_net.openhft.chronicle.wire.benchmarks403Data.code,unknown_class,False,1467,512,True
9bfb4c1081df99e8c73c1ef0eb0385a5dead9444,train,1,MultifacetedAbstraction/Positive/Accla_d4m_api_java_Accla_d4m_api_java_edu.mit.ll.d4m.db.cloud.test0SomeTest.code,unknown_class,False,1466,512,True
a571b9e0f2467169d32bc7a8f6e7300678929b1e,train,0,MultifacetedAbstraction/Negative/mozilla_j2me.js_mozilla_j2me.js_javax.microedition.lcdui1755LFFactoryImpl.code,unknown_class,False,1462,512,True
2447c746aa55cd4967898b02ca12666fb6410944,test,0,MultifacetedAbstraction/Negative/neo4j_neo4j-ogm_neo4j_neo4j-ogm_org.neo4j.ogm.persistence.relationships846RichRelationTest.code,unknown_class,False,1462,512,True
7d37c78583fb100cd44fbb7fcb7254ae68e4b13a,train,0,MultifacetedAbstraction/Negative/jtrfp_terminal-recall_jtrfp_terminal-recall_org.jtrfp.trcl.coll284PropertyBasedTagger.code,unknown_class,False,1459,512,True
b81dd984b2bc591554d16560bcb929a204e81f49,val,0,MultifacetedAbstraction/Negative/openhab_jmdns_openhab_jmdns_javax.jmdns.test91JmmDNSTest.code,unknown_class,False,1458,512,True
3a8bf3862178e85d137f2e61c9f90c444b71a968,train,0,MultifacetedAbstraction/Negative/reveal-technologies_sitewhere_reveal-technologies_sitewhere_com.sitewhere.configuration.parser242IOutboundConnectorsParser.code,unknown_class,False,1457,512,True
9243bd59394806ff34e91ae02e011ab13bb53f9a,train,0,MultifacetedAbstraction/Negative/kuujo_copycat_kuujo_copycat_io.atomix.core.tree.impl750DefaultAtomicDocumentTree.code,unknown_class,False,1454,512,True
726851c36e6d78502e4e7851932d432c484b4cfb,test,0,MultifacetedAbstraction/Negative/numenta_htm.java_numenta_htm.java_org.numenta.nupic.util199AbstractSparseBinaryMatrixTest.code,unknown_class,False,1452,512,True
76363608c8c0309e1f0dad001747632d29f66553,val,0,MultifacetedAbstraction/Negative/caskdata_cdap_caskdata_cdap_io.cdap.cdap.internal.app.runtime.monitor.proxy3583AbstractSocksServerConnectHandler.code,unknown_class,False,1452,512,True
383f15f9b92f530aaf7bf24f56e0ca046712196d,train,0,MultifacetedAbstraction/Negative/midonet_midonet_midonet_midonet_org.midonet.packets811TestUDP.code,unknown_class,False,1449,512,True
316e7317e507f5c0676f8de312e2437310f04b6e,train,0,MultifacetedAbstraction/Negative/SharedKnowledge_SharkFW_SharedKnowledge_SharkFW_net.sharkfw.knowledgeBase.inmemory102InMemoSemanticNet.code,unknown_class,False,1448,512,True
6739017459361644f009c937e953ff93cb8e80ba,train,0,MultifacetedAbstraction/Negative/lenskit_lenskit_lenskit_lenskit_org.lenskit.graph433Visitor.code,unknown_class,False,1446,512,True
ca69701b1f240cfb70ada4afef34de23befcffd7,train,1,MultifacetedAbstraction/Positive/magarena_magarena_magarena_magarena_magic.model1MagicAmountFactory.code,unknown_class,False,1446,512,True
60dc7ef26d53d902b35f88b3c0cd25db05874bc3,train,1,MultifacetedAbstraction/Positive/rancherio_cattle_rancherio_cattle_io.cattle.platform.iaas.api.auth.integration.azure74AzureConfigManager.code,unknown_class,False,1446,512,True
b63b732e87e8f586172494aefdc3639ce34e39fc,train,0,MultifacetedAbstraction/Negative/benhysell_V.FlyoutTest_benhysell_V.FlyoutTest_android.support.v4.view312ViewGroupCompat.code,unknown_class,False,1445,512,True
c028d58c6e9778619636da81ecdf5d8e36f9717d,train,0,MultifacetedAbstraction/Negative/pavel4n_wowdoge.org_pavel4n_wowdoge.org_org.wowdoge406DialogAddress.code,unknown_class,False,1444,512,True
1535e327c07cd7550f2c2cd4c04314b7c35649aa,train,1,MultifacetedAbstraction/Positive/oodrive_eguan_oodrive_eguan_org.jscsi.parser.datasegment6ResultFunctionFactory.code,unknown_class,False,1443,512,True
43430cc2f069a0275291fe87c9b1c895a410ae18,train,0,MultifacetedAbstraction/Negative/caskdata_cdap_caskdata_cdap_io.cdap.cdap.common.security1401HttpsEnablerTest.code,unknown_class,False,1442,512,True
1cc37678b7c491d6907cc1b36a2680caba5e9b4f,test,0,MultifacetedAbstraction/Negative/wso2_MDM-Android-Agent_wso2_MDM-Android-Agent_com.actionbarsherlock.widget161ActivityChooserViewAdapter.code,unknown_class,False,1441,512,True
88575d4fd8e8d638563368a6c630233c938a9392,train,0,MultifacetedAbstraction/Negative/Stratio_streaming-cep-engine_Stratio_streaming-cep-engine_com.stratio.decision.functions96SaveToSolrActionExecutionFunction.code,unknown_class,False,1437,512,True
f6b20cff38aebd290a58a8fcb3eb581d32e89989,val,0,MultifacetedAbstraction/Negative/openhab_openhab2_openhab_openhab2_org.openhab.binding.ambientweather.internal.handler155AmbientWeatherBridgeHandler.code,unknown_class,False,1433,512,True
31c22b0a9a9badc02142659b0af1fc202b9909ff,train,1,MultifacetedAbstraction/Positive/shazam_fork_shazam_fork_com.shazam.fork.model0Builder.code,unknown_class,False,1430,512,True
ed69a2a308274adbdd7868656993fe91f0925554,train,0,MultifacetedAbstraction/Negative/rapidminer_rapidminer_rapidminer_rapidminer_com.rapidminer.operator.nio2423ExcelWorkbookPane.code,unknown_class,False,1428,512,True
9503b8c51be591a333a260433300de2085c49df9,train,0,MultifacetedAbstraction/Negative/joel-costigliola_assertj-swing_joel-costigliola_assertj-swing_org.assertj.swing.driver562JFileChooserDriver.code,unknown_class,False,1426,512,True
316a0a7f15970a152d72cf0f9dbfa5d12971a76e,train,1,MultifacetedAbstraction/Positive/openscore_score-actions_openscore_score-actions_io.cloudslang.content.utils8WSManUtils.code,unknown_class,False,1423,512,True
435703f1316f38b132a3be34c1c47dd74e8b288a,train,1,MultifacetedAbstraction/Positive/evolute-pt_dbtransfer_evolute-pt_dbtransfer_pt.evolute.dbtransfer.db.helper0MySQLServerHelper.code,unknown_class,False,1422,512,True
98a2ac0aadd936fc4e9584836973a6be7a9f32c9,train,0,MultifacetedAbstraction/Negative/kiselev-dv_gazetteer_kiselev-dv_gazetteer_me.osm.gazetter.diff29Diff.code,unknown_class,False,1421,512,True
bc81692ba6e958510b6b9fbfe253422bbb002f13,test,0,MultifacetedAbstraction/Negative/reveal-technologies_sitewhere_reveal-technologies_sitewhere_com.sitewhere.grpc.client.user533CachedUserManagementApiChannel.code,unknown_class,False,1420,512,True
892ee54ab704aec5820bcde277f867a8efc35255,train,1,MultifacetedAbstraction/Positive/seleniumQuery_seleniumQuery_seleniumQuery_seleniumQuery_testinfrastructure.testdouble.io.github.seleniumquery.functions0SeleniumQueryFunctionsMock.code,unknown_class,False,1420,512,True
c7b6d56ee7fd36b6e8736aa3b1e5fae3997ac671,train,1,MultifacetedAbstraction/Positive/opendaylight_controller_opendaylight_controller_org.opendaylight.controller.sal.binding.test.connect.dom0CrossBrokerMountPointTest.code,unknown_class,False,1417,512,True
18d4bbfe0dfdff8ac7f04bed2572a63f92570676,test,0,MultifacetedAbstraction/Negative/lesaint_damapping_lesaint_damapping_fr.javatronic.damapping.processor.sourcegenerator.writer166DAFileWriterTest.code,unknown_class,False,1415,512,True
c97cedd799420651bc1ae92e01c9d3bdd95c1f83,train,1,MultifacetedAbstraction/Positive/jenkinsci_acceptance-test-harness_jenkinsci_acceptance-test-harness_org.jenkinsci.test.acceptance.plugins.ssh_slaves7SshSlaveLauncher.code,unknown_class,False,1414,512,True
96631d81439d513e6e463ea416fe32fc98e1fd1c,train,1,MultifacetedAbstraction/Positive/apache_incubator-reef_apache_incubator-reef_org.apache.reef.runtime.common.driver.resourcemanager1Builder.code,unknown_class,False,1412,512,True
d1bb78fab399d76ea4ecc177815f356fa3d3668b,train,0,MultifacetedAbstraction/Negative/wendykierp_JTransforms_wendykierp_JTransforms_org.jtransforms.dht26FloatDHT_2DTest.code,unknown_class,False,1412,512,True
e248f6d0bab1135925728e0fe72a3929da027bf8,train,1,MultifacetedAbstraction/Positive/gosu-lang_gosu-lang_gosu-lang_gosu-lang_gw.internal.gosu.parser.gwPlatform3GWEntityAccess.code,unknown_class,False,1411,512,True
02357578c13cd9f5f3c31fa693c433b549315cc8,train,1,MultifacetedAbstraction/Positive/lucaspouzac_contiperf_lucaspouzac_contiperf_org.databene.contiperf.junit0TestBean.code,unknown_class,False,1409,512,True
47df12f218742b3d6af2fd12904412526bf17ac5,val,0,MultifacetedAbstraction/Negative/apache_incubator-wave_apache_incubator-wave_org.waveprotocol.wave.model.operation2767OpComparators.code,unknown_class,False,1409,512,True
4cf6c7314f30925b5f53a7ea9e780cb2d1a7dbba,train,0,MultifacetedAbstraction/Negative/cping_RipplePower_cping_RipplePower_org.ripple.bouncycastle.asn1.isismtt.x509904ProcurationSyntax.code,unknown_class,False,1409,512,True
09e2c6aef5cb8d91827a563b0896b1e1b20d7ef2,train,1,MultifacetedAbstraction/Positive/OpenHFT_Chronicle-Core_OpenHFT_Chronicle-Core_net.openhft.chronicle.core.jlbh1JLBHOptions.code,unknown_class,False,1408,512,True
274db6e6cbcada800da3fddd415585eda3f55112,train,1,MultifacetedAbstraction/Positive/sriharshachilakapati_SilenceEngine_sriharshachilakapati_SilenceEngine_com.shc.silenceengine.audio0AudioDevice.code,unknown_class,False,1406,512,True
96275f46fff46b9231d0477431536d6a0904eef1,train,0,MultifacetedAbstraction/Negative/spring-projects_spring-integration-kafka_spring-projects_spring-integration-kafka_org.springframework.integration.kafka.dsl20KafkaInboundChannelAdapterSpec.code,unknown_class,False,1406,512,True
63b357fd96c9f4062e2bbb1dd5117ebdc10c9b18,val,0,MultifacetedAbstraction/Negative/foxinmy_weixin4j_foxinmy_weixin4j_com.foxinmy.weixin4j.qy.api414AgentApi.code,unknown_class,False,1405,512,True
9920b470fea28b3b42e2e57c10b4b5e7980eaa45,train,1,MultifacetedAbstraction/Positive/rancherio_cattle_rancherio_cattle_io.cattle.platform.engine.server.impl73ProcessInstanceDispatcherImpl.code,unknown_class,False,1401,512,True
3de58d1d2d3fe0b16bb8adeee19a51df4cf06e99,test,1,MultifacetedAbstraction/Positive/SpongePowered_SpongeAPI_SpongePowered_SpongeAPI_org.spongepowered.api0Sponge.code,unknown_class,False,1399,512,True
0dd9d5bdf03db54d9785eb62f73f19e6cc3100e6,train,0,MultifacetedAbstraction/Negative/syncany_syncany_syncany_syncany_org.syncany.tests.integration.plugins482AbstractTransferManagerTest.code,unknown_class,False,1398,512,True
d4f7cf72ea1f9939ea7dfe1f2d2af5a2e00ad296,test,1,MultifacetedAbstraction/Positive/highsource_jsonix-schema-compiler_highsource_jsonix-schema-compiler_org.hisrc.jsonix.naming1StandardNaming.code,unknown_class,False,1394,512,True
6515c84c532632f2e21907725dafbdc90435e4c4,train,0,MultifacetedAbstraction/Negative/aporter_coursera-android_aporter_coursera-android_course.examples.fragments.dynamiclayout90TitlesFragment.code,unknown_class,False,1393,512,True
9330981ca212eb6c71587e26b4ac52b3dd80acc1,train,1,MultifacetedAbstraction/Positive/kaazing_gateway_kaazing_gateway_org.kaazing.gateway.transport.http.bridge.filter5HttpRequestLineDecodingState.code,unknown_class,False,1393,512,True
0df9f89d0b07daad6eeb01f41134ef992d494006,train,0,MultifacetedAbstraction/Negative/247687009_soa_247687009_soa_io.goudai.soa.quartz.api.impl23Compiler.code,unknown_class,False,1389,512,True
4a99a018cc6eaa638f73a8538483c52028e8e408,train,0,MultifacetedAbstraction/Negative/openhab_jmdns_openhab_jmdns_javax.jmdns.impl.util85ByteWrangler.code,unknown_class,False,1387,512,True
3c362dcffd047ae7ff08f648c2ca0ed8819c635f,test,1,MultifacetedAbstraction/Positive/openscore_score-actions_openscore_score-actions_io.cloudslang.content.vmware.entities10VmInputsBuilder.code,unknown_class,False,1386,512,True
86c83c91d4f3dc5cb7ce05ed8b7121329aef7d25,train,0,MultifacetedAbstraction/Negative/freenet_plugin-WebOfTrust_freenet_plugin-WebOfTrust_plugins.WebOfTrust55RankComputationTest.code,unknown_class,False,1383,512,True
2a9fbe613e80622a8bd0ca1e79b1c58933f068e7,test,0,MultifacetedAbstraction/Negative/BlueBrain_bluima_BlueBrain_bluima_ch.epfl.bbp.uima.xml.archivearticle31068JournalMeta.code,unknown_class,False,1380,512,True
0ebe802155a3da326381fb1f02369ff6eb3da043,train,1,MultifacetedAbstraction/Positive/openscore_score-actions_openscore_score-actions_io.cloudslang.content.utilities.entities7Builder.code,unknown_class,False,1380,512,True
199707564231c037c11b06b8875187dac09ea8ab,val,0,MultifacetedAbstraction/Negative/rapidminer_rapidminer_rapidminer_rapidminer_com.rapidminer.io.process.rules1609RenamePlotterParametersRule.code,unknown_class,False,1379,512,True
01c2e5ffb21428726ecfa119b1c1d101be672703,train,0,MultifacetedAbstraction/Negative/dibbhatt_kafka-spark-consumer_dibbhatt_kafka-spark-consumer_consumer.kafka24ReceiverLauncher.code,unknown_class,False,1379,512,True
ad5808205b4d8871dc12a23ffc2a9b58137be1fa,train,0,MultifacetedAbstraction/Negative/TestFX_TestFX_TestFX_TestFX_org.testfx.matcher.control112ComboBoxMatchers.code,unknown_class,False,1378,512,True
4b075db31a6cca65e68ef9f6a07531ef10fd67a7,test,0,MultifacetedAbstraction/Negative/apache_incubator-reef_apache_incubator-reef_org.apache.reef.tang.implementation1798Subplan.code,unknown_class,False,1378,512,True
c28df23c5f47d9f04355b6adf35aaa34c4771822,train,0,MultifacetedAbstraction/Negative/jenjinstudios_jenjin_jenjinstudios_jenjin_com.jenjinstudios.core.io23Message.code,unknown_class,False,1378,512,True
a856a3966df1434fa32c9c63b02704f6ad49ade8,val,0,MultifacetedAbstraction/Negative/Netflix_spectator_Netflix_spectator_com.netflix.spectator.api78UtilsTest.code,unknown_class,False,1377,512,True
8504b5a1d88c2945b33e122431ce48a2f3955d48,train,1,MultifacetedAbstraction/Positive/highsource_jsonix-schema-compiler_highsource_jsonix-schema-compiler_org.hisrc.jsonix.naming0CompactNaming.code,unknown_class,False,1376,512,True
635810eef6b38432c1768e6d5aa323e21d57dd0d,train,0,MultifacetedAbstraction/Negative/247687009_soa_247687009_soa_io.goudai.soa.quartz.api.impl25QuartzServiceImpl.code,unknown_class,False,1374,512,True
13f95b8ee512236c2b798e88fc67ed5627904baa,train,1,MultifacetedAbstraction/Positive/thelinmichael_spotify-web-api-java_thelinmichael_spotify-web-api-java_com.wrapper.spotify0Builder.code,unknown_class,False,1366,512,True
dba6fe511c8a31487e8bc1d2ab551a52706192b9,train,0,MultifacetedAbstraction/Negative/tootedom_related_tootedom_related_org.greencheek.related.indexing.util134StringBuilderWriter.code,unknown_class,False,1365,512,True
f2e5fb98071b150e2da3ce1165b5801fffdfac5c,train,0,MultifacetedAbstraction/Negative/GlowstoneMC_Glowstone_GlowstoneMC_Glowstone_net.glowstone.inventory833GlowMetaBook.code,unknown_class,False,1364,512,True
6a30526bf72de790a23730c2c45a46dc9f265aae,train,0,MultifacetedAbstraction/Negative/SkymindIO_nd4j_SkymindIO_nd4j_org.nd4j.linalg.api.ndarray406TestSerializationDoubleToFloat.code,unknown_class,False,1363,512,True
7d449cf0af93bb04806c5fc3afb2dacecbfac88c,test,0,MultifacetedAbstraction/Negative/oyachai_HearthSim_oyachai_HearthSim_com.hearthsim.test620TestPlayerModel.code,unknown_class,False,1363,512,True
699e1eae780e7c3404707a4fffd697c0210d50cb,train,0,MultifacetedAbstraction/Negative/freenet_fred_freenet_fred_freenet.node999PortForwardAlert.code,unknown_class,False,1362,512,True
d99359d1d15598ce6797c30fc96c7fb5750f378a,train,1,MultifacetedAbstraction/Positive/trade-manager_trade-manager_trade-manager_trade-manager_org.trade.ui.base1BaseUIPropertyCodes.code,unknown_class,False,1362,512,True
04a6369296ea9b4c32fb0d576c5645621688accb,test,0,MultifacetedAbstraction/Negative/SoftInstigate_restheart_SoftInstigate_restheart_org.restheart.representation191Resource.code,unknown_class,False,1360,512,True
1a0d39e243034393821496e86f8a54b85e98892b,val,0,MultifacetedAbstraction/Negative/rapidminer_rapidminer_rapidminer_rapidminer_com.rapidminer.datatable74SortedDataTableView.code,unknown_class,False,1358,512,True
1c47fa719eaec32bad2c85844d11d8eb1145d604,train,0,MultifacetedAbstraction/Negative/GluuFederation_oxTrust_GluuFederation_oxTrust_org.gluu.oxtrust.model302OxLink.code,unknown_class,False,1354,512,True
99b572ea42dccbd59acd29f18fafe25cd2433a0e,train,1,MultifacetedAbstraction/Positive/igniterealtime_Spark_igniterealtime_Spark_org.jivesoftware.spark.ui1ChatInputEditor.code,unknown_class,False,1354,512,True
8b8f81942cea5e5ed6e27ad58853957c6fe5c3e1,val,0,MultifacetedAbstraction/Negative/SpongePowered_SpongeAPI_SpongePowered_SpongeAPI_org.spongepowered.api.util.ban1664Ban.code,unknown_class,False,1353,512,True
a7a5d48f8d3aea2598e34f3848e516aa058f7df4,train,0,MultifacetedAbstraction/Negative/rapidminer_rapidminer_rapidminer_rapidminer_com.rapidminer.operator.generator1941UserSpecificationDataGenerator.code,unknown_class,False,1347,512,True
9b8fd0e3db737e421d344d4f9bd746c87b33393a,train,0,MultifacetedAbstraction/Negative/Ecwid_consul-api_Ecwid_consul-api_com.ecwid.consul.v1.agent.model44NewCheck.code,unknown_class,False,1346,512,True
3c66594b169dd6632e532a39f1a72ae334fd3674,train,1,MultifacetedAbstraction/Positive/pac4j_pac4j_pac4j_pac4j_org.pac4j.kerberos.client.direct0KerberosClientsKerbyTests.code,unknown_class,False,1346,512,True
b446f9696cb20c7ff0d9c77e6422fdd89bcaf508,train,1,MultifacetedAbstraction/Positive/devnied_EMV-NFC-Paycard-Enrollment_devnied_EMV-NFC-Paycard-Enrollment_com.github.devnied.emvnfccard.model0CPLC.code,unknown_class,False,1345,512,True
ecb69fd1cbc6386abbbef8e2cc0536ac5d608326,train,1,MultifacetedAbstraction/Positive/caelum_vraptor-panettone_caelum_vraptor-panettone_br.com.caelum.vraptor.panettone0VRaptorCompilationListener.code,unknown_class,False,1345,512,True
0df9934b09d25d29e7c582b0344494b5b70cb9ec,train,0,MultifacetedAbstraction/Negative/FenixEdu_fenixedu-academic_FenixEdu_fenixedu-academic_org.fenixedu.academic.domain.serviceRequests.documentRequests1520DocumentRequest.code,unknown_class,False,1344,512,True
924fa8363530afdd80f5b2647954d727c95b78b2,test,0,MultifacetedAbstraction/Negative/stagemonitor_stagemonitor_stagemonitor_stagemonitor_org.stagemonitor.tracing.elasticsearch423ElasticsearchSpanReporterTest.code,unknown_class,False,1343,512,True
54d4b10b2ca105ffd6a045532feb885283630b0b,train,0,MultifacetedAbstraction/Negative/project-ncl_pnc_project-ncl_pnc_org.jboss.pnc.coordinator.test254DatastoreAdapterTest.code,unknown_class,False,1338,512,True
e1e9e09138e15dfd0750f2fde128b550066d79a8,train,0,MultifacetedAbstraction/Negative/Cloudslab_cloudsim_Cloudslab_cloudsim_org.cloudbus.cloudsim.examples166CloudSimExample1.code,unknown_class,False,1336,512,True
274f368deaaf3885fe22723b2b0acc649ef7be4c,train,0,MultifacetedAbstraction/Negative/pavel4n_wowdoge.org_pavel4n_wowdoge.org_org.wowdoge404CustomTheme.code,unknown_class,False,1335,512,True
062c68975db6f409182136a4b04c7df9226d4abd,train,1,MultifacetedAbstraction/Positive/openhab_openhab2_openhab_openhab2_org.openhab.binding.hue.internal.discovery13HueBridgeNupnpDiscovery.code,unknown_class,False,1333,512,True
cefc89d0b1f0a930a6041de256d0bfc1d9778117,val,0,MultifacetedAbstraction/Negative/primecloud-controller-org_primecloud-controller_primecloud-controller-org_primecloud-controller_jp.primecloud.auto.entity.crud621BasePlatformVmwareInstanceType.code,unknown_class,False,1333,512,True
10de2ded795db1b83aa33fdfb431f58d5af2f641,train,0,MultifacetedAbstraction/Negative/iilab_PanicButton_iilab_PanicButton_org.iilab.pb.fragment72WarningFragment.code,unknown_class,False,1332,512,True
64ac266c32b345d74af6946303e0f053c967c868,train,0,MultifacetedAbstraction/Negative/openMF_android-client_openMF_android-client_com.mifos.mifosxdroid.online236SurveyQuestionActivity.code,unknown_class,False,1330,512,True
980d073cba099ebda3b221393bab12adf5e80ad3,val,0,MultifacetedAbstraction/Negative/pac4j_vertx-pac4j_pac4j_vertx-pac4j_org.pac4j.vertx.cas.logout15VertxCasLogoutHandler.code,unknown_class,False,1330,512,True
d52134ee24f22eff47e929e36cf5ef57c39877b0,train,1,MultifacetedAbstraction/Positive/apache_tajo_apache_tajo_org.apache.tajo.org.objectweb.asm.tree3AbstractInsnNode.code,unknown_class,False,1330,512,True
11059e1def9a0e05daaaea49f0d73c20cc33558a,train,0,MultifacetedAbstraction/Negative/oyachai_HearthSim_oyachai_HearthSim_com.hearthsim.event.filter548FilterCharacter.code,unknown_class,False,1329,512,True
2abcd7dc83dd518f45a7bf06ef04e14eaa191525,train,0,MultifacetedAbstraction/Negative/dswarm_dswarm_dswarm_dswarm_org.dswarm.controller.resources.job47FiltersResource.code,unknown_class,False,1326,512,True
80484ef59c3f5a567c8362c58fcab78f71c34363,train,0,MultifacetedAbstraction/Negative/SpongePowered_SpongeAPI_SpongePowered_SpongeAPI_co.aikar.timings2Timings.code,unknown_class,False,1326,512,True
504c15d9044a79dbce0b8b510fd4b123fe4f5917,train,0,MultifacetedAbstraction/Negative/openhab_openhab2_openhab_openhab2_org.openhab.binding.kodi.internal.utils2148ByteArrayFileCacheTest.code,unknown_class,False,1325,512,True
7502d789f21524f6fe8b91523633efc2bf49c555,train,0,MultifacetedAbstraction/Negative/apache_olingo-odata2_apache_olingo-odata2_org.apache.olingo.odata2.jpa.processor.core.model1145JPAEdmEntityContainerTest.code,unknown_class,False,1325,512,True
de1fe8a527bc9819e8f274b78911af197f8bd459,train,0,MultifacetedAbstraction/Negative/midonet_midonet_midonet_midonet_org.midonet.southbound.vtep.schema857PhysicalSwitchTable.code,unknown_class,False,1325,512,True
8d0936e34e084f353f96e342eb03697987648e9b,train,0,MultifacetedAbstraction/Negative/cping_RipplePower_cping_RipplePower_org.ripple.bouncycastle.crypto.macs1332CBCBlockCipherMac.code,unknown_class,False,1324,512,True
a0442cf1233c1dd67d9b16bfd8cae9f09d686012,test,0,MultifacetedAbstraction/Negative/apache_knox_apache_knox_org.apache.knox.gateway.webappsec.deploy1424WebAppSecContributor.code,unknown_class,False,1320,512,True
46a99c614cb86052c9892b34390cd0f1bc7f369a,train,0,MultifacetedAbstraction/Negative/linkedin_gobblin_linkedin_gobblin_org.apache.gobblin.util.binpacking3146WorstFitDecreasingBinPacking.code,unknown_class,False,1320,512,True
d0526300efd7b3c852736fdd2cd56b6e5bc8dd18,train,0,MultifacetedAbstraction/Negative/gid15_jpcsp_gid15_jpcsp_jpcsp.crypto231PGD.code,unknown_class,False,1319,512,True
881085c0f095cfd8e7e6564b3eeaee759b95a4dd,val,0,MultifacetedAbstraction/Negative/cping_RipplePower_cping_RipplePower_org.ripple.bouncycastle.pqc.jcajce.provider2488McEliece.code,unknown_class,False,1319,512,True
0929ec1fb84e64387cd8b9f71709e501ecde87cb,train,0,MultifacetedAbstraction/Negative/linkedin_gobblin_linkedin_gobblin_org.apache.gobblin.tunnel3003ReadWriteHandler.code,unknown_class,False,1317,512,True
218f066977dd529dee0138d88fe29234e43d4d97,train,0,MultifacetedAbstraction/Negative/apache_olingo-odata4_apache_olingo-odata4_org.apache.olingo.client.core.domain280ClientComplexValueImpl.code,unknown_class,False,1316,512,True
c165d364d4a53375aa0420d1f1c2f2172ef3441d,val,0,MultifacetedAbstraction/Negative/cloud-software-foundation_c5_cloud-software-foundation_c5_org.apache.hadoop.hbase.util2929Base64InputStream.code,unknown_class,False,1316,512,True
8e971128fbd720bfbf1908137c1eb7dd3de939fd,train,0,MultifacetedAbstraction/Negative/ic3fox_jawr-main-repo_ic3fox_jawr-main-repo_net.jawr.web.servlet.mock341MockServletContext.code,unknown_class,False,1314,512,True
5b4b0ee75cb1eb17356e3906056971ada85884b4,val,0,MultifacetedAbstraction/Negative/TheLQ_PircBotX_TheLQ_PircBotX_org.pircbotx45User.code,unknown_class,False,1313,512,True
a48ac1d40ebf44a181bff23498203e28574d3bea,train,0,MultifacetedAbstraction/Negative/apache_incubator-wave_apache_incubator-wave_org.waveprotocol.wave.model.testing2989Parameters.code,unknown_class,False,1310,512,True
cb3576abaffecf1204fb2a972cac13e5e7faea34,test,0,MultifacetedAbstraction/Negative/ReactiveX_RxJava_ReactiveX_RxJava_io.reactivex.rxjava3.internal.operators.flowable780FlowableSwitchIfEmptyTest.code,unknown_class,False,1308,512,True
dbbeb09b96b44b3a8c6dbb9e7f1c224cf4948345,train,1,MultifacetedAbstraction/Positive/reds-heig_logisim-evolution_reds-heig_logisim-evolution_com.cburch.logisim.circuit0RadixOption.code,unknown_class,False,1303,512,True
7a3b36202980d9738553dd4653ec494f03905953,train,0,MultifacetedAbstraction/Negative/kaazing_k3po_kaazing_k3po_org.kaazing.specification.http.rfc7230759ArchitectureIT.code,unknown_class,False,1303,512,True
b74ab525f63dee3b3169f79bfa1e55c313b1d101,train,1,MultifacetedAbstraction/Positive/hsz_idea-gitignore_hsz_idea-gitignore_mobi.hsz.idea.gitignore0IgnoreBundle.code,unknown_class,False,1302,512,True
ee59f116c382c06ea7f89f058e2e3d74179e159b,train,1,MultifacetedAbstraction/Positive/hsz_idea-gitignore_hsz_idea-gitignore_mobi.hsz.idea.gitignore.lang1IgnoreParserDefinition.code,unknown_class,False,1301,512,True
d2643df0c9ef8dfa0caabf18ab49928f85ff56b8,val,0,MultifacetedAbstraction/Negative/guardianproject_storymaker_guardianproject_storymaker_org.storymaker.app.ui241SlidingTabStrip.code,unknown_class,False,1300,512,True
3224923ae174e3e52934b38532c85dc2780d5774,train,1,MultifacetedAbstraction/Positive/allanbank_mongodb-async-driver_allanbank_mongodb-async-driver_com.allanbank.mongodb.builder0Index.code,unknown_class,False,1298,512,True
d80c62bf394cc260f5d6ecb2d7c58e41b1a644eb,train,0,MultifacetedAbstraction/Negative/roboconf_roboconf-platform_roboconf_roboconf-platform_net.roboconf.messaging.api.internal.client.in_memory698InMemoryClientTest.code,unknown_class,False,1294,512,True
825c518b3705d8da4bed77918365d519ab2942b4,train,0,MultifacetedAbstraction/Negative/jmockit_jmockit1_jmockit_jmockit1_mockit273FakeInvocationTest.code,unknown_class,False,1291,512,True
7765a0d34b39524f82b5bf160443d731105aa82d,train,0,MultifacetedAbstraction/Negative/ESAPI_esapi-java-legacy_ESAPI_esapi-java-legacy_org.owasp.esapi.reference.validation261StringValidationRuleTest.code,unknown_class,False,1290,512,True
2dbc6098c63aa4b0cea53634d40f2bf49cc566d4,val,0,MultifacetedAbstraction/Negative/neuroph_master_neuroph_master_org.neuroph.imgrec.filter.impl594OCRCropImage.code,unknown_class,False,1290,512,True
8f98e5adec3e819effecb6cb5625fefa7d8aee8c,train,0,MultifacetedAbstraction/Negative/apache_incubator-blur_apache_incubator-blur_org.apache.blur.thrift.generated1352fetchRow_argsStandardScheme.code,unknown_class,False,1288,512,True
87cb3008f6a63fbf220c6226b77b99deef4d129d,train,0,MultifacetedAbstraction/Negative/247687009_soa_247687009_soa_io.goudai.soa.core.dao.impl13MyBatisDao.code,unknown_class,False,1286,512,True
895c0ab1a2990162aba4796d767a3c9616b4d05e,train,0,MultifacetedAbstraction/Negative/mobile-event-processing_Asper_mobile-event-processing_Asper_com.espertech.esper.client.util577DateTime.code,unknown_class,False,1285,512,True
3ca708364927d299cd498aa6c4d31bc8f650cf49,train,0,MultifacetedAbstraction/Negative/neuroph_master_neuroph_master_org.netbeans.upgrade320Copy.code,unknown_class,False,1282,512,True
5c4ccdabc4aa449075b493e99da64f798e187fa9,train,1,MultifacetedAbstraction/Positive/openscore_score-actions_openscore_score-actions_io.cloudslang.content.entities6WSManRequestInputsBuilder.code,unknown_class,False,1279,512,True
dd151816887dcbdc58244f82bbbc8a28b280f28e,train,1,MultifacetedAbstraction/Positive/syncthing_syncthing-android_syncthing_syncthing-android_com.nutomic.syncthingandroid.service0Constants.code,unknown_class,False,1278,512,True
de333f15169827cebede758b3bb2ee68c09cad24,train,0,MultifacetedAbstraction/Negative/naver_pinpoint_naver_pinpoint_com.navercorp.pinpoint.test4511ProjectPathResolver.code,unknown_class,False,1271,512,True
16c36e9d5bcb3893a70f3be46762b0a25b0ff55a,train,0,MultifacetedAbstraction/Negative/247687009_soa_247687009_soa_io.goudai.soa.core.holder15SpringContextHolder.code,unknown_class,False,1268,512,True
f1b40efb0f63a8632edf8d5c66ca9ef321c29003,train,1,MultifacetedAbstraction/Positive/dropwizard_metrics_dropwizard_metrics_com.codahale.metrics.jdbi.strategies0NameStrategies.code,unknown_class,False,1268,512,True
11afdb60bd20d5c6ed361b1497735b03e429bb1b,test,1,MultifacetedAbstraction/Positive/TwidereProject_Twidere-Android_TwidereProject_Twidere-Android_org.mariotaku.twidere.model11ParcelableCardEntity.code,unknown_class,False,1265,512,True
b44317cb4554c3ab2612486b0e93178aa7ec6269,test,0,MultifacetedAbstraction/Negative/wgybzbrobot_sentiment-search_wgybzbrobot_sentiment-search_zx.soft.sent.dao.special87SpecialQuery.code,unknown_class,False,1263,512,True
0f0601f3d2d9da71275c0da38a81706a04db9118,train,0,MultifacetedAbstraction/Negative/mobile-event-processing_Asper_mobile-event-processing_Asper_com.espertech.esper.event.bean2847EventBeanManufacturerBean.code,unknown_class,False,1262,512,True
41c154b0c2a363c32413c9ab37e524bff382ba65,val,1,MultifacetedAbstraction/Positive/BlueBrain_bluima_BlueBrain_bluima_ch.epfl.bbp.uima.xml.testcase1ObjectFactory.code,unknown_class,False,1262,512,True
67e8f33cea51551906cad256ef2e242b32b6db6c,train,1,MultifacetedAbstraction/Positive/acciente_oacc-core_acciente_oacc-core_com.acciente.oacc.helper0TestConfigLoader.code,unknown_class,False,1261,512,True
4f7186dbd5199f91f7125c1abb65d77dd606e8ae,train,0,MultifacetedAbstraction/Negative/xmlunit_xmlunit_xmlunit_xmlunit_org.xmlunit.builder203JaxbBuilder.code,unknown_class,False,1259,512,True
1e629fac2dd04841c71dbc076dc61391173e8737,test,1,MultifacetedAbstraction/Positive/rancherio_cattle_rancherio_cattle_io.cattle.platform.docker.machine.launch72AuthServiceLauncher.code,unknown_class,False,1259,512,True
a248c3e9cdc1f6ae025632d20abbc9f48675ac7b,train,0,MultifacetedAbstraction/Negative/GluuFederation_oxTrust_GluuFederation_oxTrust_org.gluu.oxtrust.model.scim2.provider.schema369SchemaAttribute.code,unknown_class,False,1257,512,True
65b5b7e99f5e72f963e9cb61b4c0dd38cd27122b,test,1,MultifacetedAbstraction/Positive/querydsl_querydsl_querydsl_querydsl_com.querydsl.core.types.dsl6DateExpression.code,unknown_class,False,1255,512,True
a5a2c3c3db13be43bae53444f2c4d230e23cef3a,train,1,MultifacetedAbstraction/Positive/my2iu_Jinq_my2iu_Jinq_org.jinq.jooq.test.generated.tables0Customers.code,unknown_class,False,1255,512,True
cf3f5f87209c682983e0e1c0522232060f4309ec,train,0,MultifacetedAbstraction/Negative/numenta_htm.java_numenta_htm.java_org.numenta.nupic.algorithms19AnomalyTest.code,unknown_class,False,1254,512,True
4b2bf303991766e3c2b3a43d3bd80eb47ce8c10a,train,0,MultifacetedAbstraction/Negative/google_thread-weaver_google_thread-weaver_com.google.testing.threadtester53ClassInstrumentationImpl.code,unknown_class,False,1253,512,True
08426f699330e7d063e57227c1f2dcb7ca5db0ba,val,0,MultifacetedAbstraction/Negative/coheigea_testcases_coheigea_testcases_org.apache.coheigea.cxf.oauth2.grants306SAMLClientAuthenticationTest.code,unknown_class,False,1249,512,True
17640430bd2de25c695b702c5b730d4f228319ef,train,0,MultifacetedAbstraction/Negative/BlueBrain_bluima_BlueBrain_bluima_de.julielab.jules.types.ace1811EntityAttribute.code,unknown_class,False,1248,512,True
9ffc164df8f01f2570a71f28f2710326a71f808e,train,0,MultifacetedAbstraction/Negative/HubSpot_jinjava_HubSpot_jinjava_com.hubspot.jinjava.objects.date380StrftimeFormatter.code,unknown_class,False,1248,512,True
d3dcc1bd00fd051cdbd5bb83a05b242ce208d296,train,1,MultifacetedAbstraction/Positive/OpenHFT_Chronicle-Wire_OpenHFT_Chronicle-Wire_net.openhft.chronicle.wire3WiresTest.code,unknown_class,False,1246,512,True
9986b9b3ed2219979dde22c2ef4214446eb9b0db,train,0,MultifacetedAbstraction/Negative/google_guava_google_guava_com.google.common.collect.testing1482MapValueCollectionGenerator.code,unknown_class,False,1244,512,True
7d5b461324d960da3f141180c9110f6a46209e53,train,0,MultifacetedAbstraction/Negative/ReactiveX_RxNetty_ReactiveX_RxNetty_io.reactivex.netty.channel63WriteStreamSubscriber.code,unknown_class,False,1240,512,True
f6f6a4e7755389f0a2a669300f6c372ef7a74c54,train,1,MultifacetedAbstraction/Positive/Esri_military-apps-library-java_Esri_military-apps-library-java_com.esri.militaryapps.controller.test0SpotReportControllerTest.code,unknown_class,False,1240,512,True
b5c9d9f5e1bf527697ea744077de2e6255ad669a,train,0,MultifacetedAbstraction/Negative/apache_knox_apache_knox_org.apache.knox.gateway.i18n.resources613ResourcesInvoker.code,unknown_class,False,1240,512,True
d0bbf8a1750f5b5575a2bbe240c2a1bbd7f3477d,train,1,MultifacetedAbstraction/Positive/apache_incubator-wave_apache_incubator-wave_org.waveprotocol.wave.client.editor.event4FakeEditorInteractor.code,unknown_class,False,1238,512,True
2d8444b35ae1f3f1d2da6c46944fffa1b3506c8b,val,0,MultifacetedAbstraction/Negative/SkymindIO_nd4j_SkymindIO_nd4j_org.nd4j.linalg.io1133Assert.code,unknown_class,False,1237,512,True
5e304ed63db52208a01734f69887cbcd4875d886,train,0,MultifacetedAbstraction/Negative/wso2_product-esb_wso2_product-esb_org.wso2.carbon.esb.jms.transport.test130JMSCAppDeploymentWithFaultyProxyTestCase.code,unknown_class,False,1235,512,True
5c2b67a2b34b8463c94dd5fef2ed3d51aa181b5b,val,1,MultifacetedAbstraction/Positive/openlvc_portico_openlvc_portico_(default package)0EventLoggerFedAmb.code,unknown_class,False,1232,512,True
84d7cff7feaec13f2f0dd8a03630fd00dfd29658,train,0,MultifacetedAbstraction/Negative/tsagi_JekyllForAndroid_tsagi_JekyllForAndroid_org.eclipse.egit.github.core16Gist.code,unknown_class,False,1230,512,True
ed964dd3efbc6df67735eea7e92b27d1ca046139,train,0,MultifacetedAbstraction/Negative/metricminer-msr_metricminer2_metricminer-msr_metricminer2_org.repodriller.integration56ConcurrencyTest.code,unknown_class,False,1229,512,True
27f2f8f27165604704a905637808859484804bc0,train,1,MultifacetedAbstraction/Positive/apache_uima-uimafit_apache_uima-uimafit_org.apache.uima.fit.factory.initializable1InitializableFactoryTest.code,unknown_class,False,1229,512,True
9c1a1404960c097c7cfba6e0ba167509a9a3c0ff,train,0,MultifacetedAbstraction/Negative/Netflix_ocelli_Netflix_ocelli_netflix.ocelli19InstanceQuarantiner.code,unknown_class,False,1228,512,True
eafb6e0b502c06f28ed876eefd5a8780538a4e35,train,0,MultifacetedAbstraction/Negative/openlvc_portico_openlvc_portico_org.portico2.common.services.object.msg1398SendInteraction.code,unknown_class,False,1226,512,True
d25afc93018feb404e180d09578eedd14d65559f,train,0,MultifacetedAbstraction/Negative/mucommander_mucommander_mucommander_mucommander_com.mucommander.commons.file.archive124ArchiveEntry.code,unknown_class,False,1224,512,True
957170479f6cf39393dd065c2af256c6a375e2f6,train,1,MultifacetedAbstraction/Positive/vanita5_twittnuker_vanita5_twittnuker_de.vanita5.twittnuker.model11ParcelableCardEntity.code,unknown_class,False,1224,512,True
bdd14dfb742ef6e9bc5461170308bc63cd1fa725,train,0,MultifacetedAbstraction/Negative/remibantos_jeeshop_remibantos_jeeshop_org.rembx.jeeshop.catalog.model25SKU.code,unknown_class,False,1220,512,True
327ec30b78ea230847a66c0ac96a779e99b031f0,train,0,MultifacetedAbstraction/Negative/hawkular_hawkular-metrics_hawkular_hawkular-metrics_org.hawkular.metrics.scheduler.api255JobsManager.code,unknown_class,False,1220,512,True
f84d6af221b4275f2d3815d2db61dfbe2f4620ac,train,1,MultifacetedAbstraction/Positive/openscore_score-actions_openscore_score-actions_io.cloudslang.content.amazon.factory.helpers2VolumeUtils.code,unknown_class,False,1220,512,True
88533c684796fd245010dc588dda403482e499ea,train,1,MultifacetedAbstraction/Positive/xtext_seven-languages-xtext_xtext_seven-languages-xtext_org.xtext.httprouting.services8URLElements.code,unknown_class,False,1219,512,True
31ac26e259199a5e3c300de4e5c7b4bc613bf60d,train,1,MultifacetedAbstraction/Positive/rancherio_cattle_rancherio_cattle_io.cattle.platform.agent.server.ping.impl0PingMonitorImpl.code,unknown_class,False,1214,512,True
c9ae4a42e14ba3cad95976b9f5ed53bbd650a8d1,val,1,MultifacetedAbstraction/Positive/reds-heig_logisim-evolution_reds-heig_logisim-evolution_com.cburch.logisim.std.plexers1Plexers.code,unknown_class,False,1214,512,True
80473dbd127a828f6e8c07cfcb074e2217532180,train,0,MultifacetedAbstraction/Negative/jmockit_jmockit1_jmockit_jmockit1_mockit359MockUp.code,unknown_class,False,1212,512,True
5a646d4c5c9386f886bc5a41f5541db09efb58ef,train,0,MultifacetedAbstraction/Negative/openhab_openhab2_openhab_openhab2_org.openhab.binding.jeelink.internal.pca3012042Pca301SensorHandler.code,unknown_class,False,1209,512,True
033d83de0dc546320ecc51d4da7529566412365e,train,0,MultifacetedAbstraction/Negative/PGWelch_com.opendoorlogistics_PGWelch_com.opendoorlogistics_com.opendoorlogistics.api.components35ODLComponent.code,unknown_class,False,1209,512,True
66eb183e72eb6e7309803f64c02a83572533af64,val,1,MultifacetedAbstraction/Positive/geckoboard-java-api_highchart-java-api_geckoboard-java-api_highchart-java-api_nl.pvanassen.highchart.api1PlotOptions.code,unknown_class,False,1208,512,True
eb8507e4020a66d4964c2d42e34542a334fe3dd4,train,0,MultifacetedAbstraction/Negative/openhab_openhab2_openhab_openhab2_org.openhab.binding.innogysmarthome.internal.client1939InnogyConfig.code,unknown_class,False,1208,512,True
596b4cd056d03e7c348b0d6a4c82206ccfd69a6f,train,1,MultifacetedAbstraction/Positive/antoniomaria_gazpachoquest_antoniomaria_gazpachoquest_net.sf.gazpachoquest.services.core.impl0QuestionnaireDefinitionServiceImpl.code,unknown_class,False,1203,512,True
534cceaf759f9334b020d0659c97c3b5ca30025c,train,0,MultifacetedAbstraction/Negative/google_google-oauth-java-client_google_google-oauth-java-client_com.google.api.client.extensions.java6.auth.oauth290FileCredentialStore.code,unknown_class,False,1203,512,True
acb49bf1dda6ad7811ce2de9b3b9a82b3f512abb,val,0,MultifacetedAbstraction/Negative/Putnami_putnami-web-toolkit_Putnami_putnami-web-toolkit_fr.putnami.pwt.core.model.client.model144AbstractModel.code,unknown_class,False,1202,512,True
134e858301e8fcb9d414f7c317d944c25427dcc3,train,0,MultifacetedAbstraction/Negative/copper-engine_copper-engine_copper-engine_copper-engine_org.copperengine.core21Response.code,unknown_class,False,1202,512,True
d506a9cbd8278446466749d9b3fa543e18cade7b,train,0,MultifacetedAbstraction/Negative/apache_incubator-wave_apache_incubator-wave_org.waveprotocol.box.server.util.testing469Matchers.code,unknown_class,False,1197,512,True
482fe56fdac9cac87d52844c5f90a96118827f3a,train,0,MultifacetedAbstraction/Negative/apache_incubator-wave_apache_incubator-wave_org.waveprotocol.wave.client.editor927Editor.code,unknown_class,False,1197,512,True
6c3a06aeab62b1717b5d585e315d40f52022c313,val,0,MultifacetedAbstraction/Negative/bardsoftware_ganttproject_bardsoftware_ganttproject_net.sourceforge.ganttproject.gui.projectwizard686WizardImpl.code,unknown_class,False,1196,512,True
bfbdb0e3401a89ebafb0065419f7467bca1da0c1,val,0,MultifacetedAbstraction/Negative/pushtorefresh_bamboo-storage_pushtorefresh_bamboo-storage_com.pushtorefresh.storio3.contentresolver.operations.put236PutResult.code,unknown_class,False,1195,512,True
6d2254cc55382532a19f630dc296a65b6f7857f4,train,1,MultifacetedAbstraction/Positive/RuedigerMoeller_kontraktor_RuedigerMoeller_kontraktor_kontraktor0Playground.code,RuedigerMoeller_kontraktor_kontraktor,False,1194,512,True
c55459865d3a37039a1cfde0c5e441cfb45c347c,train,0,MultifacetedAbstraction/Negative/caskdata_cdap_caskdata_cdap_io.cdap.cdap.app.guice605ImpersonatedTwillController.code,unknown_class,False,1193,512,True
b3ca359c742c33ed98670b036f3353694e55778a,train,0,MultifacetedAbstraction/Negative/google_guava_google_guava_com.google.common.collect558DescendingImmutableSortedSet.code,unknown_class,False,1192,512,True
8b112577e9c71c642362acbeb1e0ae065ec82941,train,0,MultifacetedAbstraction/Negative/tesis-dynaware_graph-editor_tesis-dynaware_graph-editor_de.tesis.dynaware.grapheditor.window126AutoScrollingWindow.code,unknown_class,False,1191,512,True
fe313a5ecc23bf2d6266589a1d2bb6a98efd7255,train,0,MultifacetedAbstraction/Negative/ReactiveX_RxJava_ReactiveX_RxJava_io.reactivex.rxjava3.processors2283SizeBoundReplayBuffer.code,unknown_class,False,1190,512,True
1c7152fdb7cdf0c40bd1c4ffc4f94f4407d6e4ec,train,0,MultifacetedAbstraction/Negative/codelibs_elasticsearch-taste_codelibs_elasticsearch-taste_org.codelibs.elasticsearch.taste.recommender.svd165SVDRecommender.code,unknown_class,False,1186,512,True
50245aec442f94bd1168142b66b32a7991b8728a,train,0,MultifacetedAbstraction/Negative/sindicetech_siren_sindicetech_siren_com.sindicetech.siren.index.codecs.siren10340DocsFreqBlockIndexOutput.code,unknown_class,False,1185,512,True
e498d5a94cea7d00d58d2f9fe7ae0f272baff42a,train,1,MultifacetedAbstraction/Positive/chaupal_jxse_chaupal_jxse_net.jxta.impl.endpoint.netty0FakePeerGroup.code,unknown_class,False,1183,512,True
16c5a0d0edc4a8f64ea83af626f595a47d7a8974,train,0,MultifacetedAbstraction/Negative/igniterealtime_Openfire_igniterealtime_Openfire_org.jivesoftware.openfire.user.property736MappedUserPropertyProvider.code,unknown_class,False,1178,512,True
a7f5a79ddd492b8e3003b11f45ab16529dec4805,train,1,MultifacetedAbstraction/Positive/wgybzbrobot_sentiment-search_wgybzbrobot_sentiment-search_zx.soft.sent.dao.domain.weibo2Builder.code,unknown_class,False,1176,512,True
b682fba8030fcaf5d612de5cfbe883cb1f6edfd4,train,0,MultifacetedAbstraction/Negative/jaibeermalik_elasticsearch-tutorial_jaibeermalik_elasticsearch-tutorial_org.jai.search.parts.two22ElasticSearchTutPart2Test.code,unknown_class,False,1175,512,True
7f46ebe7e10e176ca12bbcd8b274ad07a14f7fa5,train,0,MultifacetedAbstraction/Negative/haifengl_smile_haifengl_smile_smile.demo.interpolation177ScatterDataInterpolationDemo.code,unknown_class,False,1175,512,True
6de3e032f2ddd27202ee82cd3649b463cc2587b8,test,0,MultifacetedAbstraction/Negative/lenskit_lenskit_lenskit_lenskit_org.lenskit.data.ratings215InteractionStatistics.code,unknown_class,False,1173,512,True
12e112f63ac4115836960ab6f3cd524d07aa2ec7,train,0,MultifacetedAbstraction/Negative/holodeck-b2b_Holodeck-B2B_holodeck-b2b_Holodeck-B2B_org.holodeckb2b.ebms3.packaging253PartInfoElement.code,unknown_class,False,1171,512,True
124932f5832f3a9147995ae233e4016463b17006,val,0,MultifacetedAbstraction/Negative/OHDSI_WebAPI_OHDSI_WebAPI_org.ohdsi.webapi.vocabulary.test886ConceptSetExpressionTests.code,unknown_class,False,1171,512,True
3d5b00784a8c3d875a889d8370f0fd29b429fca8,train,0,MultifacetedAbstraction/Negative/roboconf_roboconf-platform_roboconf_roboconf-platform_net.roboconf.agent.internal11AgentProperties.code,unknown_class,False,1169,512,True
b7cbae5b571f6c3f52df9c2eea04f8e70a686aa4,val,1,MultifacetedAbstraction/Positive/openhab_openhab2_openhab_openhab2_org.openhab.binding.icloud.internal.json.response15ICloudDeviceInformation.code,unknown_class,False,1168,512,True
8a07f1181f2f2fd99bd325657d98fb12d32a842e,train,0,MultifacetedAbstraction/Negative/gid15_jpcsp_gid15_jpcsp_jpcsp.memory1571DirectBufferMemory.code,unknown_class,False,1168,512,True
f7edac17a1e90d107be139764cd2c6230a94b526,val,1,MultifacetedAbstraction/Positive/apache_tajo_apache_tajo_org.apache.tajo.storage.jdbc5JdbcTablespace.code,unknown_class,False,1160,512,True
9b796377bd3b261b4bd00507ba784bfb1ebbb5ee,val,0,MultifacetedAbstraction/Negative/apache_falcon_apache_falcon_org.apache.falcon.service752EntitySLAAlertService.code,unknown_class,False,1159,512,True
e53dd036822e81e28ced657fdbe069c82e5ae856,train,0,MultifacetedAbstraction/Negative/gosu-lang_gosu-lang_gosu-lang_gosu-lang_gw.internal.gosu.ir.transform.expression846EvalBasedTransformer.code,unknown_class,False,1159,512,True
936fd16d5ad847af99540c21a0630d17e96f2137,train,0,MultifacetedAbstraction/Negative/kaazing_gateway_kaazing_gateway_org.kaazing.gateway.transport.bio1549AbstractBioConnector.code,unknown_class,False,1158,512,True
ff6521d8b4790e13ac50143f2cbecab795bf95ff,val,1,MultifacetedAbstraction/Positive/gosu-lang_gosu-lang_gosu-lang_gosu-lang_gw.lang.reflect.java.asm6Asm_Simple.code,unknown_class,False,1158,512,True
74d69bebb07d4c5ea15135bea4c43ee613bfcf72,train,1,MultifacetedAbstraction/Positive/xtext_seven-languages-xtext_xtext_seven-languages-xtext_org.xtext.mongobeans.services10MongoOperationElements.code,unknown_class,False,1158,512,True
c23ede06ba71f1e3be56328948991ddf792785d1,train,0,MultifacetedAbstraction/Negative/kaazing_gateway_kaazing_gateway_org.kaazing.gateway.server.topic1169StandaloneClusterTopicTest.code,unknown_class,False,1157,512,True
fe9355bc492f0674db31a0ce0668c25b7bbe556b,train,0,MultifacetedAbstraction/Negative/querydsl_querydsl_querydsl_querydsl_com.querydsl.core.types995ExpressivityTest.code,unknown_class,False,1156,512,True
b146076fdb47f744b587a6a4d383d482c3f559ec,train,0,MultifacetedAbstraction/Negative/querydsl_querydsl_querydsl_querydsl_com.querydsl.jdo.models.fitness1324Gym.code,unknown_class,False,1156,512,True
2c29222c726b9b0bd316a1eb684e7315f16e76da,train,1,MultifacetedAbstraction/Positive/cybergarage_cybergarage-upnp_cybergarage_cybergarage-upnp_(default package)2RemoteCtrlPane.code,unknown_class,False,1156,512,True
a2e6d0c54e09325a738bada0783b18f6bfc29219,train,0,MultifacetedAbstraction/Negative/PGWelch_com.opendoorlogistics_PGWelch_com.opendoorlogistics_com.opendoorlogistics.core.gis.map703MapUtils.code,unknown_class,False,1155,512,True
a2cb44d7f13b6e1d6c2e7f3cadb3b22846e1cfd3,train,0,MultifacetedAbstraction/Negative/openhab_openhab2_openhab_openhab2_org.openhab.binding.rfxcom.internal.messages3993RFXComCurrentMessage.code,unknown_class,False,1155,512,True
843175233569fccc9f09a8a0f282b82be501ce45,train,0,MultifacetedAbstraction/Negative/highsource_jsonix-schema-compiler_highsource_jsonix-schema-compiler_org.hisrc.jsonix.analysis11ModelInfoGraphBuilder.code,unknown_class,False,1155,512,True
2b129eb3adedf185115f82baf7e7673e2b954aa6,train,1,MultifacetedAbstraction/Positive/rejasupotaro_octodroid_rejasupotaro_octodroid_com.rejasupotaro.octodroid.models7User.code,unknown_class,False,1155,512,True
50c5481a1fb801a0b16368a087355e4ce42ce474,test,1,MultifacetedAbstraction/Positive/openscore_score-actions_openscore_score-actions_io.cloudslang.content.couchbase.entities.inputs3Builder.code,unknown_class,False,1151,512,True
68d62adfeeb3e04a1f3a6784371544275ef016d3,val,0,MultifacetedAbstraction/Negative/WebGoat_WebGoat_WebGoat_WebGoat_org.owasp.webgoat.sql_injection.advanced186SqlInjectionChallenge.code,unknown_class,False,1146,512,True
bf2640d796b6638145087b0c8cd03b34a156a850,test,1,MultifacetedAbstraction/Positive/bruno-medeiros_DDT_bruno-medeiros_DDT_melnorme.lang.ide.ui2LangUIPlugin.code,unknown_class,False,1145,512,True
1525b8b5fe77c0aceff1aba20d80cf1d983bb250,train,1,MultifacetedAbstraction/Positive/mozilla_j2me.js_mozilla_j2me.js_com.sun.jsr082.bluetooth4LocalDeviceImpl.code,unknown_class,False,1141,512,True
c61f3a88ea718778eb936439a9cd4f3696799963,train,0,MultifacetedAbstraction/Negative/opendaylight_controller_opendaylight_controller_org.opendaylight.controller.cluster.access.concepts259Message.code,unknown_class,False,1139,512,True
5707cb269d6472c9b88b9d67e176aa22754be267,train,1,MultifacetedAbstraction/Positive/cglib_cglib_cglib_cglib_net.sf.cglib.beans1TestBeanMap.code,unknown_class,False,1139,512,True
2038f6f729bbd7056f850a6336bef0751f898ea4,train,0,MultifacetedAbstraction/Negative/apache_incubator-reef_apache_incubator-reef_org.apache.reef.tang1636Tang.code,unknown_class,False,1139,512,True
0ab695dbdd9d708f7c64c36da39d1f2691ac9ef1,train,1,MultifacetedAbstraction/Positive/rapidminer_rapidminer_rapidminer_rapidminer_com.rapidminer.operator.nio.xml7XMLExampleSource.code,unknown_class,False,1137,512,True
91f1245d6d703433cb9579106c1eb6964d73e814,train,1,MultifacetedAbstraction/Positive/ctron_package-drone_ctron_package-drone_org.tukaani.xz.lzma0LZMACoder.code,unknown_class,False,1136,512,True
ec10faec0da1b68a055107ccd4c88e37979ca508,train,0,MultifacetedAbstraction/Negative/Evolveum_midpoint_Evolveum_midpoint_com.evolveum.midpoint.wf.impl.access4258CaseManager.code,unknown_class,False,1134,512,True
fcd4792450a09f79deb26c97a3d09797f23cd291,train,1,MultifacetedAbstraction/Positive/wgybzbrobot_sns-crm_wgybzbrobot_sns-crm_zx.soft.sns.dao.domain.wechat1Builder.code,unknown_class,False,1132,512,True
35c97d8a6ec7d03eed3f88fe9e61eaa0d9378a18,train,0,MultifacetedAbstraction/Negative/linkedin_gobblin_linkedin_gobblin_org.apache.gobblin.compliance472HivePartitionVersionFinder.code,unknown_class,False,1132,512,True
d61ce84bf2dd39d19d34d8c39ab46860adc7f17a,train,0,MultifacetedAbstraction/Negative/devnied_EMV-NFC-Paycard-Enrollment_devnied_EMV-NFC-Paycard-Enrollment_com.github.devnied.emvnfccard.parser40EmvTransactionRecordTest.code,unknown_class,False,1131,512,True
ce9ad3eac3788da81674f48cba9734e36a555a86,train,1,MultifacetedAbstraction/Positive/exteso_alf.io_exteso_alf.io_alfio.controller.api.v2.model1ReservationInfo.code,unknown_class,False,1131,512,True
2d11c8a329533ee6fb775dfe9206d780d46ca3f9,test,0,MultifacetedAbstraction/Negative/GluuFederation_oxAuth_GluuFederation_oxAuth_org.gluu.oxauth.interop239ProvidingIndividuallyRequestedEssentialClaims.code,unknown_class,False,1130,512,True
fb4de18d7f12bfc86e1f491224937940be180bdb,train,0,MultifacetedAbstraction/Negative/SpongePowered_SpongeAPI_SpongePowered_SpongeAPI_org.spongepowered.api.event.cause.entity.spawn1067SpawnTypes.code,unknown_class,False,1129,512,True
6756e020b3d2862c427ed8e04713ddb1be67210c,test,1,MultifacetedAbstraction/Positive/xtext_seven-languages-xtext_xtext_seven-languages-xtext_org.xtext.guicemodules.services4ModuleASTElements.code,unknown_class,False,1127,512,True
ded7c8a3e9ce332188226c13b5dc29fed5920a2f,train,1,MultifacetedAbstraction/Positive/igniterealtime_Openfire_igniterealtime_Openfire_org.jivesoftware.openfire1JMXManager.code,unknown_class,False,1127,512,True
8ee7d239a234daa081d07c7e3635b217e047aab8,train,0,MultifacetedAbstraction/Negative/cloud-software-foundation_c5_cloud-software-foundation_c5_org.apache.hadoop.hbase.rest.model2708TableRegionModel.code,unknown_class,False,1125,512,True
fb7531a55ef850ea1b78c8b7bbb60833e41c3128,train,0,MultifacetedAbstraction/Negative/davityle_ngAndroid_davityle_ngAndroid_com.github.davityle.ngprocessor.attrcompiler.node48XmlValue.code,unknown_class,False,1125,512,True
dbb2e6988036c8dc1c3de25d99e4e44b3bb42a14,val,0,MultifacetedAbstraction/Negative/roboconf_roboconf-platform_roboconf_roboconf-platform_net.roboconf.maven666ValidateApplicationMojo.code,unknown_class,False,1124,512,True
3a949234e72046c5310f2f04e26b1c0321c2da2a,train,0,MultifacetedAbstraction/Negative/freenet_plugin-WebOfTrust_freenet_plugin-WebOfTrust_plugins.WebOfTrust.introduction.captcha.kaptcha.jhlabs.image321TwirlFilter.code,unknown_class,False,1123,512,True
f0eec848ed9550b6fb4937305fda2f9912f5a4b8,train,0,MultifacetedAbstraction/Negative/datanucleus_datanucleus-core_datanucleus_datanucleus-core_org.datanucleus.enhancer82EnhancerClassLoader.code,unknown_class,False,1121,512,True
2e0e327fc217db35290a1cc602ae05a816d910be,val,0,MultifacetedAbstraction/Negative/arquillian_arquillian-cube_arquillian_arquillian-cube_org.arquillian.cube.openshift.api563Tools.code,unknown_class,False,1121,512,True
43d661ab620e0c6e5c49b12787ddf2136c1f722b,train,0,MultifacetedAbstraction/Negative/caskdata_cdap_caskdata_cdap_io.cdap.cdap.format.io2988JsonStructuredRecordDatumReader.code,unknown_class,False,1119,512,True
e704139ed7eee757d9ca5a21168c190d1bcf389a,train,0,MultifacetedAbstraction/Negative/google_guice_google_guice_com.google.inject.internal665AbstractBindingProcessor.code,unknown_class,False,1116,512,True
abe3974a3c094d44626077c9d74d040904bb511b,val,0,MultifacetedAbstraction/Negative/pcingola_SnpEff_pcingola_SnpEff_org.snpeff.align59SmithWaterman.code,unknown_class,False,1116,512,True
89103d6726c0d8d451b7df1e1d037cd9eb51522a,train,0,MultifacetedAbstraction/Negative/jMetal_jMetal_jMetal_jMetal_org.uma.jmetal.algorithm.multiobjective.spea2.util118EnvironmentalSelection.code,unknown_class,False,1114,512,True
afdf916de040366de20f2d486a4a1593a607f620,train,1,MultifacetedAbstraction/Positive/ClickTravel_Cheddar_ClickTravel_Cheddar_com.clicktravel.common.hash0HashUtilsTest.code,unknown_class,False,1113,512,True
dba2e0d19c8777f175bc874f6f59c836e4b707e7,train,0,MultifacetedAbstraction/Negative/grpc_grpc-java_grpc_grpc-java_io.grpc.alts.internal307AesGcmHkdfAeadCrypter.code,unknown_class,False,1113,512,True
ef733cb802ecc1ee8d31dce1b2be615dcdd66f6c,train,1,MultifacetedAbstraction/Positive/OpenHFT_Chronicle-Wire_OpenHFT_Chronicle-Wire_net.openhft.chronicle.wire1DefaultMarshallerTest.code,unknown_class,False,1112,512,True
b279d8f9da1516abe1d4b9f2da146299824e1c1f,train,0,MultifacetedAbstraction/Negative/EdwardRaff_JSAT_EdwardRaff_JSAT_jsat.clustering.hierarchical336SimpleHACTest.code,unknown_class,False,1112,512,True
bd3a4cb6322f588d86834f2e07dc8a7bc78b0aff,train,0,MultifacetedAbstraction/Negative/naver_pinpoint_naver_pinpoint_com.navercorp.pinpoint.profiler.context3323SpanEvent.code,unknown_class,False,1111,512,True
8b4b87638eae52d1a776f6a184823a2a672a6ce6,test,1,MultifacetedAbstraction/Positive/SomMeri_matasano-cryptopals-solutions_SomMeri_matasano-cryptopals-solutions_org.meri.matasano.set21Set2Test.code,unknown_class,False,1110,512,True
0466a6365f6bae84babdbc6f3e57dad6a7cfd420,test,0,MultifacetedAbstraction/Negative/primecloud-controller-org_primecloud-controller_primecloud-controller-org_primecloud-controller_jp.primecloud.auto.entity.crud594BaseImageVcloud.code,unknown_class,False,1109,512,True
5a9bd21540aac71482c09c35e564cc348bf7c2f4,train,0,MultifacetedAbstraction/Negative/rapidminer_rapidminer_rapidminer_rapidminer_com.rapidminer.gui.graphs457GraphCreator.code,unknown_class,False,1109,512,True
747f6902e338a8089b60997df4791f978b3e6936,train,1,MultifacetedAbstraction/Positive/caskdata_tephra_caskdata_tephra_co.cask.tephra.zookeeper1Callbacks.code,unknown_class,False,1108,512,True
c3ee292b3750ca07324fba74308745052365367b,train,1,MultifacetedAbstraction/Positive/apache_incubator-twill_apache_incubator-twill_org.apache.twill.internal.zookeeper0Callbacks.code,unknown_class,False,1108,512,True
5feb9be57e204dbe80cfcbcc0f7727e3746774e4,train,0,MultifacetedAbstraction/Negative/openhab_openhab2_openhab_openhab2_org.openhab.binding.pushbullet.internal.model3922PushResponse.code,unknown_class,False,1104,512,True
fbb17cb75afa1bfeabb569846e49699451c43653,train,0,MultifacetedAbstraction/Negative/apache_incubator-wave_apache_incubator-wave_org.waveprotocol.wave.communication.gson1906GsonUtil.code,unknown_class,False,1104,512,True
05fc47eb5486243ca1adcd9eca5f37d8b8d96cba,test,1,MultifacetedAbstraction/Positive/mstahv_maddon_mstahv_maddon_org.vaadin.viritinv72EditPerson.code,unknown_class,False,1103,512,True
5c913cfc5aaad4181ca89594685356e962f26e10,train,0,MultifacetedAbstraction/Negative/Evolveum_midpoint_Evolveum_midpoint_com.evolveum.midpoint.model.impl610ExtensionSchemaRestService.code,unknown_class,False,1102,512,True
6413c8703aa935ad57673e1d58753350f1a7d596,val,0,MultifacetedAbstraction/Negative/operasoftware_operaprestodriver_operasoftware_operaprestodriver_com.opera.core.systems62OperaMobileEmulationTest.code,unknown_class,False,1102,512,True
a1ddd5c6e3e2c104584dca572544510fbab5914f,train,0,MultifacetedAbstraction/Negative/PayPal_SeLion_PayPal_SeLion_com.paypal.selion.internal.platform.pageyaml245YamlV1Reader.code,unknown_class,False,1100,512,True
2153ce65623010f043765afcfd92545fdf52a2d8,val,1,MultifacetedAbstraction/Positive/raphaeljolivet_java2typescript_raphaeljolivet_java2typescript_java2typescript.jackson.module0WriterPreferencesTest.code,unknown_class,False,1100,512,True
0aa960bfdde203b3089cb6035dc3840280671cdc,train,0,MultifacetedAbstraction/Negative/iipc_webarchive-commons_iipc_webarchive-commons_org.archive.io151BufferedSeekInputStream.code,unknown_class,False,1094,512,True
a1ca88bc08ce5aa46ce5d1f8f9743ead67eacf00,test,1,MultifacetedAbstraction/Positive/apache_tajo_apache_tajo_org.apache.tajo.util6SizeOf.code,unknown_class,False,1092,512,True
ba504051bc55f80ede9f68493ef4e974b3cf8db2,train,1,MultifacetedAbstraction/Positive/kaazing_gateway_kaazing_gateway_org.kaazing.gateway.transport.wsn.specification.ws.connector11OpeningHandshake2IT.code,unknown_class,False,1092,512,True
57b699f3cbef6426d366078bf16929a01b04a1dc,val,1,MultifacetedAbstraction/Positive/dswarm_dswarm_dswarm_dswarm_org.dswarm.init0LoggingConfigurator.code,unknown_class,False,1091,512,True
b0d30439cda870e96d8f0a3f0cdafc5d34784cbe,test,0,MultifacetedAbstraction/Negative/orangesignal_orangesignal-csv_orangesignal_orangesignal-csv_com.orangesignal.csv.filters187CsvValueAndExpressionTest.code,unknown_class,False,1089,512,True
685135a9148e51bd611f5e9eef7bf596bedf64bf,train,1,MultifacetedAbstraction/Positive/cping_RipplePower_cping_RipplePower_com.ripple.core.coretypes.uint0UInt32.code,unknown_class,False,1088,512,True
f9d38b0598b778fec56ae9779eb729ac7ac06847,train,1,MultifacetedAbstraction/Positive/openhab_openhab2_openhab_openhab2_org.openhab.binding.meteoblue.internal.json20JsonDataDay.code,unknown_class,False,1087,512,True
ed2131e0dc388d21488cfd6231e0555fc173fdd4,test,0,MultifacetedAbstraction/Negative/apache_knox_apache_knox_org.apache.knox.gateway.inboundurl.impl659InboundUrlFunctionProcessorTest.code,unknown_class,False,1086,512,True
3c6140902a53fa48be8d7e1a6781d0d09268395b,test,1,MultifacetedAbstraction/Positive/cybergarage_cybergarage-upnp_cybergarage_cybergarage-upnp_(default package)0ClockPane.code,unknown_class,False,1086,512,True
a8da41781f430de8fce79bd9b22b890fea73243a,test,1,MultifacetedAbstraction/Positive/apache_falcon_apache_falcon_org.apache.falcon.adfservice0Builder.code,unknown_class,False,1085,512,True
8519a7545711726c162c7356cf3538afe48ee816,train,0,MultifacetedAbstraction/Negative/warmshowers_wsandroid_warmshowers_wsandroid_fi.bitrite.android.ws.ui124ContactUserFragment.code,unknown_class,False,1085,512,True
80f79b84a650247b04f158f37fd6c21143fcb2cf,train,0,MultifacetedAbstraction/Negative/crosswalk-project_crosswalk-cordova-android_crosswalk-project_crosswalk-cordova-android_com.squareup.okhttp5Builder.code,unknown_class,False,1083,512,True
5c5e6d3317296b97137c070bdf188001d14e8e40,train,0,MultifacetedAbstraction/Negative/elastic_elasticsearch-hadoop_elastic_elasticsearch-hadoop_org.elasticsearch.hadoop.serialization.dto445NodeInfo.code,unknown_class,False,1080,512,True
2abc2e207cfa392801d7b58135a352c759f98355,train,0,MultifacetedAbstraction/Negative/SpoutDev_Vanilla_SpoutDev_Vanilla_org.spout.vanilla.world.generator.normal.populator1170BedrockBoundPopulator.code,unknown_class,False,1080,512,True
b8dfdf9acd3066e22a0830b86627b74621b4db1f,val,0,MultifacetedAbstraction/Negative/apache_knox_apache_knox_org.apache.knox.gateway.ha.provider.impl531AtlasZookeeperURLManagerTest.code,unknown_class,False,1076,512,True
1d41af672b851d3f6fab244a9b445ac385199f24,test,0,MultifacetedAbstraction/Negative/Evolveum_midpoint_Evolveum_midpoint_com.evolveum.midpoint.model.impl.lens.projector.mappings788MappingEvaluatorParams.code,unknown_class,False,1075,512,True
b044fc8a1c8b127c5f0d5384494ebae889b9bf87,train,0,MultifacetedAbstraction/Negative/Terasology_PolyWorld_Terasology_PolyWorld_org.terasology.polyworld.rp79WorldRegionFacetProvider.code,unknown_class,False,1075,512,True
6ae549e1d686f1fc609d60df98bc32a21a41a8fe,val,1,MultifacetedAbstraction/Positive/mstahv_maddon_mstahv_maddon_org.vaadin.viritin.it0EditPersonV8.code,unknown_class,False,1075,512,True
4791feb3cc5fa912e6aa97e9927ebd5e9faa9e03,train,0,MultifacetedAbstraction/Negative/google_guava_google_guava_com.google.common.collect528ConcatenatedIterator.code,unknown_class,False,1071,512,True
2fb4e1849eb090f34d2d20711711507dcda5215d,val,0,MultifacetedAbstraction/Negative/calipho-sib_nextprot-api_calipho-sib_nextprot-api_org.nextprot.api.core.dao.impl357PublicationRowMapper.code,unknown_class,False,1071,512,True
968cf5150026b29cbd605c09e296710b31f6f148,train,0,MultifacetedAbstraction/Negative/KleeGroup_vertigo_KleeGroup_vertigo_io.vertigo.dynamo.search.data.domain837Item.code,unknown_class,False,1071,512,True
8eb6abf01bc56b01598fdcae59cb80b0671d1406,test,0,MultifacetedAbstraction/Negative/kaazing_gateway_kaazing_gateway_org.kaazing.gateway.service.http.directory1290HttpDirectoryServiceAuthorizationIT.code,unknown_class,False,1069,512,True
2afffd8eaa0fa2dc329727edfe4ee7cc3f487f19,val,0,MultifacetedAbstraction/Negative/caskdata_cdap_caskdata_cdap_io.cdap.cdap.runtime.spi.provisioner.dataproc4884DataprocTool.code,unknown_class,False,1068,512,True
0baf795eaac51b6408c96c9ce34040d587dc6dad,test,0,MultifacetedAbstraction/Negative/shilad_wikibrain_shilad_wikibrain_org.wikibrain.parser358DumpSplitter.code,unknown_class,False,1068,512,True
06fc424333e91e498832c51eb55ffffca463e78f,train,1,MultifacetedAbstraction/Positive/Putnami_putnami-web-toolkit_Putnami_putnami-web-toolkit_fr.putnami.pwt.doc.client.page.components0FormsView.code,unknown_class,False,1066,512,True
c150a91a1b8557c787a315b94381dd4ed49fda03,train,0,MultifacetedAbstraction/Negative/xtext_seven-languages-xtext_xtext_seven-languages-xtext_org.xtext.guicemodules.parser.antlr.internal322DFA30.code,unknown_class,False,1066,512,True
03ddd885e605d7736043ece0b1bb48fd74c2ded8,train,1,MultifacetedAbstraction/Positive/openscore_score-actions_openscore_score-actions_io.cloudslang.content.database.services.dbconnection5PooledDataSourceProvider.code,unknown_class,False,1065,512,True
54c4d3817584d4e5ef6c82b8f62556e20a019732,train,1,MultifacetedAbstraction/Positive/apache_incubator-wave_apache_incubator-wave_org.waveprotocol.wave.client.wavepanel.view.dom.full6FocusFrame.code,unknown_class,False,1064,512,True
448fc4cfc4e42ef0d8fa036d77f4388ea3bc1718,train,1,MultifacetedAbstraction/Positive/tuenti_SmsRadar_tuenti_SmsRadar_com.tuenti.smsradar0SmsObserver.code,unknown_class,False,1064,512,True
80acdd54b48faa6c5b7da968e1d0025afbaf6b30,train,1,MultifacetedAbstraction/Positive/xtext_seven-languages-xtext_xtext_seven-languages-xtext_org.xtext.builddsl.services2TaskElements.code,unknown_class,False,1062,512,True
b8f5c716ceb62ca337e79bc7be3a235d0b1a15b1,train,1,MultifacetedAbstraction/Positive/apache_falcon_apache_falcon_org.apache.falcon.util1ApplicationPropertiesTest.code,unknown_class,False,1062,512,True
42f1b83001c86af904834842b0d98c1da918031c,train,0,MultifacetedAbstraction/Negative/wendykierp_JTransforms_wendykierp_JTransforms_org.jtransforms.dst38FloatDST_1DTest.code,unknown_class,False,1060,512,True
deff3e7e768e9e045551ce645385ace908231ab4,val,0,MultifacetedAbstraction/Negative/imagej_imagej-ops_imagej_imagej-ops_net.imagej.ops.linalg619LinAlgNamespace.code,unknown_class,False,1060,512,True
6d35c18a57ac0a8162d8d45f268fef4d75dd7a7b,train,0,MultifacetedAbstraction/Negative/cping_RipplePower_cping_RipplePower_org.ripple.bouncycastle.pqc.jcajce.provider.rainbow2528BCRainbowPublicKey.code,unknown_class,False,1059,512,True
3ff1a4b66af1c7606b9d6beed66bf11cae28362a,test,0,MultifacetedAbstraction/Negative/sriharshachilakapati_SilenceEngine_sriharshachilakapati_SilenceEngine_com.shc.silenceengine.graphics.opengl171GLContext.code,unknown_class,False,1058,512,True
2d38e571215b07db66c7aa97626ff94810db7c3e,val,0,MultifacetedAbstraction/Negative/WhisperSystems_PushServer_WhisperSystems_PushServer_org.whispersystems.pushserver.controllers10FeedbackControllerTest.code,unknown_class,False,1058,512,True
8ec3528c46d3715c2b720dfb572a52773e250ce2,test,0,MultifacetedAbstraction/Negative/Netflix_zeno_Netflix_zeno_com.netflix.zeno.flatblob154FlatBlobSerializationFramework.code,unknown_class,False,1058,512,True
faee57e8252eec7154ff99a5d1a5ba818abb8397,train,0,MultifacetedAbstraction/Negative/naver_pinpoint_naver_pinpoint_com.navercorp.pinpoint.thrift.dto4729TLongIntIntByteByteStringValueStandardScheme.code,unknown_class,False,1057,512,True
8ec6e3dc49c2b21f400e27cf44d268ac31112107,train,1,MultifacetedAbstraction/Positive/openhab_openhab2_openhab_openhab2_org.openhab.binding.feican.internal3Commands.code,unknown_class,False,1056,512,True
3b761a9b84b226d2d698c268ff79d51c80c38a4d,train,0,MultifacetedAbstraction/Negative/InfinityRaider_AgriCraft_InfinityRaider_AgriCraft_com.infinityraider.agricraft.blocks57BlockGrate.code,unknown_class,False,1056,512,True
7450a1b4ae2ef642dc1eb3f8ddfaa17ad5bd378b,train,1,MultifacetedAbstraction/Positive/grzesiek-galezowski_AutoFixtureGenerator_grzesiek-galezowski_AutoFixtureGenerator_autofixture.publicinterface0DefaultInlineGeneratorsFactory.code,unknown_class,False,1056,512,True
5bf5213c7aa81232f6b0a408eb45832a5aeb686d,train,1,MultifacetedAbstraction/Positive/PayPal_SeLion_PayPal_SeLion_com.paypal.selion.plugins2AbstractBaseCodeGeneratorMojo.code,unknown_class,False,1054,512,True
cc7923b9e126f358c521a7f9ed64bbe055e4e972,train,0,MultifacetedAbstraction/Negative/otto-de_edison-microservice_otto-de_edison-microservice_de.otto.edison.togglz.s3.testsupport320LocalS3Client.code,unknown_class,False,1053,512,True
a4a2ec76446fec4f4ee08c3757300bbeb100fdcf,test,1,MultifacetedAbstraction/Positive/lemonlabs_u2020-mortar_lemonlabs_u2020-mortar_co.lemonlabs.mortar.example.data0DebugDataModule.code,unknown_class,False,1050,512,True
8151af1f7ea8d5c42e8a57578d4e6453ca934a23,test,0,MultifacetedAbstraction/Negative/totalvoidness_cryptomator_totalvoidness_cryptomator_org.cryptomator.common.settings15SettingsJsonAdapter.code,unknown_class,False,1048,512,True
ac1806d0b4d3b680409a58845f5b08b51df86c9b,train,1,MultifacetedAbstraction/Positive/RentTheRunway2_alchemy_RentTheRunway2_alchemy_io.rtr.alchemy.db.mongo.models0ExperimentEntity.code,unknown_class,False,1047,512,True
c5f1dd878bdfe0b794af0a994f51518dac5a7573,train,0,MultifacetedAbstraction/Negative/mucommander_mucommander_mucommander_mucommander_com.mucommander.ui.main.tree1225CachedDirectory.code,unknown_class,False,1046,512,True
fc286ea296e81720ed75f8aa69aae789e39b05af,train,1,MultifacetedAbstraction/Positive/springdox_springdox_springdox_springdox_springfox.documentation.spring.web.plugins0DocumentationPluginsManager.code,unknown_class,False,1046,512,True
71ebb6ed65e9a7b1fc68eb5a24bf9613e08330bd,test,0,MultifacetedAbstraction/Negative/ctron_package-drone_ctron_package-drone_org.eclipse.packagedrone.mail.java235DefaultMailService.code,unknown_class,False,1045,512,True
2c1c1ea59aed0ee441759270b9bb85a2a5445800,test,1,MultifacetedAbstraction/Positive/oodrive_eguan_oodrive_eguan_io.eguan.nrs0Builder.code,unknown_class,False,1043,512,True
2bb591baf5b28445156e6cdbd650a8dc644cfaa0,test,0,MultifacetedAbstraction/Negative/magarena_magarena_magarena_magarena_magic.ui.widget1173WrapLayout.code,unknown_class,False,1042,512,True
b64c2152a15ab37d088ab2019b1aad28f8062e4d,train,0,MultifacetedAbstraction/Negative/rapidminer_rapidminer_rapidminer_rapidminer_com.rapidminer.operator.learner.meta2226AdditiveRegression.code,unknown_class,False,1042,512,True
c16bd5a110118399c989ed81b6e116c43182af71,train,0,MultifacetedAbstraction/Negative/caskdata_cdap_caskdata_cdap_io.cdap.cdap.client986QueryClientTest.code,unknown_class,False,1041,512,True
3991cb6b450604f4ebca34f1bb59081ddb44f486,train,0,MultifacetedAbstraction/Negative/TannerPerrien_picasso-transformations_TannerPerrien_picasso-transformations_com.picassotransformations.jhlabs31EdgeTransformation.code,unknown_class,False,1041,512,True
ed9b74637f440848ca4c5905b68a8293959c60df,test,0,MultifacetedAbstraction/Negative/apache_tajo_apache_tajo_org.apache.tajo.engine.planner.physical788SortAggregateExec.code,unknown_class,False,1038,512,True
80987081c04013e88eed96dc7773053def95c03f,train,0,MultifacetedAbstraction/Negative/mini2Dx_mini2Dx_mini2Dx_mini2Dx_com.badlogic.gdx.backends.lwjgl.audio41Music.code,unknown_class,False,1037,512,True
3b9684d8ae85a83e45c6d640fa267a916ce0b413,train,0,MultifacetedAbstraction/Negative/naver_pinpoint_naver_pinpoint_com.navercorp.pinpoint.thrift.dto.flink4926TFJvmGcTupleScheme.code,unknown_class,False,1037,512,True
1979d8c3e6d1d6f17def73631167c586e91a0bbd,test,0,MultifacetedAbstraction/Negative/BlueBrain_bluima_BlueBrain_bluima_ch.epfl.bbp.uima.xml.archivearticle3991ContribGroup.code,unknown_class,False,1035,512,True
c91242deb48ca2f4eb66bc10dac4b34108189cd1,train,0,MultifacetedAbstraction/Negative/jmockit_jmockit1_jmockit_jmockit1_mockit.internal.expectations.argumentMatching745ArgumentMismatch.code,unknown_class,False,1033,512,True
de48b694daf4b65d56cf32861deca5305d9c7d56,train,1,MultifacetedAbstraction/Positive/TwidereProject_Twidere-Android_TwidereProject_Twidere-Android_org.mariotaku.microblog.library.twitter.model2Conversation.code,unknown_class,False,1032,512,True
12ce8a0bc6c3191ed49d8f28b96303c575aecced,train,1,MultifacetedAbstraction/Positive/vanita5_twittnuker_vanita5_twittnuker_de.vanita5.microblog.library.twitter.model2Conversation.code,unknown_class,False,1032,512,True
e05524c2f2742d0bc8bf51e559901f2bc1e34fec,train,0,MultifacetedAbstraction/Negative/xmlunit_xmlunit_xmlunit_xmlunit_org.custommonkey.xmlunit43NodeDescriptor.code,unknown_class,False,1032,512,True
3fa13afa96250bcb5173455a2289d997ba48acf4,train,1,MultifacetedAbstraction/Positive/TwidereProject_Twidere-Android_TwidereProject_Twidere-Android_org.mariotaku.microblog.library.twitter.model7StickerEntity.code,unknown_class,False,1031,512,True
50cad58bdc776691e197b7108682e4685cd43145,train,0,MultifacetedAbstraction/Negative/semanticvectors_semanticvectors_semanticvectors_semanticvectors_pitt.search.semanticvectors82VectorStoreTranslater.code,unknown_class,False,1030,512,True
f4bd9012fd5c7ed2ae7ac140dc7482c0bc69e0a9,train,0,MultifacetedAbstraction/Negative/kuujo_copycat_kuujo_copycat_io.atomix.rest.resources1393AtomicMapResource.code,unknown_class,False,1030,512,True
a574a731bb03032258e5ad98782a8c7026da3ef7,train,1,MultifacetedAbstraction/Positive/caskdata_tephra_caskdata_tephra_co.cask.tephra.hbase98.coprocessor0MockRegionServerServices.code,unknown_class,False,1030,512,True
b2711d912701ba810f4e3c311e8d6b95efef8c96,train,0,MultifacetedAbstraction/Negative/naver_pinpoint_naver_pinpoint_com.navercorp.pinpoint.thrift.dto4716TJvmGcTupleScheme.code,unknown_class,False,1030,512,True
1265dfdba5def77a3503545eacde94b4b0f28717,train,0,MultifacetedAbstraction/Negative/sindicetech_siren_sindicetech_siren_com.sindicetech.siren.solr675SolrServerWrapper.code,unknown_class,False,1029,512,True
c059dc0560092048a2b1a275b97ae7414d72d696,val,1,MultifacetedAbstraction/Positive/openscore_score-actions_openscore_score-actions_io.cloudslang.content.vmware.entities9GuestInputsBuilder.code,unknown_class,False,1024,512,True
eccdc0aebce1bf339fecee0810b32b9e37a81211,train,0,MultifacetedAbstraction/Negative/jMetal_jMetal_jMetal_jMetal_org.uma.jmetal.util.solutionattribute.impl758GenericSolutionAttributeTest.code,unknown_class,False,1023,512,True
9daecae9b5981ddfdc703957ca73dbc097680420,train,0,MultifacetedAbstraction/Negative/sanity_quickml_sanity_quickml_quickml.supervised.dataProcessing.instanceTranformer175OneHotEncoder.code,unknown_class,False,1023,512,True
408ffb05bcf56cffd7475b6b0789c1c08160d531,train,0,MultifacetedAbstraction/Negative/FenixEdu_fenixedu-academic_FenixEdu_fenixedu-academic_org.fenixedu.academic.domain.degreeStructure990CompetenceCourseLoad.code,unknown_class,False,1021,512,True
4b174b35ce0bd967e126e284e4efb3e825e2ca73,train,1,MultifacetedAbstraction/Positive/WhisperSystems_TextSecure-Server_WhisperSystems_TextSecure-Server_org.whispersystems.textsecuregcm0WhisperServerConfiguration.code,unknown_class,False,1021,512,True
0b7251d8fbf8ec3eafc38e7f18171587e02a6001,train,0,MultifacetedAbstraction/Negative/kite-sdk_kite_kite-sdk_kite_org.kitesdk.tools1012TaskUtil.code,unknown_class,False,1020,512,True
79d38da032ef4ab095f5b2a47cebbc0ef1467aa1,val,0,MultifacetedAbstraction/Negative/wso2_product-esb_wso2_product-esb_org.wso2.carbon.esb.passthru.transport.test658ESBJAVA4468ContentTypeCharsetInResponseTestCase.code,unknown_class,False,1020,512,True
eec8f742c19e4f18ff000ec70b3b388228b788ec,val,0,MultifacetedAbstraction/Negative/springer-opensource_omelet_springer-opensource_omelet_omelet.test.data56BrowserConfIsEqualTest.code,unknown_class,False,1017,512,True
ea4b9ff97dffc2483bb4409448e365a7ffacbb50,val,0,MultifacetedAbstraction/Negative/LapisBlue_Pore_LapisBlue_Pore_blue.lapis.pore.util.constructor421BytecodeClassConstructor.code,unknown_class,False,1017,512,True
acd4ac7982cfa6a329511cf351b339e1568d9482,train,0,MultifacetedAbstraction/Negative/imglib_imglib2_imglib_imglib2_net.imglib2.type.numeric.integer560GenericLongType.code,unknown_class,False,1016,512,True
5546828157719735c1ce6330311fdc4a74278bb9,train,0,MultifacetedAbstraction/Negative/sitewhere_sitewhere_sitewhere_sitewhere_com.sitewhere.rest.model.configuration800ElementNode.code,unknown_class,False,1015,512,True
d7bdd89220f56bb64d8e906d7bea126eb80a9867,test,0,MultifacetedAbstraction/Negative/ceskaexpedice_kramerius_ceskaexpedice_kramerius_cz.incad.Kramerius.views.inc.details.tabs1141LoadCustomViewObject.code,unknown_class,False,1015,512,True
97f5a1c88bec19f1a05c6ba9b4c75a99e73d6b16,train,0,MultifacetedAbstraction/Negative/jmockit_jmockit1_jmockit_jmockit1_mockit.internal.injection.full842JPADependencies.code,unknown_class,False,1015,512,True
b2ff72c44a43d58fe5fc197b85ef6b8c9f5b31e8,train,0,MultifacetedAbstraction/Negative/FenixEdu_fenixedu-academic_FenixEdu_fenixedu-academic_org.fenixedu.academic.domain103GratuityValues.code,unknown_class,False,1014,512,True
3dc66e1fb3ab8a61f501a3176f9fec1b97fd4eb2,test,0,MultifacetedAbstraction/Negative/SharedKnowledge_SharkFW_SharedKnowledge_SharkFW_net.sharkfw.knowledgeBase.sync.manager192SyncComponent.code,unknown_class,False,1014,512,True
1a6d77065abb932c9d6c4358b7e7cdbe6949f0ab,train,0,MultifacetedAbstraction/Negative/rundeck_rundeck_rundeck_rundeck_com.dtolabs.rundeck.plugin.stub968StubResourceModelSource.code,unknown_class,False,1012,512,True
04aea964a66962e6e8709f1953785c35fec27e59,train,0,MultifacetedAbstraction/Negative/apache_tajo_apache_tajo_org.apache.tajo.ws.rs2284ClientApplication.code,unknown_class,False,1012,512,True
9c8ecf7225212ca3d8ffe65e17a3c997fc07ec0f,train,1,MultifacetedAbstraction/Positive/vanita5_twittnuker_vanita5_twittnuker_de.vanita5.microblog.library.twitter.model7StickerEntity.code,unknown_class,False,1011,512,True
a57d09a3ed5e8849486b2b0428d605386476469f,train,1,MultifacetedAbstraction/Positive/SomMeri_matasano-cryptopals-solutions_SomMeri_matasano-cryptopals-solutions_org.meri.matasano.set10Set1Test.code,unknown_class,False,1011,512,True
6429f900479f01f23f442e48c0f9d8c4463e8928,train,0,MultifacetedAbstraction/Negative/bitcoin-solutions_multibit-hd_bitcoin-solutions_multibit-hd_org.multibit.hd.ui.views.wizards.send_bitcoin794SendBitcoinEnterPinPanelView.code,unknown_class,False,1010,512,True
aa579759cb80feb0ec1e11083a576f8e27b8047a,train,1,MultifacetedAbstraction/Positive/shouldit_android-proxy_shouldit_android-proxy_com.lechucksoftware.proxy.proxysettings.ui.fragments0HelpPrefsFragment.code,unknown_class,False,1010,512,True
85024cdc49dfa691813927d1809bfffcc454e9f5,test,0,MultifacetedAbstraction/Negative/Esri_squad-leader-android_Esri_squad-leader-android_com.esri.squadleader.controller6ViewshedController.code,unknown_class,False,1009,512,True
48f207dbd6e5b21374fb3c584064c20e65a373ee,train,0,MultifacetedAbstraction/Negative/jtrfp_terminal-recall_jtrfp_terminal-recall_org.jtrfp.trcl.beh160HorizAimAtPlayerBehavior.code,unknown_class,False,1009,512,True
2a6ea87b187adba5d22ad84acc92c21b0c04462e,train,0,MultifacetedAbstraction/Negative/lightblue-platform_lightblue-core_lightblue-platform_lightblue-core_com.redhat.lightblue.util714Tuples.code,unknown_class,False,1009,512,True
b8e2163a174b975074d3d354984657b5b30a53d6,val,1,MultifacetedAbstraction/Positive/kaazing_gateway_kaazing_gateway_org.kaazing.gateway.transport.http.acceptor.specification.rfc72353AuthorizationIT.code,unknown_class,False,1008,512,True
a2bbfe6756080033f79ff9123ef7786de6e79df0,train,0,MultifacetedAbstraction/Negative/xmlunit_xmlunit_xmlunit_xmlunit_org.custommonkey.xmlunit91test_TolerantSaxDocumentBuilder.code,unknown_class,False,1007,512,True
ecfede734357d566f8b4501f37076a0f96bab1c1,train,1,MultifacetedAbstraction/Positive/PGWelch_com.opendoorlogistics_PGWelch_com.opendoorlogistics_com.opendoorlogistics.core.api.impl1ODLApiImpl.code,unknown_class,False,1006,512,True
882948dbb36957195b7f3ba3d77a27eba5dae5cf,train,0,MultifacetedAbstraction/Negative/MiniJavaCompiler_MiniJavaLLVM_MiniJavaCompiler_MiniJavaLLVM_syntax41ArrayType.code,MiniJavaLLVM_MiniJavaCompiler_MiniJavaLLVM_syntax4,False,1005,512,True
6a8672606965286ef973edc1a78448b91caf2aeb,test,0,MultifacetedAbstraction/Negative/jMetal_jMetal_jMetal_jMetal_org.uma.jmetal.problem.multiobjective.maf296MaF13.code,unknown_class,False,1004,512,True
07e59df8bdcab67abc92e731e966eaf62c2ad412,train,1,MultifacetedAbstraction/Positive/caskdata_cdap_caskdata_cdap_io.cdap.cdap.gateway.handlers.util5AbstractAppFabricHttpHandler.code,unknown_class,False,1003,512,True
4c4536c8fb45611b6a6d6076543132cbe26a545b,val,0,MultifacetedAbstraction/Negative/kaazing_gateway_kaazing_gateway_org.kaazing.gateway.transport.sse1954SseAcceptorIT.code,unknown_class,False,1003,512,True
f456832faa21f320ec19cbd78ddb3b7d0ed6eafd,val,0,MultifacetedAbstraction/Negative/zhangkaitao_shiro-example_zhangkaitao_shiro-example_com.github.zhangkaitao.shiro.chapter21.web.controller307RunAsController.code,unknown_class,False,1003,512,True
5891b197166da4d95f1452ac91447adfabc4fbc1,val,0,MultifacetedAbstraction/Negative/apache_tajo_apache_tajo_org.apache.tajo.resource1620NodeResource.code,unknown_class,False,1002,512,True
15a495730ce3c8bbc5e3c6067bcc2a26b2f2cd66,train,1,MultifacetedAbstraction/Positive/GlowstoneMC_Glowstone_GlowstoneMC_Glowstone_net.glowstone.entity.passive2GlowHorse.code,unknown_class,False,998,512,True
1d76113317f56ed9c59c7830230e18688ebcb1de,train,0,MultifacetedAbstraction/Negative/rapidminer_rapidminer_rapidminer_rapidminer_com.rapidminer.parameter2975ParameterTypeInt.code,unknown_class,False,997,512,True
6c427b79d45a473b90a2567c6906304874a6b1b6,train,0,MultifacetedAbstraction/Negative/lenskit_lenskit_lenskit_lenskit_org.lenskit.api37ItemBasedItemRecommender.code,unknown_class,False,997,512,True
e568aeea11f8a681b5d972dda33af8a9b4102e09,val,1,MultifacetedAbstraction/Positive/Putnami_putnami-web-toolkit_Putnami_putnami-web-toolkit_fr.putnami.pwt.doc.client.page.components1InputControlsView.code,unknown_class,False,997,512,True
182fa7d1c461a28b8317e747761a3711afc845af,train,1,MultifacetedAbstraction/Positive/wso2_carbon-identity_wso2_carbon-identity_org.wso2.carbon.identity.sso.agent0SSOAgentConstants.code,unknown_class,False,994,512,True
8edbea72990aea752021cf94907435923cbfe008,train,0,MultifacetedAbstraction/Negative/imixs_imixs-workflow_imixs_imixs-workflow_org.imixs.workflow.engine60ImixsConfigSource.code,unknown_class,False,993,512,True
b39954978e8d3c084e46557a6409c58460a4f39d,train,0,MultifacetedAbstraction/Negative/TestFX_TestFX_TestFX_TestFX_org.testfx.assertions.api28Assertions.code,unknown_class,False,993,512,True
eca55d276882939240e1f78b63e9c2a779a5f55d,train,1,MultifacetedAbstraction/Positive/GlowstoneMC_Glowstone_GlowstoneMC_Glowstone_net.glowstone.entity.projectile3GlowArrow.code,unknown_class,False,992,512,True
111f27ff966cc62c71127b46a2c124aef3b8a8b7,test,1,MultifacetedAbstraction/Positive/midonet_midonet_midonet_midonet_org.midonet.jna1IfReq.code,unknown_class,False,992,512,True
ced9a1d1d6238c56aef9d4b567f5fae1d6550795,train,0,MultifacetedAbstraction/Negative/revapi_revapi_revapi_revapi_org.revapi.reporter.text488TextReporterTest.code,unknown_class,False,991,512,True
f62fe4d085eaea51a82ea9447db87ed5e4e9ccd8,train,0,MultifacetedAbstraction/Negative/danielnorberg_auto-matter_danielnorberg_auto-matter_foo16CollectionInterfaceFieldBuilder.code,unknown_class,False,991,512,True
ad4f486b7b10036ad76c710cd17f238d6606048a,train,0,MultifacetedAbstraction/Negative/CloudSlang_cloud-slang_CloudSlang_cloud-slang_io.cloudslang.lang.entities.constants239Regex.code,unknown_class,False,989,512,True
e5a7cd5e64009c5defd37ea8014650b4b469df72,train,0,MultifacetedAbstraction/Negative/jvirtanen_nassau_jvirtanen_nassau_com.paritytrading.nassau.soupbintcp49SoupBinTCPServer.code,unknown_class,False,987,512,True
13da3fd6cd52c10e31b11767eea7cf2ebb50a0bb,train,0,MultifacetedAbstraction/Negative/apache_olingo-odata4_apache_olingo-odata4_org.apache.olingo.server.api1220ODataLibraryException.code,unknown_class,False,986,512,True
0e6c56b11fa92bbdc269842127995e3d299ff554,train,0,MultifacetedAbstraction/Negative/apache_incubator-blur_apache_incubator-blur_org.apache.blur.thrift.generated1674setUser_argsStandardScheme.code,unknown_class,False,986,512,True
c3a0191a3f8992888765479c30f2255a8fbb3608,train,0,MultifacetedAbstraction/Negative/gid15_jpcsp_gid15_jpcsp_jpcsp.network.adhoc1730AdhocObject.code,unknown_class,False,984,512,True
a369b0de0f21d070bcd146ad2513ac5bbe75f292,train,1,MultifacetedAbstraction/Positive/rapidminer_rapidminer_rapidminer_rapidminer_com.rapidminer.operator.learner.tree4AbstractTreeLearner.code,unknown_class,False,982,512,True
39d076bd0ef6df408068ee80a1b006556a106d1c,train,0,MultifacetedAbstraction/Negative/apache_incubator-tamaya_apache_incubator-tamaya_org.apache.tamaya.core.internal.converters106ShortConverterTest.code,unknown_class,False,982,512,True
6d817d21405751d0df9835fe51f0d5bb225af489,train,0,MultifacetedAbstraction/Negative/mini2Dx_mini2Dx_mini2Dx_mini2Dx_org.mini2Dx.ui.render621ContainerRenderNode.code,unknown_class,False,982,512,True
598462ba413212df0dcb5d1f9f542eb225295a71,train,0,MultifacetedAbstraction/Negative/etao-open-source_cube-sdk_etao-open-source_cube-sdk_in.srain.cube.views.mix168AutoPlayer.code,unknown_class,False,980,512,True
e65a9cb1d7dc868fa9253ffdc61fbb767d22f233,train,0,MultifacetedAbstraction/Negative/fhoeben_hsac-fitnesse-fixtures_fhoeben_hsac-fitnesse-fixtures_nl.hsac.fitnesse.fixture.fit19SoapCallMapColumnFixture.code,unknown_class,False,976,512,True
59e2811d93208b08704b47208a6982e575dd5b9c,train,0,MultifacetedAbstraction/Negative/apache_incubator-blur_apache_incubator-blur_org.apache.blur.thrift.generated1394listSnapshots_argsStandardScheme.code,unknown_class,False,974,512,True
af84108dd709fd207ebef63917d575ddb624c2a0,val,0,MultifacetedAbstraction/Negative/phishman3579_java-algorithms-implementation_phishman3579_java-algorithms-implementation_com.jwetherell.algorithms.mathematics288RamerDouglasPeucker.code,unknown_class,False,974,512,True
1a786eb991dd25272a1c677dae9ed207a7db2c37,train,0,MultifacetedAbstraction/Negative/bitcoin-solutions_multibit-hd_bitcoin-solutions_multibit-hd_org.multibit.hd.testing.hardware_wallet_fixtures195HardwareWalletFixtures.code,unknown_class,False,972,512,True
9192b13e264d46d2ef5e0689fee3f8e26e59b8ea,train,1,MultifacetedAbstraction/Positive/stagemonitor_stagemonitor_stagemonitor_stagemonitor_org.stagemonitor.tracing.elasticsearch0ElasticsearchTracingPlugin.code,unknown_class,False,972,512,True
d3cec082d185305afa330b4043d7797994674b02,train,0,MultifacetedAbstraction/Negative/linkedin_gobblin_linkedin_gobblin_org.apache.gobblin.restli.throttling1988TokenBucket.code,unknown_class,False,972,512,True
9b26759ca84bab23e69b30ed46a955eda6421674,train,1,MultifacetedAbstraction/Positive/guardianproject_ChatSecureAndroid_guardianproject_ChatSecureAndroid_info.guardianproject.otr.app.im.app0ContactListFragment.code,unknown_class,False,969,512,True
3c157ddd8137adf92b16ad80f124ec3f24d30221,test,1,MultifacetedAbstraction/Positive/rapidminer_rapidminer_rapidminer_rapidminer_com.rapidminer.gui.look.borders2Borders.code,unknown_class,False,969,512,True
2ce1e3d07ce146f46f50eb502282210e37b64432,train,0,MultifacetedAbstraction/Negative/apache_incubator-wave_apache_incubator-wave_org.waveprotocol.wave.client.render1339ConversationRenderer.code,unknown_class,False,968,512,True
5db2cffe3de090d843ea836714bbe7ef7e8b7c66,val,0,MultifacetedAbstraction/Negative/adrianchifor_Swiftnotes_adrianchifor_Swiftnotes_com.moonpi.swiftnotes4NoteAdapter.code,unknown_class,False,966,512,True
496f2ff31cd410ec0104e12533272db221936ee4,test,1,MultifacetedAbstraction/Positive/OHDSI_WebAPI_OHDSI_WebAPI_org.ohdsi.webapi.user.importer.providers4ActiveDirectoryProvider.code,unknown_class,False,965,512,True
a2681288a248b55686ab2ef10a372bc7efb4cbf0,train,1,MultifacetedAbstraction/Positive/softlayer_softlayer-java_softlayer_softlayer-java_com.softlayer.api.http0FakeHttpClientFactory.code,unknown_class,False,964,512,True
957a51c246df58f08b0b938565e5abf5bd4f70d7,test,0,MultifacetedAbstraction/Negative/tuguangquan_mybatis_tuguangquan_mybatis_org.apache.ibatis.submitted.nested637NestedForEachTest.code,unknown_class,False,959,512,True
75fe94b8567f7a749e1c6301e44aa901a89d5ea0,train,0,MultifacetedAbstraction/Negative/stagemonitor_stagemonitor_stagemonitor_stagemonitor_org.stagemonitor.core.pool270MBeanPooledResource.code,unknown_class,False,959,512,True
3304b64b18953a93ab5f86efde6829deb77b5b51,train,0,MultifacetedAbstraction/Negative/SpoutDev_Vanilla_SpoutDev_Vanilla_org.spout.vanilla.world.generator.nether.structure.fortress1086FortressCorridor.code,unknown_class,False,959,512,True
0b45c51255e9353718e3e36b1568ff695be3132f,train,0,MultifacetedAbstraction/Negative/apache_incubator-reef_apache_incubator-reef_org.apache.reef.tang.implementation1773InjectionPlan.code,unknown_class,False,957,512,True
4c059cb7d865bfb12d594396d937930004080a47,train,1,MultifacetedAbstraction/Positive/openhab_openhab2_openhab_openhab2_org.openhab.binding.neohub.internal23NeoHubInfoResponse.code,unknown_class,False,957,512,True
efd16c19985e499d68c6fa4752acdd05a009df41,test,0,MultifacetedAbstraction/Negative/apache_stratos_apache_stratos_org.apache.stratos.messaging.message.receiver.health.stat1053HealthStatEventMessageDelegator.code,unknown_class,False,956,512,True
861276190ab8e7f94f2ea81ed1a775f99b03aa79,train,0,MultifacetedAbstraction/Negative/aol_simple-react_aol_simple-react_cyclops.reactive.collections1579ReactiveStreamsTest.code,unknown_class,False,955,512,True
e5e60100e4a7ccdb26a2cacfd3cc9f589e4c89d3,train,0,MultifacetedAbstraction/Negative/CubeEngine_core_CubeEngine_core_org.cubeengine.libcube.service.event96EventManager.code,unknown_class,False,954,512,True
4e584541c365af91f595b4b7873fa3d8fa1f51d8,val,0,MultifacetedAbstraction/Negative/openhab_openhab2_openhab_openhab2_org.openhab.binding.powermax.internal.connector3865PowermaxConnector.code,unknown_class,False,954,512,True
63af09a12f44421b07901c6fdea835166d494cc3,train,0,MultifacetedAbstraction/Negative/graphaware_neo4j-reco_graphaware_neo4j-reco_com.graphaware.reco.neo4j.module41RecommendationModuleConfiguration.code,unknown_class,False,954,512,True
f86b914f335af9c5ad734b6e3c2210d0e215d812,train,1,MultifacetedAbstraction/Positive/twitter_netty-http2_twitter_netty-http2_com.twitter.http20HttpCodecUtil.code,unknown_class,False,952,512,True
40556f1798e1c4073ae9aad800f22f4e66eb8179,val,0,MultifacetedAbstraction/Negative/247687009_soa_247687009_soa_io.goudai.soa.sys.api.impl43JdbcUtils.code,unknown_class,False,952,512,True
b01e34fc9381b86807f6092b20c1a70e27817b3b,train,1,MultifacetedAbstraction/Positive/openhab_openhab2_openhab_openhab2_org.openhab.binding.hue.internal11Config.code,unknown_class,False,952,512,True
b60810c3cc461e6ae08fcc0a9627d261cfaf82be,train,0,MultifacetedAbstraction/Negative/dropwizard_metrics_dropwizard_metrics_com.codahale.metrics.graphite130GraphiteTest.code,unknown_class,False,951,512,True
54a798971bd352b300bcae226ca9ce514e9ec4e4,train,1,MultifacetedAbstraction/Positive/ni3po42_traction.mvc_ni3po42_traction.mvc_ni3po42.android.tractiondemo.providers0DemoProvider.code,unknown_class,False,951,512,True
d1588063842fb39ccd1e76ba688ba37b68204a2f,train,0,MultifacetedAbstraction/Negative/usc-isi-i2_Web-Karma_usc-isi-i2_Web-Karma_com.github.jsonldjava.core11JsonLdOptions.code,unknown_class,False,950,512,True
987223e00d914f46382de56f522894f44665c22f,val,0,MultifacetedAbstraction/Negative/BrassGoggledCoders_SteamCraft2_BrassGoggledCoders_SteamCraft2_steamcraft.common.blocks.machines146BlockNuclearBoiler.code,unknown_class,False,949,512,True
8d8a81166d3d66e976d7b229d8935432a8be1bcb,train,0,MultifacetedAbstraction/Negative/apache_incubator-blur_apache_incubator-blur_org.apache.blur.thrift.generated1092bulkMutateFinish_argsTupleScheme.code,unknown_class,False,948,512,True
b94af51eac0188456eed700dbb4dc1f08642e302,val,1,MultifacetedAbstraction/Positive/cloud-software-foundation_c5_cloud-software-foundation_c5_org.apache.hadoop.hbase.codec.prefixtree.decode1PrefixTreeCell.code,unknown_class,False,948,512,True
26622b177d0f29b665543a15c79b9dc1fa563fd1,test,0,MultifacetedAbstraction/Negative/apache_knox_apache_knox_org.apache.knox.gateway.services.metrics.impl876DefaultMetricsService.code,unknown_class,False,942,512,True
8d4523d9019d273500f115ff72e94eda403af221,train,0,MultifacetedAbstraction/Negative/247687009_soa_247687009_soa_io.goudai.soa.quartz.core29QuartzContext.code,unknown_class,False,942,512,True
0369c2a4ef3d6b35e16cc281c6efc98b01d76bdd,test,0,MultifacetedAbstraction/Negative/Dalanie_SimpleNews_Dalanie_SimpleNews_de.dala.simplenews.utilities68GripView.code,unknown_class,False,941,512,True
cd3a8bcde5e6507b454aeeeb6bd4df15f4ec6cc2,train,0,MultifacetedAbstraction/Negative/mklemm_jaxb2-rich-contract-plugin_mklemm_jaxb2-rich-contract-plugin_com.kscs.util.plugins.xjc55MetaInfoOutline.code,unknown_class,False,941,512,True
d78c3c4812a8a67d2c0823904982b0e3df5a06a9,train,1,MultifacetedAbstraction/Positive/astefanutti_camel-cdi_astefanutti_camel-cdi_org.apache.camel.cdi.se2MultiContextPropertyInjectTest.code,unknown_class,False,941,512,True
9a5bd079d40478a80301b814f3606759e1ec9866,train,0,MultifacetedAbstraction/Negative/caskdata_cdap_caskdata_cdap_io.cdap.cdap.internal.app.runtime.batch.distributed3496MapReduceContainerHelper.code,unknown_class,False,941,512,True
bd96b4912d520739638016a184f2e5b0a554e6b0,test,1,MultifacetedAbstraction/Positive/openhab_openhab2_openhab_openhab2_org.openhab.binding.icloud.internal.json.response17ICloudServerContext.code,unknown_class,False,940,512,True
2f905a1b05393b21c0a5af6a66aaef880ee29559,test,0,MultifacetedAbstraction/Negative/datanucleus_datanucleus-core_datanucleus_datanucleus-core_org.datanucleus.enhancer.methods169ReplaceStateManager.code,unknown_class,False,938,512,True
0af99935fb445937e524081c2d2aff4cdfac4727,test,0,MultifacetedAbstraction/Negative/calipho-sib_nextprot-api_calipho-sib_nextprot-api_org.nextprot.api.commons.bio.variation.prot.impl.format92SequenceVariantHGVSParseInsertionTest.code,unknown_class,False,937,512,True
8a5ec210bbe428d1fb6a54347a808b0b685d7d85,train,0,MultifacetedAbstraction/Negative/gosu-lang_gosu-lang_gosu-lang_gosu-lang_gw.internal.gosu.compiler670TryCatchFinally_NoFinally_StatementTest.code,unknown_class,False,937,512,True
ba28e8ab28bab68bc24de2318bf88ae28b5436ff,train,0,MultifacetedAbstraction/Negative/KleeGroup_vertigo_KleeGroup_vertigo_io.vertigo.dynamo.plugins.search.elasticsearch.transport808ESTransportSearchServicesPlugin.code,unknown_class,False,936,512,True
30b860e016926bb926a66e8313b3dbb24743fbd0,train,1,MultifacetedAbstraction/Positive/gosu-lang_gosu-lang_gosu-lang_gosu-lang_gw.spec.core.expressions.memberaccess9MemberAccess_WrappedJavaClassByJavaBackedType.code,unknown_class,False,934,512,True
d7af05505e280584548dc620c4808edf4dfbc391,train,0,MultifacetedAbstraction/Negative/calipho-sib_nextprot-api_calipho-sib_nextprot-api_org.nextprot.api.web.service.impl.writer1316DataProvider.code,unknown_class,False,934,512,True
50eef059eff28b75adc63bb428c7017db0c9dbd5,test,0,MultifacetedAbstraction/Negative/apache_struts_apache_struts_com.opensymphony.xwork2.config.entities129ResultTypeConfig.code,unknown_class,False,933,512,True
d6a4fecd6b355441a1a1aa10d2aa6dafefa9560d,val,0,MultifacetedAbstraction/Negative/ExactTarget_fuel-java_ExactTarget_fuel-java_com.exacttarget.fuelsdk29ETEmailTest.code,unknown_class,False,932,512,True
4eea6d2aaf269f2b5ca826631f4a334088539ec6,train,0,MultifacetedAbstraction/Negative/zhangkaitao_shiro-example_zhangkaitao_shiro-example_com.github.zhangkaitao.shiro.chapter1234ShiroTest.code,unknown_class,False,932,512,True
7e6b2c9e31186832ff5a16a44302a89589b67d89,test,0,MultifacetedAbstraction/Negative/gosu-lang_gosu-lang_gosu-lang_gosu-lang_gw.testloader2884TestTypeLoader.code,unknown_class,False,932,512,True
86372de8e4669a63952281637787ea0c8758f99f,train,0,MultifacetedAbstraction/Negative/ZK-1931_javazab_ZK-1931_javazab_com.github.zk1931.jzab56SimpleLogIterator.code,unknown_class,False,931,512,True
75e86fb88b25f65453699060c97a5411a41e26c3,train,0,MultifacetedAbstraction/Negative/kuujo_copycat_kuujo_copycat_io.atomix.core.map.impl430DefaultAtomicCounterMapService.code,unknown_class,False,930,512,True
6db88b74d2506fa305ad1fc126751cd80a261802,train,0,MultifacetedAbstraction/Negative/shazam_fork_shazam_fork_com.shazam.fork.summary230HtmlSummaryPrinter.code,unknown_class,False,929,512,True
57540868a92ec16d6fc0c64dced31f6ee2dab4ab,test,0,MultifacetedAbstraction/Negative/xored_yang-ide_xored_yang-ide_com.cisco.yangide.editor.editors.text.help188YangCompletionProposal.code,unknown_class,False,927,512,True
7692030b64ca20a4f1a0b1a564af7faef05cdcae,train,1,MultifacetedAbstraction/Positive/rapidminer_rapidminer_rapidminer_rapidminer_com.rapidminer.operator.nio6ExcelExampleSource.code,unknown_class,False,926,512,True
cc48c0ef3f3076d8cfbfab075d3041006eb26d71,train,1,MultifacetedAbstraction/Positive/holodeck-b2b_Holodeck-B2B_holodeck-b2b_Holodeck-B2B_org.holodeckb2b.pmode.xml1Leg.code,unknown_class,False,926,512,True
7a1852c4aea2a56c53f9e9b67b2cacddb6060223,train,0,MultifacetedAbstraction/Negative/caskdata_cdap_caskdata_cdap_io.cdap.cdap.internal.app.runtime.schedule3617AbstractTimeSchedulerService.code,unknown_class,False,925,512,True
6505faa5462ea8c72d0bbfd31b23d94fae53fd1e,test,0,MultifacetedAbstraction/Negative/jenkinsci_acceptance-test-harness_jenkinsci_acceptance-test-harness_plugins544ActiveDirectoryTest.code,unknown_class,False,924,512,True
86d434144c796b518b2f617da75562ad3cf4aa5f,train,1,MultifacetedAbstraction/Positive/xtext_seven-languages-xtext_xtext_seven-languages-xtext_org.xtext.template.services18RichStringIfElements.code,unknown_class,False,921,512,True
dbeccf64763992b9b539dcb52cab4e6d75acde7c,train,0,MultifacetedAbstraction/Negative/gid15_jpcsp_gid15_jpcsp_jpcsp.HLE.modules1214ScreenshotUtilityDialogState.code,unknown_class,False,918,512,True
cb2a32b664cd68c11426479fb936b9d36138fb85,train,0,MultifacetedAbstraction/Negative/nhatminhle_cofoja_nhatminhle_cofoja_com.google.java.contract.core.agent28SuperInfoFinder.code,unknown_class,False,916,512,True
1f39a42ccd5613d5cf9e1f1ea0ff4c7638d2b157,val,1,MultifacetedAbstraction/Positive/HubSpot_live-config_HubSpot_live-config_com.hubspot.liveconfig.value0ValueFunctions.code,unknown_class,False,916,512,True
c8dd010f0f8b67743c5314b156d20487d84c821b,val,0,MultifacetedAbstraction/Negative/wuic_wuic_wuic_wuic_com.github.wuic.nut200AbstractNut.code,unknown_class,False,915,512,True
ca4eb8160a46014b049de9208723d6104fceba14,train,0,MultifacetedAbstraction/Negative/mozilla_j2me.js_mozilla_j2me.js_com.sun.midp.io.j2me.http878StreamConnectionElement.code,unknown_class,False,915,512,True
67103e83d3a8a21fb62cfd0799eae62a617467ab,train,1,MultifacetedAbstraction/Positive/naver_pinpoint_naver_pinpoint_com.navercorp.pinpoint.thrift.io4DefaultTBaseLocator.code,unknown_class,False,914,512,True
7038ad886597e9fbcbf5197d1c6bdbfcbeea06d6,train,1,MultifacetedAbstraction/Positive/WebGoat_WebGoat_WebGoat_WebGoat_org.owasp.webgoat.session0WebgoatContext.code,unknown_class,False,908,512,True
7969df8996af60dbffffbfda76934eb062dde4fa,train,1,MultifacetedAbstraction/Positive/PhantomYdn_wicket-orientdb_PhantomYdn_wicket-orientdb_ru.ydn.wicket.wicketorientdb.proto0OIndexPrototyper.code,unknown_class,False,908,512,True
2e9c6451ac0b7f5d9326260f8afa77ced125ef02,train,0,MultifacetedAbstraction/Negative/rancherio_cattle_rancherio_cattle_io.cattle.platform.systemstack.model1511Template.code,unknown_class,False,908,512,True
7d279d0f932494464523f7a464ba8943ab03457b,train,1,MultifacetedAbstraction/Positive/InstantWebP2P_node-android_InstantWebP2P_node-android_com.iwebpp.libuvpp0LibUVPermission.code,unknown_class,False,907,512,True
c9878d11dab329de99af089910772925c266519d,val,0,MultifacetedAbstraction/Negative/Conductor_kangaroo_Conductor_kangaroo_com.conductor.hadoop5WritableValueInputFormatTest.code,unknown_class,False,906,512,True
6b4fa843d2745e9b12b7895be7f6d05bf9003371,train,0,MultifacetedAbstraction/Negative/PayPal_SeLion_PayPal_SeLion_com.paypal.selion.plugins543GUIObjectDetailsTest.code,unknown_class,False,905,512,True
8c5b17351f2323976d0daf0ca7b272cccc164a60,val,0,MultifacetedAbstraction/Negative/Accla_d4m_api_java_Accla_d4m_api_java_edu.mit.ll.graphulo.skvi146SeekFilterIterator.code,unknown_class,False,905,512,True
731cc3611ae93ae2a8db2fd434ea92f5b69241af,test,0,MultifacetedAbstraction/Negative/CorfuDB_CorfuDB_CorfuDB_CorfuDB_org.corfudb.runtime.clients334SequencerClient.code,unknown_class,False,905,512,True
39fe4c2f8de6e5a3dda8d397cfe8daea677b75e0,val,0,MultifacetedAbstraction/Negative/magarena_magarena_magarena_magarena_magic.ui.widget.duel.viewer1326TurnTitlePanel.code,unknown_class,False,903,512,True
054a946d74f1da125434e70bfc7a2ad7d017e1e0,train,0,MultifacetedAbstraction/Negative/apache_olingo-odata4_apache_olingo-odata4_org.apache.olingo.fit.base856AsyncTestITCase.code,unknown_class,False,901,512,True
6480c1e9a1eb624cfba5669b4f9b5d1f17472f5d,train,0,MultifacetedAbstraction/Negative/apache_uima-uimafit_apache_uima-uimafit_org.apache.uima.fit.factory193TypeSystemDescriptionFactory.code,unknown_class,False,900,512,True
4f0890f0e1a8c863284515aae26f62b9ccb972fc,val,0,MultifacetedAbstraction/Negative/sanjivsingh_stackoverflow-java-sdk_sanjivsingh_stackoverflow-java-sdk_com.google.code.stackexchange.client.examples22StackAuthApiExample.code,unknown_class,False,895,512,True
3d4f4e07a3b1c004655549ed965e3e80a07b3873,train,0,MultifacetedAbstraction/Negative/querydsl_codegen_querydsl_codegen_com.mysema.codegen19JDKEvaluatorFactoryTest.code,unknown_class,False,895,512,True
4ea18cc2db6a3b4672504bcbf7e61281da416248,train,0,MultifacetedAbstraction/Negative/pavel4n_wowdoge.org_pavel4n_wowdoge.org_com.google.dogecoin.core110TransactionBroadcast.code,unknown_class,False,894,512,True
ee764c5137690fdf9c2e5e517cd1159a5702189b,val,1,MultifacetedAbstraction/Positive/JakeWharton_Telecine_JakeWharton_Telecine_com.jakewharton.telecine0TelecineModule.code,unknown_class,False,892,512,True
61347b5f6e22904c73694fbbea60870cfb1473cb,train,0,MultifacetedAbstraction/Negative/justinsb_cloudata_justinsb_cloudata_com.cloudata.btree.io155NioBackingFile.code,unknown_class,False,891,512,True
209cfd71769268ee2c97173b336d2fc8b14f5db6,val,0,MultifacetedAbstraction/Negative/sitewhere_sitewhere_sitewhere_sitewhere_com.sitewhere.grpc.client.tenant524CachedTenantManagement.code,unknown_class,False,890,512,True
77f8c1900a07024b5a25b42055496380013387e4,test,0,MultifacetedAbstraction/Negative/Evolveum_midpoint_Evolveum_midpoint_com.evolveum.midpoint.schrodinger.page.configuration2766ImportObjectPage.code,unknown_class,False,889,512,True
00aef71c321488d246f433bb5bab5f0f94ceffbd,train,0,MultifacetedAbstraction/Negative/phishman3579_java-algorithms-implementation_phishman3579_java-algorithms-implementation_com.jwetherell.algorithms.data_structures2ArrayNode.code,unknown_class,False,889,512,True
c90ff4b9a07f09d5c0f06c167980136f1d259ecc,train,0,MultifacetedAbstraction/Negative/mobile-event-processing_Asper_mobile-event-processing_Asper_com.espertech.esper.epl.parse2475TestASTFilterSpecHelper.code,unknown_class,False,888,512,True
f23be3a9161085ca1efc6296d126dee3dc062d4f,test,0,MultifacetedAbstraction/Negative/kite-sdk_kite_kite-sdk_kite_org.kitesdk.morphline.solr833FileUtils.code,unknown_class,False,888,512,True
430c92e2558c1796ef5bd3e9e0f1fd61c7aa9493,train,1,MultifacetedAbstraction/Positive/vladmihalcea_hibernate-master-class_vladmihalcea_hibernate-master-class_com.vladmihalcea.hibernate.masterclass.laboratory.batch0NoFetchingTest.code,unknown_class,False,887,512,True
b572962bc3af3e8b4ae1ac393e4594f36cc0f93c,train,0,MultifacetedAbstraction/Negative/SimonVT_cathode_SimonVT_cathode_com.android.datetimepicker.date12MonthViewTouchHelper.code,unknown_class,False,887,512,True
53474d4ea4b6fd8caa0243fd01ed66f3dfa465e8,val,0,MultifacetedAbstraction/Negative/caskdata_cdap_caskdata_cdap_io.cdap.cdap.hbase.wd3118OneByteSimpleHashTest.code,unknown_class,False,886,512,True
44a8bbc39018600287f361cdc58b48c61cb16722,train,0,MultifacetedAbstraction/Negative/Accla_d4m_api_java_Accla_d4m_api_java_edu.mit.ll.graphulo.examples81JaccardExample.code,unknown_class,False,885,512,True
c4e78326da313deb8d43f01b15eb617ec03befba,val,0,MultifacetedAbstraction/Negative/googlesamples_android-ElevationDrag_googlesamples_android-ElevationDrag_com.example.android.elevationdrag9DragFrameLayout.code,unknown_class,False,885,512,True
e17bf33bfcb4203c19188f59a2abdbb6444fb99c,val,0,MultifacetedAbstraction/Negative/querydsl_querydsl_querydsl_querydsl_com.querydsl.sql1915OracleTemplatesTest.code,unknown_class,False,884,512,True
5df9805f2bfa893c782c6f257b9dc93336ee2c0d,train,0,MultifacetedAbstraction/Negative/tlaukkan_zigbee4java_tlaukkan_zigbee4java_org.bubblecloud.zigbee.util710Cie.code,unknown_class,False,884,512,True
91b0f4a304c43be8173f731d5a750d2ecde7faad,train,0,MultifacetedAbstraction/Negative/tesis-dynaware_graph-editor_tesis-dynaware_graph-editor_de.tesis.dynaware.grapheditor.core.connections17ConnectionCommands.code,unknown_class,False,883,512,True
320bba618d41f474bd65b745139a05d16e18df8a,test,0,MultifacetedAbstraction/Negative/HadoopGenomics_Hadoop-BAM_HadoopGenomics_Hadoop-BAM_org.seqdoop.hadoop_bam100VCFRecordWriter.code,unknown_class,False,883,512,True
ad05d1b7c89f326c8b74460361b10a30899be8d8,train,0,MultifacetedAbstraction/Negative/raulhaag_MiMangaNu_raulhaag_MiMangaNu_ar.rulosoft.mimanganu.utils179ThemeColors.code,unknown_class,False,881,512,True
1167f286115359ac6d5e155de429e24d548e27d8,train,1,MultifacetedAbstraction/Positive/rundeck_rundeck_rundeck_rundeck_com.dtolabs.rundeck.core.execution.service1FileCopierService.code,unknown_class,False,881,512,True
7e8f323f88cf0f4eebf658f0d76cdbe729d3407f,train,1,MultifacetedAbstraction/Positive/apache_incubator-blur_apache_incubator-blur_org.apache.blur.lucene.codec2Blur022Codec.code,unknown_class,False,880,512,True
ccd32b16b698bec01202375380008de7a82597d2,val,1,MultifacetedAbstraction/Positive/apache_incubator-blur_apache_incubator-blur_org.apache.blur.lucene.codec3Blur024Codec.code,unknown_class,False,880,512,True
98ba0f67b2f931fa5d8522894fb9f08b5df6a435,train,1,MultifacetedAbstraction/Positive/xtext_seven-languages-xtext_xtext_seven-languages-xtext_org.xtext.template.services16RichStringElseIfElements.code,unknown_class,False,878,512,True
fee99083c27795e1404b0d38dbb7ed87480b9e6b,train,0,MultifacetedAbstraction/Negative/jphp-compiler_jphp_jphp-compiler_jphp_org.develnext.jphp.zend.ext.standard.date644TimezoneCorrectionNode.code,unknown_class,False,878,512,True
b58b35ca5a870f4f187215e87d38cd3092199c3f,train,0,MultifacetedAbstraction/Negative/bruno-medeiros_DDT_bruno-medeiros_DDT_mmrnmhrm.ui.actions1637DeeOpenDefinitionOperation.code,unknown_class,False,878,512,True
d9a42dfaf5f1c06f205e54cd6b101705419756ce,train,0,MultifacetedAbstraction/Negative/tesis-dynaware_graph-editor_tesis-dynaware_graph-editor_de.tesis.dynaware.grapheditor.utils114DraggableBoxTest.code,unknown_class,False,878,512,True
db7234a1d57489b26b9a4003634720e73808b78b,train,0,MultifacetedAbstraction/Negative/magarena_magarena_magarena_magarena_magic.model.event329MagicETBEvent.code,unknown_class,False,878,512,True
dbd134213a64c32d16282c4eee17a688435ec698,train,0,MultifacetedAbstraction/Negative/rundeck_rundeck_rundeck_rundeck_com.dtolabs.rundeck.core.common185TestFramework.code,unknown_class,False,877,512,True
caab7563d8fc88eb3c6d9a9d82dcb5bdad6f30bb,test,0,MultifacetedAbstraction/Negative/caskdata_cdap_caskdata_cdap_io.cdap.cdap.client990SecureStoreClientTest.code,unknown_class,False,874,512,True
36e6d0fd4a69ee1146cd61b86db37eda8af4329f,train,0,MultifacetedAbstraction/Negative/podcastpedia_podcastpedia-web_podcastpedia_podcastpedia-web_org.podcastpedia.web.contact27ContactController.code,unknown_class,False,873,512,True
a94f2a662b362708cbfc3d346bc91157567c8651,train,0,MultifacetedAbstraction/Negative/SkymindIO_nd4j_SkymindIO_nd4j_org.nd4j.linalg.api.ops.impl.shape626Gather.code,unknown_class,False,871,512,True
55e02ed8dc6df0f6d2030ee789722fd6c0ff96d7,train,1,MultifacetedAbstraction/Positive/apache_struts_apache_struts_org.apache.struts2.dispatcher.mapper1CompositeActionMapperTest.code,unknown_class,False,870,512,True
224e5b3e107479a16843001069b0a4c6edae93cc,train,0,MultifacetedAbstraction/Negative/netplex_json-smart-v2_netplex_json-smart-v2_net.minidev.asm14TestDateConvert.code,unknown_class,False,869,512,True
f467e844f0ca3696d9e3e8b900273a518396bd52,train,0,MultifacetedAbstraction/Negative/rapidminer_rapidminer_rapidminer_rapidminer_com.rapidminer.operator.learner.tree2309FrequencyCalculator.code,unknown_class,False,867,512,True
6b0e11b2171b8efdb2cf55f01c3ff89579630043,train,0,MultifacetedAbstraction/Negative/Evolveum_midpoint_Evolveum_midpoint_com.evolveum.midpoint.gui.impl.registry410GuiComponentRegistryImpl.code,unknown_class,False,866,512,True
f0908b75fb3275a5a8b97265825de0a0a9b26c6a,test,0,MultifacetedAbstraction/Negative/aol_simple-react_aol_simple-react_com.oath.cyclops.internal.stream.spliterators.push261GroupedStatefullyOperator.code,unknown_class,False,866,512,True
4343f62c15a2771915c067c6f81c5731a2fda727,test,0,MultifacetedAbstraction/Negative/h6ah4i_android-openslmediaplayer_h6ah4i_android-openslmediaplayer_com.h6ah4i.android.media.openslmediaplayer.testing227ParameterizedTestSuiteBuilder.code,unknown_class,False,866,512,True
a5b37605cdc438b9520fdcba9beb734c6357fcc9,test,1,MultifacetedAbstraction/Positive/rundeck_rundeck_rundeck_rundeck_com.dtolabs.rundeck.core.execution.service2NodeExecutorService.code,unknown_class,False,866,512,True
b212268e0627aacb9e45b56e4011de7cbcfc6a39,train,1,MultifacetedAbstraction/Positive/Clashsoft_Dyvil_Clashsoft_Dyvil_dyvilx.tools.asm0TypeReference.code,unknown_class,False,864,512,True
cbb78df47cf1e9f75adf55de00a62a38e9c82119,val,0,MultifacetedAbstraction/Negative/kite-sdk_kite_kite-sdk_kite_org.kitesdk.data.spi.hive549HiveManagedDatasetRepository.code,unknown_class,False,864,512,True
a7c24cf2ce7dc7896f8c3b4bb04970f3490a3f16,train,0,MultifacetedAbstraction/Negative/igniterealtime_Openfire_igniterealtime_Openfire_org.jivesoftware.util827SMPPSessionPool.code,unknown_class,False,863,512,True
444cb0d3f769b04df4b546a2d2921e7d61692dd9,val,0,MultifacetedAbstraction/Negative/pac4j_pac4j_pac4j_pac4j_org.pac4j.core.exception.http192RedirectionActionHelperTest.code,unknown_class,False,862,512,True
86ee1a2bf1c37e6020262b1dd42076cfc897c9cd,train,0,MultifacetedAbstraction/Negative/exteso_alf.io_exteso_alf.io_alfio.extension146ScriptingExecutionService.code,unknown_class,False,862,512,True
96d6917a7df6ba443af6cd9782bf1501fbe60ce6,train,1,MultifacetedAbstraction/Positive/openhab_openhab2_openhab_openhab2_org.openhab.binding.enocean.internal.eep.D2_052D2_05_00.code,unknown_class,False,861,512,True
5154b37f2728433edc332860ffba30c459ab32ee,train,0,MultifacetedAbstraction/Negative/apache_tajo_apache_tajo_org.apache.tajo.util.history2167HistoryCleaner.code,unknown_class,False,860,512,True
973442739114c35f23e85c78d086a589769bbd1b,train,1,MultifacetedAbstraction/Positive/jtrfp_terminal-recall_jtrfp_terminal-recall_org.jtrfp.trcl.gui3TVDashboardLayout.code,unknown_class,False,858,512,True
2d8bcd9d418cc7afbf7224c622c7943db4d51af6,test,1,MultifacetedAbstraction/Positive/mobile-event-processing_Asper_mobile-event-processing_Asper_com.asper.sources.openbeans0BeansUtils.code,unknown_class,False,857,512,True
446484a1d84cc7b3ff455b0b2f22de9cc902a9d6,train,0,MultifacetedAbstraction/Negative/bruno-medeiros_DDT_bruno-medeiros_DDT_mmrnmhrm.core.engine1592CoreResolverSourceTests.code,unknown_class,False,856,512,True
83d29f7de8fe846b534bc91706eaaf236f33a6f5,train,0,MultifacetedAbstraction/Negative/rapidminer_rapidminer_rapidminer_rapidminer_com.rapid_i.repository.wsimport3542ExecuteProcessCron.code,unknown_class,False,855,512,True
f4fa3908aa9c72d9ee4d1a60afd369a770c56a50,train,0,MultifacetedAbstraction/Negative/knightliao_disconf_knightliao_disconf_com.baidu.dsp.common.exception313FieldException.code,unknown_class,False,854,512,True
ade10fe1c1ad3507afe24b92730a19c782a83a75,test,0,MultifacetedAbstraction/Negative/coheigea_testcases_coheigea_testcases_org.apache.coheigea.bigdata.sqoop53SqoopRangerTest.code,unknown_class,False,854,512,True
3d0674d88b5a3a7bc7a0e88bc03a09f90369bb6c,train,0,MultifacetedAbstraction/Negative/neuroph_master_neuroph_master_org.neuroph.util.data.norm1238DecimalScaleNormalizer.code,unknown_class,False,851,512,True
5078d0fbe5ee910e670bbca7d75b99818bb8740a,train,0,MultifacetedAbstraction/Negative/caskdata_cdap_caskdata_cdap_io.cdap.cdap.metrics.collect4522MessagingMetricsCollectionServiceTest.code,unknown_class,False,851,512,True
aeb24177874db16ecb148a0a8bfdd2a2e40bb651,train,0,MultifacetedAbstraction/Negative/xored_yang-ide_xored_yang-ide_com.cisco.yangide.editor.dialogs117StatusInfo.code,unknown_class,False,850,512,True
c69cf0a5b84b95f3ca941e0fd07127e7db7b7cf7,train,0,MultifacetedAbstraction/Negative/oodrive_eguan_oodrive_eguan_net.sf.antcontrib.cpptasks.sun980C89Linker.code,unknown_class,False,850,512,True
9b4f7ce674765c2f99326215f5a25c3d8772566f,train,0,MultifacetedAbstraction/Negative/google_closure-templates_google_closure-templates_com.google.template.soy.basicfunctions142HtmlToText.code,unknown_class,False,849,512,True
c73fc545de4abb9e62c158f31659cf5dbe7ed08a,train,0,MultifacetedAbstraction/Negative/linkedin_gobblin_linkedin_gobblin_org.apache.gobblin.http1421ApacheHttpClient.code,unknown_class,False,848,512,True
4ce3328c04b2e08677004c39ddf3913553d4a40f,train,0,MultifacetedAbstraction/Negative/shouldit_android-proxy_shouldit_android-proxy_com.lechucksoftware.proxy.proxysettings.receivers84ProxyChangeReceiver.code,unknown_class,False,845,512,True
946901084778072983370f4934bd96b383c31e22,test,0,MultifacetedAbstraction/Negative/bruno-medeiros_DDT_bruno-medeiros_DDT__org.eclipse.jdt.internal.corext.template.java1793JavaContext.code,unknown_class,False,843,512,True
13355dc85b269ff7af14cd4d2edf55661615b1d6,train,1,MultifacetedAbstraction/Positive/SEL-columbia_dristhi_SEL-columbia_dristhi_org.ei.drishti.dto.register3PNCRegisterEntryDTO.code,unknown_class,False,843,512,True
789f2cfbed5d92734f456e98310894a058dac38f,train,0,MultifacetedAbstraction/Negative/google_thread-weaver_google_thread-weaver_com.google.testing.threadtester.utils174BlockingAnswerTest.code,unknown_class,False,843,512,True
8387322febeb533863b601327041566c04c4b114,train,0,MultifacetedAbstraction/Negative/cping_RipplePower_cping_RipplePower_org.ripple.bouncycastle.asn1.x5091073V2Form.code,unknown_class,False,842,512,True
efef1d3d1e1959f4b24fef616cfb8c4a05a48e83,test,1,MultifacetedAbstraction/Positive/haifengl_smile_haifengl_smile_smile.regression0PCGMatrix.code,unknown_class,False,842,512,True
b298494cd29d0cca623bcbfc52402e6bc70fc759,val,1,MultifacetedAbstraction/Positive/xtext_seven-languages-xtext_xtext_seven-languages-xtext_org.xtext.guicemodules.services3BindingASTElements.code,unknown_class,False,841,512,True
63ceb656e5492cb26f40acac15eb6abd3d244331,train,0,MultifacetedAbstraction/Negative/SharedKnowledge_SharkFW_SharedKnowledge_SharkFW_net.sharkfw.knowledgeBase.persistent.sql148SqlHelper.code,unknown_class,False,840,512,True
1a4c695e96241db391f48c2bc8ca5324f53a0f1e,train,0,MultifacetedAbstraction/Negative/mucommander_mucommander_mucommander_mucommander_com.mucommander.commons.io.base64553Base64Decoder.code,unknown_class,False,838,512,True
b7be46499c462580cff1c41aff25322a401b8bbc,train,0,MultifacetedAbstraction/Negative/jMetal_jMetal_jMetal_jMetal_org.uma.jmetal.util.comparator595CrowdingDistanceComparatorTest.code,unknown_class,False,837,512,True
246030d9e3ec948307cf1385c73dc6cba8ac3b0f,train,0,MultifacetedAbstraction/Negative/aporter_coursera-android_aporter_coursera-android_course.examples.threading.threadinghandlermessages197LoadIconTask.code,unknown_class,False,837,512,True
8cc145a3763c6eaeb963e5731480dd23d56bc094,train,1,MultifacetedAbstraction/Positive/rapidminer_rapidminer_rapidminer_rapidminer_com.rapidminer.operator.nio5CSVExampleSource.code,unknown_class,False,836,512,True
a4999cbe8602460719aaffe6d275a7671b150cb7,train,0,MultifacetedAbstraction/Negative/iluwatar_java-design-patterns_iluwatar_java-design-patterns_com.iluwatar.unitofwork1140StudentRepositoryTest.code,unknown_class,False,835,512,True
2abef5a560473a8662eff7dce46dffeeabad6474,val,0,MultifacetedAbstraction/Negative/xtext_seven-languages-xtext_xtext_seven-languages-xtext_org.xtext.mongobeans.mongoBeans.impl527PackageDeclarationImpl.code,unknown_class,False,834,512,True
6b78ee6431ac278261094b580e054fd06e3ca978,train,1,MultifacetedAbstraction/Positive/gosu-lang_gosu-lang_gosu-lang_gosu-lang_gw.spec.core.expressions.memberaccess8MemberAccess_WrappedJavaClass.code,unknown_class,False,833,512,True
f10877c374e83679f7ea2be79a9b43dfba1d6339,train,0,MultifacetedAbstraction/Negative/midonet_midonet_midonet_midonet_org.midonet.cluster.rest_api.neutron.models365HealthMonitorV2.code,unknown_class,False,831,512,True
4a3713e38687e8bb4b1258cff6f27d51d085c52b,val,0,MultifacetedAbstraction/Negative/aol_simple-react_aol_simple-react_cyclops.futurestream.react.async.vertx1166VertxTest.code,unknown_class,False,830,512,True
fc868a03f5e7981eba4d4d841fb72dc3e1373b13,val,0,MultifacetedAbstraction/Negative/kuujo_copycat_kuujo_copycat_io.atomix.core.multimap.impl515DelegatingAsyncAtomicMultimap.code,unknown_class,False,830,512,True
878e7fc1aa237cf319687f9812d0c6900259e2b8,val,0,MultifacetedAbstraction/Negative/Stratio_streaming-cep-engine_Stratio_streaming-cep-engine_com.stratio.decision.functions90FunctionsTestIT.code,unknown_class,False,828,512,True
f416eb3c14bf38a037a5258921d423dca4554944,train,1,MultifacetedAbstraction/Positive/pac4j_vertx-pac4j_pac4j_vertx-pac4j_org.pac4j.vertx1StatelessPac4jAuthHandlerIntegrationTest.code,unknown_class,False,828,512,True
673506d815dcf1957ac25c1f9711557d15dde9e1,train,0,MultifacetedAbstraction/Negative/xtext_seven-languages-xtext_xtext_seven-languages-xtext_org.xtext.httprouting.parser.antlr.internal417DFA63.code,unknown_class,False,827,512,True
e1be04faca17feeec32ba1ac98271e8652f68ccd,test,0,MultifacetedAbstraction/Negative/apache_knox_apache_knox_org.apache.knox.gateway.services.security.impl908ConfigurableEncryptor.code,unknown_class,False,825,512,True
515c883a89dd31c82f92f1fa0c00c0ace9cd2c5a,train,0,MultifacetedAbstraction/Negative/aima-java_aima-java_aima-java_aima-java_aima.test.core.unit.environment.map731MapTest.code,unknown_class,False,824,512,True
24ec76912a49e3e2c46eceb3888a6e05af8f02f3,test,0,MultifacetedAbstraction/Negative/kite-sdk_kite_kite-sdk_kite_org.kitesdk.morphline.base708Notifications.code,unknown_class,False,824,512,True
1a8d36107927fe432b8e375d028a4d93a591a1b7,test,0,MultifacetedAbstraction/Negative/igniterealtime_jxmpp_igniterealtime_jxmpp_org.jxmpp.strings.testframework63ValidJidCorpusParserTest.code,unknown_class,False,823,512,True
99d2bdc6d9a5dde34acb3380db750b5b977bea6d,train,0,MultifacetedAbstraction/Negative/Kixeye_kixmpp_Kixeye_kixmpp_com.kixeye.kixmpp.server82KixmppServerMessageHandler.code,unknown_class,False,823,512,True
3f02a6c9c52a0544e27f5002b9127a6b67d43f6a,val,0,MultifacetedAbstraction/Negative/BrassGoggledCoders_SteamCraft2_BrassGoggledCoders_SteamCraft2_steamcraft.common.items209ItemSpanner.code,unknown_class,False,823,512,True
397486be762e3e878a969bef453c8b485bc97a1a,train,1,MultifacetedAbstraction/Positive/neuroph_master_neuroph_master_com.jme3.gde.core.scene0ApplicationLogHandler.code,unknown_class,False,822,512,True
d934f02b0db945518d55b3d93632ee052959420b,train,0,MultifacetedAbstraction/Negative/amutu_tdw_amutu_tdw_org.apache.hadoop.hive.metastore.api2438revokeAuthSys_argsStandardScheme.code,unknown_class,False,822,512,True
53317f28db20f2bbddbbffbeb0c02d325ed40369,test,0,MultifacetedAbstraction/Negative/SkymindIO_nd4j_SkymindIO_nd4j_org.nd4j.linalg.api.buffer346IntBuffer.code,unknown_class,False,821,512,True
f92a137cfe66a3869e4310222f8f5e621eebd406,train,1,MultifacetedAbstraction/Positive/MSOpenTech_azure-activedirectory-library-for-android_MSOpenTech_azure-activedirectory-library-for-android_com.microsoft.aad.adal1MockBrokerAccountService.code,unknown_class,False,821,512,True
5f0b3cf1c215ca87ede33152b4582214ed8eb29d,train,1,MultifacetedAbstraction/Positive/AzureAD_azure-activedirectory-library-for-android_AzureAD_azure-activedirectory-library-for-android_com.microsoft.aad.adal1MockBrokerAccountService.code,unknown_class,False,821,512,True
d18da3bfae1cbb73a96bf3c0921f2be21e1b8692,train,1,MultifacetedAbstraction/Positive/mstahv_maddon_mstahv_maddon_org.vaadin.viritinv71ClearableTextFieldInForm.code,unknown_class,False,820,512,True
0df352951718b1aed75816e7968408d93964ac92,test,1,MultifacetedAbstraction/Positive/openhab_openhab2_openhab_openhab2_org.openhab.binding.airquality.internal.json0AirQualityJsonData.code,unknown_class,False,819,512,True
84704a6bf2b28b3041b64164a6fdea39a98acfe0,val,1,MultifacetedAbstraction/Positive/xtext_seven-languages-xtext_xtext_seven-languages-xtext_org.xtext.template.services19TemplateFileElements.code,unknown_class,False,819,512,True
7922a8aa5067b28e5eed0dd6f9518ca9f5c91da9,val,1,MultifacetedAbstraction/Positive/linkedin_gobblin_linkedin_gobblin_org.apache.gobblin.writer7DataWriterBuilder.code,unknown_class,False,819,512,True
0fac1a09e9d55520d438d028cf61ad829375454d,train,0,MultifacetedAbstraction/Negative/caskdata_cdap_caskdata_cdap_io.cdap.cdap.common.guice1244ZKDiscoveryModuleTest.code,unknown_class,False,819,512,True
9e4cc7ffd8e179d1202797ad941ec25ede1a4b78,train,1,MultifacetedAbstraction/Positive/google_closure-templates_google_closure-templates_com.google.template.soy.jbcsrc.restricted3ConstructorRef.code,unknown_class,False,818,512,True
a4eb07a9910b3783ecc4390f13ad61d8266d2a64,train,1,MultifacetedAbstraction/Positive/shazam_fork_shazam_fork_com.shazam.fork.summary2Builder.code,unknown_class,False,817,512,True
d4b2e4ed326cc88af9e79636fe8aa870ebab7826,train,1,MultifacetedAbstraction/Positive/cybergarage_cybergarage-upnp_cybergarage_cybergarage-upnp_(default package)1RemoteCtrl.code,unknown_class,False,817,512,True
6e2d0e78cc2aed7ccd678a3d006037d976193657,test,0,MultifacetedAbstraction/Negative/imglib_imglib2_imglib_imglib2_net.imglib2.transform.integer506Mixed.code,unknown_class,False,816,512,True
a2953901d889f118343553d1d4cb314d2071feff,train,1,MultifacetedAbstraction/Positive/oodrive_eguan_oodrive_eguan_io.eguan.webui1WebUiResources.code,unknown_class,False,815,512,True
033f24b2b1ea58c628b1f9ae39c73f9bbdf99bf1,train,0,MultifacetedAbstraction/Negative/mobile-event-processing_Asper_mobile-event-processing_Asper_com.espertech.esper.epl.parse2463ASTLibHelper.code,unknown_class,False,815,512,True
0a07395beb2a91534f618103891cd522fb4dbc03,test,0,MultifacetedAbstraction/Negative/FenixEdu_fenixedu-academic_FenixEdu_fenixedu-academic_org.fenixedu.academic.domain.serviceRequests.documentRequests1523ExamDateCertificateRequest.code,unknown_class,False,815,512,True
479bbf2aea7d678e485cc7941c22e9161e30da93,train,0,MultifacetedAbstraction/Negative/pushtorefresh_bamboo-storage_pushtorefresh_bamboo-storage_com.pushtorefresh.storio3.contentresolver.operations.put242WithoutTypeMapping.code,unknown_class,False,814,512,True
9fbfa60ce6e6d53d1f9afade2a65e06e24ba755a,train,0,MultifacetedAbstraction/Negative/TouK_sputnik_TouK_sputnik_pl.touk.sputnik.processor.jslint128JsLintProcessor.code,unknown_class,False,813,512,True
af823cddfded3fb20cc0463cf6fd2f122aa19de3,train,0,MultifacetedAbstraction/Negative/WhisperSystems_Flock_WhisperSystems_Flock_org.anhonesteffort.flock.test.sync.account155AccountStoreTest.code,unknown_class,False,813,512,True
77d18746c05076d1f684872e839f94e020afa790,train,0,MultifacetedAbstraction/Negative/InfinityRaider_AgriCraft_InfinityRaider_AgriCraft_com.infinityraider.agricraft1AgriCraft.code,unknown_class,False,812,512,True
391b8e6fdbfb095586a705cdf61e2d6573646eb6,train,1,MultifacetedAbstraction/Positive/mobile-event-processing_Asper_mobile-event-processing_Asper_com.espertech.esper.support.bean5SupportBeanKeywords.code,unknown_class,False,811,512,True
8e695c4e1e30e5604be060d82edeb492c8409c6c,train,0,MultifacetedAbstraction/Negative/MCServerTools_ServerTools-CORE_MCServerTools_ServerTools-CORE_info.servertools.core.feature23HomeHandler.code,unknown_class,False,810,512,True
cec78db8883b27326cb3fbd34205084ef852aa14,train,1,MultifacetedAbstraction/Positive/arquillian_arquillian-cube_arquillian_arquillian-cube_org.arquillian.cube.docker.impl.client.utils1NumberConversionTest.code,unknown_class,False,809,512,True
e97cf2d1568057b2e474b0ea8f8e14ad6276e93d,train,0,MultifacetedAbstraction/Negative/bardsoftware_ganttproject_bardsoftware_ganttproject_biz.ganttproject.core.time145TimeUnitGraph.code,unknown_class,False,808,512,True
411ccea35720379de86d8b00a6073d7b98fda489,test,0,MultifacetedAbstraction/Negative/guardianproject_ChatSecureAndroid_guardianproject_ChatSecureAndroid_info.guardianproject.otr.app.im.app.adapter123ChatListenerAdapter.code,unknown_class,False,807,512,True
a6032f0cc498113282844fd698a4b22d1deeb926,val,0,MultifacetedAbstraction/Negative/apache_struts_apache_struts_org.apache.struts2.components.template884TemplateEngineManager.code,unknown_class,False,806,512,True
ae1e2beacc29d594cdf7bebe34d3881c4b3469b9,train,0,MultifacetedAbstraction/Negative/amutu_tdw_amutu_tdw_org.apache.hadoop.hive.metastore.api1991grantRoleToUser_resultStandardScheme.code,unknown_class,False,805,512,True
4d029c97d10f590fa84e5bf0d4b1813d08ca4945,train,1,MultifacetedAbstraction/Positive/WhisperSystems_TextSecure-Server_WhisperSystems_TextSecure-Server_org.whispersystems.textsecuregcm.configuration1RateLimitsConfiguration.code,unknown_class,False,804,512,True
61dee7e9b6be7dedd1f54401ef9008fb6a854c55,train,0,MultifacetedAbstraction/Negative/FenixEdu_fenixedu-academic_FenixEdu_fenixedu-academic_org.fenixedu.academic.domain.accounting.events.serviceRequests409DiplomaRequestEvent.code,unknown_class,False,803,512,True
d35c5d0b55faea1d56897d49c9ab15d816e0d5a4,test,0,MultifacetedAbstraction/Negative/atinfo_at.info-knowledge-base_atinfo_at.info-knowledge-base_org.jenkinsci.plugins.seleniumutils119DescriptorImpl.code,unknown_class,False,802,512,True
e9462c49ef4f89e42790ae322ed188d26a6b0f37,train,0,MultifacetedAbstraction/Negative/linkedin_gobblin_linkedin_gobblin_org.apache.gobblin.util3074JobConfigurationUtils.code,unknown_class,False,801,512,True
f32d39fccce2864598d0ba57a4310a07ae9588cd,test,0,MultifacetedAbstraction/Negative/apache_tajo_apache_tajo_org.apache.tajo.engine.planner.physical775PhysicalExecutorVisitor.code,unknown_class,False,800,512,True
ced5276ebb9c882cdf9cdbd7d215c6500e2340c2,test,0,MultifacetedAbstraction/Negative/dropwizard_metrics_dropwizard_metrics_com.codahale.metrics75SlidingTimeWindowArrayReservoir.code,unknown_class,False,800,512,True
72a0da2acc91d6d75f939ec003d1451688291342,train,0,MultifacetedAbstraction/Negative/juniversal_juniversal_juniversal_juniversal_java.lang24Number.code,unknown_class,False,794,512,True
18461e5c3d2ce6da08b307b0213bbeaafdf9a5aa,train,0,MultifacetedAbstraction/Negative/kite-sdk_kite_kite-sdk_kite_org.kitesdk.data.spi.filesystem489TestAvroAppender.code,unknown_class,False,790,512,True
8bcc89e4685f450e3e14b4aeb61b46345d117641,train,0,MultifacetedAbstraction/Negative/Cloudslab_cloudsim_Cloudslab_cloudsim_org.cloudbus.cloudsim31SanStorage.code,unknown_class,False,790,512,True
0556d0f930e778e5899ec702ab526aef5c9550b8,val,0,MultifacetedAbstraction/Negative/caskdata_cdap_caskdata_cdap_io.cdap.cdap.messaging.store4416MessageTable.code,unknown_class,False,789,512,True
7b5383ceb28f97b6680f04d07cdb84ae05ce60f0,train,0,MultifacetedAbstraction/Negative/rapidminer_rapidminer_rapidminer_rapidminer_com.rapidminer.operator.learner.associations2023AssociationRule.code,unknown_class,False,787,512,True
dbe7b2adf59bccf762208ed3d67bd3c97a8133f6,train,0,MultifacetedAbstraction/Negative/aol_simple-react_aol_simple-react_com.oath.cyclops.closures.mutable77MutableFloatTest.code,unknown_class,False,786,512,True
eb331aac599c108d29f854c86091deb2230e127e,train,0,MultifacetedAbstraction/Negative/amutu_tdw_amutu_tdw_org.apache.hadoop.hive.metastore.api1026getAllTblsByPrivWithKeyword_argsStandardScheme.code,unknown_class,False,784,512,True
e9f54fc7216e068dad1b54c28ca53b748bfeb210,test,0,MultifacetedAbstraction/Negative/poetix_octarine_poetix_octarine_com.codepoetics.octarine.functional.extractors33Extractors.code,unknown_class,False,782,512,True
0eab430d40b49e17354774c73fe3b0b5db803d78,train,0,MultifacetedAbstraction/Negative/grpc_grpc-java_grpc_grpc-java_io.grpc.internal691ChannelTracer.code,unknown_class,False,780,512,True
04078eb1c9e7ea65575c923d00f105d170bb637f,val,0,MultifacetedAbstraction/Negative/iluwatar_java-design-patterns_iluwatar_java-design-patterns_com.iluwatar.event.sourcing.processor410JsonFileJournal.code,unknown_class,False,780,512,True
854194ac1baa8e9feed8306b4eb0f6e23445c13f,test,0,MultifacetedAbstraction/Negative/ic3fox_jawr_ic3fox_jawr_net.jawr.web.resource.bundle.generator111ResourceGeneratorReaderWrapper.code,unknown_class,False,779,512,True
49dfef1c5a8413284021811c20943c0252827152,train,0,MultifacetedAbstraction/Negative/google_guava_google_guava_com.google.common.collect.testing.google1611EntriesGenerator.code,unknown_class,False,778,512,True
94f83e32b8b20bfeb17a75e2710977eb8ae3cd01,test,1,MultifacetedAbstraction/Positive/jmockit_jmockit1_jmockit_jmockit1_mockit1ClassInitializationTest.code,unknown_class,False,778,512,True
2543cf13cb19b53837825fb1f6151a4b358b7fbf,train,1,MultifacetedAbstraction/Positive/google_closure-compiler_google_closure-compiler_com.google.javascript.jscomp.parsing.parser.trees9Builder.code,unknown_class,False,778,512,True
82726e4bb3b285df7afe10f648449b8376e440c1,train,1,MultifacetedAbstraction/Positive/apache_struts_apache_struts_org.apache.struts2.dispatcher.multipart2AbstractMultiPartRequest.code,unknown_class,False,778,512,True
6852f7412a14b7697b5238356a6cce224921219e,train,0,MultifacetedAbstraction/Negative/joel-costigliola_assertj-swing_joel-costigliola_assertj-swing_org.assertj.swing.junit.ant1666Tests.code,unknown_class,False,777,512,True
768af5c93d6a4c4003cd5b4bf25460e855315758,test,0,MultifacetedAbstraction/Negative/InstantWebP2P_node-android_InstantWebP2P_node-android_com.iwebpp.libuvpp38StringUtils.code,unknown_class,False,777,512,True
cba8d459dc1a42468c3d95232d463c07e235c049,train,0,MultifacetedAbstraction/Negative/SAP_cloud-dirigible_SAP_cloud-dirigible_org.eclipse.dirigible.ide.db.viewer.views.actions68DeleteTableAction.code,unknown_class,False,777,512,True
863920ebb3e639e5da26e28a73166c5c5377e7f4,train,1,MultifacetedAbstraction/Positive/ethereum_ethereumj_ethereum_ethereumj_org.ethereum.config0Constants.code,unknown_class,False,776,512,True
0bc93edf60fd86695cb1b9a187cbccef965c3813,test,0,MultifacetedAbstraction/Negative/GluuFederation_oxTrust_GluuFederation_oxTrust_org.oxtrust.qa.steps599GroupSteps.code,unknown_class,False,775,512,True
aa5614f7046331d994499160b68d8ad181961be3,test,0,MultifacetedAbstraction/Negative/kaazing_gateway_kaazing_gateway_org.kaazing.gateway.management.jmx618JmxRoundTripLatencyIT.code,unknown_class,False,774,512,True
c86ac20bf7a97417038f00ee0398fad79349a57a,train,0,MultifacetedAbstraction/Negative/grpc_grpc-java_grpc_grpc-java_io.grpc.cronet528TransportState.code,unknown_class,False,774,512,True
7c9add6b494f937fd53567a62cef2b3fd919f6aa,train,1,MultifacetedAbstraction/Positive/beothorn_webGrude_beothorn_webGrude_webGrude.mappables0Foo.code,unknown_class,False,772,512,True
115a98d592ae501e15ab5b64278d71e002a061df,train,0,MultifacetedAbstraction/Negative/tsagi_JekyllForAndroid_tsagi_JekyllForAndroid_org.eclipse.egit.github.core.service103MarkdownService.code,unknown_class,False,772,512,True
dddd441abf4411d2c75d6ff3999c845c335fc4db,train,0,MultifacetedAbstraction/Negative/Clashsoft_Dyvil_Clashsoft_Dyvil_dyvilx.tools.compiler.config509Formatting.code,unknown_class,False,772,512,True
00796b358977f647d9a621164326489fa1496590,train,0,MultifacetedAbstraction/Negative/OpenHFT_Chronicle-Map_OpenHFT_Chronicle-Map_net.openhft.chronicle.hash.impl.stage.entry64ReadLock.code,unknown_class,False,771,512,True
a720164342254c86578b338bf0bf9df84eacfe52,val,1,MultifacetedAbstraction/Positive/mini2Dx_mini2Dx_mini2Dx_mini2Dx_org.mini2Dx.libgdx.input2LibgdxXboxGamePad.code,unknown_class,False,770,512,True
0762843f87cea27d394f6651d447a341a26d6671,train,0,MultifacetedAbstraction/Negative/ic3fox_jawr-main-repo_ic3fox_jawr-main-repo_net.jawr.web.resource.bundle.factory.util128ConfigPropertiesAugmenter.code,unknown_class,False,770,512,True
a48371f056c12de488d6fd52866ebd68726c2880,train,0,MultifacetedAbstraction/Negative/RichardWarburton_java-8-lambdas-exercises_RichardWarburton_java-8-lambdas-exercises_com.insightfullogic.java8.examples.chapter593CollectorExamples.code,unknown_class,False,770,512,True
7015176d361208ca0e0be0d0ecb2cd71f0b9a13e,test,0,MultifacetedAbstraction/Negative/gosu-lang_gosu-lang_gosu-lang_gosu-lang_gw.internal.gosu.parser1158MemberFieldSymbol.code,unknown_class,False,770,512,True
b934ef607718e126657abbafc419c61522a4d9b4,train,0,MultifacetedAbstraction/Negative/openhab_openhab2_openhab_openhab2_org.openhab.binding.homematic.internal.type1668UidUtilsTest.code,unknown_class,False,770,512,True
facb7923f77fc6dc6437b11f7b5a6c50a09f4619,train,1,MultifacetedAbstraction/Positive/OpenHFT_Chronicle-Core_OpenHFT_Chronicle-Core_net.openhft.chronicle.core0JvmTest.code,unknown_class,False,769,512,True
709a5f6a44f4087a1494371b234ca502af3f2b20,test,1,MultifacetedAbstraction/Positive/rundeck_rundeck_rundeck_rundeck_com.dtolabs.rundeck.core.tasks.net7testSSHConnectionInfo.code,unknown_class,False,768,512,True
52d0a763dd5e9d505b94325e2c5db990c1e326fa,val,1,MultifacetedAbstraction/Positive/revapi_revapi_revapi_revapi_org.revapi.java.suid0TestClass.code,unknown_class,False,766,512,True
66ea58914603859b016a48310bd4cac7cb05f86b,train,0,MultifacetedAbstraction/Negative/davidmoten_rtree_davidmoten_rtree_com.github.davidmoten.rtree.internal118LeafHelper.code,unknown_class,False,766,512,True
6d42458ffeac2e9752ef2ac29244dbedb91b7866,val,0,MultifacetedAbstraction/Negative/SpoutDev_Vanilla_SpoutDev_Vanilla_org.spout.vanilla.material.block.component431SkullBlock.code,unknown_class,False,766,512,True
3c43df8c01a265c89129e65015c558f4786c05f6,train,0,MultifacetedAbstraction/Negative/FenixEdu_fenixedu-academic_FenixEdu_fenixedu-academic_org.fenixedu.academic.servlet.taglib.sop.v3.renderers2531SpaceManagerRoomTimeTableLessonContentRenderer.code,unknown_class,False,765,512,True
c6724c33d8c4584e34f9fd6409729bce55686954,train,1,MultifacetedAbstraction/Positive/consulo_consulo-dotnet_consulo_consulo-dotnet_org.emonic.base.documentation1AbstractDocumentation.code,unknown_class,False,764,512,True
b2e820ea92dd673fd6fd525a6f12984723376957,val,0,MultifacetedAbstraction/Negative/apache_tajo_apache_tajo_org.apache.tajo.storage.hbase1823SortedInsertRewriter.code,unknown_class,False,764,512,True
925a256fc02138585732f7e62abff2b4c70ea02e,test,0,MultifacetedAbstraction/Negative/aima-java_aima-java_aima-java_aima-java_aima.core.logic.propositional.inference281SATPlan.code,unknown_class,False,764,512,True
427a54db5dbddd713da82c053fd269bee8c4ac7a,train,0,MultifacetedAbstraction/Negative/KleeGroup_vertigo_KleeGroup_vertigo_io.vertigo.vega.webservice.data.ws1244ContactsSecuredWebServices.code,unknown_class,False,763,512,True
ddb481aee62e044930a12641e400d6507c924387,train,1,MultifacetedAbstraction/Positive/mini2Dx_mini2Dx_mini2Dx_mini2Dx_org.mini2Dx.libgdx.input1LibgdxPS4GamePad.code,unknown_class,False,763,512,True
4ed859cffaa77b3e094e9eb6a087e00c349ff84c,train,1,MultifacetedAbstraction/Positive/oodrive_eguan_oodrive_eguan_org.apache.maven.plugin.nar5Library.code,unknown_class,False,762,512,True
a7fa05d725ecc980a00873c175be09c49beca8c3,val,0,MultifacetedAbstraction/Negative/qcri-social_AIDR_qcri-social_AIDR_qa.qcri.aidr.manager.dto324TaggerLabel.code,unknown_class,False,761,512,True
8fb436dab50bad1b70c4fb6e9438d022118f8911,train,0,MultifacetedAbstraction/Negative/apache_incubator-reef_apache_incubator-reef_org.apache.reef.runtime.hdinsight.cli1280LogFileEntry.code,unknown_class,False,761,512,True
470dc31fbf1fbbec87edaa3f2d20dee384cbdea9,test,0,MultifacetedAbstraction/Negative/openMF_android-client_openMF_android-client_com.mifos.mifosxdroid.adapters106LoanAccountsListAdapter.code,unknown_class,False,760,512,True
bd3fa3c3899a32482ea9667741a32ec08fa150d3,train,1,MultifacetedAbstraction/Positive/apache_olingo-odata4_apache_olingo-odata4_org.apache.olingo.client.core0ODataClientImpl.code,unknown_class,False,759,512,True
ecb7771855fe3f4657769bd67c69542cd1dc949c,train,0,MultifacetedAbstraction/Negative/pcingola_SnpEff_pcingola_SnpEff_net.sf.samtools.tabix2TabixInterval.code,unknown_class,False,758,512,True
a491539b5152db67e4a18fcc5b588347894d01f2,train,0,MultifacetedAbstraction/Negative/gid15_jpcsp_gid15_jpcsp_jpcsp.test1875mksfo.code,unknown_class,False,756,512,True
9cc0b455736933ace3714d210c90728cbee2b85d,val,0,MultifacetedAbstraction/Negative/cping_RipplePower_cping_RipplePower_org.ripple.bouncycastle.jcajce.provider.symmetric2071GOST28147.code,unknown_class,False,756,512,True
d7c08a9f125587f16de067ca84db2987aee3a948,test,0,MultifacetedAbstraction/Negative/gosu-lang_gosu-lang_gosu-lang_gosu-lang_gw.internal.gosu.parser.expressions1372LocalVarDeclaration.code,unknown_class,False,755,512,True
9d06bc64008f1063729177763b8801dbc1f0511a,val,1,MultifacetedAbstraction/Positive/geckoboard-java-api_highchart-java-api_geckoboard-java-api_highchart-java-api_nl.pvanassen.highchart.api0ChartOptions.code,unknown_class,False,753,512,True
7073bd56f5b5fcb709b74ff750b4097175dd6557,train,1,MultifacetedAbstraction/Positive/astefanutti_camel-cdi_astefanutti_camel-cdi_org.apache.camel.cdi.se1MultiContextProduceTemplateTest.code,unknown_class,False,753,512,True
d8a135b9e49e060d281d1ff5ce2b3dd99e197aad,train,0,MultifacetedAbstraction/Negative/bruno-medeiros_DDT_bruno-medeiros_DDT_melnorme.lang.ide.core.text632TextSourceUtils.code,unknown_class,False,753,512,True
176f022f788192201431e3d969618a7a1a9de58b,train,0,MultifacetedAbstraction/Negative/Evolveum_midpoint_Evolveum_midpoint_com.evolveum.midpoint.schema.util2650SchemaTestConstants.code,unknown_class,False,751,512,True
fcb6a80337b01813aa2a226d69564fb234b3088c,train,1,MultifacetedAbstraction/Positive/openhab_openhab2_openhab_openhab2_org.openhab.binding.hue.internal12State.code,unknown_class,False,751,512,True
aafe1e5f0a4b95837bf28271fef66e4120d7de4a,train,0,MultifacetedAbstraction/Negative/haifengl_smile_haifengl_smile_smile.nlp.stemmer561PorterStemmerTest.code,unknown_class,False,749,512,True
e322d9203cfe5ffeb10f3c989209d917a229b49f,val,0,MultifacetedAbstraction/Negative/kuujo_copycat_kuujo_copycat_io.atomix.core.election236LeadershipEvent.code,unknown_class,False,749,512,True
1ea6decb0d9cb8814ba6ad1541650923401ebb04,train,0,MultifacetedAbstraction/Negative/jphp-compiler_jphp_jphp-compiler_jphp_org.develnext.jphp.core.tokenizer.token.expr.value265FulledNameToken.code,unknown_class,False,748,512,True
a54513324467b5ba8f95d272bae38c3b7afc0fd4,train,0,MultifacetedAbstraction/Negative/fcrepo3_fcrepo_fcrepo3_fcrepo_org.fcrepo.server.security.servletfilters.xmluserfile817FedoraUsers.code,unknown_class,False,748,512,True
ddac908090ed6c30be4557a1ce726ab5d74e21e6,train,0,MultifacetedAbstraction/Negative/mrmans0n_smart-location-lib_mrmans0n_smart-location-lib_io.nlopez.smartlocation.utils65LoggerFactory.code,unknown_class,False,748,512,True
f74e5280e1cefdf5444bb4a9b22bad145b44526c,train,0,MultifacetedAbstraction/Negative/caskdata_cdap_caskdata_cdap_io.cdap.cdap.etl.mock.condition2638MockCondition.code,unknown_class,False,747,512,True
12bc02123e5f25e68afc4e942cb59e77148e5eca,train,0,MultifacetedAbstraction/Negative/apache_stratos_apache_stratos_org.apache.stratos.messaging.message.processor.topology1018CompleteTopologyMessageProcessor.code,unknown_class,False,747,512,True
6980b561d8147153c49bc131e72b58a5e011f58c,train,0,MultifacetedAbstraction/Negative/ReactiveX_RxJava_ReactiveX_RxJava_io.reactivex.rxjava3.internal.operators.maybe1210OtherSubscriber.code,unknown_class,False,745,512,True
b9499e3a655e6e30297f071e07fae59f662fa89f,train,0,MultifacetedAbstraction/Negative/EdwardRaff_JSAT_EdwardRaff_JSAT_jsat.clustering.dissimilarity294AbstractClusterDissimilarity.code,unknown_class,False,744,512,True
1f797e1e6ede335de37db77f4e37e8a1766e37da,train,0,MultifacetedAbstraction/Negative/igniterealtime_Openfire_igniterealtime_Openfire_org.jivesoftware.util825SimpleSSLSocketFactory.code,unknown_class,False,744,512,True
15d58caf3130101c2b3140d1ba97e468f19b9bbb,train,1,MultifacetedAbstraction/Positive/stagemonitor_stagemonitor_stagemonitor_stagemonitor_org.stagemonitor.tracing.utils1SpanUtils.code,unknown_class,False,744,512,True
dba1b50525976be3891226fa79a24be884716fc0,train,0,MultifacetedAbstraction/Negative/ConnectSDK_Connect-SDK-Android-Core_ConnectSDK_Connect-SDK-Android-Core_com.connectsdk.service.command140ServiceCommand.code,unknown_class,False,741,512,True
1f6148a99c54625fe06ad3c0710be046bc3716c6,train,0,MultifacetedAbstraction/Negative/zhangkaitao_spring4-showcase_zhangkaitao_spring4-showcase_com.sishuok.mvc.controller15UserController.code,unknown_class,False,740,512,True
b1055a592d5513994c5ab01f052c4c25276cc1a1,train,0,MultifacetedAbstraction/Negative/mikeberger_borg_calendar_mikeberger_borg_calendar_net.sf.borg.ui.calendar144ButtonBox.code,unknown_class,False,740,512,True
ba1d37d5c3c06c57558c16f6eca720895cae0f3a,test,1,MultifacetedAbstraction/Positive/freenet_fred_freenet_fred_freenet.support1ProcessPriority.code,unknown_class,False,740,512,True
7610cd3923401d7de7f068d458c78baa936cfb75,test,0,MultifacetedAbstraction/Negative/caskdata_cdap_caskdata_cdap_io.cdap.cdap.partitioned4595PartitionCorrectorTestRun.code,unknown_class,False,739,512,True
72a6daa5becf7f9aeadea9c003a212b2c9e20ae7,val,0,MultifacetedAbstraction/Negative/neuroph_master_neuroph_master_org.neuroph.trainer.dynamicwizard1185TrainerWizardDynamicVisualPanel2.code,unknown_class,False,739,512,True
40c27bb85198696fc56f48ce6cb2e357329bdbf6,test,0,MultifacetedAbstraction/Negative/hankcs_HanLP_hankcs_HanLP_com.hankcs.hanlp.collection.trie.datrie161Utf8CharacterMapping.code,unknown_class,False,739,512,True
533b79f749aa20d423ea07d7e21091fa3af5c236,train,1,MultifacetedAbstraction/Positive/querydsl_querydsl_querydsl_querydsl_com.querydsl.apt.domain0GenericTest.code,unknown_class,False,739,512,True
fd4cf9971848a04009ccf11d50b854095cf3f79d,train,1,MultifacetedAbstraction/Positive/google_guice_google_guice_com.google.inject6TypeLiteralInjectionTest.code,unknown_class,False,738,512,True
e4d389a6a7852ff799f458406c3d6968b1b80238,test,0,MultifacetedAbstraction/Negative/apache_incubator-blur_apache_incubator-blur_org.apache.blur.kvs286BytesRef.code,unknown_class,False,737,512,True
2d37e487a56904d0909f13d3edd448a57204591f,val,1,MultifacetedAbstraction/Positive/apache_olingo-odata4_apache_olingo-odata4_org.apache.olingo.commons.api.constants1Constantsv00.code,unknown_class,False,737,512,True
0130acb0b0eb3e28668f16ed71aa9fee771ab32d,train,0,MultifacetedAbstraction/Negative/gid15_jpcsp_gid15_jpcsp_jpcsp.HLE.modules1027sceDmacplus.code,unknown_class,False,736,512,True
06275b17e97f04aaa613776420252bed460a8412,train,0,MultifacetedAbstraction/Negative/cping_RipplePower_cping_RipplePower_org.ripple.bouncycastle.asn1.crmf814POPOSigningKeyInput.code,unknown_class,False,736,512,True
8c1f4e01e86ef3781bf179eb8e635df79037d301,train,0,MultifacetedAbstraction/Negative/lmcgrath_scotch-lang_lmcgrath_scotch-lang_scotch.compiler.syntax.scope180RootScopeTest.code,unknown_class,False,736,512,True
7895c7156d955eac8eafd6fc2d2e78281f431356,test,1,MultifacetedAbstraction/Positive/xtext_seven-languages-xtext_xtext_seven-languages-xtext_org.xtext.template.services14ParameterElements.code,unknown_class,False,735,512,True
2347f6128707e25aac03fb0e50e869ea4b29c10c,train,0,MultifacetedAbstraction/Negative/palantir_stash-codesearch-plugin_palantir_stash-codesearch-plugin_com.palantir.stash.codesearch.validator30GitVersionValidator.code,unknown_class,False,733,512,True
d0c6d051a597427d3bdfbfb03be019afc240a943,train,1,MultifacetedAbstraction/Positive/jenkinsci_acceptance-test-harness_jenkinsci_acceptance-test-harness_org.jenkinsci.test.acceptance.plugins.gradle1GradleStep.code,unknown_class,False,733,512,True
538861294f2b55216d0a100207662571bed62203,train,0,MultifacetedAbstraction/Negative/cloud-software-foundation_c5_cloud-software-foundation_c5_org.apache.hadoop.hbase.zookeeper3198TestRecoverableZooKeeper.code,unknown_class,False,732,512,True
12b2452d91fa15964379ff2a6a595f3a7b237b53,train,0,MultifacetedAbstraction/Negative/jansorg_BashSupport_jansorg_BashSupport_com.ansorgit.plugins.bash.lang.psi.impl492BashShebangImpl.code,unknown_class,False,732,512,True
7ed9f81fdd40308a2efe0e8dd83c414051c30a5e,train,0,MultifacetedAbstraction/Negative/apache_falcon_apache_falcon_org.apache.falcon.resource644EntityManagerJerseySmokeIT.code,unknown_class,False,728,512,True
27b58c8e7fbef8f843c6c6e2b843bb08c1aa70e9,test,1,MultifacetedAbstraction/Positive/apache_incubator-reef_apache_incubator-reef_org.apache.reef.runtime.common.client.api0Builder.code,unknown_class,False,728,512,True
32c1d8bc2e8834f380e4de8b2d05b1f8e21f6070,train,0,MultifacetedAbstraction/Negative/Clashsoft_Dyvil_Clashsoft_Dyvil_dyvilx.tools.compiler.ast.type.raw476InternalType.code,unknown_class,False,727,512,True
82d848252c50778b3db1bd2ee4b8b30d2d226e43,train,1,MultifacetedAbstraction/Positive/srikalyc_Sql4D_srikalyc_Sql4D_com.yahoo.sql4d.insert0InsertMeta.code,unknown_class,False,726,512,True
b285eff1414b41e6e552cc5cdea760e7d642c752,train,1,MultifacetedAbstraction/Positive/apache_incubator-wave_apache_incubator-wave_org.waveprotocol.wave.client.editor.content.misc2AnnotationPaint.code,unknown_class,False,726,512,True
7f14ce9462d6e1be7f071ac5dd0b210dbf2b339e,train,0,MultifacetedAbstraction/Negative/linkedin_gobblin_linkedin_gobblin_org.apache.gobblin.cluster259JobConfigurationManagerTest.code,unknown_class,False,724,512,True
45d5dd7ed5eb955dc09cf66e793eec62cc85c6d9,train,1,MultifacetedAbstraction/Positive/consulo_consulo-dotnet_consulo_consulo-dotnet_consulo.dotnet.debugger.nodes0DotNetDebuggerCompilerGenerateUtil.code,unknown_class,False,724,512,True
8ad999abdae83c6e58d357acfb8a2b69bb32b18c,train,0,MultifacetedAbstraction/Negative/naver_pinpoint_naver_pinpoint_com.navercorp.pinpoint.profiler.context.provider.thrift3544StatDataSenderProvider.code,unknown_class,False,724,512,True
42fad2d91f0a84d464cc1775c4bd9a8bfe350bc0,val,0,MultifacetedAbstraction/Negative/Putnami_putnami-web-toolkit_Putnami_putnami-web-toolkit_fr.putnami.pwt.core.editor.client16Path.code,unknown_class,False,723,512,True
615be2032df6012f4d2a8cae6ea2a6e17b83ca48,test,1,MultifacetedAbstraction/Positive/xtext_seven-languages-xtext_xtext_seven-languages-xtext_org.xtext.tortoiseshell.services21SubProgramElements.code,unknown_class,False,722,512,True
7bb2c9308d0821ef57a693a06b4bdf2db67f0c3c,train,0,MultifacetedAbstraction/Negative/mybatis_ibatis-2_mybatis_ibatis-2_com.ibatis.sqlmap61DiscriminatorTest.code,unknown_class,False,722,512,True
834760e148a0cd9a630572328db6722b4682d855,train,0,MultifacetedAbstraction/Negative/apache_incubator-wave_apache_incubator-wave_com.google.wave.api.data.converter82ContextResolverTest.code,unknown_class,False,721,512,True
faa0b4a69743acee7e7b02f452373a62c3920783,train,1,MultifacetedAbstraction/Positive/CloudSlang_cloud-slang_CloudSlang_cloud-slang_io.cloudslang.lang.tools.build.commands2ApplicationArgs.code,unknown_class,False,720,512,True
41a2536bfa2fe987e810f8ed594ea36360b49b7c,val,0,MultifacetedAbstraction/Negative/WebGoat_WebGoat_WebGoat_WebGoat_org.owasp.webgoat.missing_ac134Users.code,unknown_class,False,719,512,True
06c8bb0acb566a51f5e2ac6ce6c2d3f9253442d5,test,0,MultifacetedAbstraction/Negative/wso2_product-esb_wso2_product-esb_org.wso2.carbon.esb.jms.transport.test124ESBJAVA3656MSMPTestCase.code,unknown_class,False,718,512,True
3fa0f13582a231685ec44b33a2f86a4387283e02,train,0,MultifacetedAbstraction/Negative/neuroph_master_neuroph_master_org.neuroph.netbeans.main.easyneurons.file774FileIO.code,unknown_class,False,718,512,True
b3918aafb850b140181442329445fbad38bd5e1c,test,0,MultifacetedAbstraction/Negative/LapisBlue_Commons_LapisBlue_Commons_blue.lapis.common.schedule50TaskTimingZoneTest.code,unknown_class,False,717,512,True
84645feb8c0450974e61c11c745b3c6ff18a0c48,train,0,MultifacetedAbstraction/Negative/bither_bitherj_bither_bitherj_net.bither.bitherj.message213GetBlocksMessage.code,unknown_class,False,717,512,True
768c22184d3ef1998008735bc12a59946c1cbfb7,train,1,MultifacetedAbstraction/Positive/ptgoetz_storm-hdfs_ptgoetz_storm-hdfs_org.apache.storm.hdfs.trident0Options.code,unknown_class,False,713,512,True
a4629692f140130a097bc6edfa07b1b9ddde465a,train,0,MultifacetedAbstraction/Negative/ic3fox_jawr_ic3fox_jawr_test.net.jawr.web.resource.bundle.css449CssUrlRewriterTestCase.code,unknown_class,False,713,512,True
c4f9326cfaaa120802cb4b9223f8ebb21ce5c450,test,1,MultifacetedAbstraction/Positive/magarena_magarena_magarena_magarena_magic.ui.screen.menu.settings6SettingsMenuContentPanel.code,unknown_class,False,712,512,True
b450a686ed2bd037ce0149d6ffbb456f74298bfc,val,0,MultifacetedAbstraction/Negative/fcrepo3_fcrepo_fcrepo3_fcrepo_org.fcrepo.localservices.saxon327HttpInputStream.code,unknown_class,False,712,512,True
4979e981d99097d20fe00609b13f6b0c34fa9efc,train,0,MultifacetedAbstraction/Negative/caskdata_cdap_caskdata_cdap_io.cdap.cdap.api.dataset.lib338PartitionedFileSetProperties.code,unknown_class,False,711,512,True
0eab4f36daea4b43ab60ed29356bfd2087b89ef4,train,0,MultifacetedAbstraction/Negative/lenskit_lenskit_lenskit_lenskit_org.grouplens.lenskit.test2ML100KTestSuite.code,unknown_class,False,711,512,True
56bb903cff995e735da39d65508e6fc5884a4afa,train,0,MultifacetedAbstraction/Negative/haifengl_smile_haifengl_smile_smile.data121Row.code,unknown_class,False,710,512,True
1bc8de43f01819c708733abc59885fdbd974dbe5,train,0,MultifacetedAbstraction/Negative/naver_pinpoint_naver_pinpoint_com.navercorp.pinpoint.rpc.util4475MapUtilsTest.code,unknown_class,False,709,512,True
4e9e10f1ac2f70b660d438f61d9fab0a027fcfdf,train,1,MultifacetedAbstraction/Positive/xtext_seven-languages-xtext_xtext_seven-languages-xtext_org.xtext.httprouting.services7RouteElements.code,unknown_class,False,708,512,True
3077d4d70d892c708696448475daaa4b72760ac0,test,0,MultifacetedAbstraction/Negative/glazedlists_glazedlists_glazedlists_glazedlists_ca.odell.glazedlists.event289SimpleSubjectListener.code,unknown_class,False,707,512,True
687c843b4a6cab16f07e31e9359e4aae2fa0382e,val,0,MultifacetedAbstraction/Negative/Putnami_putnami-web-toolkit_Putnami_putnami-web-toolkit_fr.putnami.pwt.core.service.server.service238BasicCommandService.code,unknown_class,False,706,512,True
bce6fd9a7be2cde2e87b99677c5cfe0071ffb81c,train,0,MultifacetedAbstraction/Negative/AChep_AcDisplay_AChep_AcDisplay_com.achep.acdisplay.ui.activities161AcDisplayActivity.code,unknown_class,False,706,512,True
c5c60a07970de445ec4cb9a85d6914b1eb2f1195,train,0,MultifacetedAbstraction/Negative/openmhealth_omh-shims_openmhealth_omh-shims_org.openmhealth.shim.ihealth.mapper84IHealthBloodOxygenEndpointHeartRateDataPointMapperUnitTests.code,unknown_class,False,706,512,True
c864d3197dc322388929689866c0229677888fab,train,0,MultifacetedAbstraction/Negative/jMetal_jMetal_jMetal_jMetal_org.uma.jmetal.algorithm.multiobjective.mombi275MOMBI2IT.code,unknown_class,False,706,512,True
757b522ee227470262ede599741b5faf9545215a,train,0,MultifacetedAbstraction/Negative/arquillian_arquillian-cube_arquillian_arquillian-cube_org.arquillian.cube.spi740Node.code,unknown_class,False,705,512,True
43eaf87bbe0bd717d6d2348f9a2cf2fffd13a862,train,0,MultifacetedAbstraction/Negative/sindicetech_siren_sindicetech_siren_com.sindicetech.siren.search.node555NodeConstantWeight.code,unknown_class,False,705,512,True
33678b0106beb4e87efc4413a913447e8187ac51,train,1,MultifacetedAbstraction/Positive/kaazing_gateway_kaazing_gateway_org.kaazing.gateway.transport.http.bridge.filter4HttpChunkDecodingState.code,unknown_class,False,704,512,True
6c2c8d8c71ef188c1142d746d0b41945d4d76538,train,0,MultifacetedAbstraction/Negative/neuroph_master_neuroph_master_org.neuroph.eval.classification553McNemarTest.code,unknown_class,False,704,512,True
9186343daabccbad6264a126b8307d5b744de194,train,0,MultifacetedAbstraction/Negative/apache_stratos_apache_stratos_org.apache.stratos.messaging.message.processor.topology1017ClusterResetMessageProcessor.code,unknown_class,False,703,512,True
2993db15195fa23f0d26c49482b3e0b9bf516032,train,1,MultifacetedAbstraction/Positive/gosu-lang_gosu-lang_gosu-lang_gosu-lang_gw.lang.gosuc.cli4CommandLineOptions.code,unknown_class,False,702,512,True
846cc9631dcc426a588da495b46bdbe8185f2296,train,0,MultifacetedAbstraction/Negative/apache_incubator-reef_apache_incubator-reef_org.apache.reef.examples.scheduler.client431SchedulerREEF.code,unknown_class,False,702,512,True
e2639bb588865be9674e3e59950b67ecd80ea56f,train,1,MultifacetedAbstraction/Positive/mobile-event-processing_Asper_mobile-event-processing_Asper_com.asper.sources.sun.naming.internal1VersionHelper.code,unknown_class,False,702,512,True
8dc4eaba0809df195a13696a3f62a576b93b5421,test,1,MultifacetedAbstraction/Positive/apache_olingo-odata4_apache_olingo-odata4_org.apache.olingo.commons.api.constants2Constantsv01.code,unknown_class,False,701,512,True
7d333cd7a3aba81978ab79dad28a51d16389d40b,train,0,MultifacetedAbstraction/Negative/exoplatform_mobile-android_exoplatform_mobile-android_org.exoplatform.accountswitcher6AccountSwitcherProxy.code,unknown_class,False,700,512,True
9be05546fb11685c1d2fce08f47778ceaa156e5d,train,1,MultifacetedAbstraction/Positive/rejasupotaro_octodroid_rejasupotaro_octodroid_com.rejasupotaro.octodroid.models4Payload.code,unknown_class,False,699,512,True
64f095d762a62b72e17a3ac7aca1c9337899437d,train,0,MultifacetedAbstraction/Negative/netplex_json-smart-v1_netplex_json-smart-v1_net.minidev.json.test61TestString.code,unknown_class,False,698,512,True
f1bcbc038a5ecacc43ba79d14d88f853de01b68a,val,0,MultifacetedAbstraction/Negative/caskdata_cdap_caskdata_cdap_io.cdap.cdap.logging.appender.remote4075RemoteLogPublisher.code,unknown_class,False,697,512,True
b50524b28fe95ff5685f6b5b1a8be125f0152bc8,train,0,MultifacetedAbstraction/Negative/wikimedia_search-highlighter_wikimedia_search-highlighter_org.wikimedia.search.highlighter.experimental.source177StringSourceExtracterTest.code,unknown_class,False,697,512,True
fb7de24fc0a5b5b1e0253d029f9d8896504e1daf,train,1,MultifacetedAbstraction/Positive/openscore_score-actions_openscore_score-actions_io.cloudslang.content.xml.entities.inputs12CommonInputsBuilder.code,unknown_class,False,695,512,True
c9ddff36a1a5a9f60775b749dcfdc436c3e5b31a,train,0,MultifacetedAbstraction/Negative/naver_pinpoint_naver_pinpoint_com.navercorp.pinpoint.plugin.undertowservlet3131UndertowAsyncListener.code,unknown_class,False,695,512,True
ffbc7b91ec5be57ab059ac48805ea5385cbe6d7d,train,0,MultifacetedAbstraction/Negative/wso2_product-esb_wso2_product-esb_org.wso2.carbon.esb.endpoint.test68DynamicTimeoutEndpointTestCase.code,unknown_class,False,694,512,True
a6fa63d2978d4ad107bd5b3588e12d24b182ca6c,train,1,MultifacetedAbstraction/Positive/xtext_seven-languages-xtext_xtext_seven-languages-xtext_org.xtext.httprouting.services6RequestTypeElements.code,unknown_class,False,694,512,True
e949388e836d9fad63657e9a356cbacd06916a82,train,0,MultifacetedAbstraction/Negative/openhab_openhab2_openhab_openhab2_org.openhab.binding.homematic.internal.model1646HmDatapointInfo.code,unknown_class,False,693,512,True
84bed9ee4fa711140f7d46622511cc04d56d1acc,val,0,MultifacetedAbstraction/Negative/apache_falcon_apache_falcon_org.apache.falcon.rerun.event605RerunEvent.code,unknown_class,False,693,512,True
708f4582d1695d802a3deb5babf4c3fac4b4daea,test,0,MultifacetedAbstraction/Negative/SpongePowered_SpongeAPI_SpongePowered_SpongeAPI_org.spongepowered.api.command97CommandCallable.code,unknown_class,False,693,512,True
282e6306cc3860d7c1f9242413ef3490aa68cad7,train,1,MultifacetedAbstraction/Positive/wiztools_rest-client_wiztools_rest-client_org.wiztools.restclient.ui0UIUtil.code,unknown_class,False,692,512,True
efd357bf49a94d01adae455a18c758366615f4c5,train,0,MultifacetedAbstraction/Negative/neuroph_master_neuroph_master_org.neuroph.training1196CrossValidationTask.code,unknown_class,False,692,512,True
1060b1224307dc5df6403a65ab970d4553ec13ce,train,0,MultifacetedAbstraction/Negative/apache_olingo-odata2_apache_olingo-odata2_org.apache.olingo.odata2.annotation.processor.core.util70ClassHelperTest.code,unknown_class,False,691,512,True
e6d0e6f90ef6f1d19fe75f8d69f6728f59caffae,train,0,MultifacetedAbstraction/Negative/apache_incubator-wave_apache_incubator-wave_org.waveprotocol.box.server.rpc404AbstractSearchServlet.code,unknown_class,False,690,512,True
b58f8cf2d26944ce2805d73fcf559df9b907eff9,test,0,MultifacetedAbstraction/Negative/OpenHFT_Chronicle-Wire_OpenHFT_Chronicle-Wire_net.openhft.chronicle.wire191MarshallableTest.code,unknown_class,False,690,512,True
5a0e942782519099e2a8fe7e33986272335428de,test,0,MultifacetedAbstraction/Negative/igniterealtime_Openfire_igniterealtime_Openfire_org.jivesoftware.openfire.roster620RosterItemProvider.code,unknown_class,False,690,512,True
4683fb4fcce2c99b879c3e7c76cb23fe2c5b5c98,train,0,MultifacetedAbstraction/Negative/calipho-sib_nextprot-api_calipho-sib_nextprot-api_org.nextprot.api.web1212XSDValidationTest.code,unknown_class,False,690,512,True
0899d24eeec2ab21c804957cd89d020689636761,train,0,MultifacetedAbstraction/Negative/justinsb_cloudata_justinsb_cloudata_com.cloudata.structured521KeyspaceDataOrBuilder.code,unknown_class,False,690,512,True
3b2fd56208e369bdfdca9bb044d9877da3310f52,test,0,MultifacetedAbstraction/Negative/pushtorefresh_bamboo-storage_pushtorefresh_bamboo-storage_com.pushtorefresh.storio3.contentresolver.operations.get215WithTypeMapping.code,unknown_class,False,689,512,True
6109bdcb8260e426b7ba46adc4205549d34fb141,train,0,MultifacetedAbstraction/Negative/EgorKulikov_idea-chelper_EgorKulikov_idea-chelper_net.egork.chelper.ui80FileSelector.code,unknown_class,False,688,512,True
3ee79b1ae0602b5a83314cdae28da41653e3dda8,train,0,MultifacetedAbstraction/Negative/bruno-medeiros_DDT_bruno-medeiros_DDT_melnorme.lang.ide.ui.utils1033PluginImagesHelper.code,unknown_class,False,688,512,True
4887845315204a55884db81fe8680f7d0c15bd4b,val,0,MultifacetedAbstraction/Negative/psaravan_JamsMusicPlayer_psaravan_JamsMusicPlayer_com.jams.music.player.Drawers118QueueDrawerAdapter.code,unknown_class,False,688,512,True
631a1f1e8fff085c9f09caf4d3dbec2b1041c7a2,train,0,MultifacetedAbstraction/Negative/thelinmichael_spotify-web-api-java_thelinmichael_spotify-web-api-java_com.wrapper.spotify.requests.data.player200SkipUsersPlaybackToPreviousTrackRequest.code,unknown_class,False,688,512,True
73a52295b71888417b1845cdb7eec3a7ae75efd3,train,0,MultifacetedAbstraction/Negative/google_google-oauth-java-client_google_google-oauth-java-client_com.google.api.client.auth.oauth11OAuthParametersTest.code,unknown_class,False,688,512,True
231176642426b51a4a7355b79b1de36d02138e68,train,0,MultifacetedAbstraction/Negative/Swrve_rate-limited-logger_Swrve_rate-limited-logger_com.swrve.ratelimitedlogger12Registry.code,unknown_class,False,687,512,True
3dce4cf15cf893b15b8c0e9fd78271ffb472dcd7,train,0,MultifacetedAbstraction/Negative/marklogic_java-client-api_marklogic_java-client-api_com.marklogic.client.impl860NameMapBase.code,unknown_class,False,686,512,True
a1bc11b4ebc806e76fd0654671dafb839e7499c0,train,0,MultifacetedAbstraction/Negative/jmockit_jmockit1_jmockit_jmockit1_mockit237ExpectationsForConstructorsTest.code,unknown_class,False,685,512,True
8e8d94872b444f3a09cc2de71a185b5c2670c309,train,0,MultifacetedAbstraction/Negative/mucommander_mucommander_mucommander_mucommander_com.mucommander.commons.util.ui.text606MultiLineLabel.code,unknown_class,False,684,512,True
340fbe1fba7db870171f571467303a56f5fa36d4,val,0,MultifacetedAbstraction/Negative/gid15_jpcsp_gid15_jpcsp_jpcsp.memory.mmio.wm18011712WM1801.code,unknown_class,False,683,512,True
d51d9e2921d9c0c4e6a48a6672c394177a401021,val,1,MultifacetedAbstraction/Positive/TwidereProject_Twidere-Android_TwidereProject_Twidere-Android_org.mariotaku.microblog.library.statusnet.model0StatusNetConfig.code,unknown_class,False,683,512,True
17913265984820eb501a8bf73e878f1475a380f8,train,1,MultifacetedAbstraction/Positive/ToxicBakery_BikeOrlando_ToxicBakery_BikeOrlando_com.codefororlando.transport.data1EventListings.code,unknown_class,False,681,512,True
53c3b65916a875df4db2b60cf216cd569af996d2,train,0,MultifacetedAbstraction/Negative/looly_hutool_looly_hutool_cn.hutool.log.test929CustomLogTest.code,unknown_class,False,681,512,True
877946715036cdc5f0a980b02a07eb71da75b2e3,test,0,MultifacetedAbstraction/Negative/openlvc_portico_openlvc_portico_org.portico2.rti.services.object.incoming1561DeleteObjectHandler.code,unknown_class,False,680,512,True
8160c1602b18b3c0716b75004b57cd14000d4b04,train,0,MultifacetedAbstraction/Negative/structurizr_java_structurizr_java_com.structurizr.example157StructurizrDocumentationExample.code,unknown_class,False,679,512,True
9e0bc5cbd44eaaa3cd63d91c5f8e0f28aa77fb4d,val,0,MultifacetedAbstraction/Negative/couchbase_couchbase-jvm-core_couchbase_couchbase-jvm-core_com.couchbase.client.core.message.config280RestApiRequest.code,unknown_class,False,679,512,True
12e5ff0a6674bf762bd827126fa85b3611f930d5,train,0,MultifacetedAbstraction/Negative/seagate_kinetic-java_seagate_kinetic-java_com.seagate.kinetic.simulator.console.multi266MultiKineticSimulatorsTest.code,unknown_class,False,679,512,True
1e5e16c73d97997c1319494a94211d642d7b08db,val,0,MultifacetedAbstraction/Negative/247687009_soa_247687009_soa_io.goudai.soa.core.impl17DefaultSoaService.code,unknown_class,False,679,512,True
b0f4bca481515b95819838f4db9f08fb3ea24d16,train,1,MultifacetedAbstraction/Positive/rejasupotaro_octodroid_rejasupotaro_octodroid_com.rejasupotaro.octodroid.models6Repository.code,unknown_class,False,678,512,True
f27de5613cf03827eaa2f83708bbc10c39db1531,train,0,MultifacetedAbstraction/Negative/jenkinsci_acceptance-test-harness_jenkinsci_acceptance-test-harness_plugins618WorkflowMultibranchTest.code,unknown_class,False,678,512,True
966f959adc75a73c0c8a415bb614f59d4a554415,train,0,MultifacetedAbstraction/Negative/apache_incubator-wave_apache_incubator-wave_org.waveprotocol.box.webclient.client584ErrorHandler.code,unknown_class,False,678,512,True
9a060802a4920e8528457dc2aa727b09dedc97e9,train,0,MultifacetedAbstraction/Negative/joel-costigliola_assertj-swing_joel-costigliola_assertj-swing_org.assertj.swing.fixture1254AbstractContainerFixture_table_Test.code,unknown_class,False,678,512,True
0325ca21a6ce78d4a950ccc045f23fbdae7dce21,train,0,MultifacetedAbstraction/Negative/GluuFederation_oxTrust_GluuFederation_oxTrust_org.gluu.oxtrust.model.scim2.user371Address.code,unknown_class,False,677,512,True
c2b45d7cc69be16493e220bde37b06a51807e5a7,train,1,MultifacetedAbstraction/Positive/openhab_openhab2_openhab_openhab2_org.openhab.binding.vitotronic.internal.handler30XmlHandler.code,unknown_class,False,675,512,True
cb21f988ef639bd673c04d56223f0c91cc214700,test,0,MultifacetedAbstraction/Negative/SimonVT_cathode_SimonVT_cathode_net.simonvt.cathode.common.database71SimpleMergeCursor.code,unknown_class,False,675,512,True
240638831f6d455f2a8bcaa7cbbefb3c2f1f6bde,test,0,MultifacetedAbstraction/Negative/atinfo_at.info-knowledge-base_atinfo_at.info-knowledge-base_com.blogspot.notes.automation.qa.elements17HTMLElement.code,unknown_class,False,675,512,True
8011daaf640c91f5e05973b1753d350ec33018f0,train,0,MultifacetedAbstraction/Negative/Evolveum_midpoint_Evolveum_midpoint_com.evolveum.midpoint.test.asserter2974ActivationAsserter.code,unknown_class,False,675,512,True
a1179072b91b43f6afa48804e84baa62c2cb5fc2,train,1,MultifacetedAbstraction/Positive/mucommander_mucommander_mucommander_mucommander_com.mucommander.commons.file.archive.sevenzip.provider.SevenZip.Compression.LZMA0Base.code,unknown_class,False,674,512,True
d6d4ee6ac5aa9de42fa5355a7a1008e57fac3289,test,0,MultifacetedAbstraction/Negative/linkedin_gobblin_linkedin_gobblin_org.apache.gobblin.cluster199ClusterEventMetadataGeneratorTest.code,unknown_class,False,674,512,True
f4065d20f4abc38a3a0736e2bd7a14e88ad582fc,train,1,MultifacetedAbstraction/Positive/MiniJavaCompiler_MiniJavaLLVM_MiniJavaCompiler_MiniJavaLLVM_syntax0Type.code,MiniJavaLLVM_MiniJavaCompiler_MiniJavaLLVM_syntax,False,673,512,True
219c329c5f444c1f21fe9c3204d77fbb9f2c7344,train,1,MultifacetedAbstraction/Positive/trade-manager_trade-manager_trade-manager_trade-manager_org.trade.dictionary.valuetype0UIPropertyCodes.code,unknown_class,False,673,512,True
7f2e1cf7aa7383120efa79399bed8c927572a04b,train,0,MultifacetedAbstraction/Negative/kaazing_k3po_kaazing_k3po_org.kaazing.k3po.driver.internal20K3poIT.code,unknown_class,False,672,512,True
257c0d99e81295d742a93e9d2baff7b99a16ee32,train,0,MultifacetedAbstraction/Negative/roboconf_roboconf-platform_roboconf_roboconf-platform_net.roboconf.target.api818TargetHandler.code,unknown_class,False,672,512,True
bc0bf8cc8ef56b1a7ea4918d0918bf580a686216,val,1,MultifacetedAbstraction/Positive/linkedin_gobblin_linkedin_gobblin_org.apache.gobblin.util.test6HelloWorldSource.code,unknown_class,False,669,512,True
1fd502f6de055fe706d1d1cc88b969440859f627,val,0,MultifacetedAbstraction/Negative/linkedin_gobblin_linkedin_gobblin_org.apache.gobblin.converter625EnvelopePayloadConverterTest.code,unknown_class,False,669,512,True
4d46d4e7bf94ed07f913eace1928d93e4c3f0354,test,0,MultifacetedAbstraction/Negative/naver_pinpoint_naver_pinpoint_com.navercorp.pinpoint.rpc.util4471ListUtils.code,unknown_class,False,668,512,True
bdd314992a74b181b5a759b814441858b2b33bc6,train,0,MultifacetedAbstraction/Negative/Accla_d4m_api_java_Accla_d4m_api_java_edu.mit.ll.d4m.db.cloud.test30TestAccumuloSplitInfo.code,unknown_class,False,667,512,True
9ca9953b4ce73637785ba792cded173fab5fe57d,train,1,MultifacetedAbstraction/Positive/kaazing_gateway_kaazing_gateway_org.kaazing.gateway.transport.http.bridge.filter7HttpResponseLineDecodingState.code,unknown_class,False,667,512,True
1d88d5793b8d10565495e195364c7d4cffc98031,train,0,MultifacetedAbstraction/Negative/linkedin_gobblin_linkedin_gobblin_org.apache.gobblin.data.management.copy933PreserveAttributes.code,unknown_class,False,667,512,True
ca39ebc15bbbdbf9aa1499f0a51326eb3bfa37ea,train,0,MultifacetedAbstraction/Negative/BlueBrain_bluima_BlueBrain_bluima_ch.epfl.bbp.uima.jsre584JsreFilterAnnotatorTest.code,unknown_class,False,666,512,True
6e2650633b1544184a5fc68d71f8d3c0d39b783e,train,0,MultifacetedAbstraction/Negative/FenixEdu_fenixedu-academic_FenixEdu_fenixedu-academic_org.fenixedu.academic.domain.reimbursementGuide1459ReimbursementGuide.code,unknown_class,False,666,512,True
b6fa84632e11e06dbafc0f64c02035de2ec2652b,train,0,MultifacetedAbstraction/Negative/emory-courses_cs323_emory-courses_cs323_tree.test89NodeTest.code,unknown_class,False,665,512,True
c3309b34046938a7e0a60e21609135ad7552e9bb,train,0,MultifacetedAbstraction/Negative/rapidminer_rapidminer_rapidminer_rapidminer_com.rapidminer.gui.tools.dialogs.wizards.dataimport1411ValueTypeCellEditor.code,unknown_class,False,665,512,True
d09bff21303c5a6e62d690ef152f4733d432c7b8,train,0,MultifacetedAbstraction/Negative/cping_RipplePower_cping_RipplePower_org.ripple.bouncycastle.crypto.digests1193SHA512Digest.code,unknown_class,False,665,512,True
3518dd8511a7532ebeae082918e2f1c14b7f8125,train,0,MultifacetedAbstraction/Negative/seagate_kinetic-java_seagate_kinetic-java_com.seagate.kinetic.simulator.internal.handler302CommandManager.code,unknown_class,False,665,512,True
aa61cbebe599f29ce3edd3568bcd648a9bfa0df0,train,0,MultifacetedAbstraction/Negative/Evolveum_midpoint_Evolveum_midpoint_com.evolveum.midpoint.web3320AdminGuiTestConstants.code,unknown_class,False,664,512,True
7d84d3f38c5fcddd0753336f34a48c9bf96bd888,train,1,MultifacetedAbstraction/Positive/vanita5_twittnuker_vanita5_twittnuker_de.vanita5.microblog.library.statusnet.model0StatusNetConfig.code,unknown_class,False,663,512,True
b1595b4f5c2a89bb8f81be954e1fd0cde75d2e28,train,1,MultifacetedAbstraction/Positive/jtrfp_terminal-recall_jtrfp_terminal-recall_org.jtrfp.trcl.gui2F3DashboardLayout.code,unknown_class,False,662,512,True
0432b5209816e4b34157c9ee70eda9ebbe56b47e,train,1,MultifacetedAbstraction/Positive/cping_RipplePower_cping_RipplePower_org.ripple.bouncycastle.pqc.math.linearalgebra6Matrix.code,unknown_class,False,662,512,True
f98932fa2db107484bbc55c8cae5284897626430,train,0,MultifacetedAbstraction/Negative/kaazing_gateway_kaazing_gateway_org.apache.mina.filter.codec.prefixedstring160PrefixedStringDecoder.code,unknown_class,False,661,512,True
8f1770f1e3789e7afbb99f2dfff596e16358b7ba,test,1,MultifacetedAbstraction/Positive/xtext_seven-languages-xtext_xtext_seven-languages-xtext_org.xtext.template.services17RichStringForLoopElements.code,unknown_class,False,661,512,True
9fd266dde43214a34b7303d7df37805e71c98172,train,0,MultifacetedAbstraction/Negative/oodrive_eguan_oodrive_eguan_io.eguan.vold.rest.resources599JaxbPojoReplicator.code,unknown_class,False,661,512,True
c2692fe667a8eec2ae0236ac895848192dc1fca2,train,0,MultifacetedAbstraction/Negative/FenixEdu_fenixedu-academic_FenixEdu_fenixedu-academic_org.fenixedu.academic.domain.curricularRules.executors.ruleExecutors961MaximumNumberOfECTSInSpecialSeasonEvaluationExecutor.code,unknown_class,False,660,512,True
af9a7049129a028a1a89f3200f3a9994487d9b6d,train,0,MultifacetedAbstraction/Negative/cping_RipplePower_cping_RipplePower_com.ripple.client.subscriptions261SubscriptionManager.code,unknown_class,False,660,512,True
3a90116e749e2f02235586e17e3791c8773f85bb,train,0,MultifacetedAbstraction/Negative/cglib_cglib_cglib_cglib_net.sf.cglib.core51DebuggingClassWriter.code,unknown_class,False,659,512,True
a1a485327d1ecb75578794995485bafd9a2b2fa4,train,0,MultifacetedAbstraction/Negative/Evolveum_midpoint_Evolveum_midpoint_com.evolveum.midpoint.test.asserter3003ResourceAsserter.code,unknown_class,False,659,512,True
5ba95b1bd3f445416f235302ff585b04fe4e24cf,val,0,MultifacetedAbstraction/Negative/outbrain_gruffalo_outbrain_gruffalo_com.outbrain.gruffalo.netty12GruffaloProxy.code,unknown_class,False,659,512,True
d8532d39a890fef1930df1bd438e6e0b3d7f79b2,test,1,MultifacetedAbstraction/Positive/mikeberger_borg_calendar_mikeberger_borg_calendar_net.sf.borg.model.entity2Task.code,unknown_class,False,657,512,True
fea636ecb1c8b1a844467fa1eb70bca0b9493b73,train,0,MultifacetedAbstraction/Negative/ReactiveX_RxJava_ReactiveX_RxJava_io.reactivex.rxjava3.internal.operators.completable441UsingObserver.code,unknown_class,False,657,512,True
e34399edcd7c65f05ac5b65635dd8d23051137d4,test,0,MultifacetedAbstraction/Negative/gosu-lang_gosu-lang_gosu-lang_gosu-lang_gw.util2963SystemOutLogger.code,unknown_class,False,656,512,True
33fedb6ae772b74cfb0f65e0787aa7ac65dbf884,train,1,MultifacetedAbstraction/Positive/fhoeben_hsac-fitnesse-fixtures_fhoeben_hsac-fitnesse-fixtures_nl.hsac.fitnesse.fixture.util.selenium.caching0CachingRemoteWebElement.code,unknown_class,False,656,512,True
de26448bf8d87e248491ffda641981b9f9a79952,train,1,MultifacetedAbstraction/Positive/naver_pinpoint_naver_pinpoint_com.navercorp.pinpoint.bootstrap.plugin.jdbc0SqlModule.code,unknown_class,False,656,512,True
744de8085989f54905f829382519e797f4d87340,train,0,MultifacetedAbstraction/Negative/sitewhere_sitewhere_sitewhere_sitewhere_com.sitewhere.sources.websocket1018WebSocketEventReceiver.code,unknown_class,False,654,512,True
1a2b07af629705a97ad8e44f52efd50e4a4367e4,train,0,MultifacetedAbstraction/Negative/joel-costigliola_assertj-swing_joel-costigliola_assertj-swing_org.assertj.swing.fixture1235AbstractContainerFixture_button_Test.code,unknown_class,False,654,512,True
cf4b1f2b80206c52bb9dbf6ac04a9419648d7816,train,0,MultifacetedAbstraction/Negative/cloud-software-foundation_c5_cloud-software-foundation_c5_org.apache.hadoop.hbase.regionserver2307RowProcessor.code,unknown_class,False,653,512,True
d792b1760671ac3aaf94b47c08ad7a335bf62dc3,train,1,MultifacetedAbstraction/Positive/TwidereProject_Twidere-Android_TwidereProject_Twidere-Android_org.mariotaku.microblog.library.twitter.model3ExtendedProfile.code,unknown_class,False,653,512,True
04d7bcfbe225f9311e28fcc89700fd06f2a0f441,val,0,MultifacetedAbstraction/Negative/247687009_soa_247687009_soa_io.goudai.soa.quartz.zookeeper36JobListener.code,unknown_class,False,653,512,True
07e98520988346a28ae7ef334ba03c523c1ea889,val,0,MultifacetedAbstraction/Negative/sanity_quickml_sanity_quickml_quickml.supervised.tree.nodes357OldLeafDepthStatsTest.code,unknown_class,False,652,512,True
6841da076308c821789b5ac77d3de96c75cb374d,train,1,MultifacetedAbstraction/Positive/clinejj_foursquare-api-java_clinejj_foursquare-api-java_fi.foyt.foursquare.api.entities1Setting.code,unknown_class,False,652,512,True
da8eec60f7665034354f11a0ba2b6db4e9795db2,train,0,MultifacetedAbstraction/Negative/igniterealtime_Openfire_igniterealtime_Openfire_org.jivesoftware.admin.servlet40CompoundProperty.code,unknown_class,False,652,512,True
8f1265ccf9e3c3001855e6aefc60975fb05f6e7a,train,0,MultifacetedAbstraction/Negative/amutu_tdw_amutu_tdw_org.apache.hadoop.hive.serde2.dynamic_type3830JJTthrift_grammarState.code,unknown_class,False,651,512,True
f1e17b05e0f6281e30dc8258704336ef00c16830,train,1,MultifacetedAbstraction/Positive/linkedin_gobblin_linkedin_gobblin_org.apache.gobblin.cluster0Builder.code,unknown_class,False,650,512,True
6ec67721f5e5026415d432bebfff526095c0b557,val,0,MultifacetedAbstraction/Negative/Hive2Hive_PeerBox_Hive2Hive_PeerBox_org.peerbox.server220HttpServerTest.code,unknown_class,False,650,512,True
c4331e7a598f8fd22a01b298bb8375aa4bc336e5,test,0,MultifacetedAbstraction/Negative/freenet_fred_freenet_fred_freenet.clients.http583RssSniffer.code,unknown_class,False,649,512,True
b88122e75804f2bce494f5ed19f482ae7d01beb5,val,1,MultifacetedAbstraction/Positive/TwidereProject_Twidere-Android_TwidereProject_Twidere-Android_org.mariotaku.microblog.library.twitter.model9UniversalSearchQuery.code,unknown_class,False,648,512,True
11431de2e00514238e57ce8414c743325fd87cf6,test,1,MultifacetedAbstraction/Positive/MCServerTools_ServerTools-CORE_MCServerTools_ServerTools-CORE_info.servertools.core0CoreConfig.code,unknown_class,False,648,512,True
d709c50aefc1b994a3dbb663dfe542f72f1a7279,train,0,MultifacetedAbstraction/Negative/FenixEdu_fenixedu-academic_FenixEdu_fenixedu-academic_org.fenixedu.academic.util3883EnrolmentEvaluationState.code,unknown_class,False,647,512,True
73eacb0e1bcd85a666e4090ef46f91078a591494,train,1,MultifacetedAbstraction/Positive/bardsoftware_ganttproject_bardsoftware_ganttproject_biz.ganttproject.core.time.impl0GregorianTimeUnitStack.code,unknown_class,False,647,512,True
d6ffba0a273fa6f62698ffad9d6db23fc663cc81,train,1,MultifacetedAbstraction/Positive/cloud-software-foundation_c5_cloud-software-foundation_c5_ohmdb.replication0HRegionFacade.code,unknown_class,False,646,512,True
f9b7a7d1743ce5dc66ec71f91fea139cdf07e245,train,0,MultifacetedAbstraction/Negative/freenet_fred_freenet_fred_freenet.client.tools334TimeUtil.code,unknown_class,False,645,512,True
4abf3c6f377ef6431418b634a0266d91cb938f50,train,0,MultifacetedAbstraction/Negative/allanbank_mongodb-async-driver_allanbank_mongodb-async-driver_com.allanbank.mongodb.client.metrics.basic477BasicServerMetricsListenerTest.code,unknown_class,False,644,512,True
3cf6aa3437c38365841a8187e7207ed6fd549636,val,0,MultifacetedAbstraction/Negative/jtrfp_terminal-recall_jtrfp_terminal-recall_org.jtrfp.trcl.beh165MatchDirection.code,unknown_class,False,642,512,True
9aa686f6394db67e0ffe8b13e7aef8777d75a4ae,val,0,MultifacetedAbstraction/Negative/tsiemens_pathfinder-toolkit_tsiemens_pathfinder-toolkit_com.lateensoft.pathfinder.toolkit.adapters.character20WeaponListAdapter.code,unknown_class,False,641,512,True
3ac7479e5ffb4b5972ddf0b6b44f2c9a4f52df0a,train,1,MultifacetedAbstraction/Positive/xtext_seven-languages-xtext_xtext_seven-languages-xtext_org.xtext.mongobeans.services11MongoPropertyElements.code,unknown_class,False,641,512,True
ff4824081c01f43c28e5112883d5c4e21b0f0eb2,train,0,MultifacetedAbstraction/Negative/ReactiveX_RxJava_ReactiveX_RxJava_io.reactivex.rxjava3.internal.operators.flowable628FlowableElementAtSingle.code,unknown_class,False,640,512,True
8ea59aa130b3837644583ca12741c0f2cbb548a5,train,0,MultifacetedAbstraction/Negative/thelinmichael_spotify-web-api-java_thelinmichael_spotify-web-api-java_com.wrapper.spotify.requests.data.albums103GetAlbumRequest.code,unknown_class,False,640,512,True
a1f11b6e1561811c8e7d4c2b058c17d5bbabdc4c,train,0,MultifacetedAbstraction/Negative/joel-costigliola_assertj-swing_joel-costigliola_assertj-swing_org.assertj.swing.timing2090Pause_pauseWithConditionsAndTimeoutInMilliseconds_Test.code,unknown_class,False,639,512,True
fe14a2cb35913ac09d0666e31a9673675e9711b6,train,0,MultifacetedAbstraction/Negative/sindicetech_siren_sindicetech_siren_com.sindicetech.siren.analysis.filter64VIntPayloadCodec.code,unknown_class,False,639,512,True
ea70e73124807b6de4f187798797aa141f67f165,train,0,MultifacetedAbstraction/Negative/cping_RipplePower_cping_RipplePower_org.ripple.bouncycastle.asn1.icao892ICAOObjectIdentifiers.code,unknown_class,False,639,512,True
5a4db34f6a9b0f97ce13f804a689c4eecf91eb1d,train,1,MultifacetedAbstraction/Positive/jenkinsci_acceptance-test-harness_jenkinsci_acceptance-test-harness_org.jenkinsci.test.acceptance.plugins.jabber2JabberGlobalConfig.code,unknown_class,False,639,512,True
0faec7fda9920b45dbed938dd62e56c3017c9874,train,1,MultifacetedAbstraction/Positive/oyachai_HearthSim_oyachai_HearthSim_com.hearthsim.event.filter0FilterCharacterTargetedSpell.code,unknown_class,False,639,512,True
919649516ef834fd2cf87f8f6b5c886b767cdfb5,val,0,MultifacetedAbstraction/Negative/247687009_soa_247687009_soa_io.goudai.soa.sys.web.resource47UserResource.code,unknown_class,False,638,512,True
84388d68db53a194e1b13fec9bc9d9b16f1bb604,train,0,MultifacetedAbstraction/Negative/sitewhere_sitewhere_sitewhere_sitewhere_com.sitewhere.device298DeviceActions.code,unknown_class,False,638,512,True
438689c7172ce71fa0f297e177a5e3c1b8d38738,test,0,MultifacetedAbstraction/Negative/graphaware_neo4j-reco_graphaware_neo4j-reco_com.graphaware.reco.neo4j.post42RewardSomethingShared.code,unknown_class,False,638,512,True
db5aea521ffb20721e821a45a9438915b64a6001,test,0,MultifacetedAbstraction/Negative/kaazing_gateway_kaazing_gateway_org.apache.mina.filter.codec.demux147DemuxingProtocolCodecFactory.code,unknown_class,False,637,512,True
2698c16c936b846a022e87156d929587e39a876c,train,0,MultifacetedAbstraction/Negative/apache_struts_apache_struts_org.apache.struts2.util1890StrutsTypeConverter.code,unknown_class,False,636,512,True
8ef929ac090ca81617c12ddda6a19892da45e31b,train,0,MultifacetedAbstraction/Negative/ymback_NGA-CLIENT-VER-OPEN-SOURCE_ymback_NGA-CLIENT-VER-OPEN-SOURCE_gov.anzong.meizi.common100HttpPostClient.code,unknown_class,False,635,512,True
7615801ca2e1d72edd1ff8d8585690f380ef02a7,val,1,MultifacetedAbstraction/Positive/lesaint_damapping_lesaint_damapping_fr.javatronic.damapping.processor0DAAnnotationProcessor.code,unknown_class,False,635,512,True
0ece225461c2c4624040f0ba5b07e4c352507126,train,1,MultifacetedAbstraction/Positive/vanita5_twittnuker_vanita5_twittnuker_de.vanita5.microblog.library.twitter.model3ExtendedProfile.code,unknown_class,False,633,512,True
59facb71e5a0d64aeaf51cc0cc31bafba6f1448d,test,0,MultifacetedAbstraction/Negative/tuguangquan_mybatis_tuguangquan_mybatis_org.apache.ibatis.binding10MapperRegistry.code,unknown_class,False,633,512,True
879be322361480a40b1837cf8e29af8f3b8ea89d,train,0,MultifacetedAbstraction/Negative/addthis_hydra_addthis_hydra_com.addthis.hydra.data.query.engine299EngineLoader.code,unknown_class,False,632,512,True
d68da70a8fe3b13e082965026759254a5625b6ef,train,0,MultifacetedAbstraction/Negative/tsiemens_pathfinder-toolkit_tsiemens_pathfinder-toolkit_com.lateensoft.pathfinder.toolkit.db40DatabaseImpl.code,unknown_class,False,632,512,True
4bebb7ed14f7fb245475ded7f174eac2ce7206b5,train,0,MultifacetedAbstraction/Negative/ObeoNetwork_UML-Designer_ObeoNetwork_UML-Designer_org.eclipse.umlgen.gen.java.ui.handler13GenerateJavaHandler.code,unknown_class,False,631,512,True
9bbda46177690be2f19b0389455fe5b36b98edbd,val,1,MultifacetedAbstraction/Positive/apache_incubator-blur_apache_incubator-blur_org.apache.blur.lucene.codec1Blur021Codec.code,unknown_class,False,631,512,True
4f923faa04af3369b368ba130b5340682f3f97f1,val,0,MultifacetedAbstraction/Negative/rapidminer_rapidminer_rapidminer_rapidminer_com.rapidminer.tools.math.container3330GeometricDataCollection.code,unknown_class,False,630,512,True
dbcde8bb83ffab174c1f04ac69a6206ec29f72ed,train,0,MultifacetedAbstraction/Negative/remibantos_jeeshop_remibantos_jeeshop_org.rembx.jeeshop.order44DefaultPaymentTransactionEngine.code,unknown_class,False,630,512,True
f852408ad5e175defefbaa91a572066a3dc13844,train,0,MultifacetedAbstraction/Negative/openMF_android-client_openMF_android-client_com.mifos.objects.templates.clients602SavingProductOptions.code,unknown_class,False,630,512,True
e69217e2b318ae6e40192059ac7d3af094ccb4e1,test,0,MultifacetedAbstraction/Negative/247687009_soa_247687009_soa_io.goudai.soa.quartz.api.impl24QTEST.code,unknown_class,False,630,512,True
2233914f48c0088c50c9ea323dfc9e14561b4fdc,train,1,MultifacetedAbstraction/Positive/tokuhirom_avans_tokuhirom_avans_me.geso.avans.jackson0JacksonJsonViewBenchmark.code,unknown_class,False,628,512,True
cc55483897b02dd9a0111011fd1848b0afaf62ae,train,1,MultifacetedAbstraction/Positive/vanita5_twittnuker_vanita5_twittnuker_de.vanita5.microblog.library.twitter.model9UniversalSearchQuery.code,unknown_class,False,628,512,True
df2942dcd9012c041df961d2a45460badab99d81,val,0,MultifacetedAbstraction/Negative/couchbase_couchbase-jvm-core_couchbase_couchbase-jvm-core_com.couchbase.client.core.config.loader73HttpLoader.code,unknown_class,False,628,512,True
9e9bdc8a93c58e3561d1688a28c0d09a828a1140,train,0,MultifacetedAbstraction/Negative/apache_incubator-blur_apache_incubator-blur_org.apache.blur.index238ExitableTermsEnum.code,unknown_class,False,627,512,True
7923d7556336ea770f109f77dc08a117133df8db,train,0,MultifacetedAbstraction/Negative/apache_tajo_apache_tajo_org.apache.tajo.worker2251StatusUpdaterThread.code,unknown_class,False,627,512,True
4f424d3cc91b19d8e8e615324b5acb5cdb9fc6c6,train,0,MultifacetedAbstraction/Negative/haifengl_smile_haifengl_smile_smile.clustering93MECTest.code,unknown_class,False,626,512,True
357fcdb23f2d3d7f027b86fe41aab44bca9da487,train,0,MultifacetedAbstraction/Negative/opendaylight_controller_opendaylight_controller_org.opendaylight.controller.cluster.raft1058Idle.code,unknown_class,False,626,512,True
329872f6655ba44d6e262618aba155452db5725b,val,1,MultifacetedAbstraction/Positive/querydsl_querydsl_querydsl_querydsl_com.querydsl.collections4AbstractQueryTest.code,unknown_class,False,626,512,True
e728256a90081fdddc72b00bd482268f987d82b6,val,0,MultifacetedAbstraction/Negative/WhisperSystems_WebSocket-Resources_WhisperSystems_WebSocket-Resources_org.whispersystems.websocket3HelloServerTest.code,unknown_class,False,625,512,True
12adcdb76142c5b9b04d4dad87fad910a0307620,val,0,MultifacetedAbstraction/Negative/jcabi_jcabi-http_jcabi_jcabi-http_com.jcabi.http.wire86UserAgentWire.code,unknown_class,False,625,512,True
0d2e8c1e252ddebf257722619fc64ae43dbdc12d,test,0,MultifacetedAbstraction/Negative/chaupal_jxse_chaupal_jxse_net.jxta.peergroup977NetGroupTunables.code,unknown_class,False,624,512,True
b9b1f54a34cd7bbf7e94bf74560b0c257e0b082e,train,0,MultifacetedAbstraction/Negative/ReactiveX_RxJava_ReactiveX_RxJava_io.reactivex.rxjava3.internal.operators.flowable463BaseEmitter.code,unknown_class,False,623,512,True
06c3d5cf6efc52c8e80c9eee1eac5c836c5520d0,test,0,MultifacetedAbstraction/Negative/tarql_tarql_tarql_tarql_org.deri.tarql24TarqlParserTest.code,unknown_class,False,622,512,True
19734aa11218bb499ef9918d8ad6f4e870f57501,val,1,MultifacetedAbstraction/Positive/mikeberger_borg_calendar_mikeberger_borg_calendar_net.sf.borg.model.entity1Subtask.code,unknown_class,False,622,512,True
84862b535fb2c944e783bfef75aa24c89eb3bd60,train,1,MultifacetedAbstraction/Positive/reinert_requestor_reinert_requestor_io.reinert.requestor.examples.showcase0ShowcaseClientFactoryImpl.code,unknown_class,False,622,512,True
c7f50b5f6e1820071a381ac69af5ce120391b317,train,0,MultifacetedAbstraction/Negative/SkymindIO_nd4j_SkymindIO_nd4j_org.nd4j.parameterserver.distributed.transport2546RoutedTransportTest.code,unknown_class,False,620,512,True
cc7e735e577d4b28951be3f14159e50e61dcd0a2,train,0,MultifacetedAbstraction/Negative/haifengl_smile_haifengl_smile_smile.clustering103XMeansTest.code,unknown_class,False,619,512,True
6760e7cf66f19af2b5ac02e08406a00cfd5d1356,test,0,MultifacetedAbstraction/Negative/TNG_jgiven_TNG_jgiven_com.tngtech.jgiven.examples.parameters114ParametrizedScenariosTest.code,unknown_class,False,618,512,True
1f6d8246cec41f3da6e15d0a00ea26d0a65187d7,train,0,MultifacetedAbstraction/Negative/apache_olingo-odata4_apache_olingo-odata4_org.apache.olingo.server.api.uri1306UriInfoResource.code,unknown_class,False,617,512,True
94b37d4ae2b12ce3721c774e407f65ded935eacc,val,0,MultifacetedAbstraction/Negative/apache_olingo-odata4_apache_olingo-odata4_org.apache.olingo.client.core.edm.xml347PropertyDeserializer.code,unknown_class,False,617,512,True
4d1f36d1043203671bdd63ed2f1d99cfab54b6a0,train,0,MultifacetedAbstraction/Negative/247687009_soa_247687009_soa_io.goudai.soa.quartz.web.resource35JobResources.code,unknown_class,False,616,512,True
e2d80afef4bc8a8e50afacf50dd01bc5dfec543b,train,0,MultifacetedAbstraction/Negative/apache_struts_apache_struts_org.apache.struts2.views.tiles2216PortletTilesResult.code,unknown_class,False,615,512,True
f21739681be0ba6f002e4d0dde2e1e692e134d82,test,0,MultifacetedAbstraction/Negative/ribot_easy-adapter_ribot_easy-adapter_uk.co.ribot.easyadapter7EasyAdapterUtilTest.code,unknown_class,False,615,512,True
89623344da269ee56c9e8f52a5b035eb6498dcc7,train,0,MultifacetedAbstraction/Negative/bardsoftware_ganttproject_bardsoftware_ganttproject_net.sourceforge.ganttproject308TestSetupHelper.code,unknown_class,False,613,512,True
c140757bda4be04ad1864b8daed22131fc6d1453,test,0,MultifacetedAbstraction/Negative/google_guice_google_guice_com.google.inject.throwingproviders1276CheckedProvideUtils.code,unknown_class,False,613,512,True
50d10ab15a4f22d4fb69d607935bcf45bafd3c68,train,0,MultifacetedAbstraction/Negative/openhab_openhab2_openhab_openhab2_org.openhab.binding.neohub.internal3111DeviceInfo.code,unknown_class,False,612,512,True
5d1779a4ce963ba5e96c58c0357543e318b9534d,train,0,MultifacetedAbstraction/Negative/neuroph_master_neuroph_master_org.neuroph.nnet1033UnsupervisedHebbianNetwork.code,unknown_class,False,612,512,True
4aaf8e16c421a58bb366b2022a3f3a35af759a74,val,1,MultifacetedAbstraction/Positive/jenkinsci_acceptance-test-harness_jenkinsci_acceptance-test-harness_org.jenkinsci.test.acceptance.plugins.saml6SamlSecurityRealm.code,unknown_class,False,609,512,True
0f2fc3e5a384bdd8c18d8dc30516113469afdf44,test,1,MultifacetedAbstraction/Positive/jenkinsci_acceptance-test-harness_jenkinsci_acceptance-test-harness_org.jenkinsci.test.acceptance.po8MatrixProject.code,unknown_class,False,608,512,True
281c17574e3083210fe5c911ec8a6236f59fc3d7,val,0,MultifacetedAbstraction/Negative/looly_hutool_looly_hutool_cn.hutool.core.net420LocalPortGenerater.code,unknown_class,False,606,512,True
312e22f41adeb533f9a2621e610df3ced2dd8651,train,1,MultifacetedAbstraction/Positive/naver_pinpoint_naver_pinpoint_com.navercorp.pinpoint.hbase.schema.reader.core1Builder.code,unknown_class,False,605,512,True
9d8add5cb52dd0c2ab3e2061a31145deacb12f54,test,1,MultifacetedAbstraction/Positive/xtext_seven-languages-xtext_xtext_seven-languages-xtext_org.xtext.builddsl.services1ParameterElements.code,unknown_class,False,604,512,True
9d4e518dadb3bd51e3f64f033914d2c97d7eef6f,val,0,MultifacetedAbstraction/Negative/openhab_openhab2_openhab_openhab2_org.openhab.binding.lutron.internal.grxprg2534NormalResponseCallback.code,unknown_class,False,604,512,True
5e2b84e4c372eb83482d6ca79343d61a6b557fc3,train,0,MultifacetedAbstraction/Negative/cping_RipplePower_cping_RipplePower_org.ripple.bouncycastle.crypto.tls1584ServerName.code,unknown_class,False,604,512,True
e02cee4aa776ae231efdfa8c4df357f9809f05ef,val,0,MultifacetedAbstraction/Negative/naver_pinpoint_naver_pinpoint_com.navercorp.pinpoint.agent.plugin.proxy.nginx31NginxRequestParser.code,unknown_class,False,603,512,True
05f14dd08d01eb4e01603488d18e7cbde40760d0,train,0,MultifacetedAbstraction/Negative/twitter_cloudhopper-commons_twitter_cloudhopper-commons_com.cloudhopper.sxmp399SubmitMain.code,unknown_class,False,603,512,True
17393c80408bab49f113ddbe469d8b6e66037b45,test,0,MultifacetedAbstraction/Negative/chaupal_jxse_chaupal_jxse_net.jxse.systemtests.colocated43RelayedPipeSoakTest.code,unknown_class,False,603,512,True
46c8235156316c1fbfc97815073408b135cf1eb9,test,1,MultifacetedAbstraction/Positive/openhab_openhab2_openhab_openhab2_org.openhab.binding.minecraft.internal.message.data22PlayerData.code,unknown_class,False,602,512,True
123b6d9ae5357cc179b5d270a295fb89f4a7733a,test,0,MultifacetedAbstraction/Negative/apache_falcon_apache_falcon_org.apache.falcon.regression.core.supportClasses476Brother.code,unknown_class,False,602,512,True
8e4c2fe35bdfa6853bb88bc391b7dd68786b28df,val,0,MultifacetedAbstraction/Negative/att_XACML_att_XACML_com.att.research.xacmlatt.pdp.std.functions590FunctionDefinitionNumberTypeConversion.code,unknown_class,False,601,512,True
92e5bae5d6e8f00b5a09b33790766a586e2ab4a3,train,0,MultifacetedAbstraction/Negative/GluuFederation_oxTrust_GluuFederation_oxTrust_org.gluu.oxtrust.api.server.api.impl153PassportBasicConfigWebResource.code,unknown_class,False,601,512,True
5be7d2f84db8cb00a97a3dae3a81ca6a8dfeb806,test,0,MultifacetedAbstraction/Negative/wso2_MDM-Android-Agent_wso2_MDM-Android-Agent_com.actionbarsherlock.widget169HistoryPersister.code,unknown_class,False,601,512,True
f420fb90577bbcc39c4ce12722eddb7a31055e14,test,0,MultifacetedAbstraction/Negative/divolte_divolte-collector_divolte_divolte-collector_io.divolte.server.filesinks105FileManager.code,unknown_class,False,601,512,True
416f451f5ed53272f5bd87c75919beaebaa6958c,val,0,MultifacetedAbstraction/Negative/imglib_imglib2_imglib_imglib2_net.imglib2.type.volatiles602VolatileARGBType.code,unknown_class,False,600,512,True
5e4cf63ee1fbbfec788992ddfd2f75dd1b2344f3,train,0,MultifacetedAbstraction/Negative/pac4j_pac4j_pac4j_pac4j_org.pac4j.oauth.client426TwitterClient.code,unknown_class,False,600,512,True
59d4975589a7b2bffa82b3d59271891253f16ad4,train,1,MultifacetedAbstraction/Positive/jenkinsci_acceptance-test-harness_jenkinsci_acceptance-test-harness_org.jenkinsci.test.acceptance.plugins.publish_over5PublishOverSSHGlobalConfig.code,unknown_class,False,600,512,True
bc84ae7434e6179781960b0d6a8c277f6caa3a0b,test,0,MultifacetedAbstraction/Negative/reds-heig_logisim-evolution_reds-heig_logisim-evolution_com.cburch.logisim.gui.main615ProjectToolbarModel.code,unknown_class,False,599,512,True
6eeeac440b5aebaf6f4fb7246a60078dd4eca43e,train,0,MultifacetedAbstraction/Negative/stagemonitor_stagemonitor_stagemonitor_stagemonitor_org.stagemonitor.alerting.incident52ElasticsearchIncidentRepository.code,unknown_class,False,598,512,True
189a1ea92e84e6b1025f6ab7e31e460be07f939e,train,0,MultifacetedAbstraction/Negative/google_guava_google_guava_com.google.common.cache360Values.code,unknown_class,False,597,512,True
23f49d021a8fb84ce3be9aa3c120093197533e10,train,0,MultifacetedAbstraction/Negative/lemire_RoaringBitmap_lemire_RoaringBitmap_org.roaringbitmap.needwork267SlowMappedORaggregate2.code,unknown_class,False,597,512,True
725c051c00e5a73b39084a86f701db216195a049,test,1,MultifacetedAbstraction/Positive/gosu-lang_gosu-lang_gosu-lang_gosu-lang_gw.lang.reflect.java.asm5AsmPrimitiveType.code,unknown_class,False,596,512,True
62e77d4dc16b8dc468ee922d13210ed50c28b9a0,test,0,MultifacetedAbstraction/Negative/bitcoin-solutions_multibit-hd_bitcoin-solutions_multibit-hd_org.multibit.hd.core.config27LanguageConfiguration.code,unknown_class,False,596,512,True
3127093755df71ae0a87f5f6e4a5d6ba51a334ea,train,0,MultifacetedAbstraction/Negative/addthis_meshy_addthis_meshy_com.addthis.meshy7FileReference.code,unknown_class,False,593,512,True
24669c76e49198af99a04e980acd7aed4c8b7aba,train,0,MultifacetedAbstraction/Negative/amutu_tdw_amutu_tdw_org.apache.hadoop.hive.serde23754ColumnProjectionUtils.code,unknown_class,False,592,512,True
8d16c1939a36b69a7b608eeed7235b4cef2f1991,train,0,MultifacetedAbstraction/Negative/Evolveum_midpoint_Evolveum_midpoint_com.evolveum.midpoint.web.component3369DateLabelComponent.code,unknown_class,False,591,512,True
dbdb0bb534e88e1a1ac77231120211ef044f0a47,train,1,MultifacetedAbstraction/Positive/openhab_openhab2_openhab_openhab2_org.openhab.binding.icloud.internal.json.response14ICloudDeviceFeatures.code,unknown_class,False,591,512,True
12b7b1811030c6fe128b0cd85aac908351643738,train,0,MultifacetedAbstraction/Negative/copper-engine_copper-engine_copper-engine_copper-engine_org.copperengine.regtest.test.persistent.lock453LockingWorkflow.code,unknown_class,False,590,512,True
d93cf3cae6fd0ed7437da44e675700fe910df3bb,train,0,MultifacetedAbstraction/Negative/jMetal_jMetal_jMetal_jMetal_org.uma.jmetal.algorithm.multiobjective.mombi.util66ASFUtilityFunctionSet.code,unknown_class,False,590,512,True
da0656876b4b73d25ceda67d65d046c402adbdfe,test,0,MultifacetedAbstraction/Negative/TheHolyWaffle_TeamSpeak-3-Java-API_TheHolyWaffle_TeamSpeak-3-Java-API_com.github.theholywaffle.teamspeak3.commands116VirtualServerCommands.code,unknown_class,False,589,512,True
867e6c90ed27f135a3c6163e324f065644062ab7,val,0,MultifacetedAbstraction/Negative/ethereum_ethereumj_ethereum_ethereumj_org.ethereum.net.rlpx.discover554DiscoverTask.code,unknown_class,False,588,512,True
b2641d4f5a9fdf94f8ca86f150c99b673d48b1e3,val,0,MultifacetedAbstraction/Negative/linkedin_gobblin_linkedin_gobblin_org.apache.gobblin.r21930R2RestResponseHandler.code,unknown_class,False,587,512,True
825abe8cda86fe6484daa446071921267e8d7556,train,0,MultifacetedAbstraction/Negative/247687009_soa_247687009_soa_io.goudai.soa.quartz.api22QuartzService.code,unknown_class,False,586,512,True
47ba9cf13ec085e35018ade645af6240afb3e269,train,1,MultifacetedAbstraction/Positive/linkedin_gobblin_linkedin_gobblin_org.apache.gobblin.hive2Builder.code,unknown_class,False,586,512,True
55148e3254a812f8ef1d573ca15ace6669fdae4e,val,0,MultifacetedAbstraction/Negative/naver_pinpoint_naver_pinpoint_com.navercorp.pinpoint.profiler.monitor3934CollectJob.code,unknown_class,False,585,512,True
60870f8981f14307cffae41e40d5847d4ee4056f,train,0,MultifacetedAbstraction/Negative/apache_incubator-blur_apache_incubator-blur_org.apache.blur.thrift.generated1396listSnapshots_argsTupleScheme.code,unknown_class,False,584,512,True
ccce0a288116d9a08371c729fa2519d17c0d048a,train,0,MultifacetedAbstraction/Negative/google_guava_google_guava_com.google.common.base190StandardSystemPropertyTest.code,unknown_class,False,584,512,True
40658b8fc7074b26620aabc15d4b5db6a97e2620,train,0,MultifacetedAbstraction/Negative/orangesignal_orangesignal-csv_orangesignal_orangesignal-csv_com.orangesignal.csv.filters78BeanEqualExpressionTest.code,unknown_class,False,583,512,True
16eca0e2e08b7281b33efa2e66c6cf28518565c3,train,1,MultifacetedAbstraction/Positive/cping_RipplePower_cping_RipplePower_com.ripple.core.coretypes.uint1UInt64.code,unknown_class,False,583,512,True
7e41f38b0a794153b7cb503cc33ded4d8716b255,val,0,MultifacetedAbstraction/Negative/tlaukkan_zigbee4java_tlaukkan_zigbee4java_org.bubblecloud.zigbee.v3.zcl.protocol.command.groups884AddGroupIfIdentifyingCommand.code,unknown_class,False,583,512,True
f02db3898b2f14002476c817eca4643223011120,test,0,MultifacetedAbstraction/Negative/caskdata_cdap_caskdata_cdap_io.cdap.cdap.common.test1449PluginJarHelper.code,unknown_class,False,583,512,True
41e8d4e4fcd3250570cd36a9e8de19fe5f2cb9ec,train,0,MultifacetedAbstraction/Negative/couchbase_couchbase-jvm-core_couchbase_couchbase-jvm-core_com.couchbase.client.core.message.kv344UpsertRequest.code,unknown_class,False,582,512,True
24ac87df7a0691cd6adc30e0f898faaede5d8f2c,train,0,MultifacetedAbstraction/Negative/bardsoftware_ganttproject_bardsoftware_ganttproject_org.ganttproject.chart.pert1009PertChart.code,unknown_class,False,582,512,True
c2d681c4721ef82109ec6e896006f57d7af3ffb9,train,0,MultifacetedAbstraction/Negative/pastekit_twist_pastekit_twist_com.dotweblabs.twirl.types65QueryBuilder.code,unknown_class,False,582,512,True
f49db4681a180eaf033cf7d24caf188531ae441c,train,1,MultifacetedAbstraction/Positive/holodeck-b2b_Holodeck-B2B_holodeck-b2b_Holodeck-B2B_org.holodeckb2b.common.workerpool.xml0XMLWorkerConfig.code,unknown_class,False,580,512,True
a438983fe1e2c2abb8e466173ee93a03e4f8a4bc,train,0,MultifacetedAbstraction/Negative/linkedin_gobblin_linkedin_gobblin_org.apache.gobblin.data.management.copy.converter960DistcpConverter.code,unknown_class,False,580,512,True
67ea8d25439ddb0a444d95c152a8b8637170e1b7,train,0,MultifacetedAbstraction/Negative/Evolveum_midpoint_Evolveum_midpoint_com.evolveum.midpoint.prism1291LocalDefinitionStore.code,unknown_class,False,580,512,True
06e9c644d0bace46cc1d12c2bd07f5a8d8e2fb83,train,0,MultifacetedAbstraction/Negative/haifengl_smile_haifengl_smile_smile.feature268Standardizer.code,unknown_class,False,580,512,True
689621fb8d4c5b510f191533f42a1a08581b6469,train,0,MultifacetedAbstraction/Negative/bitcoin-solutions_multibit-hardware_bitcoin-solutions_multibit-hardware_com.satoshilabs.trezor.protobuf275RecoveryDeviceOrBuilder.code,unknown_class,False,580,512,True
05ff70862198b6f8ea83aa6c4d2744cd09b87ee2,train,0,MultifacetedAbstraction/Negative/numenta_htm.java_numenta_htm.java_org.numenta.nupic.network.sensor182Sensor.code,unknown_class,False,578,512,True
f45da56eee8716509bdd64822b7883db9722a9e6,train,0,MultifacetedAbstraction/Negative/roboconf_roboconf-platform_roboconf_roboconf-platform_net.roboconf.dm.rest.services.cors440ResponseCorsFilterTest.code,unknown_class,False,578,512,True
54b10f57f0a8bb7d69622c690a4ae55c0c02ad5d,val,0,MultifacetedAbstraction/Negative/cping_RipplePower_cping_RipplePower_org.ripple.power.ui.view.log3449DebugMode.code,unknown_class,False,578,512,True
3bc3a12fd820eff94bd86cedc41a9db62456d736,train,0,MultifacetedAbstraction/Negative/opendaylight_controller_opendaylight_controller_org.opendaylight.controller.cluster.datastore520LocalTransactionContext.code,unknown_class,False,578,512,True
722fed65347d6cc4cacf5d7a8fe6d4cc8db77ffe,train,0,MultifacetedAbstraction/Negative/primecloud-controller-org_primecloud-controller_primecloud-controller-org_primecloud-controller_jp.primecloud.auto.vmware996VmwareClientFactory.code,unknown_class,False,578,512,True
283a72e77f8c842f8232b8e7be8eace6bd134098,train,0,MultifacetedAbstraction/Negative/NLPchina_elasticsearch-sql_NLPchina_elasticsearch-sql_org.nlpcn.es4sql.query.multi120MultiQueryAction.code,unknown_class,False,577,512,True
d5108bee95b8c65ef7a1fcde72584cbf0be3ce05,val,1,MultifacetedAbstraction/Positive/querydsl_querydsl_querydsl_querydsl_com.querydsl.apt.domain2QueryEmbedded5Test.code,unknown_class,False,577,512,True
31ea1d95c8f532d9e7727c41d0be90135a4424de,train,0,MultifacetedAbstraction/Negative/ReactiveX_RxNetty_ReactiveX_RxNetty_io.reactivex.netty.channel65WriteTransformations.code,unknown_class,False,576,512,True
cff6d7cbcdee7672b454385ada76b0213155eba8,test,0,MultifacetedAbstraction/Negative/larruda_ciandt_tt_larruda_ciandt_tt_org.apache.cordova129IceCreamCordovaWebViewClient.code,unknown_class,False,576,512,True
43c934eeaa4190270b3fc8a9c0e2b4add67ef99d,train,0,MultifacetedAbstraction/Negative/Evolveum_midpoint_Evolveum_midpoint_com.evolveum.midpoint.repo.sql.data.common.any2161RAExtPolyString.code,unknown_class,False,574,512,True
a1d09b1e73d261472f6f452fd688e52a7b02c54e,train,0,MultifacetedAbstraction/Negative/jphp-compiler_jphp_jphp-compiler_jphp_org.develnext.jphp.core.tokenizer.token158CommentToken.code,unknown_class,False,574,512,True
7330f61375ca5fcbe74bccdde9dbc7b248a7127f,train,1,MultifacetedAbstraction/Positive/GluuFederation_oxTrust_GluuFederation_oxTrust_org.gluu.oxtrust.util2ProductInstallationChecker.code,unknown_class,False,573,512,True
4a96c6681f6e4c1466cd0d5f9ac354aff1cdcfab,train,0,MultifacetedAbstraction/Negative/bruno-medeiros_DDT_bruno-medeiros_DDT_mmrnmhrm.ui.navigator1672DeeNavigatorContentProvider.code,unknown_class,False,572,512,True
b94f7c3a8a2768b66855646dd68f7c19b5f266bc,val,0,MultifacetedAbstraction/Negative/arquillian_arquillian-cube_arquillian_arquillian-cube_org.arquillian.cube.impl.model398LocalCubeRegistryTest.code,unknown_class,False,572,512,True
d366d64982ec1cf87f51a77733db6e26fc2d040a,train,1,MultifacetedAbstraction/Positive/xtext_seven-languages-xtext_xtext_seven-languages-xtext_org.xtext.template.services15RichStringElements.code,unknown_class,False,571,512,True
601619f9253d6a56bf6e461969240023331bd4f4,val,0,MultifacetedAbstraction/Negative/sindicetech_siren_sindicetech_siren_com.sindicetech.siren.search.node619TupleQuery.code,unknown_class,False,571,512,True
f0cfeee157e55afbe4faac6f2b39ef76eb8428b7,train,0,MultifacetedAbstraction/Negative/cping_RipplePower_cping_RipplePower_org.ripple.bouncycastle.asn1.crmf812POPOPrivKey.code,unknown_class,False,570,512,True
5c52374d1b79c5958d341dc61e7746c9abb81ce8,train,0,MultifacetedAbstraction/Negative/vert-x3_codegen_vert-x3_codegen_io.vertx.test.codegen.testdataobject529PropertySetters.code,unknown_class,False,569,512,True
8f9e33725897ea810ef44e4d868ce4e62a44b0df,train,0,MultifacetedAbstraction/Negative/roboconf_roboconf-platform_roboconf_roboconf-platform_net.roboconf.dm.rest.commons392Diagnostic.code,unknown_class,False,567,512,True
1991a90ded455dcf51b8f37511d8d3f49a8cb3c5,train,1,MultifacetedAbstraction/Positive/TwidereProject_Twidere-Android_TwidereProject_Twidere-Android_org.mariotaku.microblog.library.twitter.model8SuggestionModule.code,unknown_class,False,565,512,True
e393b75acd172f2521487d58594465eb9540796b,train,0,MultifacetedAbstraction/Negative/vanita5_twittnuker_vanita5_twittnuker_de.vanita5.twittnuker.model375ParcelableUserMention.code,unknown_class,False,565,512,True
d48882a93dae81b02ce35493e1f2ea36662f0905,val,1,MultifacetedAbstraction/Positive/vanita5_twittnuker_vanita5_twittnuker_de.vanita5.microblog.library.twitter.model8SuggestionModule.code,unknown_class,False,565,512,True
883b9de62ea8c851acd1ac681acf6fb9b83e79b2,val,0,MultifacetedAbstraction/Negative/linkedin_gobblin_linkedin_gobblin_org.apache.gobblin.data.management.trash1214TestTrashTest.code,unknown_class,False,565,512,True
b9f36fc9f3749bca90c11a9a4f7aa6fb4ec31235,train,1,MultifacetedAbstraction/Positive/xtext_seven-languages-xtext_xtext_seven-languages-xtext_org.xtext.builddsl.services0BuildFileElements.code,unknown_class,False,564,512,True
a9894a51462eb1a6d6b6cd6649a62123a5426c66,train,1,MultifacetedAbstraction/Positive/bardsoftware_ganttproject_bardsoftware_ganttproject_net.sourceforge.ganttproject.task1TaskBuilder.code,unknown_class,False,564,512,True
4f52b544b7599fe4374c260ab68ee93057982524,train,0,MultifacetedAbstraction/Negative/ribot_easy-adapter_ribot_easy-adapter_uk.co.ribot.easyadapter.annotations24FieldAnnotationParser.code,unknown_class,False,563,512,True
16cbe36535ea2c23ed7431bdd5ef986c6b8d3c13,train,0,MultifacetedAbstraction/Negative/naver_pinpoint_naver_pinpoint_com.navercorp.pinpoint.web.calltree.span5202Link.code,unknown_class,False,563,512,True
b1a806895fa58b2e00a904ac712a277175e4eec2,train,0,MultifacetedAbstraction/Negative/lightblue-platform_lightblue-core_lightblue-platform_lightblue-core_com.redhat.lightblue.query545BasicProjection.code,unknown_class,False,562,512,True
830f2a3a4ee0a059a5aa99524b484f1a35409fc5,test,1,MultifacetedAbstraction/Positive/SEL-columbia_dristhi_SEL-columbia_dristhi_org.ei.drishti.dto.register1ChildRegisterEntryDTO.code,unknown_class,False,562,512,True
ed51cdf94197994ef8b8cb8f13ada1ea12ed47b3,train,0,MultifacetedAbstraction/Negative/openscore_score-actions_openscore_score-actions_io.cloudslang.content.vmware.actions.cluster807DeleteClusterRuleTest.code,unknown_class,False,561,512,True
0f300f9d5c00e3091f10e0a9e97a0b99e3872196,train,0,MultifacetedAbstraction/Negative/mozilla_j2me.js_mozilla_j2me.js_javax.microedition.lcdui1756LFTimer.code,unknown_class,False,561,512,True
5ed75b3e510c867868eeeed5a0d7eea65da04c60,train,1,MultifacetedAbstraction/Positive/google_closure-templates_google_closure-templates_com.google.template.soy.jbcsrc.shared5Builder.code,unknown_class,False,560,512,True
fb24cadb6c7f2eea8d6669372f1edac213992436,train,0,MultifacetedAbstraction/Negative/mobile-event-processing_Asper_mobile-event-processing_Asper_com.espertech.esper.event2770WrapperEventBean.code,unknown_class,False,559,512,True
5ed2562d0ff9060d604205991e697710eb2e19a5,train,0,MultifacetedAbstraction/Negative/apache_stratos_apache_stratos_org.apache.stratos.cloud.controller.services.impl430CloudControllerServiceUtil.code,unknown_class,False,559,512,True
7c12cbfc8d12cdc242625cd60e1e4fec66e96410,val,0,MultifacetedAbstraction/Negative/openlvc_portico_openlvc_portico_hlaunit.ieee1516.common658Abstract1516Test.code,unknown_class,False,559,512,True
00071569612d5e76085b3e9e5790af5b4d5698c4,train,0,MultifacetedAbstraction/Negative/rocketscience-projects_javaslang_rocketscience-projects_javaslang_io.vavr104For8Option.code,unknown_class,False,559,512,True
df5738357bffaedde360f383834b85ba9dd9c38f,train,0,MultifacetedAbstraction/Negative/yccheok_jstock_yccheok_jstock_org.yccheok.jstock.gui233BackwardCompatible.code,unknown_class,False,558,512,True
d47008da928812e0af5974155dc4396ff674f0f5,test,0,MultifacetedAbstraction/Negative/LapisBlue_Pore_LapisBlue_Pore_blue.lapis.pore.impl.entity148PoreHorse.code,unknown_class,False,558,512,True
ea5e12b2e5f7af96d9cf291f578c2125278f345e,train,0,MultifacetedAbstraction/Negative/kaazing_gateway_kaazing_gateway_org.apache.mina.core.filterchain36IoFilterEvent.code,unknown_class,False,558,512,True
60e07cedc9cef0a6e15fda939af6b2b46b7e1d72,train,0,MultifacetedAbstraction/Negative/BlueBrain_bluima_BlueBrain_bluima_de.julielab.jules.types1732PennBioIEConstituent.code,unknown_class,False,558,512,True
11499234f00b7d336ec35b3dba03cf8cc41aeb62,train,0,MultifacetedAbstraction/Negative/sitewhere_sitewhere_sitewhere_sitewhere_com.sitewhere.asset.modules.wso2.ws85UpdateCredentialByAdmin.code,unknown_class,False,558,512,True
9aa60fbecb3b6834a006af778df4d78d52ebde47,train,0,MultifacetedAbstraction/Negative/cping_RipplePower_cping_RipplePower_org.ripple.bouncycastle.asn1.cryptopro820ECGOST3410ParamSetParameters.code,unknown_class,False,557,512,True
3e05f2f9f6a928b10714786f3a57c8101c00ea5d,train,0,MultifacetedAbstraction/Negative/kite-sdk_kite_kite-sdk_kite_org.kitesdk.morphline.json740ReadJson.code,unknown_class,False,557,512,True
31b0661368ff46ca4a57fd8f8691a1e815b8f33f,test,0,MultifacetedAbstraction/Negative/reveal-technologies_sitewhere_reveal-technologies_sitewhere_com.sitewhere.batch111BatchUtils.code,unknown_class,False,557,512,True
acda65783465141701da7680a4985e495bcaabc0,val,0,MultifacetedAbstraction/Negative/renekrie_querqy_renekrie_querqy_querqy.rewrite.commonrules.model207ToPlaceHolderTermRewriter.code,unknown_class,False,555,512,True
435e87be61ef5b3d0fe8226dd0fe83bf11de7cde,val,1,MultifacetedAbstraction/Positive/odiszapc_nginx-java-parser_odiszapc_nginx-java-parser_com.github.odiszapc.nginxparser.antlr0BlockContext.code,unknown_class,False,554,512,True
f340994694065d2cb9ee6e7b9af42a96bcfb574f,train,0,MultifacetedAbstraction/Negative/cglib_cglib_cglib_cglib_net.sf.cglib.transform.impl285AbstractInterceptFieldCallback.code,unknown_class,False,553,512,True
c59749b0b043f5839bf7e8d01e91c5ad13b183cf,train,0,MultifacetedAbstraction/Negative/bitcoin-solutions_multibit-hd_bitcoin-solutions_multibit-hd_org.multibit.hd.ui.views.components506AbstractComponentView.code,unknown_class,False,553,512,True
a7260e0e147113798c3dd2f4c6206cd5cbd20213,val,0,MultifacetedAbstraction/Negative/real-logic_Agrona_real-logic_Agrona_org.agrona.concurrent166IdleStrategy.code,unknown_class,False,552,512,True
e6ab5d29f9a9930675890e43f1793541c91fb09c,train,0,MultifacetedAbstraction/Negative/smartparam_smartparam_smartparam_smartparam_org.smartparam.engine.types.integer376IntegerHolder.code,unknown_class,False,552,512,True
bfe0d21a11d25c9eeb2287edb5ee7157efa15485,train,0,MultifacetedAbstraction/Negative/oodrive_eguan_oodrive_eguan_io.eguan.dtx79DistOpResult.code,unknown_class,False,550,512,True
fc61a6058efab4c244043fbb33ce8ef37ed7048e,train,1,MultifacetedAbstraction/Positive/fesh0r_fernflower_fesh0r_fernflower_pkg0TestAnonymousClass.code,unknown_class,False,550,512,True
45aebc09b4a356883419a4047c5d851de1a98574,train,0,MultifacetedAbstraction/Negative/pietermartin_sqlg_pietermartin_sqlg_org.umlg.sqlg.step68SqlgComputerAwareStep.code,unknown_class,False,549,512,True
686bab50dba209a70c8336b1203af1ebf21c0901,train,0,MultifacetedAbstraction/Negative/apache_incubator-wave_apache_incubator-wave_org.waveprotocol.wave.concurrencycontrol.channel1955Stacklet.code,unknown_class,False,549,512,True
9ffcc5e8a85185492cda81ccc11e32507459e752,val,0,MultifacetedAbstraction/Negative/BlueBrain_bluima_BlueBrain_bluima_ch.epfl.bbp.uima.xml.archivearticle3992CopyrightHolder.code,unknown_class,False,547,512,True
9e18fdeeac6e368f574a50e2616131de03f271b9,test,0,MultifacetedAbstraction/Negative/jenkinsci_acceptance-test-harness_jenkinsci_acceptance-test-harness_org.jenkinsci.test.acceptance.plugins.credentials148CredentialsPage.code,unknown_class,False,547,512,True
b0925299bb0f202a83cc8b878ec4e50b56694898,test,0,MultifacetedAbstraction/Negative/naver_pinpoint_naver_pinpoint_com.navercorp.pinpoint.bootstrap.logging335PLogger.code,unknown_class,False,546,512,True
726e1e53cb4d1072fa61859cf4c52beaf8a47bfc,test,0,MultifacetedAbstraction/Negative/SpongePowered_Granite_SpongePowered_Granite_org.spongepowered.server.launch.transformer.deobf46NotchDeobfuscationTransformer.code,unknown_class,False,546,512,True
ada068a1cc1bca26fdcf674d06e08e2e387d46e4,train,0,MultifacetedAbstraction/Negative/smartparam_smartparam_smartparam_smartparam_org.smartparam.engine.types.string386StringType.code,unknown_class,False,546,512,True
dbf359c7bf6cf94eaa001205e0bce0f6178631ac,train,1,MultifacetedAbstraction/Positive/linkedin_gobblin_linkedin_gobblin_org.apache.gobblin.util.test5FastSequentialSource.code,unknown_class,False,545,512,True
03a63f04823f7e0aa1ca84f678a7b1ce5c8fe2c9,train,0,MultifacetedAbstraction/Negative/shazam_fork_shazam_fork_com.shazam.fork.pooling117PoolLoader.code,unknown_class,False,544,512,True
635b93106376d4b9d71940d7617d4b7ae8195159,train,1,MultifacetedAbstraction/Positive/mozilla_j2me.js_mozilla_j2me.js_javax.microedition.pim10PIM.code,unknown_class,False,544,512,True
a028cd18b36882cea742a48b2d9fd6e85df92e24,val,0,MultifacetedAbstraction/Negative/247687009_soa_247687009_soa_io.goudai.soa.quartz.web.entity34Job.code,unknown_class,False,544,512,True
384ce4ef9f2af6b4f68b27c23ab5995030824101,test,0,MultifacetedAbstraction/Negative/jMetal_jMetal_jMetal_jMetal_org.uma.jmetal.runner.multiobjective473WASFGABinaryRunner.code,unknown_class,False,543,512,True
6fd9d70650480c2c58f1036ad4afb0b2de88ef3b,train,0,MultifacetedAbstraction/Negative/mobile-event-processing_Asper_mobile-event-processing_Asper_com.espertech.esper.view.window4800TimeWindowViewFactory.code,unknown_class,False,542,512,True
10c8f44a66adf67c0bcdff0abcbf4dd935bf1006,train,1,MultifacetedAbstraction/Positive/rejasupotaro_octodroid_rejasupotaro_octodroid_com.rejasupotaro.octodroid.models1Event.code,unknown_class,False,541,512,True
49a2a20f5336aacf0d1f2e6f14cff2259b4419a3,test,1,MultifacetedAbstraction/Positive/querydsl_querydsl_querydsl_querydsl_com.querydsl.apt.domain1QueryEmbeddable3Test.code,unknown_class,False,541,512,True
1368acf01c830e33a5c49de117a1c042a003d415,train,0,MultifacetedAbstraction/Negative/square_pagerduty-incidents_square_pagerduty-incidents_com.squareup.pagerduty.incidents6FakePagerDuty.code,unknown_class,False,541,512,True
25440a529b250deab5e71ae774f8923e347b7ec5,train,0,MultifacetedAbstraction/Negative/tlaukkan_zigbee4java_tlaukkan_zigbee4java_org.bubblecloud.zigbee.v3767UnsubscribeCommand.code,unknown_class,False,541,512,True
1dc160a6cc7f3f19a1b9ae39dfc0fd9dea5a4596,train,0,MultifacetedAbstraction/Negative/igniterealtime_Spark_igniterealtime_Spark_org.jivesoftware.spark.decorator268DefaultTabHandler.code,unknown_class,False,539,512,True
8651ef06178863ec08461b8ef1f5d359ac83a0bd,train,0,MultifacetedAbstraction/Negative/google_closure-templates_google_closure-templates_com.google.template.soy.plugin.java.restricted1000SoyJavaSourceFunction.code,unknown_class,False,538,512,True
cc8c0fd3f164eab65e26014b4ef30b06c1e3a7fc,train,0,MultifacetedAbstraction/Negative/apache_struts_apache_struts_org.apache.struts2.config_browser915ShowConfigAction.code,unknown_class,False,536,512,True
039f08ad08aa62cd40a67957cd1841696121adaf,train,0,MultifacetedAbstraction/Negative/apache_stratos_apache_stratos_org.apache.stratos.autoscaler.context.member67MemberStatsContext.code,unknown_class,False,536,512,True
307a5da400c3c73f98a65d13ed92f77a6140504c,test,0,MultifacetedAbstraction/Negative/mobile-event-processing_Asper_mobile-event-processing_Asper_com.espertech.esper.epl.join.table2317PropertyIndexedEventTableFactory.code,unknown_class,False,536,512,True
dac9c7dadffaac9fe288916a65fd2f697a2dbb37,test,0,MultifacetedAbstraction/Negative/gosu-lang_gosu-lang_gosu-lang_gosu-lang_gw.fs572IDirectoryUtilTest.code,unknown_class,False,536,512,True
30444c88ec0560844cb7dfc2cc9d8853123bb2a6,train,0,MultifacetedAbstraction/Negative/awslabs_aws-dynamodb-encryption-java_awslabs_aws-dynamodb-encryption-java_com.amazonaws.services.dynamodbv2.mapper.encryption73BinaryAttributeByteBufferTestClass.code,unknown_class,False,536,512,True
df973f6c355d1511da501fc5f717afb92a388563,train,0,MultifacetedAbstraction/Negative/gosu-lang_gosu-lang_gosu-lang_gosu-lang_gw.internal.gosu.parser1167ModifierInfo.code,unknown_class,False,535,512,True
abb70fdf5e205a55d71256305f65bfcf18512f0c,test,0,MultifacetedAbstraction/Negative/amutu_tdw_amutu_tdw_org.apache.hadoop.hive.metastore.api1526get_db_auth_all_resultTupleScheme.code,unknown_class,False,534,512,True
3ac8ce2de12bdcc9dcf9b9e2c75c002586ebd4d8,test,0,MultifacetedAbstraction/Negative/ArtificerRepo_artificer_ArtificerRepo_artificer_org.artificer.shell343ArtificerContext.code,unknown_class,False,534,512,True
b4f026f66515b1c8f60df0d44d415600f4c42718,train,1,MultifacetedAbstraction/Positive/vladmihalcea_hibernate-master-class_vladmihalcea_hibernate-master-class_com.vladmihalcea.hibernate.masterclass.laboratory.flushing1MergeWithTransientOnInverseSideTest.code,unknown_class,False,533,512,True
1b3bc7b64b314abc7ef833d2730e4893db1b85d6,test,0,MultifacetedAbstraction/Negative/apache_incubator-wave_apache_incubator-wave_org.waveprotocol.wave.client.wavepanel.block1471NodeChecker.code,unknown_class,False,533,512,True
c96cf79f5dd01683298884f3d421d88a0a439072,train,0,MultifacetedAbstraction/Negative/apache_incubator-reef_apache_incubator-reef_org.apache.reef.runtime.multi.client1383MultiRuntimeDefinitionBuilder.code,unknown_class,False,533,512,True
73cc425a28f2902bb8be5ba8ea8d175f15945eeb,test,0,MultifacetedAbstraction/Negative/reveal-technologies_sitewhere_reveal-technologies_sitewhere_com.sitewhere.sources.spi992ICompositeDeviceEventDecoder.code,unknown_class,False,532,512,True
5b3f2249dc8559c9e7f8f4be6d9e6b8de61b70b4,train,0,MultifacetedAbstraction/Negative/Clashsoft_Dyvil_Clashsoft_Dyvil_dyvilx.tools.repl640REPLApplet.code,unknown_class,False,530,512,True
bcaead7f14dfbbe45627cb9ce78f5ae76d046eae,train,1,MultifacetedAbstraction/Positive/midonet_midonet_midonet_midonet_org.midonet.jna2IfrIfru.code,unknown_class,False,530,512,True
a4c83a8f8f7c46eba032a5d51be6c26a73548046,train,0,MultifacetedAbstraction/Negative/hazelcast_hazelcast-simulator_hazelcast_hazelcast-simulator_com.hazelcast.simulator.tests.map342SillySequence.code,unknown_class,False,529,512,True
ff7d8b31bd37bb5afd67defe9af15f4d21e899ad,train,0,MultifacetedAbstraction/Negative/openhab_openhab2_openhab_openhab2_org.openhab.binding.bluetooth.bluegiga.internal.command.attributedb362BlueGigaAttributeStatusEvent.code,unknown_class,False,529,512,True
5d42cb5f08abbd9def64e967c6285c5d7ec7bcf1,train,1,MultifacetedAbstraction/Positive/podcastpedia_podcastpedia-web_podcastpedia_podcastpedia-web_org.podcastpedia.web.searching0Builder.code,unknown_class,False,529,512,True
05671bf1806c3e0ae18a5933e7602020985050c9,train,0,MultifacetedAbstraction/Negative/dswarm_dswarm_dswarm_dswarm_org.dswarm.persistence.model333DMPObject.code,unknown_class,False,528,512,True
9dce9e96d4b217f514cf38cb5de845e61b77c3d2,train,1,MultifacetedAbstraction/Positive/SEL-columbia_dristhi_SEL-columbia_dristhi_org.ei.drishti.dto.register4PNCVisitDTO.code,unknown_class,False,527,512,True
8215ac123f68ce4386a5d028cd7b50202b0eaaa7,train,0,MultifacetedAbstraction/Negative/BlueBrain_bluima_BlueBrain_bluima_ch.epfl.bbp.uima.xml.archivearticle31145ObjectId.code,unknown_class,False,526,512,True
1fd4db70156c5d37b735344211d1945263ce8a56,train,1,MultifacetedAbstraction/Positive/addthis_hydra_addthis_hydra_com.addthis.hydra.data.tree1TreeCommonParameters.code,unknown_class,False,526,512,True
428616e6d15e88e4337a87b7aee3fc9a94bab69f,train,0,MultifacetedAbstraction/Negative/naver_pinpoint_naver_pinpoint_com.navercorp.pinpoint.thrift.dto4735TResponseTimeStandardScheme.code,unknown_class,False,526,512,True
0f983d844dd841e0212da6d9d54cc48477dae95c,test,0,MultifacetedAbstraction/Negative/pushtorefresh_bamboo-storage_pushtorefresh_bamboo-storage_com.pushtorefresh.storio316OptionalTest.code,unknown_class,False,524,512,True
554844335b7129d81701ab3f4456095469974b99,val,0,MultifacetedAbstraction/Negative/apache_stratos_apache_stratos_org.apache.stratos.common.partition527PartitionRef.code,unknown_class,False,524,512,True
e1f152b37c71e2fd27dd194013f8bc04b71c16a6,val,0,MultifacetedAbstraction/Negative/naver_pinpoint_naver_pinpoint_com.navercorp.pinpoint.profiler.instrument3602AccessorAnalyzer.code,unknown_class,False,524,512,True
8cf72a7080e1d798c4eafd00763f140c3b5e15e2,train,0,MultifacetedAbstraction/Negative/fesh0r_fernflower_fesh0r_fernflower_pkg349TestClassLambda.code,unknown_class,False,523,512,True
f69c1c7476195670a8603c7558ebb1fe2f2c52b2,train,0,MultifacetedAbstraction/Negative/apache_incubator-wave_apache_incubator-wave_org.waveprotocol.box.webclient.client596Session.code,unknown_class,False,523,512,True
5bf07c5355780d1f5cbb7073ef2c7b9080ad9e8b,train,0,MultifacetedAbstraction/Negative/naver_pinpoint_naver_pinpoint_com.navercorp.pinpoint.rpc.cluster4354ClusterOption.code,unknown_class,False,522,512,True
62d347b3b08557fecf30f3db6ee23bee4132c0a7,train,1,MultifacetedAbstraction/Positive/tsiemens_pathfinder-toolkit_tsiemens_pathfinder-toolkit_com.lateensoft.pathfinder.toolkit.model.character0Builder.code,unknown_class,False,522,512,True
30d73953909d50b3fd5c7b85c807126f533a6b55,train,0,MultifacetedAbstraction/Negative/openhab_openhab2_openhab_openhab2_org.openhab.binding.lifx.internal.protocol2375StateResponse.code,unknown_class,False,521,512,True
b3df7057c8279993e1d05ef3ea6b2dee89ae2403,val,0,MultifacetedAbstraction/Negative/nemerosa_ontrack_nemerosa_ontrack_net.nemerosa.ontrack.model.structure943IDTest.code,unknown_class,False,521,512,True
8f884847967cee4e004ef7030133411b9f846c1d,train,0,MultifacetedAbstraction/Negative/Evolveum_midpoint_Evolveum_midpoint_com.evolveum.prism.xml.ns._public.types_34390ObjectToAdd.code,unknown_class,False,521,512,True
220ed8ad9858cd21de2d59dff8efcaa191034f30,train,0,MultifacetedAbstraction/Negative/lucaspouzac_contiperf_lucaspouzac_contiperf_org.databene.contiperf.sensor112MemorySensor.code,unknown_class,False,520,512,True
2bf5db0fb71508682262dfebe71f858d77c8f3e8,train,0,MultifacetedAbstraction/Negative/grpc_grpc-java_grpc_grpc-java_io.grpc.internal935RetryPolicy.code,unknown_class,False,520,512,True
9ffebfeb35443c746956f6b4ce0ae1cc3414153c,train,0,MultifacetedAbstraction/Negative/openhab_openhab2_openhab_openhab2_org.openhab.binding.digitalstrom.internal.lib.climate.datatypes684AssignSensorType.code,unknown_class,False,520,512,True
7bcb563bfbcfb56ab0bd2a168362be9f2b6d14d2,train,0,MultifacetedAbstraction/Negative/apache_incubator-wave_apache_incubator-wave_org.waveprotocol.wave.communication1900Codec.code,unknown_class,False,520,512,True
1f5fcd8ffd9964b2a139f7bfd78167487cc20827,test,0,MultifacetedAbstraction/Negative/groupon_DotCi_groupon_DotCi_com.groupon.jenkins.buildtype.plugins34DotCiPluginAdapter.code,unknown_class,False,519,512,True
9388bf871dc509ea022a2c618a6b5e062784f87b,train,0,MultifacetedAbstraction/Negative/querydsl_querydsl_querydsl_querydsl_com.querydsl.core.util1196MathUtilsTest.code,unknown_class,False,519,512,True
9909038575abd62d44768a967ec4399998711158,train,0,MultifacetedAbstraction/Negative/CorfuDB_CorfuDB_CorfuDB_CorfuDB_org.corfudb.universe.universe.vm656VmUniverseParams.code,unknown_class,False,518,512,True
d9763f27727900eab55c612e314943cd01782f2f,train,0,MultifacetedAbstraction/Negative/jordw_heftydb_jordw_heftydb_com.jordanwilliams.heftydb.offheap41BitSet.code,unknown_class,False,518,512,True
35bf4f1b4e2a6dd1d2784aa24dd8d36cafdfe305,train,0,MultifacetedAbstraction/Negative/caskdata_tephra_caskdata_tephra_co.cask.tephra.hbase11.coprocessor340TransactionFilters.code,unknown_class,False,517,512,True
4fac4e3736bda184e8d3dc7f17788aee2f836516,train,1,MultifacetedAbstraction/Positive/bither_bitherj_bither_bitherj_net.bither.bitherj.delegate0HDMHotAdd.code,unknown_class,False,517,512,True
df9db9ed813ccf58ccf9661371917128e5fcb248,train,1,MultifacetedAbstraction/Positive/mobile-event-processing_Asper_mobile-event-processing_Asper_com.espertech.esper.regression.dataflow4MyOperatorOne.code,unknown_class,False,517,512,True
a6c55c8fd50e7498df348d03a51b988651d4876c,test,1,MultifacetedAbstraction/Positive/mobile-event-processing_Asper_mobile-event-processing_Asper_com.espertech.esper.epl.datetime.reformatop3CalendarEvalStatics.code,unknown_class,False,517,512,True
4fd588e20c902e60b2bba9af3b78752605aea354,train,0,MultifacetedAbstraction/Negative/GluuFederation_oxTrust_GluuFederation_oxTrust_org.gluu.oxtrust.action106SearchGroupAction.code,unknown_class,False,516,512,True
fd08ce63b9d3008181400d01d517d2532c624928,val,1,MultifacetedAbstraction/Positive/gosu-lang_gosu-lang_gosu-lang_gosu-lang_gw.spec.core.expressions.memberaccess7MemberAccess_JavaDeclaringClass.code,unknown_class,False,516,512,True
5e563b4c7fbb9780afe6a2fc5148144c7ee79f63,test,0,MultifacetedAbstraction/Negative/opendaylight_controller_opendaylight_controller_org.opendaylight.controller.cluster.databroker.actors.dds420VotingFuture.code,unknown_class,False,515,512,True
8553b3123272a4092e433f20d18124461fb2df24,train,0,MultifacetedAbstraction/Negative/freenet_plugin-Freetalk_freenet_plugin-Freetalk_plugins.Freetalk.ui.web103IdentityEditor.code,unknown_class,False,515,512,True
1965a1a92af261aec9a2c0b611391b5ef5713109,train,0,MultifacetedAbstraction/Negative/ceskaexpedice_kramerius_ceskaexpedice_kramerius_cz.incad.kramerius.impl.fedora405FedoraDatabaseUtils.code,unknown_class,False,514,512,True
254128298f3209546b949f9d4fcf54decc04e8e0,train,0,MultifacetedAbstraction/Negative/igniterealtime_Spark_igniterealtime_Spark_org.jivesoftware.game.reversi167GameForfeit.code,unknown_class,False,514,512,True
90a8990a9d29d0091bc5fc65b2686ed51b6034a6,train,0,MultifacetedAbstraction/Negative/CorfuDB_CorfuDB_CorfuDB_CorfuDB_org.corfudb.universe.node.server601AbstractCorfuServer.code,unknown_class,False,514,512,True
38d0fa58eadad75e3914086c8bba3b0d853572df,train,1,MultifacetedAbstraction/Positive/TNG_jgiven_TNG_jgiven_com.tngtech.jgiven.report.model1TableAnnotation.code,unknown_class,False,513,512,True
b6bfb9f42a47f84bdd55e109a832cb58a0bf2297,train,0,MultifacetedAbstraction/Negative/pushtorefresh_bamboo-storage_pushtorefresh_bamboo-storage_com.pushtorefresh.storio3.sample.ui.adapter337TweetsAdapter.code,unknown_class,False,513,512,True
65828dfdea19d3c7de842abac967f7386fee0192,train,0,MultifacetedAbstraction/Negative/hankcs_HanLP_hankcs_HanLP_com.hankcs.hanlp.dictionary.ts377SimplifiedToTaiwanChineseDictionary.code,unknown_class,False,513,512,True
3270e6c865f8b44357c3cb5a91d55a83ec158409,val,0,MultifacetedAbstraction/Negative/WhisperSystems_WebSocket-Resources_WhisperSystems_WebSocket-Resources_org.whispersystems.websocket.client23WebSocketInterface.code,unknown_class,False,511,511,False
ad0778338e96c3c85b94b65e442001021cd354a3,val,1,MultifacetedAbstraction/Positive/ymback_NGA-CLIENT-VER-OPEN-SOURCE_ymback_NGA-CLIENT-VER-OPEN-SOURCE_sp.phone.param0TopicListParam.code,unknown_class,False,510,510,False
5609a0ea8159b9b3b29c3678dea07113e1f38934,val,0,MultifacetedAbstraction/Negative/freenet_fred_freenet_fred_freenet.pluginmanager1205PluginHandler.code,unknown_class,False,510,510,False
0f81bc398f46b5184a64f157a74a803540880891,train,0,MultifacetedAbstraction/Negative/BlueBrain_bluima_BlueBrain_bluima_ch.epfl.bbp60MissingUtils.code,unknown_class,False,508,508,False
4935ec417a6589622a4335225f8bb734326fc839,train,0,MultifacetedAbstraction/Negative/BlueBrain_bluima_BlueBrain_bluima_neuromodulo.Neuromodulo2019Receptor.code,unknown_class,False,508,508,False
67a72a6e5f3709550103b19b6e157083a911e8d2,train,0,MultifacetedAbstraction/Negative/jtrfp_terminal-recall_jtrfp_terminal-recall_org.jtrfp.trcl.obj901RollBasedTurnBehavior.code,unknown_class,False,508,508,False
9404133ff7129589935b722fe0796b6493fafc53,test,1,MultifacetedAbstraction/Positive/openscore_score-actions_openscore_score-actions_io.cloudslang.content.xml.entities.inputs13ConvertJsonToXmlInputsBuilder.code,unknown_class,False,508,508,False
52cc6c1fd35b1a2bb35b0e6967d19978d50f2391,train,0,MultifacetedAbstraction/Negative/naver_pinpoint_naver_pinpoint_com.navercorp.pinpoint.plugin.spring.boot2964SpringBootPlugin.code,unknown_class,False,508,508,False
c137fd5d1ebfd25605e4c767d1f799a9769fe24f,val,1,MultifacetedAbstraction/Positive/apache_incubator-wave_apache_incubator-wave_org.waveprotocol.wave.client.editor.event3FakeEditorEventsSubHandler.code,unknown_class,False,507,507,False
69872145931e91ef6e461d4313ccdddefd7fe3a3,train,0,MultifacetedAbstraction/Negative/jenkinsci_acceptance-test-harness_jenkinsci_acceptance-test-harness_plugins615TimestamperPluginTest.code,unknown_class,False,506,506,False
eb30908c0950734ca655ebe7ed0980703cc763fc,train,0,MultifacetedAbstraction/Negative/google_google-authenticator-android_google_google-authenticator-android_com.google.android.apps.authenticator.testability77DependencyInjectorModule.code,unknown_class,False,506,506,False
b58a8380598d5753565b343e895486fa8c3cec8e,train,0,MultifacetedAbstraction/Negative/shilad_wikibrain_shilad_wikibrain_org.wikibrain.cookbook.core46CategoryExample.code,unknown_class,False,506,506,False
ae5d1dc917f392ab7980833257e021721cf2c4d9,val,0,MultifacetedAbstraction/Negative/opendaylight_controller_opendaylight_controller_org.opendaylight.controller.cluster.access.commands146ConnectClientSuccessProxyV1.code,unknown_class,False,505,505,False
406401af8cb9396fb84afb8a18b9ca9ff26b838e,test,0,MultifacetedAbstraction/Negative/amutu_tdw_amutu_tdw_org.apache.hadoop.hive.ql.udf3351AesEncryption.code,unknown_class,False,505,505,False
5d3fcac8ce50a3afa5dd3612368c4e521d61325f,train,0,MultifacetedAbstraction/Negative/EdwardRaff_JSAT_EdwardRaff_JSAT_jsat.classifiers.bayesian43NaiveBayesTest.code,unknown_class,False,505,505,False
96cc6c7e016a9be24d1ddb8786dfe5153c6f61cc,val,0,MultifacetedAbstraction/Negative/jtrfp_terminal-recall_jtrfp_terminal-recall_org.jtrfp.trcl.pool927FillThenDrain.code,unknown_class,False,504,504,False
345f296c01cc320195b944fe8b4547ffc119e6bf,train,0,MultifacetedAbstraction/Negative/SEL-columbia_dristhi_SEL-columbia_dristhi_org.ei.drishti.service.reporting.rules580IsOPV2ImmunizationGivenRuleTest.code,unknown_class,False,503,503,False
e26dbb4c037a2fe03136ac57a666c0511fb4c0cb,train,0,MultifacetedAbstraction/Negative/rapidminer_rapidminer_rapidminer_rapidminer_com.rapidminer.operator.ports.quickfix2620AbstractQuickFix.code,unknown_class,False,503,503,False
ee64f1642d3af53acbe1960458cffc797d58daf2,test,0,MultifacetedAbstraction/Negative/TwidereProject_Twidere-Android_TwidereProject_Twidere-Android_org.mariotaku.twidere.fragment303FilesAdapter.code,unknown_class,False,503,503,False
cad291c3f352803d8ef9f5aa8e0b46338ea5361a,train,0,MultifacetedAbstraction/Negative/digitalbuddha_AndroidStarter_digitalbuddha_AndroidStarter_com.digitalbuddha.gdg.ui.utils.typeface35AutoResizeTextView.code,unknown_class,False,503,503,False
db3b32cadcdffee7b1ea1182edc8fcc1536b5e6e,train,0,MultifacetedAbstraction/Negative/caskdata_cdap_caskdata_cdap_io.cdap.cdap.data2.metadata.writer2071MetadataMessage.code,unknown_class,False,503,503,False
6b2b04069090eaff72173c4b85b8e351c639f290,train,1,MultifacetedAbstraction/Positive/Apereo-Learning-Analytics-Initiative_OpenDashboard_Apereo-Learning-Analytics-Initiative_OpenDashboard_od.providers.user1DemoUserProvider.code,unknown_class,False,501,501,False
e758834d18c74120c95348d9d1325b8bd06bda5c,train,0,MultifacetedAbstraction/Negative/google_truth_google_truth_com.google.common.truth19ComparableSubjectCompileTest.code,unknown_class,False,500,500,False
f907f7951e25e38697f8694e21de9576467d601a,train,1,MultifacetedAbstraction/Positive/Appendium_objectlabkit_Appendium_objectlabkit_net.objectlab.kit.util.excel0Builder.code,unknown_class,False,500,500,False
a786119d1f1fe3bc95a65e2609d15e3b1d464739,train,0,MultifacetedAbstraction/Negative/BlueBrain_bluima_BlueBrain_bluima_ch.epfl.bbp.uima.types798NeuronDictTerm.code,unknown_class,False,499,499,False
1c5acf8814aa74eefe7f7bc7c2ac8c5650b82491,test,0,MultifacetedAbstraction/Negative/roboconf_roboconf-platform_roboconf_roboconf-platform_net.roboconf.messaging.api.utils742MessagingUtilsTest.code,unknown_class,False,499,499,False
c104dcb8a3593d7c4d88827e8bba89e06d39bc91,train,0,MultifacetedAbstraction/Negative/FenixEdu_fenixedu-academic_FenixEdu_fenixedu-academic_org.fenixedu.academic.ui.faces.bean.publico2567WrittenEvaluationsByRoomBackingBean.code,unknown_class,False,499,499,False
b00689d27e44e46a3f34b6c72dbe1037837eb1ee,train,1,MultifacetedAbstraction/Positive/tectonicus_tectonicus_tectonicus_tectonicus_tectonicus.blockTypes0Element.code,unknown_class,False,499,499,False
8993aa7f6e95429bfe1d4478b217278a0b263a98,train,0,MultifacetedAbstraction/Negative/247687009_soa_247687009_soa_io.goudai.soa.util50JdbcUtils.code,unknown_class,False,498,498,False
e6b7f3a320114f9799144c94f38e024217c1ef4a,val,0,MultifacetedAbstraction/Negative/google_google-authenticator-android_google_google-authenticator-android_com.google.android.apps.authenticator.otp65TotpClock.code,unknown_class,False,498,498,False
2f07a29a3c4fb16fc5023002e569befe147a450d,train,0,MultifacetedAbstraction/Negative/project-ncl_pnc_project-ncl_pnc_org.jboss.pnc.datastore.predicates.rsql295AbstractTransformer.code,unknown_class,False,498,498,False
ac2ca2ce65e9b794a39d0558f4ffbc96c83ab2ff,train,0,MultifacetedAbstraction/Negative/rundeck_rundeck_rundeck_rundeck_com.dtolabs.rundeck.core.execution.workflow.state447WorkflowStepStateImpl.code,unknown_class,False,497,497,False
952879adeea9d9c4dfc079cf654e7104071c16b6,train,1,MultifacetedAbstraction/Positive/TwidereProject_Twidere-Android_TwidereProject_Twidere-Android_org.mariotaku.microblog.library.twitter.model5StatusActivitySummary.code,unknown_class,False,497,497,False
80704a441f8d98c972dc24150db818ff83917ca6,train,0,MultifacetedAbstraction/Negative/pac4j_pac4j_pac4j_pac4j_org.pac4j.oidc.logout605OidcLogoutActionBuilder.code,unknown_class,False,497,497,False
adc37af4b504d5bc85b1c1092ecdcf027c06f483,train,0,MultifacetedAbstraction/Negative/imagej_imagej-ops_imagej_imagej-ops_net.imagej.ops.transform.addDimensionView1134AddDimensionViewTest.code,unknown_class,False,497,497,False
f1c39c739d9b9d0f09c3379de6777f90830044f9,val,0,MultifacetedAbstraction/Negative/Evolveum_midpoint_Evolveum_midpoint_com.evolveum.midpoint.web.page.admin.reports3901PageAuditLogViewer.code,unknown_class,False,497,497,False
6761819052c5d06262830faac0acbdf7cb6dedc3,train,0,MultifacetedAbstraction/Negative/iluwatar_java-design-patterns_iluwatar_java-design-patterns_com.iluwatar.memento672App.code,unknown_class,False,497,497,False
46089f0e7ee3d3c5e2cfb0f01ae0fb9d1710e99e,train,0,MultifacetedAbstraction/Negative/CorfuDB_CorfuDB_CorfuDB_CorfuDB_org.corfudb.infrastructure.orchestrator.workflows174ForceRemoveWorkflow.code,unknown_class,False,496,496,False
eccc965c2bf15992752df0e2e0de1da9fa05b83f,train,0,MultifacetedAbstraction/Negative/cybergarage_cybergarage-upnp_cybergarage_cybergarage-upnp_(default package)29TvFrame.code,unknown_class,False,496,496,False
b4126c3606129fe174813c301095a922110d70eb,train,0,MultifacetedAbstraction/Negative/yegor256_netbout_yegor256_netbout_com.netbout.cached2CdAlias.code,unknown_class,False,496,496,False
3b4a6ad2f1dcc6c818eb605f97fbf6b409a2cbf4,train,0,MultifacetedAbstraction/Negative/EugeneKay_subsonic_EugeneKay_subsonic_org.libresonic.player.i18n247LibresonicLocaleResolver.code,unknown_class,False,496,496,False
c917ce253014d2b3bbcd8cc5e9b0b569f14ba5f8,train,1,MultifacetedAbstraction/Positive/gosu-lang_gosu-lang_gosu-lang_gosu-lang_gw.spec.testgen10EvaluationRoot.code,unknown_class,False,496,496,False
575ceb57f7ab6255ca926ee1ff61e707c8f4517b,train,0,MultifacetedAbstraction/Negative/cping_RipplePower_cping_RipplePower_org.ripple.bouncycastle.crypto.ec1209ECNewPublicKeyTransform.code,unknown_class,False,496,496,False
0c8b58ecd49ca90f9d6599fe7e51b1638bf56b5b,test,0,MultifacetedAbstraction/Negative/TNG_jgiven_TNG_jgiven_com.tngtech.jgiven.report.config522ConfigOptionLevenshteinDistance.code,unknown_class,False,495,495,False
3290f40894aaabe9a5d467cf42f4573db8a82d52,train,0,MultifacetedAbstraction/Negative/google_closure-compiler_google_closure-compiler_com.google.javascript.jscomp105AssertionFunctionSpec.code,unknown_class,False,495,495,False
6475699da2e7ffe2a2d7d00e9bdcf62617a06a83,train,0,MultifacetedAbstraction/Negative/rapidminer_rapidminer_rapidminer_rapidminer_com.rapidminer.gui.renderer.associations1131GSPRenderer.code,unknown_class,False,494,494,False
bb087cdb7049d45fa34ebfefa467cc7c2e3c2bbe,val,0,MultifacetedAbstraction/Negative/thheller_shadow-pgsql_thheller_shadow-pgsql_shadow.pgsql.types57Text.code,unknown_class,False,494,494,False
9d8b851d9f921f42fa33dc229187acd326efaa2b,val,0,MultifacetedAbstraction/Negative/cloud-software-foundation_c5_cloud-software-foundation_c5_org.apache.hadoop.hbase.snapshot2816CopyRecoveredEditsTask.code,unknown_class,False,494,494,False
adf4d6fc57ad405d44a1d9e3ab5a8e86081fded4,train,1,MultifacetedAbstraction/Positive/openhab_openhab2_openhab_openhab2_org.openhab.binding.nikohomecontrol.internal.protocol.nhc224NhcSystemInfo2.code,unknown_class,False,494,494,False
31b3ea3b00f3b4918c20faf6b256082561cdae8a,train,0,MultifacetedAbstraction/Negative/bitcoin-solutions_multibit-hardware_bitcoin-solutions_multibit-hardware_org.multibit.hd.hardware.examples.trezor.rpi404TrezorShieldFeaturesExample.code,unknown_class,False,494,494,False
bd7dc6a80522cd09d8367a212adcd6757a806736,train,0,MultifacetedAbstraction/Negative/igniterealtime_Openfire_igniterealtime_Openfire_org.jivesoftware.openfire.muc.cluster465OccupantLeftEvent.code,unknown_class,False,493,493,False
5532ab63f7c64de5a752e2b6b111b54bf77594d1,train,0,MultifacetedAbstraction/Negative/stagemonitor_stagemonitor_stagemonitor_stagemonitor_org.stagemonitor.benchmark.profiler64ProfilerBenchmark.code,unknown_class,False,492,492,False
733dfea9018eb4ed35f793bfd3f12e1d2e95f4f5,test,0,MultifacetedAbstraction/Negative/google_google-oauth-java-client_google_google-oauth-java-client_com.google.api.client.extensions.appengine.auth.oauth280AppEngineCredentialStoreTest.code,unknown_class,False,492,492,False
559d427c7a9aa90c9f5a61be9f1c7d166ca0cfec,train,0,MultifacetedAbstraction/Negative/nekopanda_logbook_nekopanda_logbook_logbook.internal235SeaExp.code,unknown_class,False,491,491,False
e28868510bbfc26e2f530134d6627088a47e2f92,train,0,MultifacetedAbstraction/Negative/naver_pinpoint_naver_pinpoint_com.navercorp.pinpoint.rpc.client4344ReconnectStateClientHandler.code,unknown_class,False,491,491,False
6f63e0bfe7a223d7a59f31cadbac495daaf73e50,test,0,MultifacetedAbstraction/Negative/semanticvectors_semanticvectors_semanticvectors_semanticvectors_pitt.search.semanticvectors.utils116Distribution.code,unknown_class,False,490,490,False
5e60fb9353c079cb9a19de5d1da7c3c196ef2c63,train,0,MultifacetedAbstraction/Negative/trade-manager_trade-manager_trade-manager_trade-manager_org.trade.dictionary.valuetype158DAOGroup.code,unknown_class,False,489,489,False
8a2b7601cf1bf8933de96f09a4501f80ccd7698b,train,0,MultifacetedAbstraction/Negative/naver_pinpoint_naver_pinpoint_com.navercorp.pinpoint.common.util1510StaticFieldLookUpTest.code,unknown_class,False,489,489,False
281659ef9e8b9a00d380328a392e8b25c007cd2f,test,0,MultifacetedAbstraction/Negative/looly_hutool_looly_hutool_cn.hutool.core.text443UnicodeUtilTest.code,unknown_class,False,488,488,False
e8297e8cacbe56e63b63220f14d3f198b00a81bc,train,0,MultifacetedAbstraction/Negative/foxinmy_weixin4j_foxinmy_weixin4j_com.foxinmy.weixin4j.qy.model450Contacts.code,unknown_class,False,488,488,False
aff1064bfa555efc2a7189b51e1952493d00d26b,train,0,MultifacetedAbstraction/Negative/roboconf_roboconf-platform_roboconf_roboconf-platform_net.roboconf.agent.internal.sync38SauronAgent.code,unknown_class,False,488,488,False
fc8f4481d0a87d1e4334673038457079bc3a2ef4,train,0,MultifacetedAbstraction/Negative/amutu_tdw_amutu_tdw_org.apache.hadoop.hive.metastore.api2466revokeRoleFromUser_call.code,unknown_class,False,488,488,False
bd86f0105de49cb5edba4da8b6bd343229738816,train,0,MultifacetedAbstraction/Negative/apache_incubator-wave_apache_incubator-wave_org.waveprotocol.wave.client.clipboard721PasteBufferImplOldFirefox.code,unknown_class,False,488,488,False
660da51bd26e04cdbfe52f8be310f3afc90cb2ca,train,0,MultifacetedAbstraction/Negative/ymback_NGA-CLIENT-VER-OPEN-SOURCE_ymback_NGA-CLIENT-VER-OPEN-SOURCE_sp.phone.mvp.contract175Model.code,unknown_class,False,487,487,False
aad52fccaa6d0960b1182f9dfdbb07cd7a6a965e,train,0,MultifacetedAbstraction/Negative/ligi_PassAndroid_ligi_PassAndroid_com.ibm.icu.text28CharsetRecog_IBM420_ar_rtl.code,IBM42,False,487,487,False
603a86523f0e6d664af8eb032f4f4b0ba9b5370f,train,0,MultifacetedAbstraction/Negative/apache_olingo-odata4_apache_olingo-odata4_org.apache.olingo.server.core.uri.queryoption.expression1736BinaryImpl.code,unknown_class,False,487,487,False
640f8cfc96009938f21ae417349d60797875bf18,train,0,MultifacetedAbstraction/Negative/bitcoin-solutions_multibit-hd_bitcoin-solutions_multibit-hd_org.multibit.hd.ui.fest.use_cases.trezor424TrezorEnterPinFromMasterPublicKeyUseCase.code,unknown_class,False,486,486,False
3f9b171e005505ddd71e1edcb9d38b74624ecdbd,train,0,MultifacetedAbstraction/Negative/midonet_midonet_midonet_midonet_org.midonet.client.resource59Host.code,unknown_class,False,486,486,False
722c1d8472e973eeb3fcc3bf7700310d7808f5d5,train,0,MultifacetedAbstraction/Negative/jenkinsci_acceptance-test-harness_jenkinsci_acceptance-test-harness_plugins.plot623PlotPluginPropertiesTest.code,unknown_class,False,486,486,False
bdd314bc9e4e98d1787c6ab3681a87392659a9ba,val,0,MultifacetedAbstraction/Negative/BlueBrain_bluima_BlueBrain_bluima_de.julielab.jules.types.stemnet1952Cytokine.code,unknown_class,False,486,486,False
a06cf767bd00eb453818e6047d1f6f1c98eae4e1,train,0,MultifacetedAbstraction/Negative/allanbank_mongodb-async-driver_allanbank_mongodb-async-driver_com.allanbank.mongodb.client.message416HeaderTest.code,unknown_class,False,485,485,False
36510f0356f0e0a64f5623d587f4800c79cf4e28,train,0,MultifacetedAbstraction/Negative/netplex_json-smart-v2_netplex_json-smart-v2_net.minidev.json51MPAgressive.code,unknown_class,False,485,485,False
0fc2ebeed0009a31c944869979782296731685cd,train,0,MultifacetedAbstraction/Negative/BlueBrain_bluima_BlueBrain_bluima_de.julielab.jules.types1781ValueMention.code,unknown_class,False,485,485,False
0ff95c778d024cb90b1ea00a9ce12f6b45f22ede,test,0,MultifacetedAbstraction/Negative/cping_RipplePower_cping_RipplePower_org.ripple.bouncycastle.asn1.kisa907KISAObjectIdentifiers.code,unknown_class,False,484,484,False
10387ff2f829cb339369be93d72788d642d5d05b,val,1,MultifacetedAbstraction/Positive/xtext_seven-languages-xtext_xtext_seven-languages-xtext_org.xtext.httprouting.services5DependencyElements.code,unknown_class,False,484,484,False
73907238c860c2afda5093e8d77e0f6c96112780,train,1,MultifacetedAbstraction/Positive/fesh0r_fernflower_fesh0r_fernflower_pkg1TestConstants.code,unknown_class,False,484,484,False
223fe747059b122f32b2b55c6853bbbe79cc29a4,train,0,MultifacetedAbstraction/Negative/KleeGroup_vertigo_KleeGroup_vertigo_io.vertigo.dynamo.criteria571CriteriaExpression.code,unknown_class,False,483,483,False
165fbe13ca59c63f2849c45de30e41abb62111c1,train,0,MultifacetedAbstraction/Negative/swagger-api_swagger-parser_swagger-api_swagger-parser_io.swagger.v3.parser.processors24OperationProcessorTest.code,unknown_class,False,483,483,False
1decaf185474c655d6945047ae9663b596152a02,train,0,MultifacetedAbstraction/Negative/twitter_cloudhopper-commons_twitter_cloudhopper-commons_com.cloudhopper.commons.xbean308XmlBeanTypeTest.code,unknown_class,False,483,483,False
a56dacb8112ecfc5616ca260924493d8e10f0c3a,val,0,MultifacetedAbstraction/Negative/openMF_android-client_openMF_android-client_com.mifos.objects.templates.clients598IncomeOrLiabilityAccount.code,unknown_class,False,482,482,False
8bcc86dfb961e5c01716a14beca6cc43b4ddcd58,train,1,MultifacetedAbstraction/Positive/xtext_seven-languages-xtext_xtext_seven-languages-xtext_org.xtext.mongobeans.services12PackageDeclarationElements.code,unknown_class,False,482,482,False
2318ebeb3ec3d40f29e485e2a00346ddb3eb5405,val,1,MultifacetedAbstraction/Positive/xtext_seven-languages-xtext_xtext_seven-languages-xtext_org.xtext.tortoiseshell.services20BodyElements.code,unknown_class,False,482,482,False
cabba91332bb138ccf82774d63be093580df4a1a,train,1,MultifacetedAbstraction/Positive/cping_RipplePower_cping_RipplePower_org.ripple.bouncycastle.crypto.tls3SecurityParameters.code,unknown_class,False,481,481,False
335c4fcaf910a458a864938c34e2bbeff05bdffc,train,0,MultifacetedAbstraction/Negative/jtrfp_terminal-recall_jtrfp_terminal-recall_org.jtrfp.trcl.beh142DamageTrigger.code,unknown_class,False,481,481,False
25e3916d804fc7449eb4a1e6c2809a9ec95f936e,train,0,MultifacetedAbstraction/Negative/wildflyext_wildfly-camel_wildflyext_wildfly-camel_org.wildfly.camel.test.xchange755XChangeMarketIntegrationTest.code,unknown_class,False,481,481,False
3fde015205b7f4384d91947bbd792f5f4a991903,train,0,MultifacetedAbstraction/Negative/ctron_package-drone_ctron_package-drone_org.eclipse.packagedrone.web.forms.tags990Form.code,unknown_class,False,480,480,False
35272071b0f1e0fac499118138d1024340268989,train,0,MultifacetedAbstraction/Negative/ExactTarget_fuel-java_ExactTarget_fuel-java_com.exacttarget.fuelsdk57ETSubscriberListTest.code,unknown_class,False,480,480,False
4919711af23c1ced513064d321dc220b3a07afc3,train,0,MultifacetedAbstraction/Negative/nosceon_titanite_nosceon_titanite_org.nosceon.titanite56FiltersTest.code,unknown_class,False,480,480,False
582ff6f0f78348caf8b663301c2f312cb2493c02,train,0,MultifacetedAbstraction/Negative/ReactiveX_RxJava_ReactiveX_RxJava_io.reactivex.rxjava3.internal.operators.single1886SingleDelay.code,unknown_class,False,480,480,False
3a5668f81bf797594465a7260e7a22ef47a76b57,train,0,MultifacetedAbstraction/Negative/ReactiveX_RxJava_ReactiveX_RxJava_io.reactivex.rxjava3.internal.util2123CrashingMappedIterable.code,unknown_class,False,479,479,False
e33c12c4582572bd206683e49c92d0da7c556f2e,train,1,MultifacetedAbstraction/Positive/ObeoNetwork_UML-Designer_ObeoNetwork_UML-Designer_org.obeonetwork.dsl.uml2.design.tests.common3Notifications.code,unknown_class,False,479,479,False
7805cb6d65ae93840b399c3b06e403e53cfae66a,train,0,MultifacetedAbstraction/Negative/zutherb_AppStash_zutherb_AppStash_io.github.zutherb.appstash.shop.ui.page136RegistrationPageTest.code,unknown_class,False,479,479,False
d2b4337e32afaa8bc742167aa44c39157a9f3dc3,train,0,MultifacetedAbstraction/Negative/cbitstech_Purple-Robot_cbitstech_Purple-Robot_edu.northwestern.cbits.purple.notifier8BadgeSettingsActivity.code,unknown_class,False,478,478,False
f9a2cf613eaddbe79f8cae72e45e0f4f45a11be5,train,1,MultifacetedAbstraction/Positive/JCTools_JCTools_JCTools_JCTools_org.jctools.queues.atomic4MpscUnboundedAtomicArrayQueue.code,unknown_class,False,478,478,False
8e7703faa630eb412ffccec905c835407e487724,train,1,MultifacetedAbstraction/Positive/vanita5_twittnuker_vanita5_twittnuker_de.vanita5.microblog.library.twitter.model5StatusActivitySummary.code,unknown_class,False,477,477,False
12eda6dbcf18b02ce4fed10afb18877389767240,train,0,MultifacetedAbstraction/Negative/gosu-lang_gosu-lang_gosu-lang_gosu-lang_editor2AbstractCloseDialog.code,unknown_class,False,477,477,False
74e068776140189d3d9d58cf0972f86c88148feb,test,0,MultifacetedAbstraction/Negative/looly_hutool_looly_hutool_cn.hutool.extra.template.engine.rythm751RythmEngine.code,unknown_class,False,477,477,False
7a29af9c9964e813fbefbd51420477b45a4d60e3,train,0,MultifacetedAbstraction/Negative/neo4j-contrib_graph-collections_neo4j-contrib_graph-collections_org.neo4j.collections.graphdb.impl87NullaryEdgeImpl.code,unknown_class,False,477,477,False
34391ebbc18ee6f9be0876b775b77a0ffa310e97,val,0,MultifacetedAbstraction/Negative/apache_tajo_apache_tajo_org.apache.tajo.ws.rs.resources2328GetQueryDelegate.code,unknown_class,False,477,477,False
9af9634a42555614a67862ec32ae9c47513ea586,val,1,MultifacetedAbstraction/Positive/Azure_azure-documentdb-java_Azure_azure-documentdb-java_com.microsoft.azure.documentdb.bulkimport0CmdLineConfiguration.code,unknown_class,False,477,477,False
d6d9042d2c9964545504e26db8e7e9e55f538d70,val,1,MultifacetedAbstraction/Positive/syncany_syncany_syncany_syncany_org.syncany.operations.update1AppInfo.code,unknown_class,False,476,476,False
dc18cd10a1742cf3ed2fd8da9944b862f7e151e5,test,0,MultifacetedAbstraction/Negative/aol_simple-react_aol_simple-react_com.oath.cyclops.internal.stream.spliterators.push274LimitOperator.code,unknown_class,False,476,476,False
ca71fdf39f3b92e8fee001ea46659b2cef4b6f10,train,0,MultifacetedAbstraction/Negative/linkedin_gobblin_linkedin_gobblin_org.apache.gobblin.data.management.copy.publisher1015DeletingCopyDataPublisher.code,unknown_class,False,476,476,False
f60b107b83679d20b2c25e9d736632167d988dca,test,0,MultifacetedAbstraction/Negative/SkymindIO_nd4j_SkymindIO_nd4j_org.nd4j.linalg.api.ops.impl.transforms.gradient820HardTanhDerivative.code,unknown_class,False,476,476,False
f3ad355ef2eedf0186039f157c4d2f9ca000973a,train,1,MultifacetedAbstraction/Positive/gid15_jpcsp_gid15_jpcsp_jpcsp.format.rco.object2UButtonObject.code,unknown_class,False,475,475,False
83a9efc5b8d4fbf77ae51af510617dc8ad15d347,val,0,MultifacetedAbstraction/Negative/xpqiu_fnlp_xpqiu_fnlp_org.fnlp.train.tag383ProcessCorpus.code,unknown_class,False,475,475,False
967ddfda3bb11cbbcbb119e6244aa9099efbc7f6,train,0,MultifacetedAbstraction/Negative/jMetal_jMetal_jMetal_jMetal_org.uma.jmetal.qualityindicator.impl.hypervolume393MockDoubleProblem.code,unknown_class,False,475,475,False
736bd7b59779423c704cc9772178887d42db2e3a,train,0,MultifacetedAbstraction/Negative/joel-costigliola_assertj-swing_joel-costigliola_assertj-swing_org.assertj.swing.driver1018JTreeDriver_clickPath_withMouseClickInfo_Test.code,unknown_class,False,475,475,False
80d54a0ac248a95c3fd58b91b160316263e24267,train,0,MultifacetedAbstraction/Negative/bitcoinj_bitcoinj_bitcoinj_bitcoinj_org.bitcoinj.core34AlertMessageTest.code,unknown_class,False,474,474,False
29ceb7da89ac97d93d12dc8d1ed0b5c6f3420f9c,val,1,MultifacetedAbstraction/Positive/openhab_openhab2_openhab_openhab2_org.openhab.binding.weatherunderground.internal.json33WeatherUndergroundJsonLocation.code,unknown_class,False,474,474,False
14f8ba93c3885fabca06a840705205b6a2d1271b,train,0,MultifacetedAbstraction/Negative/trade-manager_trade-manager_trade-manager_trade-manager_org.trade.ui.widget457ColorEditor.code,unknown_class,False,474,474,False
2882dab0bb2f5b52a8316208b1686e2d93630bf8,train,1,MultifacetedAbstraction/Positive/SnippingToolPlusPlus_SnippingToolPlusPlus_SnippingToolPlusPlus_SnippingToolPlusPlus_com.shaneisrael.st.imgur0ImgurImage.code,unknown_class,False,473,473,False
0c0e331b4586ac4a1af8461cb47dccb2f0bb85ac,val,0,MultifacetedAbstraction/Negative/roboconf_roboconf-platform_roboconf_roboconf-platform_net.roboconf.dm.rest.services.internal.utils484RestServicesUtils.code,unknown_class,False,473,473,False
97f19b06012fcccb91c4c3999cf1e4e35b149bb5,val,0,MultifacetedAbstraction/Negative/stephanenicolas_robospice_stephanenicolas_robospice_com.octo.android.robospice.persistence.ormlite125InDatabaseObjectPersisterFactory.code,unknown_class,False,471,471,False
47c3d43c7af46d32591b068a3f89b939d3f5f77b,train,1,MultifacetedAbstraction/Positive/jenkinsci_acceptance-test-harness_jenkinsci_acceptance-test-harness_org.jenkinsci.test.acceptance.plugins.matrix_auth3MatrixRow.code,unknown_class,False,471,471,False
c340b768d9b517032863e6b8a90ec5718fa78e5e,train,0,MultifacetedAbstraction/Negative/iluwatar_java-design-patterns_iluwatar_java-design-patterns_com.iluwatar.intercepting.filter585Target.code,unknown_class,False,471,471,False
2581c6fa58b59683815074fd8a57f903c4bd1556,train,0,MultifacetedAbstraction/Negative/google_guice_google_guice_com.google.inject.internal856UntargettedBindingImpl.code,unknown_class,False,470,470,False
839ec22c852796fc2d8fad99c60e799ff7207d0c,train,0,MultifacetedAbstraction/Negative/addthis_hydra_addthis_hydra_com.addthis.hydra.task.map954SortedDeDupBuilder.code,unknown_class,False,470,470,False
f9528eea2c103db4538ec38ee4603d38040e3a14,val,0,MultifacetedAbstraction/Negative/BlueBrain_bluima_BlueBrain_bluima_de.julielab.jules.types.ace1788Anchor.code,unknown_class,False,470,470,False
55f752de7e4bd51416314e2ffe61ba619b7e2fa9,train,0,MultifacetedAbstraction/Negative/vert-x3_vertx-codegen_vert-x3_vertx-codegen_io.vertx.test.codegen.testdataobject527PropertySetGettersSetters.code,unknown_class,False,469,469,False
9ab4c41cde94e0058a44809cc1d3fd4dc4398695,train,1,MultifacetedAbstraction/Positive/Netflix_staash_Netflix_staash_com.netflix.paas.cassandra.provider.impl0AnnotatedAstyanaxConfiguration.code,unknown_class,False,469,469,False
5fd98c7b125d22d242b9cc206dd3e34eee85d370,train,1,MultifacetedAbstraction/Positive/openhab_openhab2_openhab_openhab2_org.openhab.binding.freebox.internal.api.model7FreeboxLanHost.code,unknown_class,False,469,469,False
b4dc56a7c90ba4a8724eea66d1632b87fb5f862e,test,0,MultifacetedAbstraction/Negative/pushtorefresh_bamboo-storage_pushtorefresh_bamboo-storage_com.pushtorefresh.storio3.contentresolver40LowLevel.code,unknown_class,False,468,468,False
c988fdf781dd34d84e674aeb90cb572feb29573a,val,0,MultifacetedAbstraction/Negative/pavel4n_wowdoge.org_pavel4n_wowdoge.org_com.google.dogecoin.protocols.channels240ServerConnection.code,unknown_class,False,467,467,False
3058e89146fb227f877b2a8987cba7617641d0d8,train,0,MultifacetedAbstraction/Negative/larsga_Duke_larsga_Duke_no.priv.garshol.duke.cleaners63LowerCaseNormalizeCleanerTest.code,unknown_class,False,467,467,False
636faf137f1df38a142dad957d283c37f78295bd,train,1,MultifacetedAbstraction/Positive/kaazing_k3po_kaazing_k3po_org.kaazing.k3po.driver.internal.behavior0Configuration.code,unknown_class,False,466,466,False
f28cb821954b30a20bcc3e5a6ff1011a2514f40c,train,0,MultifacetedAbstraction/Negative/Dynious_RefinedRelocation_Dynious_RefinedRelocation_com.dynious.refinedrelocation.client.renderer123ItemRendererSortingAlchemicalChest.code,unknown_class,False,466,466,False
22160f98fbdeab6a3eafce3ae9c17bbf7153fb63,train,0,MultifacetedAbstraction/Negative/ligi_PassAndroid_ligi_PassAndroid_com.ibm.icu.text30CharsetRecog_IBM424_he_ltr.code,IBM42,False,465,465,False
e6963715220b18e7462ecb36b28ccb0e2bb0918d,train,0,MultifacetedAbstraction/Negative/kuujo_copycat_kuujo_copycat_io.atomix.primitive.partition909PrimaryTermTest.code,unknown_class,False,465,465,False
53bd406590b45c1053900b43ee19850aa9a9a1cb,train,0,MultifacetedAbstraction/Negative/OryxProject_oryx_OryxProject_oryx_com.cloudera.oryx.lambda.speed374AbstractSpeedIT.code,unknown_class,False,465,465,False
835c3a20531dba62270638ba4477f7292c80b364,train,0,MultifacetedAbstraction/Negative/rapidminer_rapidminer_rapidminer_rapidminer_com.rapidminer.gui.flow436ExtensionButton.code,unknown_class,False,464,464,False
5c66c9d1e3bfcec67251aa5fc6f0f2ee6f98cc41,train,0,MultifacetedAbstraction/Negative/Cardshifter_Cardshifter_Cardshifter_Cardshifter_com.cardshifter.gdx.client116GWTClient.code,unknown_class,False,464,464,False
4c78796091633bdff2668d19fc0707104a2b5c69,train,0,MultifacetedAbstraction/Negative/opendaylight_controller_opendaylight_controller_org.opendaylight.controller.md.sal.dom.api1586DOMDataWriteTransaction.code,unknown_class,False,464,464,False
2b66c6dbb68752ccd10545c1d6595ff844c2e9c6,train,0,MultifacetedAbstraction/Negative/ReactiveX_RxJava_ReactiveX_RxJava_io.reactivex.rxjava3.internal.operators.flowable843FuncWithErrors.code,unknown_class,False,463,463,False
62cf49420a5066e9f21e2470fafec0b7fe22e466,train,0,MultifacetedAbstraction/Negative/edx_edx-app-android_edx_edx-app-android_org.edx.mobile.module.db274DataCallback.code,unknown_class,False,463,463,False
4e1a231339466921c1020885e576c447810e50be,train,0,MultifacetedAbstraction/Negative/Rajawali_Rajawali_Rajawali_Rajawali_org.rajawali3d.examples.examples.postprocessing227FXAARenderer.code,unknown_class,False,463,463,False
310bf9e7c0c7d80a3f205f206e8aaf57c5494b4f,train,0,MultifacetedAbstraction/Negative/pac4j_pac4j_pac4j_pac4j_org.pac4j.core.store285AbstractStoreTests.code,unknown_class,False,462,462,False
b47d2120adc59c757c94e098ef942192b075387a,train,0,MultifacetedAbstraction/Negative/caskdata_tephra_caskdata_tephra_co.cask.tephra.snapshot456SnapshotCodecV2.code,unknown_class,False,460,460,False
c053e1f1fe5142c6335d77291532e9a37d0a09eb,val,0,MultifacetedAbstraction/Negative/apache_olingo-odata2_apache_olingo-odata2_org.apache.olingo.odata2.core.debug529DebugInfoBodyTest.code,unknown_class,False,460,460,False
33c8c0ba07a2f12c20212b381a7aced389c3e819,train,0,MultifacetedAbstraction/Negative/marklogic_java-client-api_marklogic_java-client-api_com.marklogic.client.admin38NamespacesManager.code,unknown_class,False,459,459,False
47189ec0c962bd47623909e959737c08859b72ed,train,0,MultifacetedAbstraction/Negative/apache_stratos_apache_stratos_org.jclouds.aws.ec2.compute.functions1267PresentSpotRequestsAndInstances.code,unknown_class,False,459,459,False
af6f6983e55aaf6449eb9b7b57d164d51ff852c5,val,0,MultifacetedAbstraction/Negative/lenskit_lenskit_lenskit_lenskit_org.lenskit.eval.traintest.predict385RMSEPredictMetricTest.code,unknown_class,False,458,458,False
86a0c1bfded94805d60ec24e89544770add7fd0d,train,0,MultifacetedAbstraction/Negative/SpoutDev_Vanilla_SpoutDev_Vanilla_org.spout.vanilla.inventory.block340ChestInventory.code,unknown_class,False,458,458,False
3ddffaa025b2e8ec16f80bbf1220fa8bea622843,test,0,MultifacetedAbstraction/Negative/amutu_tdw_amutu_tdw_org.apache.hadoop.hive.metastore.api2478revokeUserGroup_call.code,unknown_class,False,458,458,False
b2a726cc293549f12213a13dd654e8a0c1aee994,train,0,MultifacetedAbstraction/Negative/augustt198_lumen_augustt198_lumen_me.august.lumen.compile.analyze.method33MethodReference.code,unknown_class,False,457,457,False
39a3de03a3119aa9a9c9eae8a5a354b890caaba1,train,0,MultifacetedAbstraction/Negative/buschmais_extended-objects_buschmais_extended-objects_com.buschmais.xo.neo4j.remote.impl.model254AbstractRemotePropertyContainer.code,unknown_class,False,457,457,False
0c374a11d7a9d261910a3dd875aac0e2fbc2dc71,train,0,MultifacetedAbstraction/Negative/zhangkaitao_spring4-showcase_zhangkaitao_spring4-showcase_com.sishuok.spring342PropertySourceTest.code,unknown_class,False,456,456,False
063b9541902ba995f7d3898e7893c4ee4ac67e8c,train,0,MultifacetedAbstraction/Negative/spencerwi_hamcrest-jdk8-time_spencerwi_hamcrest-jdk8-time_com.spencerwi.hamcrestJDK8Time.matchers9IsBeforeZonedDateTimeTest.code,unknown_class,False,456,456,False
c0fbbe14aab62c204bb9364ed2c370271a68f5e3,val,0,MultifacetedAbstraction/Negative/spencerwi_hamcrest-jdk8-time_spencerwi_hamcrest-jdk8-time_com.spencerwi.hamcrestJDK8Time.matchers5IsAfterZonedDateTimeTest.code,unknown_class,False,456,456,False
a5ca0d2615d0126157e4a829233cc33441a3a89e,train,0,MultifacetedAbstraction/Negative/gosu-lang_gosu-lang_gosu-lang_gosu-lang_gw.lang.reflect.java2448GosuTypes.code,unknown_class,False,456,456,False
a93a47fe958884834ebea4b4f6cf97e3bfa77b05,train,0,MultifacetedAbstraction/Negative/benhysell_V.FlyoutTest_benhysell_V.FlyoutTest_android.support.v4.util204KeySet.code,unknown_class,False,455,455,False
ebcd28096ebc6605ad23a500874bdefdf2d4d4f8,val,0,MultifacetedAbstraction/Negative/freenet_fred_freenet_fred_freenet.config657Config.code,unknown_class,False,455,455,False
483b26faf59698e665a4c14aa91af8c3cd392ddd,train,0,MultifacetedAbstraction/Negative/google_closure-compiler_google_closure-compiler_com.google.javascript.jscomp765LiveRangeChecker.code,unknown_class,False,455,455,False
846e7a128aca46f892cc498ec024a10ef3da1404,train,0,MultifacetedAbstraction/Negative/DroidPlanner_droidplanner_DroidPlanner_droidplanner_org.droidplanner.android.proxy.mission.item.fragments157MissionCameraTriggerFragment.code,unknown_class,False,454,454,False
bba9f812d2cc58eb6d392164c7319e397a0614bb,train,0,MultifacetedAbstraction/Negative/tectonicus_tectonicus_tectonicus_tectonicus_tectonicus.gui206MinecraftJarBrowserLine.code,unknown_class,False,454,454,False
00e035230ae665b531cb3f65305ae1ab51ad8fd0,train,0,MultifacetedAbstraction/Negative/bedrin_jdbc-sniffer_bedrin_jdbc-sniffer_io.sniffy.util192IOUtilTest.code,unknown_class,False,454,454,False
a8d27cdfd7cec34f06004c7ae412b3248f57b5fc,train,0,MultifacetedAbstraction/Negative/nemerosa_ontrack_nemerosa_ontrack_net.nemerosa.ontrack.boot.support52WebConfig.code,unknown_class,False,453,453,False
4c27bb6bc7dc09ffad978967ce06167cb5680596,val,0,MultifacetedAbstraction/Negative/FenixEdu_fenixedu-academic_FenixEdu_fenixedu-academic_org.fenixedu.academic.domain.phd.seminar1381ValidateReport.code,unknown_class,False,453,453,False
04703a8b2869e5e4bc603b785f22b7f7c22e1b09,val,1,MultifacetedAbstraction/Positive/OpenNMS_newts_OpenNMS_newts_org.opennms.newts.rest1CassandraConfig.code,unknown_class,False,451,451,False
46f417e2f5235c061beffe9a395950eaaae04329,train,0,MultifacetedAbstraction/Negative/arquillian_arquillian-cube_arquillian_arquillian-cube_org.arquillian.cube.docker.impl.client.containerobject172DockerContainerObjectFactory.code,unknown_class,False,451,451,False
6f280a2a6d0e7d29ceb5afb22cc3fc0b59b8d452,train,1,MultifacetedAbstraction/Positive/roboconf_roboconf-platform_roboconf_roboconf-platform_net.roboconf.dm.templating.internal.contexts0InstanceContextBean.code,unknown_class,False,450,450,False
faaf90ab185a9160d4383a94e90bffd8b03e83e5,train,0,MultifacetedAbstraction/Negative/thelinmichael_spotify-web-api-java_thelinmichael_spotify-web-api-java_com.wrapper.spotify.requests.data.users_profile258GetCurrentUsersProfileRequest.code,unknown_class,False,450,450,False
1744306bcc63ba4b0b20ded017c43eecff3c4c7c,train,0,MultifacetedAbstraction/Negative/openhab_openhab2_openhab_openhab2_org.openhab.binding.ihc.internal1834ButtonPressDurationDetector.code,unknown_class,False,450,450,False
bd590967658c488554ac290e30a9738a136f1bb4,train,0,MultifacetedAbstraction/Negative/shouldit_android-proxy_shouldit_android-proxy_com.lechucksoftware.proxy.proxysettings.ui.fragments167AboutFragment.code,unknown_class,False,450,450,False
ae87df8ce90e07f4f08df63b5f8a6d8be2277710,train,0,MultifacetedAbstraction/Negative/awslabs_aws-sdk-java-resources_awslabs_aws-sdk-java-resources_com.amazonaws.resources.internal.model203SubResourceGetterModel.code,unknown_class,False,449,449,False
74e056e91c292ce146a8738d26de74a1b79bf4d6,train,0,MultifacetedAbstraction/Negative/tesis-dynaware_graph-editor_tesis-dynaware_graph-editor_de.tesis.dynaware.grapheditor.window131MinimapNodeGroup.code,unknown_class,False,449,449,False
d084d31181d6b836fb1abcba965dcd4203b41ba1,test,0,MultifacetedAbstraction/Negative/foxinmy_weixin4j_foxinmy_weixin4j_com.foxinmy.weixin4j.http.apache.content75InputStreamBody.code,unknown_class,False,449,449,False
435f554580f3e45c008c5a843b3673c5ff308aff,train,0,MultifacetedAbstraction/Negative/Evolveum_midpoint_Evolveum_midpoint_com.evolveum.midpoint.model.common.expression.evaluator.caching550QueryKey.code,unknown_class,False,449,449,False
43337b086b1b90ec5584cab04ed196e8b726b118,train,0,MultifacetedAbstraction/Negative/aima-java_aima-java_aima-java_aima-java_aima.core.logic.fol160CNFConverter.code,unknown_class,False,448,448,False
7f5798477c5aa9d478b4dbac29a552c1d96e38c6,test,0,MultifacetedAbstraction/Negative/kuujo_copycat_kuujo_copycat_io.atomix.core.map.impl427Builder.code,unknown_class,False,448,448,False
c33eefced51a431fc6cfcbe888ce01290ce41ec6,train,0,MultifacetedAbstraction/Negative/lsds_SEEP_lsds_SEEP_uk.ac.imperial.lsds.seep.processingunit323StreamDataTest.code,unknown_class,False,448,448,False
73f96155a3e09b0e2d7cd1f0e4a9525c4c35000c,val,0,MultifacetedAbstraction/Negative/naver_pinpoint_naver_pinpoint_com.navercorp.pinpoint.plugin.vertx.interceptor3185HttpClientRequestImplDoHandleResponseInterceptor.code,unknown_class,False,447,447,False
285368703fe63c95f3f844d141c8819ce0fa3c81,train,0,MultifacetedAbstraction/Negative/apache_tajo_apache_tajo_org.apache.tajo.org.objectweb.asm.tree1158LocalVariableNode.code,unknown_class,False,447,447,False
7bdc6ef8bb5a66e51a9aeb352d67b234090ab1e1,train,0,MultifacetedAbstraction/Negative/kuujo_copycat_kuujo_copycat_io.atomix.core.transaction.impl716DelegatingTransactionalMap.code,unknown_class,False,446,446,False
db556f9f125f8814d3585edcd59ff7a79525f4e1,train,1,MultifacetedAbstraction/Positive/vanita5_twittnuker_vanita5_twittnuker_de.vanita5.microblog.library.twitter.model6StatusModule.code,unknown_class,False,446,446,False
0d124f4a8fab421344f9bb351190ecf7a1e79cc0,test,1,MultifacetedAbstraction/Positive/TwidereProject_Twidere-Android_TwidereProject_Twidere-Android_org.mariotaku.microblog.library.twitter.model6StatusModule.code,unknown_class,False,446,446,False
5f06b601961dc261a21e2d627bef0e47c5a811f3,val,0,MultifacetedAbstraction/Negative/hawkular_hawkular-metrics_hawkular_hawkular-metrics_org.hawkular.metrics.api.jaxrs.util85SchemaVersionChecker.code,unknown_class,False,445,445,False
42c596ee99dea3e50c8375257f33df565c46d3da,train,0,MultifacetedAbstraction/Negative/exteso_alf.io_exteso_alf.io_alfio.config.support23JSONColumnMapper.code,unknown_class,False,445,445,False
bb6cd4d83a8b13329dfa878986ded433f82c8680,train,0,MultifacetedAbstraction/Negative/naver_pinpoint_naver_pinpoint_com.navercorp.pinpoint.common.util.jsr1661553WriteThroughEntry.code,unknown_class,False,444,444,False
8c5b129509a853d5d59b4d2dd0bc7396f57b3415,train,0,MultifacetedAbstraction/Negative/acciente_oacc-core_acciente_oacc-core_com.acciente.oacc.normalizer.icu4j149ICU4Jv26TextNormalizer.code,unknown_class,False,444,444,False
8ab932cc5ac598744b16fdcd60a8ca32411e69f7,train,1,MultifacetedAbstraction/Positive/TNG_jgiven_TNG_jgiven_com.tngtech.jgiven.tests2ScenarioCriteria.code,unknown_class,False,443,443,False
71df55c9bf09ba416286871587d52d5b48709b2d,train,0,MultifacetedAbstraction/Negative/TDesjardins_GWT-OL3-Playground_TDesjardins_GWT-OL3-Playground_ol.style366StrokeOptions.code,unknown_class,False,443,443,False
1e5cea1ebc89526836fd257b7c4d96d847ad0bdc,train,1,MultifacetedAbstraction/Positive/GluuFederation_oxAuth_GluuFederation_oxAuth_org.gluu.oxauth.fido2.google.safetynet0AttestationStatement.code,unknown_class,False,443,443,False
ab297b4e61548e523abb7be43988f1035afab747,val,0,MultifacetedAbstraction/Negative/qcri-social_AIDR_qcri-social_AIDR_qa.qcri.aidr.entity277FacebookDataFeed.code,unknown_class,False,443,443,False
7137cd9d69e2570008288eb951dee2b62fdd44ab,train,0,MultifacetedAbstraction/Negative/yammer_tenacity_yammer_tenacity_com.yammer.tenacity.core.logging45ExceptionLoggingCommandHook.code,unknown_class,False,442,442,False
aea8a06dfe3826c55cf00da8ab433dd7d894443a,train,1,MultifacetedAbstraction/Positive/ArcBees_gwtquery_ArcBees_gwtquery_com.google.gwt.query.client0Browser.code,unknown_class,False,442,442,False
0df5c851de4670b405d39cd4b81ea9da6e8cd3b0,test,0,MultifacetedAbstraction/Negative/primecloud-controller-org_primecloud-controller_primecloud-controller-org_primecloud-controller_jp.primecloud.auto.config225Config.code,unknown_class,False,442,442,False
3fd489c59ba3e9aedbf9bb98e22d8421a5c1fc5d,train,0,MultifacetedAbstraction/Negative/KleeGroup_vertigo_KleeGroup_vertigo_io.vertigo.dynamo.plugins.environment.loaders.kpr.rules768DslWordsRule.code,unknown_class,False,441,441,False
2d270b3127a29898aa6adcda68feb5ad3357cc2c,train,0,MultifacetedAbstraction/Negative/scriptella_scriptella-etl_scriptella_scriptella-etl_scriptella.tools.launcher336BugReport.code,unknown_class,False,440,440,False
ab2c72d75ae74bf17c8e49f9ea9998dbcda3f127,train,0,MultifacetedAbstraction/Negative/kontalk_tigase-extension_kontalk_tigase-extension_org.kontalk.xmppserver.registration.security110BaseThrottlingSecurityProviderTest.code,unknown_class,False,440,440,False
385c81ec816b80b15fc6f25e8fe17afbd5350c81,train,0,MultifacetedAbstraction/Negative/rapidminer_rapidminer_rapidminer_rapidminer_com.rapidminer.gui.look.painters579Entry.code,unknown_class,False,440,440,False
35f4f24160ecf587d3a8a5d3196fa55997b3da0b,train,1,MultifacetedAbstraction/Positive/xtext_seven-languages-xtext_xtext_seven-languages-xtext_org.xtext.mongobeans.services9MongoBeanElements.code,unknown_class,False,440,440,False
cfae1642dfe8ffa0afb63d169bfd1c5029e630bb,val,0,MultifacetedAbstraction/Negative/apache_incubator-wave_apache_incubator-wave_org.waveprotocol.box.expimp200DeltaParser.code,unknown_class,False,440,440,False
c18661162749448a2e3e6e40d52baf247bab200e,val,1,MultifacetedAbstraction/Positive/openscore_score-actions_openscore_score-actions_io.cloudslang.content.xml.entities.inputs15EditXmlInputsBuilder.code,unknown_class,False,440,440,False
21a2b7c18fe76d97a37b02b037d3fc0f1c052a88,train,0,MultifacetedAbstraction/Negative/KleeGroup_vertigo_KleeGroup_vertigo_io.vertigo.account.impl.account67AccountDefinitionProvider.code,unknown_class,False,437,437,False
c4b23d2cd835dbd737e96005faab95fed8335034,train,0,MultifacetedAbstraction/Negative/apache_struts_apache_struts_org.apache.struts2.config_browser913PropertyInfo.code,unknown_class,False,437,437,False
c6626c9adaad5700160bbafeafe05d3ff4b12596,test,0,MultifacetedAbstraction/Negative/holodeck-b2b_Holodeck-B2B_holodeck-b2b_Holodeck-B2B_org.holodeckb2b.ebms3.handlers.inflow208ReadReceipt.code,unknown_class,False,437,437,False
760b8e89800aabf5a48bf6d8a495064a382b04ff,train,0,MultifacetedAbstraction/Negative/mobile-event-processing_Asper_mobile-event-processing_Asper_com.espertech.esper.epl.join.plan2245QueryGraphRangeUtil.code,unknown_class,False,437,437,False
93edf6269a42b1518f683fb8cc8a76774d6a508f,train,0,MultifacetedAbstraction/Negative/antoniomaria_gazpachoquest_antoniomaria_gazpachoquest_net.sf.gazpachoquest.dto175SubquestionDTO.code,unknown_class,False,437,437,False
b64d4a747ab507c692099a22c1aee098eec1039a,val,0,MultifacetedAbstraction/Negative/apache_incubator-wave_apache_incubator-wave_com.google.wave.api.oauth140OAuthService.code,unknown_class,False,437,437,False
e29816063c30e4890264ebbabd66446c4d7cd688,train,0,MultifacetedAbstraction/Negative/247687009_soa_247687009_soa_io.goudai.soa.quartz.core30QuartzManger.code,unknown_class,False,436,436,False
dd345b8ec1191a5625d9b2ce701d46d38b10ac8a,train,0,MultifacetedAbstraction/Negative/BlueBrain_bluima_BlueBrain_bluima_ch.epfl.bbp.uima.mongo598AddNeuroscienceFlag.code,unknown_class,False,436,436,False
4c0abc5e5b3981075f6c76731fef8f64871ff3a8,train,0,MultifacetedAbstraction/Negative/ceskaexpedice_kramerius_ceskaexpedice_kramerius_cz.incad.kramerius.security765RightCriterium.code,unknown_class,False,436,436,False
c91aa4e8a5a2958652f15dd75c6172c6ef8ea9e1,train,0,MultifacetedAbstraction/Negative/bitcoin-solutions_multibit-hd_bitcoin-solutions_multibit-hd_org.multibit.hd.ui.languages439LanguagesTest.code,unknown_class,False,435,435,False
32644f13e2acedf6b8dcf630901a872953154d7b,train,1,MultifacetedAbstraction/Positive/openhab_openhab2_openhab_openhab2_org.openhab.binding.spotify.internal.api.model28Item.code,unknown_class,False,435,435,False
fe365ee4cd79d05ef8d700d250cbf094b088f03f,test,0,MultifacetedAbstraction/Negative/ReactiveX_RxJava_ReactiveX_RxJava_io.reactivex.rxjava3.internal.operators.observable1323BusyObserver.code,unknown_class,False,434,434,False
3d8dc6350d8a45c88d36f14b7f371beb9344c999,test,0,MultifacetedAbstraction/Negative/mobile-event-processing_Asper_mobile-event-processing_Asper_com.espertech.esper.type4446RangeParameter.code,unknown_class,False,434,434,False
1f14f8ee1327fd4c4de80bbe13a2aaedfeb02db1,test,1,MultifacetedAbstraction/Positive/bruno-medeiros_DDT_bruno-medeiros_DDT_melnorme.lang.utils.validators3ValidationMessages.code,unknown_class,False,434,434,False
4a0d6a6fb16f6fa00141e8ba188833f1f7cc66a8,val,0,MultifacetedAbstraction/Negative/jMetal_jMetal_jMetal_jMetal_org.uma.jmetal.util.comparator602HypervolumeContributionComparator.code,unknown_class,False,433,433,False
bf1a6a1c1224ed47df8f5a9d9acd9d3ce2d62ef2,val,0,MultifacetedAbstraction/Negative/KronicDeth_intellij-elixir_KronicDeth_intellij-elixir_org.elixir_lang.psi.impl947ElixirNoParenthesesArgumentsImpl.code,unknown_class,False,433,433,False
a0bd6cd1f42bf06c28e3f895c7754fb9d573c01c,train,0,MultifacetedAbstraction/Negative/caskdata_cdap_caskdata_cdap_io.cdap.cdap.api.messaging454MessagingContext.code,unknown_class,False,433,433,False
fd60be19fa50c663b55ab0d8aa16e1f2172b2fb3,train,0,MultifacetedAbstraction/Negative/rapidminer_rapidminer_rapidminer_rapidminer_com.rapidminer.tools.documentation3218GroupDocumentation.code,unknown_class,False,431,431,False
da6c0a1d29518e82eeaac607ad763e71e7eb6c31,train,0,MultifacetedAbstraction/Negative/vanita5_twittnuker_vanita5_twittnuker_de.vanita5.twittnuker.util594ServiceUtils.code,unknown_class,False,431,431,False
6c19594117b9f8024304bf310fdf7eefbfd85710,train,1,MultifacetedAbstraction/Positive/surech_halarious_surech_halarious_ch.halarious.core0TestResource.code,unknown_class,False,430,430,False
0bfbc189848c1cc369f2e8f86d029495fb017d09,val,0,MultifacetedAbstraction/Negative/Evolveum_midpoint_Evolveum_midpoint_com.evolveum.midpoint.prism.impl.lex.json1501NullLexicalProcessor.code,unknown_class,False,430,430,False
ec82583bde8ae1cad23730dfb4e9d24125c3851d,train,0,MultifacetedAbstraction/Negative/grpc_grpc-java_grpc_grpc-java_io.grpc.internal786ForwardingReadableBuffer.code,unknown_class,False,429,429,False
819fe387f0b2fd2c84062f7d997c466815862d1f,train,0,MultifacetedAbstraction/Negative/openlvc_portico_openlvc_portico_org.portico2.lrc.services.object.incoming1471DiscoverObjectHandler.code,unknown_class,False,429,429,False
d0cd781bf74fff8aa2c0326e455f9b8545a63a5a,val,1,MultifacetedAbstraction/Positive/edx_edx-app-android_edx_edx-app-android_org.edx.mobile.module.registration.model1RegistrationFormField.code,unknown_class,False,429,429,False
b3a863bd45842e22aca0907efa9e2ff675e6a532,train,0,MultifacetedAbstraction/Negative/warmshowers_wsandroid_warmshowers_wsandroid_fi.bitrite.android.ws.ui139MultiUserSelectDialog.code,unknown_class,False,429,429,False
05bcb8a475fefd0371d1bfcced6607d843b4db4e,train,0,MultifacetedAbstraction/Negative/caskdata_cdap_caskdata_cdap_io.cdap.cdap.test.app5430DynamicPartitioningMR.code,unknown_class,False,429,429,False
b092e1f5733383305483a0bf9b06a1cc2a03c3ae,train,0,MultifacetedAbstraction/Negative/sindicetech_siren_sindicetech_siren_com.sindicetech.siren.search515BooleanSpanQueryBuilder.code,unknown_class,False,428,428,False
a4546c19719c72588f979fed61884988b3ef8b56,train,0,MultifacetedAbstraction/Negative/gwtbootstrap3_gwtbootstrap3-extras_gwtbootstrap3_gwtbootstrap3-extras_org.gwtbootstrap3.extras.slider.client.ui.base.event196SlideStopEvent.code,unknown_class,False,428,428,False
aab79ddcace7533e913b51dda52ecdf36a4a572e,test,0,MultifacetedAbstraction/Negative/naver_pinpoint_naver_pinpoint_com.navercorp.pinpoint.plugin.thrift.dto3049Processor.code,unknown_class,False,428,428,False
6bb18af1b6e03f4c863155b3118c4772037c6b0b,test,0,MultifacetedAbstraction/Negative/seleniumQuery_seleniumQuery_seleniumQuery_seleniumQuery_io.github.seleniumquery.by.firstgen.css.pseudoclasses237EnabledPseudoClass.code,unknown_class,False,428,428,False
bc5b8c7bdd651717e94aab69662512540afd7c36,train,0,MultifacetedAbstraction/Negative/joel-costigliola_assertj-swing_joel-costigliola_assertj-swing_org.assertj.swing.testng.listener2052AbstractTestListener.code,unknown_class,False,427,427,False
1b4f09984c546f10b9100ad6930c6956369c193b,train,0,MultifacetedAbstraction/Negative/gosu-lang_gosu-lang_gosu-lang_gosu-lang_gw.internal.gosu.parser1215RepeatableContainerAnnotationInfo.code,unknown_class,False,426,426,False
348d1ee1332f4c78662f964d5c20012827f41842,train,0,MultifacetedAbstraction/Negative/copper-engine_copper-engine_copper-engine_copper-engine_org.copperengine.regtest.test.persistent423BaseSpringTxnPersistentWorkflowTest.code,unknown_class,False,426,426,False
ae85eeb5eeef4a91cd311d8ac3ed8bd8fb70e037,val,0,MultifacetedAbstraction/Negative/dbfit_dbfit_dbfit_dbfit_dbfit.test.matchers172TraversingParseMatcher.code,unknown_class,False,426,426,False
6ee10f585d5296b29b58c07189aba8b7b1a76f31,train,1,MultifacetedAbstraction/Positive/JCTools_JCTools_JCTools_JCTools_org.jctools.queues0MpscOnSpscQueue.code,unknown_class,False,426,426,False
0cd79791eceaca066ff4736e395c0e23e9c0c6c5,val,0,MultifacetedAbstraction/Negative/apache_incubator-reef_apache_incubator-reef_org.apache.reef.runtime.azbatch.util.command1033LinuxCommandBuilder.code,unknown_class,False,425,425,False
6c2e6b82f8f9978415042fa950a4dc5fd52ed56c,val,0,MultifacetedAbstraction/Negative/psaravan_JamsMusicPlayer_psaravan_JamsMusicPlayer_com.jams.music.player.Dialogs99EQArtistsListDialog.code,unknown_class,False,424,424,False
fd009d45d84c3de01c0cbf684aa4bbb872e15a7a,train,0,MultifacetedAbstraction/Negative/addthis_hydra_addthis_hydra_com.addthis.hydra.job.spawn.search680JobMacroGraph.code,unknown_class,False,424,424,False
b4228f9011801c9dc8efd030a71bacd129067f4d,train,0,MultifacetedAbstraction/Negative/linkedin_gobblin_linkedin_gobblin_org.apache.gobblin.cluster291TaskRunnerSuiteForJobTagTest.code,unknown_class,False,424,424,False
09d04790ab59949d184fa8a59ee6d25e0d3d17b4,test,1,MultifacetedAbstraction/Positive/mikeberger_borg_calendar_mikeberger_borg_calendar_net.sf.borg.model.entity0Project.code,unknown_class,False,423,423,False
47fffd3011a0b743207f760b8fff0fcb68f5714f,train,0,MultifacetedAbstraction/Negative/mobile-event-processing_Asper_mobile-event-processing_Asper_com.espertech.esper.client231ConfigurationPlugInVirtualDataWindow.code,unknown_class,False,423,423,False
51af6ea146b1a457c551ed1d62bd45ffa67e3ce6,train,0,MultifacetedAbstraction/Negative/caskdata_cdap_caskdata_cdap_io.cdap.cdap.cli769LaunchOptions.code,unknown_class,False,422,422,False
68886d57ea33c2d6621899b1e7fcdfd7afa62c6b,val,0,MultifacetedAbstraction/Negative/ColdSauce_Captor_ColdSauce_Captor_dwai.yhack.captor.ui.activity37JSONParse.code,unknown_class,False,422,422,False
36ccbff285742ecf86cc96a1efe2b4fa0d1ebdc9,train,0,MultifacetedAbstraction/Negative/iipc_webarchive-commons_iipc_webarchive-commons_org.archive.format.http85HttpRequestMessageParserTest.code,unknown_class,False,422,422,False
136d179c3f61b9feb6ecedf84b3ffa7ca422d637,val,0,MultifacetedAbstraction/Negative/gid15_jpcsp_gid15_jpcsp_jpcsp86VariableSpeedClock.code,unknown_class,False,421,421,False
b06dcb5010a75497bdddc0a00f397fa5619d331d,val,1,MultifacetedAbstraction/Positive/JCTools_JCTools_JCTools_JCTools_org.jctools.queues1MpscUnboundedArrayQueue.code,unknown_class,False,421,421,False
e7cc211ee989a33ac444aefe154f2a37eecda906,val,0,MultifacetedAbstraction/Negative/gwtbootstrap3_gwtbootstrap3-extras_gwtbootstrap3_gwtbootstrap3-extras_org.gwtbootstrap3.extras.slider.client.ui177RangeSlider.code,unknown_class,False,420,420,False
97fcdd118a1dd51a6e1a7275593ca8200dcccf7b,train,0,MultifacetedAbstraction/Negative/zutherb_AppStash_zutherb_AppStash_io.github.zutherb.appstash.shop.service.user.impl88UserServiceImpl.code,unknown_class,False,419,419,False
7115d2882cfdb9a52fb1429ffaa65fec83732524,train,0,MultifacetedAbstraction/Negative/jphp-compiler_jphp_jphp-compiler_jphp_org.develnext.jphp.core.compiler.jvm.statement.expr88IfElseCompiler.code,unknown_class,False,419,419,False
5938cac72840d37dcc0b1c0cc898df7aa93d3326,test,0,MultifacetedAbstraction/Negative/BlueBrain_bluima_BlueBrain_bluima_ch.epfl.bbp.uima.cr477AbstractFileReader.code,unknown_class,False,418,418,False
06b1be82cb151befbacc9c70eedd4892ffa71588,train,0,MultifacetedAbstraction/Negative/cloud-software-foundation_c5_cloud-software-foundation_c5_org.apache.hadoop.hbase329TestCompare.code,unknown_class,False,418,418,False
7b0afbb020356cfbdcb9459b2ddd5245a9053bfd,train,0,MultifacetedAbstraction/Negative/PayPal_SeLion_PayPal_SeLion_com.paypal.selion.appium.android.sample41AppiumAndroidScrollTest.code,unknown_class,False,418,418,False
4cb5415bf30abe641fd277f57754b235f2f6f054,test,0,MultifacetedAbstraction/Negative/apache_tajo_apache_tajo_org.apache.tajo.catalog145Schema.code,unknown_class,False,418,418,False
393d57ebbd45583b10a8113fcfef38d464a00a80,train,0,MultifacetedAbstraction/Negative/google_closure-compiler_google_closure-compiler_com.google.javascript.jscomp76AccessorSummary.code,unknown_class,False,418,418,False
57425d052d0af879ec18bec31e97d3f533993f06,train,0,MultifacetedAbstraction/Negative/naver_pinpoint_naver_pinpoint_com.navercorp.pinpoint.web.mapper.stat.sampling.sampler5540DeadlockSampler.code,unknown_class,False,418,418,False
8d17f05f78e28a0126602ec753eb6c8e297af2c8,train,0,MultifacetedAbstraction/Negative/techdev-solutions_trackr-backend_techdev-solutions_trackr-backend_de.techdev.trackr.domain.employee.vacation.support139MessageWrapperTest.code,unknown_class,False,418,418,False
6b49ec7077d010d1aa13aab8c5c21edf515628ce,val,0,MultifacetedAbstraction/Negative/gosu-lang_gosu-lang_gosu-lang_gosu-lang_gw.internal.gosu.parser1183ParameterizedDynamicPropertySymbol.code,unknown_class,False,417,417,False
65eeaf79c7c3ce1c957f881af394f0fd76142187,train,0,MultifacetedAbstraction/Negative/google_guava_google_guava_com.google.common.collect.testing.google1700MultisetForEachEntryTester.code,unknown_class,False,417,417,False
2c8f03e831007f39e1eaed4cee650921c0a2dc7c,train,0,MultifacetedAbstraction/Negative/apache_incubator-wave_apache_incubator-wave_org.waveprotocol.wave.model.document.indexed2365TestComponent.code,unknown_class,False,417,417,False
d62ba94868610f10d186503929227c7bb90d7d4f,train,0,MultifacetedAbstraction/Negative/consulo_consulo-dotnet_consulo_consulo-dotnet_consulo.csharp.cfs.ide.highlight5CfsItemHighlightUsagesFromItemHandler.code,unknown_class,False,417,417,False
25bc0d6b53d1de150a6531b9d287601de7420691,train,0,MultifacetedAbstraction/Negative/caskdata_cdap_caskdata_cdap_io.cdap.cdap.data.runtime1556DataFabricInMemoryModule.code,unknown_class,False,417,417,False
b9a5277a5806d44c967c1a8e829dceeb5e92604e,train,0,MultifacetedAbstraction/Negative/mucommander_mucommander_mucommander_mucommander_com.mucommander.ui.action.impl881SetSameFolderAction.code,unknown_class,False,416,416,False
262e8c93b54bfba6a02c8bca757042668bc519e9,train,0,MultifacetedAbstraction/Negative/structurizr_java_structurizr_java_com.structurizr.view251FilteredView.code,unknown_class,False,416,416,False
3fa5e1916a463df0501f3089e80765b9b801aff8,train,0,MultifacetedAbstraction/Negative/filoghost_HolographicDisplays_filoghost_HolographicDisplays_com.gmail.filoghost.holographicdisplays.placeholder197Placeholder.code,unknown_class,False,416,416,False
ab7f820915a4d50023ee669d9e964a3eb39a86ce,train,0,MultifacetedAbstraction/Negative/ctron_package-drone_ctron_package-drone_org.eclipse.packagedrone.repo.web.sitemap.servlet725SitemapServlet.code,unknown_class,False,416,416,False
6a3c79e615fb502b90977b9ffeb7b058a9d55e99,train,1,MultifacetedAbstraction/Positive/openhab_openhab2_openhab_openhab2_org.openhab.binding.freebox.internal.api.model9FreeboxSystemConfig.code,unknown_class,False,415,415,False
ced285ec7dc4057709b2df112f8cb3381d7bd576,test,0,MultifacetedAbstraction/Negative/oyachai_HearthSim_oyachai_HearthSim_com.hearthsim.gui570HSButton.code,unknown_class,False,415,415,False
4f1da33ed58790aaae6e0db176b4b94e5c548438,test,0,MultifacetedAbstraction/Negative/highsource_jsonix-schema-compiler_highsource_jsonix-schema-compiler_org.hisrc.jsonix.compilation.jsonschema.typeinfo.builtin46XMLGregorianCalendarTypeInfoProducer.code,unknown_class,False,414,414,False
c0589a09bdeadb2541133e2b8d3f859be42b56b4,test,0,MultifacetedAbstraction/Negative/calipho-sib_nextprot-api_calipho-sib_nextprot-api_org.nextprot.api.solr.core.impl1050SolrCoreHttpClient.code,unknown_class,False,413,413,False
38ddb34f1e60c9149185b02733b94f126f476608,train,1,MultifacetedAbstraction/Positive/openhab_openhab2_openhab_openhab2_org.openhab.binding.airquality.internal.json1AirQualityJsonIaqi.code,unknown_class,False,413,413,False
d879c67e0e1c2826c136867c5030907e930547e0,test,0,MultifacetedAbstraction/Negative/kohlschuetter_junixsocket_kohlschuetter_junixsocket_org.newsclub.net.mysql.demo7AFUNIXDatabaseSocketFactoryDemo.code,unknown_class,False,413,413,False
254823d787c0d6bbd7dc9cfee6742365bb75abd4,train,0,MultifacetedAbstraction/Negative/Clashsoft_Dyvil_Clashsoft_Dyvil_dyvil.reflect.types106NamedType.code,unknown_class,False,412,412,False
e071b6b683225df6dd4d3367967d0154311bde22,train,0,MultifacetedAbstraction/Negative/netplex_json-smart-v2_netplex_json-smart-v2_net.minidev.json.test.strict123TestTaillingJunk.code,unknown_class,False,411,411,False
0a762b8a744314ac8ab2f43c5ff3c3e31a4775bf,test,1,MultifacetedAbstraction/Positive/openhab_openhab2_openhab_openhab2_org.openhab.binding.satel.internal.config25SatelThingConfig.code,unknown_class,False,411,411,False
31f0651a4d4230552245fdf1d06c0a6a60f5eb86,train,0,MultifacetedAbstraction/Negative/apache_tajo_apache_tajo_org.apache.tajo.storage.pgsql1906PgSQLTablespace.code,unknown_class,False,411,411,False
a4e18a183d9b94b08543270e1c57c1e9376b3816,val,0,MultifacetedAbstraction/Negative/rapidminer_rapidminer_rapidminer_rapidminer_com.rapidminer.gui.tools.dialogs1386SetParameterDialog.code,unknown_class,False,410,410,False
9168e44498b347bbe44d3b95f252098fe58f359e,val,0,MultifacetedAbstraction/Negative/naver_pinpoint_naver_pinpoint_com.navercorp.pinpoint.bootstrap.util503FixedByteArrayOutputStreamTest.code,unknown_class,False,410,410,False
d005b7d3e5cba000a44b74008d4910d19deb97f6,train,0,MultifacetedAbstraction/Negative/kaazing_gateway_kaazing_gateway_org.apache.mina.util.byteaccess515IoAbsoluteWriter.code,unknown_class,False,410,410,False
b991c040c0ff5f30a6da495a832450654d40170b,train,0,MultifacetedAbstraction/Negative/SpongePowered_SpongeAPI_SpongePowered_SpongeAPI_org.spongepowered.api.data.manipulator.mutable.entity494ExperienceHolderData.code,unknown_class,False,410,410,False
1bd2f16f2fbe4134a41b13583780a0eb46bd2b67,train,0,MultifacetedAbstraction/Negative/spring-projects_spring-data-examples_spring-projects_spring-data-examples_example.springdata.jdbc.basics.aggregate6077LegoSet.code,unknown_class,False,409,409,False
9c08e3455529aeca1f0f3050c5d0acda5888195e,train,0,MultifacetedAbstraction/Negative/looly_hutool_looly_hutool_cn.hutool.core.lang.test.bean394ExamInfoDict.code,unknown_class,False,409,409,False
6d94e129e3768fe6d7628fd06aef49cb79b7a995,train,0,MultifacetedAbstraction/Negative/spring-cloud_spring-cloud-connectors_spring-cloud_spring-cloud-connectors_org.springframework.cloud.service.column223CassandraClusterCreator.code,unknown_class,False,409,409,False
ad8ed6a910eacecb1a0d1e9f8fa212af22c800b6,train,0,MultifacetedAbstraction/Negative/google_closure-templates_google_closure-templates_com.google.template.soy.soytree1300SubstUnitInfo.code,unknown_class,False,408,408,False
586089fde953cb7a97a0ce62a1bab9dcedff368e,val,1,MultifacetedAbstraction/Positive/shazam_fork_shazam_fork_com.shazam.fork.runner1Builder.code,unknown_class,False,408,408,False
35958f4a62133e4ac3f8c2724f5c28ebddcd3de5,train,0,MultifacetedAbstraction/Negative/aol_simple-react_aol_simple-react_com.oath.cyclops.jackson.deserializers404TupleDeserializer.code,unknown_class,False,407,407,False
f060463b099c140f1cc57160c3f56380652a8588,val,0,MultifacetedAbstraction/Negative/shilad_wikibrain_shilad_wikibrain_org.wikibrain.spatial.cookbook426SpatialNeighborExample.code,unknown_class,False,407,407,False
f295352952ecca134e5f9177fbed01a9e1771ab5,test,0,MultifacetedAbstraction/Negative/eseifert_vectorgraphics2d_eseifert_vectorgraphics2d_de.erichseifert.vectorgraphics2d.intermediate.filters58GroupingFilterTest.code,unknown_class,False,407,407,False
4155995561223113ecb900747d4bb6060d5c68e3,train,1,MultifacetedAbstraction/Positive/rundeck_rundeck_rundeck_rundeck_com.dtolabs.rundeck.core.resources6test1.code,unknown_class,False,407,407,False
ba04d31f6b7ea15ec9a00b199a7debc46d921ee3,train,1,MultifacetedAbstraction/Positive/cybergarage_cybergarage-upnp_cybergarage_cybergarage-upnp_org.cybergarage.upnp.std.av.server.action3SearchAction.code,unknown_class,False,407,407,False
12e1ae6c0d07280d6dec30f076cc11548bfcbe87,train,0,MultifacetedAbstraction/Negative/apache_incubator-blur_apache_incubator-blur_org.apache.blur.thrift.generated1749tableList.code,unknown_class,False,406,406,False
204afd2ede48f0102845ef96c5a9cf0340812b86,train,0,MultifacetedAbstraction/Negative/SkymindIO_nd4j_SkymindIO_nd4j_org.nd4j.linalg.api.ops.impl.accum463ASum.code,unknown_class,False,406,406,False
25a2d9275be2f9e36f61d8baf79b5ad28785bdb0,train,0,MultifacetedAbstraction/Negative/thelinmichael_spotify-web-api-java_thelinmichael_spotify-web-api-java_data.follow279FollowArtistsOrUsersExample.code,unknown_class,False,406,406,False
fe14bda3494755a1a09769935fbcc4d33382e8e8,val,0,MultifacetedAbstraction/Negative/openhab_openhab2_openhab_openhab2_org.openhab.binding.ihc.internal.ws1885IhcControllerStateListener.code,unknown_class,False,406,406,False
36c9c435aded7d29f62a5053a8a4c7f30b8792c5,train,0,MultifacetedAbstraction/Negative/xpqiu_fnlp_xpqiu_fnlp_org.fnlp.ontology351Dictionary.code,unknown_class,False,405,405,False
4517f77883ea917ca2971329e581fb2ce53fd50e,train,0,MultifacetedAbstraction/Negative/apache_incubator-tamaya_apache_incubator-tamaya_org.apache.tamaya.core.internal.converters70ConvertQueryTest.code,unknown_class,False,405,405,False
d44f72ff82da9dc8c73f4e5d4a21c135c54a04f1,val,0,MultifacetedAbstraction/Negative/amutu_tdw_amutu_tdw_IndexService175CreateIndexTask.code,IndexService17,False,405,405,False
beff776c8a5b0a04c80fed06e81dbfca4a76a915,train,0,MultifacetedAbstraction/Negative/pac4j_pac4j_pac4j_pac4j_org.pac4j.oidc.client591OidcClient.code,unknown_class,False,405,405,False
fa1b1380768454caaaa85c01f0c6b92869952493,train,0,MultifacetedAbstraction/Negative/my2iu_Jinq_my2iu_Jinq_org.jinq.jpa.jpqlquery186SelectOnly.code,unknown_class,False,405,405,False
323637b0b2972bcc258af4e18fb3d6fe661f2f1a,test,0,MultifacetedAbstraction/Negative/naver_pinpoint_naver_pinpoint_com.navercorp.pinpoint.plugin.thrift.interceptor.transport3078TNonblockingSocketConstructInterceptor.code,unknown_class,False,404,404,False
87cdd2d5a409562d3beb32def2f266a28591a4be,train,0,MultifacetedAbstraction/Negative/RentTheRunway2_alchemy_RentTheRunway2_alchemy_io.rtr.alchemy.db33OrderingTest.code,unknown_class,False,404,404,False
571849e87afcbdab318b2bbf46bdaabbfa446e43,val,0,MultifacetedAbstraction/Negative/apache_falcon_apache_falcon_org.apache.falcon.util868Servlets.code,unknown_class,False,404,404,False
4758942f63a984d37e35e17b9e0090fb430c943e,train,0,MultifacetedAbstraction/Negative/openhab_openhab2_openhab_openhab2_org.openhab.binding.loxone.internal2435LxDynamicStateDescriptionProvider.code,unknown_class,False,404,404,False
ff914018f9fd288e226c56b07f8d5ba264eb059c,train,0,MultifacetedAbstraction/Negative/mstahv_maddon_mstahv_maddon_org.vaadin.viritin.fields71IntegerSliderField.code,unknown_class,False,403,403,False
1f04c14ff0b98a3fc4c23a242297eab28941463f,test,0,MultifacetedAbstraction/Negative/netplex_json-smart-v1_netplex_json-smart-v1_net.minidev.json.testMapping73T4.code,unknown_class,False,402,402,False
bc327a440971f9361dbc6fe4e316622d95cd33e0,val,0,MultifacetedAbstraction/Negative/netplex_json-smart-v2_netplex_json-smart-v2_net.minidev.json.parser84JSONParserReader.code,unknown_class,False,402,402,False
83953f5015721bb28a05978ddec6b41939a82613,train,0,MultifacetedAbstraction/Negative/imglib_imglib2_imglib_imglib2_net.imglib2.position480FunctionRealRandomAccessible.code,unknown_class,False,402,402,False
9632d88361025fecb7f6510cd4f7c2d149a91a9c,test,0,MultifacetedAbstraction/Negative/PGWelch_com.opendoorlogistics_PGWelch_com.opendoorlogistics_com.opendoorlogistics.studio.scripts.list1347SaveExpandedState.code,unknown_class,False,402,402,False
44ba001348695ee7372bfefc026961b3cbbceb91,val,0,MultifacetedAbstraction/Negative/neuroph_master_neuroph_master_org.neuroph.netbeans.visual.widgets923NeuronConnectionWidget.code,unknown_class,False,402,402,False
f2e67b78b362bc6f7250117d85ecc3de70a3793e,train,0,MultifacetedAbstraction/Negative/TDesjardins_GWT-OL3-Playground_TDesjardins_GWT-OL3-Playground_ol.source338VectorOptions.code,unknown_class,False,401,401,False
633312d34db4df95f31b9befe6b0e317cceed21b,train,0,MultifacetedAbstraction/Negative/247687009_soa_247687009_soa_io.goudai.soa.core.impl16DefaultSoaManager.code,unknown_class,False,401,401,False
786a2fe541b54ba5b73406e6dca27b8b00bb5372,train,0,MultifacetedAbstraction/Negative/wso2_product-esb_wso2_product-esb_org.wso2.carbon.esb.passthru.transport.test656ESBJAVA4402MessageWithoutPayloadTestCase.code,unknown_class,False,400,400,False
2ad9fbd5902440351b3b50e5e4962f42789016f6,test,0,MultifacetedAbstraction/Negative/oxo42_stateless4j_oxo42_stateless4j_com.github.oxo42.stateless4j9InternalTriggerBehaviourTests.code,unknown_class,False,399,399,False
518912ef7e0aefe1d42dd6167e0504e08f5893e3,train,1,MultifacetedAbstraction/Positive/rundeck_rundeck_rundeck_rundeck_com.dtolabs.rundeck.core.execution.utils3testResponder.code,unknown_class,False,399,399,False
d0b2e614d2716bcee523f56de8876e0fff87d8c8,val,0,MultifacetedAbstraction/Negative/BrassGoggledCoders_SteamCraft2_BrassGoggledCoders_SteamCraft2_steamcraft.common.packets276OpenContainerFromClientPacket.code,unknown_class,False,399,399,False
e7d4cf8d2f5f105268479191843010b909b00be2,train,0,MultifacetedAbstraction/Negative/openhab_openhab2_openhab_openhab2_org.openhab.binding.enocean.internal.eep.D2_011082D2_01_0F_NodON.code,unknown_class,False,397,397,False
d8a0ecb502c1b88303bfe0883e1f63b7da4c7ebd,val,0,MultifacetedAbstraction/Negative/Netflix_suro_Netflix_suro_com.netflix.suro.message81MessageSerDe.code,unknown_class,False,395,395,False
b9e52c2456eeb678fd8f52befd38c7302a74ad32,train,0,MultifacetedAbstraction/Negative/hazelcast_hazelcast-simulator_hazelcast_hazelcast-simulator_com.hazelcast.simulator.worker.testcontainer602PrimordialRunStrategyIntegrationTest.code,unknown_class,False,395,395,False
57b8883791ed7445ca3cf8d928bfc65859c5e22f,train,0,MultifacetedAbstraction/Negative/FenixEdu_fenixedu-academic_FenixEdu_fenixedu-academic_org.fenixedu.academic.service.services.bolonhaManager2209EditCourseGroup.code,unknown_class,False,395,395,False
7116d04feca6011c4558a90445d4ffba538d2ba3,val,0,MultifacetedAbstraction/Negative/hankcs_HanLP_hankcs_HanLP_com.hankcs.hanlp.dictionary.ts381TraditionalChineseDictionary.code,unknown_class,False,395,395,False
4a32f53ab9813c656f671a8ebd55487e7bea63a7,train,0,MultifacetedAbstraction/Negative/damiencarol_jsr203-hadoop_damiencarol_jsr203-hadoop_hdfs.jsr2035HadoopDirectoryStream.code,unknown_class,False,395,395,False
de5a4d9cf721301900d1a147b8ef57274c561957,train,0,MultifacetedAbstraction/Negative/juniversal_jsimple_juniversal_jsimple_jsimple.io26DirectoryTest.code,unknown_class,False,395,395,False
6e7ecae2866796eb03352d7392e57b0fceca1405,train,0,MultifacetedAbstraction/Negative/dswarm_dswarm_dswarm_dswarm_org.dswarm.converter.flow.model235MorphTask.code,unknown_class,False,394,394,False
ec2587ee23b89ccfde81f8a34cbefb9392c144a5,train,0,MultifacetedAbstraction/Negative/apache_olingo-odata4_apache_olingo-odata4_org.apache.olingo.client.core.edm.xml300ClientCsdlAction.code,unknown_class,False,394,394,False
0ac30445cc6e5a8a4fd3fbbb6563702b0c11d485,train,1,MultifacetedAbstraction/Positive/TwidereProject_Twidere-Android_TwidereProject_Twidere-Android_org.mariotaku.microblog.library.twitter.model4ScheduledStatus.code,unknown_class,False,394,394,False
cddc7ec4a5151a5c614b9d2d1e02cc26a9f74e5a,test,0,MultifacetedAbstraction/Negative/jdamcd_android-crop_jdamcd_android-crop_com.soundcloud.android.crop17RotateBitmap.code,unknown_class,False,394,394,False
3c988dfd1fa1f88eed7812d92bd7489286a3e1a7,train,1,MultifacetedAbstraction/Positive/openscore_score-actions_openscore_score-actions_io.cloudslang.content.vmware.entities.http11HttpInputsBuilder.code,unknown_class,False,394,394,False
ca0cb29731c66299392c74486de23ad60a8f478a,train,0,MultifacetedAbstraction/Negative/pietermartin_sqlg_pietermartin_sqlg_org.umlg.sqlg.strategy.barrier115SqlgNotStepStepStrategy.code,unknown_class,False,393,393,False
0aa4191cbd49ec13a4c566e348428e6a1a6c1d16,val,1,MultifacetedAbstraction/Positive/vanita5_twittnuker_vanita5_twittnuker_de.vanita5.microblog.library.twitter.model1Birthdate.code,unknown_class,False,393,393,False
50e120c8987b01e94b4c6bd8787ab04977b83d26,train,0,MultifacetedAbstraction/Negative/mobile-event-processing_Asper_mobile-event-processing_Asper_com.espertech.esper.event.xml3010DOMSimpleAttributeGetter.code,unknown_class,False,393,393,False
d6d1f8e212746fb7e02a33be80b09d53be4c5cc5,train,0,MultifacetedAbstraction/Negative/oyachai_HearthSim_oyachai_HearthSim_com.hearthsim.card.classic.spell.common321BattleRage.code,unknown_class,False,393,393,False
8d148641f0eab3a5adfd04f4522238007e09623e,val,0,MultifacetedAbstraction/Negative/revapi_revapi_revapi_revapi_org.revapi.query484FilteringIterator.code,unknown_class,False,393,393,False
08bdc89b4be5669dabcfa9005c503ff797ab789e,train,1,MultifacetedAbstraction/Positive/TwidereProject_Twidere-Android_TwidereProject_Twidere-Android_org.mariotaku.microblog.library.twitter.model1Birthdate.code,unknown_class,False,393,393,False
43a500e8156b8bc1d9ca468e370fe2d662bb0fec,train,0,MultifacetedAbstraction/Negative/apache_olingo-odata2_apache_olingo-odata2_org.apache.olingo.odata2.core.ep.producer711XmlErrorDocumentProducer.code,unknown_class,False,392,392,False
469ca0c3cb34d42659dc382cf42b1001f3c174c7,train,1,MultifacetedAbstraction/Positive/yandex-qatools_hamcrest-pojo-matcher-generator_yandex-qatools_hamcrest-pojo-matcher-generator_ru.yandex.qatools.proc.test0Mob.code,unknown_class,False,392,392,False
9fb41e3846aa6a6a976d7dd00ea9d55c6f0b98ac,test,1,MultifacetedAbstraction/Positive/avast_android-butterknife-zelezny_avast_android-butterknife-zelezny_com.avast.android.butterknifezelezny.butterknife0AbstractButterKnife.code,unknown_class,False,392,392,False
226f10aaf51b0094a3cc7bba39dc46120a991eb6,val,0,MultifacetedAbstraction/Negative/BlueBrain_bluima_BlueBrain_bluima_ch.epfl.bbp.uima.references702PrintStates.code,unknown_class,False,392,392,False
125632abda1106a3f8ec4464d112b75e014a7f73,train,0,MultifacetedAbstraction/Negative/RentTheRunway2_alchemy_RentTheRunway2_alchemy_io.rtr.alchemy.dto.requests73AllocationRequest.code,unknown_class,False,391,391,False
9f6500d3be02fc616883684bc885f15f38bd5a70,train,0,MultifacetedAbstraction/Negative/FenixEdu_fenixedu-academic_FenixEdu_fenixedu-academic_org.fenixedu.academic.ui.struts.action.candidacy.erasmus3272DegreesForExecutionYearProviderForMobilityOffice.code,unknown_class,False,390,390,False
654ec6f6efbdbed2b7e80b912ada3d4cccb61650,train,1,MultifacetedAbstraction/Positive/clinejj_foursquare-api-java_clinejj_foursquare-api-java_fi.foyt.foursquare.api.entities0Badge.code,unknown_class,False,389,389,False
d28c7bb8ec591c33a1d30cd992f09fbd712efdf9,val,0,MultifacetedAbstraction/Negative/naver_pinpoint_naver_pinpoint_com.navercorp.pinpoint.common.hbase995HbaseTableNameProviderTest.code,unknown_class,False,389,389,False
50e7f72bc45fbfefa9f070b555f8230a93318711,test,0,MultifacetedAbstraction/Negative/naver_pinpoint_naver_pinpoint_com.navercorp.pinpoint.hbase.schema.reader.core1709Auto.code,unknown_class,False,389,389,False
b69dc5ad8f4f7b5d52f56f64dfd5391d12d89085,val,0,MultifacetedAbstraction/Negative/cloud-software-foundation_c5_cloud-software-foundation_c5_org.apache.hadoop.hbase.types2883OrderedFloat32.code,unknown_class,False,388,388,False
c917b6057b70641d873ca1c84d4648e0139e7722,train,0,MultifacetedAbstraction/Negative/ArcBees_gwtquery_ArcBees_gwtquery_com.google.gwt.query.client.js178JsNodeArray.code,unknown_class,False,388,388,False
9df4ef797defdf40869a1a08034e65b2e5879e01,test,0,MultifacetedAbstraction/Negative/imagej_imagej-ops_imagej_imagej-ops_net.imagej.ops.transform.stackView1209StackViewTest.code,unknown_class,False,388,388,False
c3b7e0f45751492d768c3b40e276469712cb4c11,train,0,MultifacetedAbstraction/Negative/datanucleus_datanucleus-core_datanucleus_datanucleus-core_org.datanucleus.query.inmemory.method534TemporalYearMethod.code,unknown_class,False,387,387,False
132a896da71edcbd1416b350a5dc38bf829cd388,test,0,MultifacetedAbstraction/Negative/mozilla_j2me.js_mozilla_j2me.js_benchmark113C155.code,unknown_class,False,387,387,False
1c69764ce2ddf8e9cb6cf438d297d1e8941f12e6,train,0,MultifacetedAbstraction/Negative/addthis_hydra_addthis_hydra_com.addthis.hydra.data.filter.value137TestValueFilterIndex.code,unknown_class,False,387,387,False
000ca3e2759c80b46b393ef7f377c5ca4c074b41,train,0,MultifacetedAbstraction/Negative/joel-costigliola_assertj-swing_joel-costigliola_assertj-swing_org.assertj.swing.fixture1381JMenuItemFixture.code,unknown_class,False,387,387,False
ab8c33c52927c57c09babc949f0c069382c867a7,train,0,MultifacetedAbstraction/Negative/FenixEdu_fenixedu-academic_FenixEdu_fenixedu-academic_org.fenixedu.academic.service.services.manager2310AlterExecutionPeriodState.code,unknown_class,False,387,387,False
1c5d0999e13b32d01a49e8f7e4f387757a1679ba,val,0,MultifacetedAbstraction/Negative/naver_pinpoint_naver_pinpoint_com.navercorp.pinpoint.testapp.controller4615HttpClient4Controller.code,unknown_class,False,386,386,False
54c9409fc04209347e18c0ce17406b345d36cfb5,train,0,MultifacetedAbstraction/Negative/zhangkaitao_shiro-example_zhangkaitao_shiro-example_com.github.zhangkaitao.shiro.chapter19.service239RoleServiceImpl.code,unknown_class,False,386,386,False
cb067830dced55ab51c246c11db9e9b716512ceb,train,0,MultifacetedAbstraction/Negative/bruno-medeiros_DDT_bruno-medeiros_DDT_melnorme.utilbox.tree1569TreeDepthFinder.code,unknown_class,False,386,386,False
735962738d39dc1880994e60c0483f0713030d04,train,0,MultifacetedAbstraction/Negative/jphp-compiler_jphp_jphp-compiler_jphp_org.develnext.jphp.ext.compress402CompressExtension.code,unknown_class,False,386,386,False
9c5e45f06fc6702a273d47a7b67fe5789eb1e815,test,0,MultifacetedAbstraction/Negative/sonyxperiadev_gerrit-events_sonyxperiadev_gerrit-events_com.sonymobile.tools.gerrit.gerritevents.dto.events49ChangeAbandoned.code,unknown_class,False,386,386,False
fdf6f8edf4e4331c6059ac01bc162fd31bce52bd,train,0,MultifacetedAbstraction/Negative/allanbank_mongodb-async-driver_allanbank_mongodb-async-driver_com.allanbank.mongodb.acceptance50BackgroundTailableCursorReader.code,unknown_class,False,384,384,False
8f9f4639c237d280e0e207680124a8bb432a4915,val,0,MultifacetedAbstraction/Negative/aol_simple-react_aol_simple-react_cyclops.reactiveSeq1654FlatMapForEach.code,unknown_class,False,384,384,False
fd0f30193a849dc3ccc0dee3cfa4a7b12eb1b0e4,train,1,MultifacetedAbstraction/Positive/igniterealtime_Openfire_igniterealtime_Openfire_org.apache.mina.management0IoSessionStat.code,unknown_class,False,384,384,False
74ba39eae0b63492df46539cc51d5e7a1fc9ab92,train,0,MultifacetedAbstraction/Negative/neo4j_neo4j-ogm_neo4j_neo4j-ogm_org.neo4j.ogm.cypher.compiler87CompileContext.code,unknown_class,False,384,384,False
0e8f9a655ca81fc67527bed46d8deccde436e564,train,0,MultifacetedAbstraction/Negative/Netflix_suro_Netflix_suro_com.netflix.suro.routing.filter145PathExistsMessageFilter.code,unknown_class,False,383,383,False
ffc7f36b2a9344a591b87b8696fb3373c7b3fae5,train,0,MultifacetedAbstraction/Negative/twitter_cloudhopper-commons_twitter_cloudhopper-commons_com.cloudhopper.commons.util.time241DateTimeYearTest.code,unknown_class,False,383,383,False
7033b00c28c2506a50b9b504b7777ccc9864f6e9,test,0,MultifacetedAbstraction/Negative/ReactiveX_RxJava_ReactiveX_RxJava_io.reactivex.rxjava3.internal.operators.completable409CompletableUnsafeTest.code,unknown_class,False,383,383,False
8437f6030e1ab72e0edb6da92e9e4fc9d82a2e3f,val,1,MultifacetedAbstraction/Positive/xtext_seven-languages-xtext_xtext_seven-languages-xtext_org.xtext.scripting.services13ScriptElements.code,unknown_class,False,382,382,False
547be53103438a7bcef0060a1c28db30e80c6176,val,1,MultifacetedAbstraction/Positive/readydev_retrogram_readydev_retrogram_com.getinch.retrogram.model0Media.code,unknown_class,False,382,382,False
63ca57a9100a0bd727554e79cd6228147ccf9921,train,0,MultifacetedAbstraction/Negative/neuroph_master_neuroph_master_org.neuroph.netbeans.charts.providers3d631DatasetDataProvider3D.code,unknown_class,False,382,382,False
b608195e6dca6e86774faa49a12af99e87239b6a,train,0,MultifacetedAbstraction/Negative/247687009_soa_247687009_soa_io.goudai.soa.common.restful.util8BeanUtil.code,unknown_class,False,381,381,False
1b2f1a7ed2be46eb10277ac92f0ab7ff6f0d008d,train,0,MultifacetedAbstraction/Negative/numenta_htm.java_numenta_htm.java_org.numenta.nupic.network.sensor167CSVSourceTest.code,unknown_class,False,381,381,False
6cfa5e550ce368c91062eda7689873c82abbef74,train,0,MultifacetedAbstraction/Negative/cloud-software-foundation_c5_cloud-software-foundation_c5_org.apache.hadoop.hbase.client446ManyServersManyRegionsConnection.code,unknown_class,False,381,381,False
c529ff91f84dbc8c86d5868965822daef20e5ee9,test,1,MultifacetedAbstraction/Positive/webdriverextensions_webdriverextensions_webdriverextensions_webdriverextensions_com.github.webdriverextensions0ObjectPoolTest.code,unknown_class,False,381,381,False
688d91e2dca6e8aacc536f3880856bfefadd2f0b,val,1,MultifacetedAbstraction/Positive/openhab_openhab2_openhab_openhab2_org.openhab.binding.freebox.internal.api.model4FreeboxConnectionStatus.code,unknown_class,False,380,380,False
55bd1c5a81fc5cf20564a0e56c0a948df18b0c0e,train,0,MultifacetedAbstraction/Negative/qcri-social_AIDR_qcri-social_AIDR_qa.qcri.aidr.predict.communication511HttpInputManager.code,unknown_class,False,380,380,False
db4e3844732e09c5733b51fd04b6a6b1d8679ea2,test,0,MultifacetedAbstraction/Negative/elastic_elasticsearch-hadoop_elastic_elasticsearch-hadoop_org.elasticsearch.integration.storm574AbstractSpoutMultiIndexRead.code,unknown_class,False,380,380,False
0b232edd31add477ee08a08baa754437cf9d9cc0,train,1,MultifacetedAbstraction/Positive/timolson_cointrader_timolson_cointrader_org.cryptocoinpartners.util0Remainder.code,unknown_class,False,380,380,False
1e93faf8a1666f09ece3083c4c0b0e219046c947,train,0,MultifacetedAbstraction/Negative/AzureAD_azure-activedirectory-library-for-android_AzureAD_azure-activedirectory-library-for-android_com.microsoft.aad.adal100IBrokerProxy.code,unknown_class,False,380,380,False
c4d442bf0cc0c4b548f42f9988c49eb7edeaa73c,val,1,MultifacetedAbstraction/Positive/naver_pinpoint_naver_pinpoint_com.navercorp.pinpoint.plugin.thrift.common2TestEnvironment.code,unknown_class,False,379,379,False
1fee39017ba78c2b893dd2c9aad4d3764b34d4c8,train,0,MultifacetedAbstraction/Negative/Azure_azure-documentdb-java_Azure_azure-documentdb-java_com.microsoft.azure.documentdb.bulkimport21ExceptionUtils.code,unknown_class,False,379,379,False
7a931b880bbb45942ea76627792fd2ab460564f9,train,0,MultifacetedAbstraction/Negative/freenet_fred_freenet_fred_freenet.clients.fcp481SendToServerAdapter.code,unknown_class,False,378,378,False
67e55b0741994df597e9bd43e607786b0dcd012e,train,1,MultifacetedAbstraction/Positive/rejasupotaro_octodroid_rejasupotaro_octodroid_com.rejasupotaro.octodroid.models5PullRequest.code,unknown_class,False,377,377,False
1a0382768ce8aa6db623d52242906dc776a5151a,train,0,MultifacetedAbstraction/Negative/Dynious_RefinedRelocation_Dynious_RefinedRelocation_com.dynious.refinedrelocation.repack.codechicken.lib.lighting312PlanarLightMatrix.code,unknown_class,False,376,376,False
5781dabfc77ee7555768050bc850fb160f0f95e1,train,0,MultifacetedAbstraction/Negative/oodrive_eguan_oodrive_eguan_io.eguan.dtx130TaskExtraData.code,unknown_class,False,376,376,False
8384900b92d4b741184b20f3d999f347ce27c690,train,0,MultifacetedAbstraction/Negative/google_closure-templates_google_closure-templates_com.google.template.soy.pysrc.internal1028LegacyObjectMapFinder.code,unknown_class,False,376,376,False
fef783909b387318598556be137d0f6c9b85f175,train,0,MultifacetedAbstraction/Negative/jmockit_jmockit1_jmockit_jmockit1_otherTests.testng913TestNGExpectationsTest.code,unknown_class,False,376,376,False
53bd96c2fe2577594a8daf9287f0841f40d565b7,train,0,MultifacetedAbstraction/Negative/ceskaexpedice_kramerius_ceskaexpedice_kramerius_cz.incad.kramerius.security.impl.criteria819CriteriumsLoader.code,unknown_class,False,376,376,False
fdb5c8093f7ecbdbb6b467103ed27782fe6214b4,val,0,MultifacetedAbstraction/Negative/naver_pinpoint_naver_pinpoint_com.navercorp.pinpoint.thrift.io4964ChunkHeaderBufferedTBaseSerializerTest.code,unknown_class,False,376,376,False
0d69124923c1b219ddadbd7b439e20df06aa91e3,train,0,MultifacetedAbstraction/Negative/google_guava_google_guava_com.google.common.base99GwtSerializationDependencies.code,unknown_class,False,375,375,False
0ccfec2ea87e20544688bbc5552e37e92285385c,train,0,MultifacetedAbstraction/Negative/arquillian_arquillian-cube_arquillian_arquillian-cube_(default package)1HelloWorldIT.code,unknown_class,False,375,375,False
93fb0b926e9e6985c67536e617458ab7c01b2bd6,train,0,MultifacetedAbstraction/Negative/pcingola_SnpEff_pcingola_SnpEff_org.snpeff.snpEffect.testCases.unity472TestCasesIntergenic.code,unknown_class,False,374,374,False
2efc197752a342f27b83c8766bb416051edcaf8c,train,0,MultifacetedAbstraction/Negative/OryxProject_oryx_OryxProject_oryx_com.cloudera.oryx.app.classreg.predict80NumericPredictionTest.code,unknown_class,False,374,374,False
8a4f9ec8e34f98c7ead0cda3c83ff5d32550274b,train,0,MultifacetedAbstraction/Negative/cloud-software-foundation_c5_cloud-software-foundation_c5_org.apache.hadoop.hbase.master1283DeleteAsyncCallback.code,unknown_class,False,374,374,False
224353570ac810e0b0d6b9920d605b162c252efd,train,0,MultifacetedAbstraction/Negative/acciente_oacc-core_acciente_oacc-core_com.acciente.oacc.normalizer.icu4j153ICU4Jv46TextNormalizerParityTest.code,unknown_class,False,374,374,False
39d8c0bf16261094413cb42f767a433fc9b0a752,test,1,MultifacetedAbstraction/Positive/vanita5_twittnuker_vanita5_twittnuker_de.vanita5.microblog.library.twitter.model4ScheduledStatus.code,unknown_class,False,374,374,False
85ca3330bcc83adb6c9f976fb7d2a596bc25bea5,val,0,MultifacetedAbstraction/Negative/gid15_jpcsp_gid15_jpcsp_jpcsp.network.proonline1774ProOnlineAdhocMessage.code,unknown_class,False,374,374,False
f4cc9db19284d539ebc446ac8ebe65b086ce6546,train,0,MultifacetedAbstraction/Negative/ic3fox_jawr-main-repo_ic3fox_jawr-main-repo_net.jawr.web.test.strictmode468MainPageDebugNoStrictModeWithServletMappingTest.code,unknown_class,False,373,373,False
56a7fd73d197b04cbe930c9d3d8e46e2a3b07cc1,train,0,MultifacetedAbstraction/Negative/elastic_elasticsearch-hadoop_elastic_elasticsearch-hadoop_org.elasticsearch.hadoop.util.unit573TimeValueTests.code,unknown_class,False,373,373,False
116e8676da87fc9953f3b63dce7f3ee5a2294b20,val,0,MultifacetedAbstraction/Negative/amutu_tdw_amutu_tdw_IndexStorage251SeekDIBuffer.code,IndexStorage25,False,372,372,False
ddb2b6c17f2ee46364eec9af386738ed5c397326,train,0,MultifacetedAbstraction/Negative/fluo-io_fluo_fluo-io_fluo_org.apache.fluo.core.util328ScanOpts.code,unknown_class,False,372,372,False
cdd5f9ffff12ec9c2565d41cd8eab69d717af33c,train,0,MultifacetedAbstraction/Negative/PGWelch_com.opendoorlogistics_PGWelch_com.opendoorlogistics_com.opendoorlogistics.core.components479ODLWizardTemplateConfig.code,unknown_class,False,372,372,False
aaf3e6991aa4b3ed61a51791dee1d4a12bd47221,val,0,MultifacetedAbstraction/Negative/kuujo_copycat_kuujo_copycat_io.atomix.core.tree.impl748Builder.code,unknown_class,False,372,372,False
1746203c43fce99a2841f86893f28b462d862666,val,0,MultifacetedAbstraction/Negative/SpongePowered_Mixin_SpongePowered_Mixin_org.spongepowered.asm.mixin.refmap148IReferenceMapper.code,unknown_class,False,371,371,False
2a06ac458e074edc0cebfd94df98ff6fee86d7ab,train,0,MultifacetedAbstraction/Negative/jtrfp_terminal-recall_jtrfp_terminal-recall_org.jtrfp.trcl.img.vq738EdgeClampedVectorList.code,unknown_class,False,371,371,False
f9bb5b385d060bd2b8178669cce87788f5fa37fa,train,0,MultifacetedAbstraction/Negative/google_closure-compiler_google_closure-compiler_com.google.javascript.jscomp1101RewriteGlobalClassFunctionDeclarationsToVarAssignmentsCallback.code,unknown_class,False,370,370,False
a0af1d0ccd680aa0f2f044fbe0b183e84af9d826,val,0,MultifacetedAbstraction/Negative/syncany_syncany_syncany_syncany_org.syncany.operations.restore324RestoreFileSystemAction.code,unknown_class,False,370,370,False
c73cdcabe3cc18cac17212f0c5bc1cfd033f327b,train,0,MultifacetedAbstraction/Negative/mucommander_mucommander_mucommander_mucommander_com.mucommander.ui.action.impl775CopyFilePathsAction.code,unknown_class,False,369,369,False
9d0e5de6e00deceb4869d6ae4d4a22f5cfac4275,train,0,MultifacetedAbstraction/Negative/WebGoat_WebGoat_WebGoat_WebGoat_org.owasp.webgoat.introduction104WebGoatIntroduction.code,unknown_class,False,369,369,False
e241e812f32857ca1af349809cbc74a879f6871a,val,0,MultifacetedAbstraction/Negative/ctron_package-drone_ctron_package-drone_org.apache.jasper.compiler119TagHandlerPoolVisitor.code,unknown_class,False,369,369,False
39c2a6c7bc25e40ee8179d13ea9e2d4d590a9a3e,train,0,MultifacetedAbstraction/Negative/jphp-compiler_jphp_jphp-compiler_jphp_org.develnext.jphp.zend.ext.standard.date612DateTimeMessageContainer.code,unknown_class,False,369,369,False
c4739a663ce8df8ef1559a623804d66cc490ea91,val,0,MultifacetedAbstraction/Negative/apache_olingo-odata4_apache_olingo-odata4_org.apache.olingo.client.core.communication.request.retrieve238ODataMediaRequestImpl.code,unknown_class,False,369,369,False
64ff76a0f060aaf24b5bd84e8afd4a5e8bdf62c3,train,0,MultifacetedAbstraction/Negative/SoftInstigate_restheart_SoftInstigate_restheart_org.restheart.plugins.transformers187WriteResultTransformer.code,unknown_class,False,369,369,False
01c7776625d5e6556b49f188248c704595358c82,val,1,MultifacetedAbstraction/Positive/mozilla_j2me.js_mozilla_j2me.js_javax.microedition.location9Location.code,unknown_class,False,368,368,False
1139edcb1c99c84e7ce38c883f96524ad7cdcb16,test,0,MultifacetedAbstraction/Negative/OpenHFT_Chronicle-Map_OpenHFT_Chronicle-Map_net.openhft.chronicle.map224DatasetTrackerIssue61Test.code,unknown_class,False,367,367,False
8c24a8d4bea1414ca73f012a37572dfb6b02ef1f,val,0,MultifacetedAbstraction/Negative/sitewhere_sitewhere_sitewhere_sitewhere_com.sitewhere.asset.modules.wso2.ws41GetProperties.code,unknown_class,False,367,367,False
0d68fc594e914028182ef191f40dc5a670f4774e,train,0,MultifacetedAbstraction/Negative/wso2_product-esb_wso2_product-esb_org.wso2.carbon.esb.endpoint.test71EndPointFailOver.code,unknown_class,False,367,367,False
ac76bf0e58b26c0a251230de4c00c4961fae9255,train,0,MultifacetedAbstraction/Negative/jphp-compiler_jphp_jphp-compiler_jphp_org.develnext.jphp.ext.mongo.bind489DocumentMemoryOperation.code,unknown_class,False,366,366,False
40abdaa3dbc75a083c5a6956ab319bdfac2bca34,train,0,MultifacetedAbstraction/Negative/linkedin_gobblin_linkedin_gobblin_org.apache.gobblin.runtime.instance.plugin.hadoop2263ConfigBasedFactory.code,unknown_class,False,366,366,False
510f0bf516edd598ba2e20f750c057f6bc3a80dc,train,0,MultifacetedAbstraction/Negative/juniversal_jsimple_juniversal_jsimple_goodfriends.azure4AzureMobileParser.code,unknown_class,False,365,365,False
c83a3f0147d473b41466bfd171ca4eac92384b97,train,0,MultifacetedAbstraction/Negative/usc-isi-i2_Web-Karma_usc-isi-i2_Web-Karma_edu.isi.karma.controller.command.transformation211AggregationPythonCommandFactory.code,unknown_class,False,365,365,False
d5133a2f07b3ec04b76add3169cff9b81b0dcad3,train,0,MultifacetedAbstraction/Negative/square_sqlbrite_square_sqlbrite_com.example.sqlbrite.todo.ui10ItemsAdapter.code,unknown_class,False,365,365,False
9104801ddde71a35cfae125ced23e17faf992ed4,train,0,MultifacetedAbstraction/Negative/naver_pinpoint_naver_pinpoint_com.navercorp.pinpoint.common.annotations954InterfaceStability.code,unknown_class,False,364,364,False
581369371cdb49c846f3115e24883f74e9c10a96,train,0,MultifacetedAbstraction/Negative/neuroph_master_neuroph_master_com.jme3.gde.core.sceneexplorer.nodes214TerrainLodControlChildren.code,unknown_class,False,364,364,False
c99c267913b3bffa78875ae28467ffc84abb4dd8,train,0,MultifacetedAbstraction/Negative/magarena_magarena_magarena_magarena_magic.ui.screen.widget1139DialButton.code,unknown_class,False,363,363,False
693f33dd296ef8202f4b1c574bdc807331d8c8db,train,1,MultifacetedAbstraction/Positive/rapidminer_rapidminer_rapidminer_rapidminer_com.rapidminer.gui.look.icons3IconFactory.code,unknown_class,False,363,363,False
313abfaebdb99dfd18254c77185bffc2102677ce,val,0,MultifacetedAbstraction/Negative/v5developer_maven-framework-project_v5developer_maven-framework-project_net.aimeizi.cxf.soap.ws.client27BookServiceClient.code,unknown_class,False,363,363,False
79b7ae857c978f795ca12b326eb03dc38a2b6f4b,train,0,MultifacetedAbstraction/Negative/wgybzbrobot_sentiment-search_wgybzbrobot_sentiment-search_zx.soft.sent.dao.sql91CreateTables.code,unknown_class,False,362,362,False
c321555bc1b89262dcf39518ba738bd3d3c269fe,train,0,MultifacetedAbstraction/Negative/ReactiveX_RxJava_ReactiveX_RxJava_io.reactivex.rxjava3.functions203Function8.code,unknown_class,False,362,362,False
a14b0d001ee6550ae4bac4f334c1ae11ddf5780d,test,0,MultifacetedAbstraction/Negative/bardsoftware_ganttproject_bardsoftware_ganttproject_net.sourceforge.ganttproject290ResourceChartSelection.code,unknown_class,False,362,362,False
e7304f9434a8625061e2f92bea20cc1e8d9a603e,train,0,MultifacetedAbstraction/Negative/midonet_midonet_midonet_midonet_org.midonet.cluster.rest_api.auth194AdminOnlyAuthFilter.code,unknown_class,False,362,362,False
31737dd65889785c401095db49e2cc4576143bbd,train,0,MultifacetedAbstraction/Negative/KleeGroup_vertigo_KleeGroup_vertigo_io.vertigo.commons.script333ExpressionParameter.code,unknown_class,False,361,361,False
89fd0eeeef1adbffefe89e9c114c3fd1e38d4873,train,0,MultifacetedAbstraction/Negative/googlegenomics_dataflow-java_googlegenomics_dataflow-java_com.google.cloud.genomics.dataflow.model55ReadBaseQuality.code,unknown_class,False,361,361,False
981f095260d706c7390b73cb5f28e5db08c00127,train,0,MultifacetedAbstraction/Negative/CorfuDB_CorfuDB_CorfuDB_CorfuDB_org.corfudb.infrastructure.orchestrator165Action.code,unknown_class,False,360,360,False
a07c0f79e98f7cfecf1dfc162216c39f99f99332,train,0,MultifacetedAbstraction/Negative/aima-java_aima-java_aima-java_aima-java_aimax.osm.reader994Tag.code,unknown_class,False,360,360,False
b685bb378aff651adeef889ec9cc4f9e45f994a8,test,0,MultifacetedAbstraction/Negative/mobile-event-processing_Asper_mobile-event-processing_Asper_com.espertech.esper.pattern3253EvalFollowedByNode.code,unknown_class,False,360,360,False
e168ff3529be769af3c98f944c4fd0f9eb6cfdcf,train,0,MultifacetedAbstraction/Negative/kaazing_gateway_kaazing_gateway_org.apache.mina.filter.codec.textline183Context.code,unknown_class,False,359,359,False
b6bac6d65dc6dde9e6c4f7aed974126c0f523c90,test,0,MultifacetedAbstraction/Negative/sindicetech_siren_sindicetech_siren_com.sindicetech.siren.index.codecs.block207FrameCompressor74.code,unknown_class,False,358,358,False
74a356b6c7b6311102ed95274587f03ecda777ea,train,0,MultifacetedAbstraction/Negative/codelibs_elasticsearch-taste_codelibs_elasticsearch-taste_org.codelibs.elasticsearch.taste.similarity217UncenteredCosineSimilarity.code,unknown_class,False,358,358,False
2183530a224959f859a20bff94d883008f943f5b,test,0,MultifacetedAbstraction/Negative/ReactiveX_RxJava_ReactiveX_RxJava_io.reactivex.rxjava3.internal.operators.flowable1014WhenReceiver.code,unknown_class,False,357,357,False
69abc91ea3d4b25832e3d5427a8da4e92412e6e6,train,0,MultifacetedAbstraction/Negative/Cloudslab_cloudsim_Cloudslab_cloudsim_org.cloudbus.cloudsim28PeTest.code,unknown_class,False,357,357,False
5efd660d63c9dc7d3a1ea6c5c4afcb4bea163266,train,0,MultifacetedAbstraction/Negative/holodeck-b2b_Holodeck-B2B_holodeck-b2b_Holodeck-B2B_org.holodeckb2b.ebms3.handlers.inflow212ReportHeaderProcessedTest.code,unknown_class,False,357,357,False
dcc28ac4d1688e0d38c42a40f91be6f96e449a20,train,0,MultifacetedAbstraction/Negative/freenet_fred_freenet_fred_freenet.clients.fcp510WatchGlobal.code,unknown_class,False,357,357,False
9f3fb64657f9cedafddc85c92aaf86c3692028d2,train,0,MultifacetedAbstraction/Negative/rundeck_rundeck_rundeck_rundeck_com.dtolabs.rundeck.core.execution234CommandVisitor.code,unknown_class,False,357,357,False
2af5f52b71af166a6a046e21fcc53cf5b7237f9c,train,0,MultifacetedAbstraction/Negative/allanbank_mongodb-async-driver_allanbank_mongodb-async-driver_com.allanbank.mongodb.builder212SortTest.code,unknown_class,False,357,357,False
b8d5a1bff40ca6cca50dd0dd7e9d6d147f179f61,train,0,MultifacetedAbstraction/Negative/tesis-dynaware_graph-editor_tesis-dynaware_graph-editor_de.tesis.dynaware.grapheditor.demo.customskins.tree87TreeConnectorValidator.code,unknown_class,False,356,356,False
fbd920b77a57933f792fa7b4caa666a03b7d42a3,train,0,MultifacetedAbstraction/Negative/antoniomaria_gazpachoquest_antoniomaria_gazpachoquest_net.sf.gazpachoquest.questionnaires.components.question.type319ShortFreeTextQuestion.code,unknown_class,False,356,356,False
838ea8dfe262fca064b3be07932e0567003876f6,train,0,MultifacetedAbstraction/Negative/247687009_soa_247687009_soa_io.goudai.soa.common.core5SoaManger.code,unknown_class,False,356,356,False
b32e91a50e82ac2c530379c699ae979f74b8036b,train,1,MultifacetedAbstraction/Positive/openhab_openhab2_openhab_openhab2_org.openhab.binding.icloud.internal.json.response16ICloudDeviceLocation.code,unknown_class,False,356,356,False
4de5bf395ba21641db5bfe050012417f79104a24,train,0,MultifacetedAbstraction/Negative/spring-cloud_spring-cloud-cli_spring-cloud_spring-cloud-cli_org.springframework.cloud.cli.compiler24BaseStreamCompilerAutoConfiguration.code,unknown_class,False,356,356,False
7defcc36f83c370717390bdc3addfd64a3761c7b,train,0,MultifacetedAbstraction/Negative/snakerflow_snakerflow_snakerflow_snakerflow_org.snaker.engine.entity67CCOrder.code,unknown_class,False,355,355,False
cf06e4287b45afdaa64eb89195435544fb852bdd,train,0,MultifacetedAbstraction/Negative/javaee-samples_javaee7-samples_javaee-samples_javaee7-samples_org.javaee7.jaspictest.invoke420InvokeCDIBeanProtectedTest.code,unknown_class,False,355,355,False
82d16c828ac593fd038e494f8387f146b3e1dc84,test,0,MultifacetedAbstraction/Negative/stephanenicolas_robospice_stephanenicolas_robospice_com.octo.android.robospice.spicelist.okhttp244OkHttpSpiceArrayAdapter.code,unknown_class,False,355,355,False
8155669f86863b21818e23a3f667703c3a1623c6,train,0,MultifacetedAbstraction/Negative/JeffreyFalgout_ThrowingStream_JeffreyFalgout_ThrowingStream_name.falgout.jeffrey.throwing35ThrowingLongUnaryOperator.code,unknown_class,False,355,355,False
ca1a6073e085568a324093bbc312e0c6c2ab5f91,test,0,MultifacetedAbstraction/Negative/cloud-software-foundation_c5_cloud-software-foundation_c5_org.apache.hadoop.hbase.io.hfile949ByteArrayCacheable.code,unknown_class,False,354,354,False
6c272a9869a99ed4a310ae3e96d1a448d01eeaf4,train,0,MultifacetedAbstraction/Negative/bruno-medeiros_DDT_bruno-medeiros_DDT_dtool.ast.definitions106TemplateThisParam.code,unknown_class,False,354,354,False
721acc11d64f7a90e93e3ea5c5504dda207480ab,val,0,MultifacetedAbstraction/Negative/FenixEdu_fenixedu-academic_FenixEdu_fenixedu-academic_org.fenixedu.academic.domain.accounting.postingRules472FixedAmountPR.code,unknown_class,False,354,354,False
ed9fc93e7d5f01798c97a18f0322a059731bb846,val,1,MultifacetedAbstraction/Positive/rejasupotaro_octodroid_rejasupotaro_octodroid_com.rejasupotaro.octodroid.models0Comment.code,unknown_class,False,354,354,False
29b85d7b47dc656f3c83eaa5ce4882944ee4f3b5,train,0,MultifacetedAbstraction/Negative/chaupal_jxse_chaupal_jxse_net.jxta.socket.examples1066DefaultSecureTCPMessageTest.code,unknown_class,False,353,353,False
df975d120c0e7a81929583683aa939cb2b4304de,test,0,MultifacetedAbstraction/Negative/apache_struts_apache_struts_com.opensymphony.xwork220AnnotatedTestBean.code,unknown_class,False,353,353,False
075c7ec39ab38c9c313029b2ac87bcf856d1bb3c,val,0,MultifacetedAbstraction/Negative/PayPal_PayPal-Java-SDK_PayPal_PayPal-Java-SDK_com.paypal.api.payments42CreditCardToken.code,unknown_class,False,353,353,False
5d2c6426100611d836b037e0f928a3e98735bef5,train,0,MultifacetedAbstraction/Negative/jphp-compiler_jphp_jphp-compiler_jphp_org.develnext.jphp.core.compiler.jvm.statement.expr.value117UnsetCompiler.code,unknown_class,False,353,353,False
17e071ccb62f6232133937ff073691e7edaa4462,val,0,MultifacetedAbstraction/Negative/spring-projects_spring-restdocs_spring-projects_spring-restdocs_org.springframework.restdocs103JUnitRestDocumentation.code,unknown_class,False,352,352,False
022259bbb70b4f22ee9b3d3d184b7de8ee9a51ec,test,0,MultifacetedAbstraction/Negative/amutu_tdw_amutu_tdw_org.apache.hadoop.hive.metastore.api2264isPBTable_resultTupleScheme.code,unknown_class,False,352,352,False
7ee9a4af6b4a75a132449be0648ed0d501c304ed,train,0,MultifacetedAbstraction/Negative/ethereum_ethereumj_ethereum_ethereumj_org.ethereum.core94ChainTest.code,unknown_class,False,352,352,False
974d8830bfaf1f4aac7877307ced5faedebdc1b1,train,0,MultifacetedAbstraction/Negative/aol_simple-react_aol_simple-react_com.oath.cyclops.internal.stream.spliterators214OnErrorBreakWithPublisherSpliterator.code,unknown_class,False,352,352,False
0d6767d814624bb50f41ae90fcb8b3184a50d0f2,train,0,MultifacetedAbstraction/Negative/apache_incubator-wave_apache_incubator-wave_org.waveprotocol.wave.model.version3120HashedVersionSerializer.code,unknown_class,False,352,352,False
820877ae718274578e99d2c1fcbf9b2e236f47b9,train,0,MultifacetedAbstraction/Negative/bruno-medeiros_DDT_bruno-medeiros_DDT_dtool.ast.statements189InOutFunctionBody.code,unknown_class,False,351,351,False
0d82cdf61a4f6f8ff51c95012a52bd929b02bea5,train,0,MultifacetedAbstraction/Negative/bardsoftware_ganttproject_bardsoftware_ganttproject_biz.ganttproject.impex.csv177XlsRecordImpl.code,unknown_class,False,351,351,False
59d7bcfb3d4c813ef087dda178414cb92067a335,train,1,MultifacetedAbstraction/Positive/rejasupotaro_octodroid_rejasupotaro_octodroid_com.rejasupotaro.octodroid.models2Issue.code,unknown_class,False,351,351,False
398137216fd59371dbfab9ed94e967b462c84d39,train,0,MultifacetedAbstraction/Negative/ESAPI_esapi-java-legacy_ESAPI_esapi-java-legacy_org.owasp.esapi.logging.cleaning153CompositeLogScrubberTest.code,unknown_class,False,350,350,False
ddeeecd3f6430d9010549066b99cb26b20d138d1,train,0,MultifacetedAbstraction/Negative/Cloudslab_cloudsim_Cloudslab_cloudsim_org.cloudbus.cloudsim.power.models310PowerModelSpecPowerIbmX3550XeonX5675Test.code,unknown_class,False,350,350,False
131e20ff2c133f57970db7210754c5d9afb78ad6,train,0,MultifacetedAbstraction/Negative/camelinaction_camelinaction_camelinaction_camelinaction_camelinaction116ManualRouteWithStopTest.code,unknown_class,False,350,350,False
8f53ca195caa1a3943cfbef01e955cf5306de103,train,0,MultifacetedAbstraction/Negative/iainporter_oauth2-provider_iainporter_oauth2-provider_com.porterhead.oauth226OAuth2AuthenticationAccessToken.code,unknown_class,False,349,349,False
5c758360af7cb8fc4d3dd1969d28b45ba73f5152,train,0,MultifacetedAbstraction/Negative/javaee-samples_javaee7-samples_javaee-samples_javaee7-samples_org.javaee7.jaspic.registersession.servlet395PublicServletProtectedEJB.code,unknown_class,False,349,349,False
b20e16589d338c19eed54fa73b65a3554faf62bc,train,0,MultifacetedAbstraction/Negative/Evolveum_midpoint_Evolveum_midpoint_com.evolveum.midpoint.model.impl.lens.projector.policy.evaluators816ModificationConstraintEvaluator.code,unknown_class,False,349,349,False
f1f50eac94c49fe685cf5d1d81fea15a18300009,train,0,MultifacetedAbstraction/Negative/kuujo_copycat_kuujo_copycat_io.atomix.utils.serializer1590KryoInputPoolTest.code,unknown_class,False,349,349,False
c780b54d264ba5366b812c521e6e72f7ffcee06e,train,0,MultifacetedAbstraction/Negative/openscore_score-actions_openscore_score-actions_io.cloudslang.content.azure.services216StorageServiceImplTest.code,unknown_class,False,349,349,False
edfc57226152bff1cf9647bac33c257ddf2438d2,train,0,MultifacetedAbstraction/Negative/sindicetech_siren_sindicetech_siren_com.sindicetech.siren.search.node551NodeConstantBulkScorer.code,unknown_class,False,348,348,False
c565ed0b229fe6217db527efdf9c65189eea2c3d,train,0,MultifacetedAbstraction/Negative/cbitstech_Purple-Robot_cbitstech_Purple-Robot_edu.northwestern.cbits.purple_robot_manager.models.trees.parsers180TreeNodeParser.code,unknown_class,False,348,348,False
c60edf2e67a706d74f9351b0525432d135db8411,test,0,MultifacetedAbstraction/Negative/apache_incubator-reef_apache_incubator-reef_org.apache.reef.io.network.util795StringIdentifier.code,unknown_class,False,348,348,False
ddd23086dce00b4c56471ebfc44129080dd1535f,test,0,MultifacetedAbstraction/Negative/apache_struts_apache_struts_org.apache.struts2.views1924DefaultTagLibrary.code,unknown_class,False,348,348,False
9c9356896b56dd205051a853a9a13616d8344883,train,1,MultifacetedAbstraction/Positive/blad_solid-android_blad_solid-android_com.btellez.solidandroid.model0Icon.code,unknown_class,False,347,347,False
e9f16988ee4932e042e572213788c3b282d72243,train,1,MultifacetedAbstraction/Positive/jansorg_BashSupport_jansorg_BashSupport_nu.studer.idea.errorreporting0LoggingEventSubmitter.code,unknown_class,False,347,347,False
f28857385a1b7e68d9d8dcef34b97390a58a291d,train,0,MultifacetedAbstraction/Negative/google_guava_google_guava_com.google.common.escape1838ArrayBasedUnicodeEscaperTest_gwt.code,unknown_class,False,347,347,False
cdc7543b5e2d1d0232a65b39c598ec9861233788,test,0,MultifacetedAbstraction/Negative/apache_incubator-wave_apache_incubator-wave_org.waveprotocol.box.server.util.testing470TestingConstants.code,unknown_class,False,347,347,False
f4d592c3f8f895d0a36f945edc487d154704e857,test,0,MultifacetedAbstraction/Negative/pcingola_SnpEff_pcingola_SnpEff_org.broad.igv.bbfile35RPTreeLeafNodeItem.code,unknown_class,False,347,347,False
af55cfe4c61472e4e59ababec2b560354c913d35,train,0,MultifacetedAbstraction/Negative/tsiemens_pathfinder-toolkit_tsiemens_pathfinder-toolkit_com.lateensoft.pathfinder.toolkit.views.encounter260EncounterParticipantRowModel.code,unknown_class,False,346,346,False
5d7f166f26a1bafb3079f78bf096c42350939663,train,0,MultifacetedAbstraction/Negative/kuujo_copycat_kuujo_copycat_io.atomix.core.iterator.impl286PartitionedProxyIterator.code,unknown_class,False,346,346,False
e9ce7f201ec9f479f4e3b0eea78c93dea81ea177,test,0,MultifacetedAbstraction/Negative/247687009_soa_247687009_soa_io.goudai.soa.core.dao12Dao.code,unknown_class,False,346,346,False
e1508c07f734dc3444d1590e5fdf813f6b22f8f1,train,0,MultifacetedAbstraction/Negative/apache_tajo_apache_tajo_org.apache.tajo2BackendTestingUtil.code,unknown_class,False,346,346,False
8a98bbf9640bf219cd9bc8a66159026f760c40a1,train,0,MultifacetedAbstraction/Negative/marklogic_java-client-api_marklogic_java-client-api_com.marklogic.client.impl1110ValuesBuilder.code,unknown_class,False,345,345,False
fe869703f0b07b54787fb1800b61238d3ee4b1d7,train,0,MultifacetedAbstraction/Negative/SEL-columbia_dristhi_SEL-columbia_dristhi_org.ei.drishti.contract67Schedule.code,unknown_class,False,345,345,False
d191093fb07fa29ee7b7628bb7db32c2ff4a1196,train,0,MultifacetedAbstraction/Negative/querydsl_querydsl_querydsl_querydsl_com.querydsl.apt.domain66AbstractTest.code,unknown_class,False,345,345,False
58433e03785b3f89d5b42176672343c6cfb69fd5,train,1,MultifacetedAbstraction/Positive/exteso_alf.io_exteso_alf.io_alfio.controller.api.v2.model0BookingInfoTicket.code,unknown_class,False,344,344,False
e8289fee1fb4883794cac8f5c9946f854b90ea52,val,0,MultifacetedAbstraction/Negative/pedropaulovc_aws-flow-maven-eclipse-samples_pedropaulovc_aws-flow-maven-eclipse-samples_com.amazonaws.services.simpleworkflow.flow.examples.deployment52WebServer.code,unknown_class,False,344,344,False
4083d5559d3090beab08e86e6b2cfa478c77bd78,val,0,MultifacetedAbstraction/Negative/jtrfp_terminal-recall_jtrfp_terminal-recall_org.jtrfp.trcl.mem778GPUMemDumpMenuItemFeature.code,unknown_class,False,344,344,False
fb83cec7b2d6595a93a4b061235f86a1f346d94f,train,0,MultifacetedAbstraction/Negative/chanjarster_weixin-java-tools_chanjarster_weixin-java-tools_me.chanjar.weixin.mp.api125ApiTestModule.code,unknown_class,False,343,343,False
8578f1e07db34fc4c171f25961ca2ac82b5a5f41,test,0,MultifacetedAbstraction/Negative/cping_RipplePower_cping_RipplePower_org.ripple.power.database.secrecy2804BaseTableEntry.code,unknown_class,False,343,343,False
fba13ca215a77f352b63b3c4cb22280dfaa83c5e,val,0,MultifacetedAbstraction/Negative/rapidminer_rapidminer_rapidminer_rapidminer_com.rapidminer.operator.preprocessing.transformation.aggregation2829LeastAggregator.code,unknown_class,False,343,343,False
064ceefd4752ee2755890e90284433f304274d04,train,0,MultifacetedAbstraction/Negative/imagej_imagej-ops_imagej_imagej-ops_net.imagej.ops.join603DefaultJoinNInplaces.code,unknown_class,False,343,343,False
36ba6da4559415486c1979348803f2ecd30987d5,train,0,MultifacetedAbstraction/Negative/nosceon_titanite_nosceon_titanite_org.nosceon.titanite55Filters.code,unknown_class,False,342,342,False
5431218f5a7b347c18b2966cd8eed947c14b49e7,train,0,MultifacetedAbstraction/Negative/dswarm_dswarm_dswarm_dswarm_org.dswarm.persistence.service.test.utils531BasicDMPJPAServiceTestUtils.code,unknown_class,False,342,342,False
7a84f119d20708320330270d18b7fbff1f7d0178,test,0,MultifacetedAbstraction/Negative/openhab_openhab2_openhab_openhab2_org.openhab.binding.toon.internal.handler4780AbstractToonHandler.code,unknown_class,False,342,342,False
1a7b09c361aac093be7ac00fa0cab91cf84ebf22,train,0,MultifacetedAbstraction/Negative/CubeEngine_core_CubeEngine_core_org.cubeengine.libcube.service.command.parser48CommandSourceParser.code,unknown_class,False,342,342,False
b013e4fef7f20b1a14e42d7e46ea3c2eb8fbbd2a,train,0,MultifacetedAbstraction/Negative/Stratio_streaming-cep-engine_Stratio_streaming-cep-engine_com.stratio.decision.shell.dao.impl189CachedStreamsDAOImpl.code,unknown_class,False,341,341,False
fd3afa9cb65408cd9e538dc6b7112e7b11031927,train,1,MultifacetedAbstraction/Positive/andrewgaul_s3proxy_andrewgaul_s3proxy_org.gaul.s3proxy.junit1Builder.code,unknown_class,False,340,340,False
6c511c7df54b2d688fbc15e93e99a33e05b5580f,test,0,MultifacetedAbstraction/Negative/SkymindIO_nd4j_SkymindIO_nd4j_org.nd4j.tools2614InfoValuesTest.code,unknown_class,False,340,340,False
ea54c5b7d33072ac77e999d6d02fbe8bbfd060fe,train,0,MultifacetedAbstraction/Negative/tsagi_JekyllForAndroid_tsagi_JekyllForAndroid_org.eclipse.egit.github.core26Key.code,unknown_class,False,340,340,False
afc9a3ee46a9ec165b739f722f8a4c5ba045c64b,train,0,MultifacetedAbstraction/Negative/nhatminhle_cofoja_nhatminhle_cofoja_com.google.java.contract.core.agent21LineNumberingClassAdapter.code,unknown_class,False,340,340,False
37707bcc40ee39f183a402eedc801c6cf504c42b,test,0,MultifacetedAbstraction/Negative/codelibs_elasticsearch-taste_codelibs_elasticsearch-taste_org.codelibs.elasticsearch.taste.common34ValueIterator.code,unknown_class,False,340,340,False
2f24b7c915e6c9d60004efcbb75990feaadc2b04,test,0,MultifacetedAbstraction/Negative/openhab_openhab2_openhab_openhab2_org.openhab.binding.max.internal.config2632MaxCubeBridgeConfiguration.code,unknown_class,False,340,340,False
e930f63bd57686783cb3b9381e1f5c9b02a84a26,train,1,MultifacetedAbstraction/Positive/openscore_score-actions_openscore_score-actions_io.cloudslang.content.xml.entities.inputs14CustomInputsBuilder.code,unknown_class,False,340,340,False
59ebe0f86ae4a1a49ba9290676bee654cdfc0c3e,test,0,MultifacetedAbstraction/Negative/apache_struts_apache_struts_com.opensymphony.xwork2.util544WildcardUtilTest.code,unknown_class,False,339,339,False
7b6e1ed77ef4ae213d67c34b19867d65a1405392,test,1,MultifacetedAbstraction/Positive/amutu_tdw_amutu_tdw_org.apache.hadoop.hive.serde2.lazy2SerDeParameters.code,unknown_class,False,338,338,False
6fd5f4f6eb33ca2d0724a90b389a3d51d82b7488,train,0,MultifacetedAbstraction/Negative/jtrfp_terminal-recall_jtrfp_terminal-recall_org.jtrfp.trcl.gpu586BasicModelTarget.code,unknown_class,False,337,337,False
1e250610d982685a0983b4a6929825dc4c772f7b,train,0,MultifacetedAbstraction/Negative/Graphify_graphify_Graphify_graphify_org.neo4j.nlp.impl.util25VsmCacheModel.code,unknown_class,False,337,337,False
717286f2ae27c019936b15cefc1aca66e9e2f2e7,val,0,MultifacetedAbstraction/Negative/wildflyext_wildfly-camel_wildflyext_wildfly-camel_org.wildfly.camel.test.servicenow.subA627Incident.code,unknown_class,False,337,337,False
59c02734f5520ecc48ca950ec023c0328a74e203,train,0,MultifacetedAbstraction/Negative/mozilla_j2me.js_mozilla_j2me.js_com.sun.j2me.location635ProximityThread.code,unknown_class,False,337,337,False
7b9e38d4cef3d8a653889bb14effa626a2557b62,train,0,MultifacetedAbstraction/Negative/midonet_midonet_midonet_midonet_org.midonet.util876StatisticalCounterBenchmark.code,unknown_class,False,336,336,False
c200016c1704d609a26d5d3d7e5e2c494566b1e6,train,0,MultifacetedAbstraction/Negative/wso2_product-esb_wso2_product-esb_org.wso2.carbon.esb.passthru.transport.test654ESBJAVA4328RestUrlPostFixValueEncodeTestCase.code,unknown_class,False,335,335,False
2edeedd4abf82f1b5833df7698ee5ba696f50a6c,train,0,MultifacetedAbstraction/Negative/apache_olingo-odata4_apache_olingo-odata4_org.apache.olingo.fit.proxy.demo.odatademo.types957ProductDetailComposableInvoker.code,unknown_class,False,333,333,False
9e1752dd96a8d0d9a64fc677496830d1ff2e2408,test,0,MultifacetedAbstraction/Negative/magarena_magarena_magarena_magarena_magic.test792TestSacMana.code,unknown_class,False,333,333,False
9dadf4768b2902f5d5c1e9684e1fab2f0c0a93eb,test,0,MultifacetedAbstraction/Negative/kite-sdk_kite_kite-sdk_kite_org.kitesdk.morphline.stdlib985Translate.code,unknown_class,False,333,333,False
a677d609ca5faf7fea075271d0df98d6f634945e,train,0,MultifacetedAbstraction/Negative/Evolveum_midpoint_Evolveum_midpoint_com.evolveum.midpoint.gui.api.component.objecttypeselect195ObjectTypeSelectPanel.code,unknown_class,False,332,332,False
fadc1eeb9d16fa67b5bc584649d1bcb50112ea4b,train,0,MultifacetedAbstraction/Negative/RentTheRunway2_alchemy_RentTheRunway2_alchemy_io.rtr.alchemy.mapping120MappersTest.code,unknown_class,False,332,332,False
00ed81ab91ab9a8f02ce3039959ada2f7fe4f1ed,train,0,MultifacetedAbstraction/Negative/darcy-framework_darcy-ui_darcy-framework_darcy-ui_com.redhat.darcy.ui32ElementsTest.code,unknown_class,False,331,331,False
44fe2e147dbf09fb494aa861f15e29f603887305,train,0,MultifacetedAbstraction/Negative/tlaukkan_zigbee4java_tlaukkan_zigbee4java_org.bubblecloud.zigbee.api46ReportingConfiguration.code,unknown_class,False,331,331,False
9098c44bbc838475c8c7275ad3d30b5afdb5d050,train,0,MultifacetedAbstraction/Negative/javaee-samples_javaee7-samples_javaee-samples_javaee7-samples_org.javaee7.jaxrs.dbaccess461Employee.code,unknown_class,False,331,331,False
3a7e68e1272bd6155805c9f62e9f4afe6070005b,test,0,MultifacetedAbstraction/Negative/KronicDeth_intellij-elixir_KronicDeth_intellij-elixir_org.elixir_lang.psi565ElixirInterpolatedRegexHeredoc.code,unknown_class,False,330,330,False
7de41c621d12be11b36a30d04de96f9e2daabcbf,train,1,MultifacetedAbstraction/Positive/infiniteautomation_modbus4j_infiniteautomation_modbus4j_com.serotonin.modbus4j.test0TestSerialPortWrapper.code,unknown_class,False,330,330,False
73565ed076548da5ccce4482d50cf35bb7edb3a6,train,0,MultifacetedAbstraction/Negative/rapidminer_rapidminer_rapidminer_rapidminer_com.rapidminer.tools.math.optimization.ec.es3383BoltzmannSelection.code,unknown_class,False,330,330,False
aa4a7d1a937d5d6d931cda89be1d980f56a4cdd1,train,0,MultifacetedAbstraction/Negative/apache_incubator-wave_apache_incubator-wave_org.waveprotocol.box.server.waveserver532TransformedWaveletDeltaIterator.code,unknown_class,False,329,329,False
dd33d38cd47a3813be30da5dc51afc861732c8a9,val,0,MultifacetedAbstraction/Negative/timolson_cointrader_timolson_cointrader_org.cryptocoinpartners.module.xchange103BitmexHelper.code,unknown_class,False,329,329,False
27ca25096366ab689d39a6845017c3bd712e7eca,train,0,MultifacetedAbstraction/Negative/amutu_tdw_amutu_tdw_org.apache.hadoop.hive.serde2.dynamic_type3818DynamicSerDeTypedef.code,unknown_class,False,329,329,False
99c52b94d79d0457dd370c49462e8e102c0aca27,train,0,MultifacetedAbstraction/Negative/apache_olingo-odata4_apache_olingo-odata4_org.apache.olingo.fit.base864EntityUpdateTestITCase.code,unknown_class,False,329,329,False
5278353da5b31f569f3a825c9c84df086d506fcc,train,0,MultifacetedAbstraction/Negative/ctron_package-drone_ctron_package-drone_org.eclipse.packagedrone.sec.web.ui768AbstractUserCreationController.code,unknown_class,False,329,329,False
c0cb8222302384715d188882f1394cbd8b369e73,train,0,MultifacetedAbstraction/Negative/gwtbootstrap3_gwtbootstrap3-extras_gwtbootstrap3_gwtbootstrap3-extras_org.gwtbootstrap3.extras.summernote.client.event217SummernoteFocusEvent.code,unknown_class,False,329,329,False
706a230501338cc9dd855202755bef13cab23ef6,train,0,MultifacetedAbstraction/Negative/krasa_StringManipulation_krasa_StringManipulation_osmedile.intellij.stringmanip15WhatsNewPopup.code,unknown_class,False,328,328,False
1d389851b6fa0e828cf50a55a003a3bd8d0ec1e1,train,0,MultifacetedAbstraction/Negative/astefanutti_camel-cdi_astefanutti_camel-cdi_org.apache.camel.cdi.se74AdvisedMockEndpointProducerTest.code,unknown_class,False,328,328,False
b2f50130c6d4d00a6c8f16ddfad30f1b3dc72724,train,0,MultifacetedAbstraction/Negative/naver_pinpoint_naver_pinpoint_com.navercorp.pinpoint.collector.dao.hbase.stat654HbaseCpuLoadDao.code,unknown_class,False,328,328,False
a6dfcb1d22523cce122b965d904c1dc948104d32,val,1,MultifacetedAbstraction/Positive/mozilla_j2me.js_mozilla_j2me.js_com.nokia.mid.ui.frameanimator1FrameAnimator.code,unknown_class,False,328,328,False
f8ec79cdacecf88ec3ec78292f96eafe9a8d17f2,train,1,MultifacetedAbstraction/Positive/mariogrip_octodroid_mariogrip_octodroid_com.mariogrip.octodroid1job.code,unknown_class,False,327,327,False
798620349f1b8211a9ac9f9310198eecbb277ce0,test,0,MultifacetedAbstraction/Negative/caskdata_cdap_caskdata_cdap_io.cdap.cdap.partitioned4591DatasetServingHandler.code,unknown_class,False,326,326,False
db0f030ecbfb8ff59c587ad4b31d0f6c4f336602,train,0,MultifacetedAbstraction/Negative/gwtbootstrap3_gwtbootstrap3-extras_gwtbootstrap3_gwtbootstrap3-extras_org.gwtbootstrap3.extras.summernote.client.event213SummernoteChangeEvent.code,unknown_class,False,326,326,False
49e3c1b036db123997c5ef2b89d7ab11826298f5,test,0,MultifacetedAbstraction/Negative/ben-manes_concurrentlinkedhashmap_ben-manes_concurrentlinkedhashmap_com.googlecode.concurrentlinkedhashmap.generator118UniformGenerator.code,unknown_class,False,325,325,False
6b693c7a3581072e793aba7857ad3f20b4bea7f8,train,0,MultifacetedAbstraction/Negative/GlowstoneMC_Glowstone_GlowstoneMC_Glowstone_net.glowstone.entity.passive568GlowOcelot.code,unknown_class,False,325,325,False
a3b7bac161ccbd01af811effd951e13554e098e6,train,0,MultifacetedAbstraction/Negative/linkedin_gobblin_linkedin_gobblin_org.apache.gobblin.data.management.copy.replication1054WatermarkMetadataUtil.code,unknown_class,False,325,325,False
fa8607ef90f6cc72911022f3de871f9f2786a4f8,train,0,MultifacetedAbstraction/Negative/nekopanda_logbook_nekopanda_logbook_logbook.data17ActionData.code,unknown_class,False,325,325,False
498741e72b067f9e19c3ddbc90c48d7bf3072ebe,train,0,MultifacetedAbstraction/Negative/naver_pinpoint_naver_pinpoint_com.navercorp.pinpoint.plugin.hikaricp2172HikariDataSourceTransform.code,unknown_class,False,325,325,False
c7b110eec2cd56d58e8d1647a6f9f553b37a8d56,train,0,MultifacetedAbstraction/Negative/openhab_openhab2_openhab_openhab2_org.openhab.binding.digitalstrom.internal.lib.listener710TemperatureControlStatusListener.code,unknown_class,False,325,325,False
3ea37103f958608899b5ea6abc2a3c43ffd5a1ad,val,0,MultifacetedAbstraction/Negative/manuzhang_storm-benchmark_manuzhang_storm-benchmark_storm.benchmark.tools77Distribution.code,unknown_class,False,324,324,False
609317420a334680d5ac28e7d9d33f4d7472e8a3,train,1,MultifacetedAbstraction/Positive/primecloud-controller-org_primecloud-controller_primecloud-controller-org_primecloud-controller_jp.primecloud.auto.aws0AwsClientFactory.code,unknown_class,False,324,324,False
8c962c838f54f8e0c50692ce9e334e4c322dc90f,train,0,MultifacetedAbstraction/Negative/allanbank_mongodb-async-driver_allanbank_mongodb-async-driver_com.allanbank.mongodb.client.callback290IteratorToListCallbackAdapter.code,unknown_class,False,324,324,False
c78e6ad86223c0644d76d5059be54b145462da65,val,0,MultifacetedAbstraction/Negative/foxinmy_weixin4j_foxinmy_weixin4j_com.foxinmy.weixin4j.model.media192MediaDownloadResult.code,unknown_class,False,323,323,False
7885f4cd22b01bac9e80c52a30f26771fb6cf8e7,train,0,MultifacetedAbstraction/Negative/wmora_snackbar_wmora_snackbar_com.nispok.snackbar.layouts20SnackbarLayout.code,unknown_class,False,323,323,False
98539c607344560ed0b976a3dd624d3dd85e620f,train,0,MultifacetedAbstraction/Negative/caskdata_cdap_caskdata_cdap_io.cdap.cdap.api.data.batch248SplitReaderBase.code,unknown_class,False,323,323,False
47b3098d152947a6a51e6e69877fdf9abac3723f,test,0,MultifacetedAbstraction/Negative/addthis_hydra_addthis_hydra_com.addthis.hydra.util1125AvailableCacheTest.code,unknown_class,False,323,323,False
9ba1027722f932f5aad4d1b57debbe38c287efac,train,1,MultifacetedAbstraction/Positive/OHDSI_WebAPI_OHDSI_WebAPI_org.ohdsi.webapi.user.importer.model3UserImportJobHistoryItem.code,unknown_class,False,323,323,False
5d9bee63993cd5ecc78179354a1dbba341254bd2,val,0,MultifacetedAbstraction/Negative/mobile-event-processing_Asper_mobile-event-processing_Asper_com.espertech.esper.regression.epl3643Test20StreamJoin.code,unknown_class,False,322,322,False
b93d409649aa00e1e8443aa41159e8fd2a7236f6,train,0,MultifacetedAbstraction/Negative/phishman3579_java-algorithms-implementation_phishman3579_java-algorithms-implementation_com.jwetherell.algorithms.data_structures17BinarySearchTreeIterator.code,unknown_class,False,322,322,False
903840f0f604a55139b731dc373d5da8f2605463,train,0,MultifacetedAbstraction/Negative/manuzhang_storm-benchmark_manuzhang_storm-benchmark_storm.benchmark.lib.bolt38FilterBoltTest.code,unknown_class,False,322,322,False
bff356497ddcf72074a4a03c710f02b0098b4687,train,0,MultifacetedAbstraction/Negative/project-ncl_pnc_project-ncl_pnc_org.jboss.pnc.rest.utils1016EndpointAuthenticationProvider.code,unknown_class,False,322,322,False
9abc047511321bb0e6b8e05c5d01c1d227b6d2c6,test,0,MultifacetedAbstraction/Negative/google_closure-compiler_google_closure-compiler_com.google.javascript.refactoring.testing1805SuggestedFixes.code,unknown_class,False,322,322,False
d72cf93ac52245803ea4f495f45c2d2f76b0237b,train,0,MultifacetedAbstraction/Negative/apache_tajo_apache_tajo_org.apache.tajo.engine.function.string643SplitPart.code,unknown_class,False,321,321,False
5b9c3c59dd6af1fd1d24634452654e9f9b0e4e63,train,1,MultifacetedAbstraction/Positive/codecentric_spring-boot-starter-batch-web_codecentric_spring-boot-starter-batch-web_de.codecentric.batch.configuration0BaseConfiguration.code,unknown_class,False,321,321,False
711e9f65d4b153f433ca14c082b3defa0f037965,train,0,MultifacetedAbstraction/Negative/openhab_openhab2_openhab_openhab2_org.openhab.binding.satel.internal.command4226SatelCommand.code,unknown_class,False,321,321,False
79aa3ae681785fc583c886a4e94ea78d79f2d7cc,val,0,MultifacetedAbstraction/Negative/bruno-medeiros_DDT_bruno-medeiros_DDT_melnorme.lang.ide.ui.operations909IntroDialog.code,unknown_class,False,321,321,False
bcc3fc5c82078336b5c8bfd32a22e5d2b62fa441,train,1,MultifacetedAbstraction/Positive/pushtorefresh_bamboo-storage_pushtorefresh_bamboo-storage_com.pushtorefresh.storio3.contentresolver.annotations0PrivateFieldsWithoutCreator.code,unknown_class,False,321,321,False
e86b622b420314850ed3f37344ce3afcbb408656,train,0,MultifacetedAbstraction/Negative/ReactiveX_RxJavaJoins_ReactiveX_RxJavaJoins_rx.joins3ActivePlan2.code,unknown_class,False,321,321,False
608cd847e90b53244a8a50114da5faadee286799,train,1,MultifacetedAbstraction/Positive/edx_edx-app-android_edx_edx-app-android_org.edx.mobile.user2FormField.code,unknown_class,False,320,320,False
b050a057d52cd9e239a0e9c5d48ded3a91306dca,train,0,MultifacetedAbstraction/Negative/infiniteautomation_modbus4j_infiniteautomation_modbus4j_com.serotonin.cdc.modbus4j.serial.rtu135RtuMaster.code,unknown_class,False,320,320,False
82066a56769cf44591bf6b031d0719995e09a00a,train,0,MultifacetedAbstraction/Negative/PayPal_SeLion_PayPal_SeLion_com.paypal.selion.platform.grid412WebDriverSessionHandlerTest.code,unknown_class,False,320,320,False
e5ab7974bfd044bb61ecb4240cad4bdf65727210,val,0,MultifacetedAbstraction/Negative/mobile-event-processing_Asper_mobile-event-processing_Asper_com.espertech.esper.epl.view2667OutputConditionTimeFactory.code,unknown_class,False,320,320,False
9b7bd9edb94d6ee7a422f557b3c32d8060049e08,train,0,MultifacetedAbstraction/Negative/SpoutDev_Vanilla_SpoutDev_Vanilla_org.spout.vanilla.world.generator.normal.biome.snowy1125TaigaBiome.code,unknown_class,False,319,319,False
2dde5d95fe7ae7e94f97e903f6a04ade0bb38b60,train,0,MultifacetedAbstraction/Negative/lightblue-platform_lightblue-core_lightblue-platform_lightblue-core_com.redhat.lightblue.crud164DeleteRequest.code,unknown_class,False,318,318,False
e3498e62867636a486713149eae254b80b2b8997,train,0,MultifacetedAbstraction/Negative/couchbase_couchbase-jvm-core_couchbase_couchbase-jvm-core_com.couchbase.client.core.service463AbstractPoolingService.code,unknown_class,False,318,318,False
346a59f3b957b556aefdcaa4e3c409f70818a4f5,test,0,MultifacetedAbstraction/Negative/lenskit_lenskit_lenskit_lenskit_org.lenskit.eval.traintest341LabelDescriptionVisitor.code,unknown_class,False,318,318,False
913354e2927dbb9e9aa76ab5a254a1c618aa2e4e,train,0,MultifacetedAbstraction/Negative/google_guice_google_guice_com.google.inject.internal839SingleFieldInjector.code,unknown_class,False,318,318,False
5fd7b58a0fbbf1289839c5a5c9c90eaf7a772471,train,0,MultifacetedAbstraction/Negative/rundeck_rundeck_rundeck_rundeck_com.dtolabs.rundeck.core.resources.format737ResourceXMLFormatGenerator.code,unknown_class,False,318,318,False
caa6a1a31f7a622466d7104d243b6398b7775b48,test,0,MultifacetedAbstraction/Negative/googlesamples_android-FloatingActionButtonBasic_googlesamples_android-FloatingActionButtonBasic_com.example.android.floatingactionbuttonbasic9FloatingActionButtonBasicFragment.code,unknown_class,False,317,317,False
3a4e7d1248b21c8dd0f56ccd91141fabbd70e104,train,0,MultifacetedAbstraction/Negative/holgerbrandl_r4intellij_holgerbrandl_r4intellij_com.r4intellij.editor.formatting175RCodeStyleSettingsProvider.code,unknown_class,False,317,317,False
5d02c42fe386eb130dd3df0821452a207ad87bde,train,0,MultifacetedAbstraction/Negative/caskdata_cdap_caskdata_cdap_io.cdap.cdap.internal.api3179AbstractPluginConfigurable.code,unknown_class,False,316,316,False
1b785f25bc6751d83de749fcd51a9a5f2d3f16e5,train,0,MultifacetedAbstraction/Negative/yahoo_artifactory_ssh_proxy_yahoo_artifactory_ssh_proxy_com.yahoo.sshd.server.filesystem51AFClientCache.code,unknown_class,False,316,316,False
25f76f3644dcc53978dba42be22ef744faffdc20,val,1,MultifacetedAbstraction/Positive/addthis_hydra_addthis_hydra_com.addthis.hydra.data.query0Builder.code,unknown_class,False,316,316,False
ab618718418758a6ce0d1f3cb29f349d05c35c5f,test,0,MultifacetedAbstraction/Negative/Netflix_suro_Netflix_suro_com.netflix.suro.thrift321getStatus_call.code,unknown_class,False,315,315,False
8a269b994cb43b27518ef747f56e3aa740f0db2a,train,0,MultifacetedAbstraction/Negative/apache_stratos_apache_stratos_org.jclouds.aws.ec2.options1333CreateSecurityGroupOptions.code,unknown_class,False,315,315,False
1d799ddb505226754458d981163cbfc1f4298857,train,0,MultifacetedAbstraction/Negative/ic3fox_jawr_ic3fox_jawr_net.jawr.web.test.smartbundling383MainPageJMXTest.code,unknown_class,False,315,315,False
49e502e502aed03c9f64dbd026e56e564f2725b7,test,0,MultifacetedAbstraction/Negative/kite-sdk_kite_kite-sdk_kite_org.kitesdk.cli.commands71TestCopyCommandClusterSchemaEvolution.code,unknown_class,False,315,315,False
5e443e96bc390d4e33aec03d1eaf7ed923110714,test,0,MultifacetedAbstraction/Negative/cloud-software-foundation_c5_cloud-software-foundation_c5_org.apache.hadoop.hbase.protobuf.generated1914OpenRegionRequestOrBuilder.code,unknown_class,False,314,314,False
8940ac17d34979c99b2d63857b58cbe077ab1271,val,0,MultifacetedAbstraction/Negative/benhysell_V.FlyoutTest_benhysell_V.FlyoutTest_android.support.v4.view277OnPageChangeListener.code,unknown_class,False,314,314,False
3ef08b3fdf4c484f2a2d08304bd19bb18207a52e,val,0,MultifacetedAbstraction/Negative/davityle_ngAndroid_davityle_ngAndroid_com.ngandroid.demo.model.test119Input.code,unknown_class,False,313,313,False
307a8bbb9ff555ef93fded9e4dadd6d70fabc44e,train,0,MultifacetedAbstraction/Negative/SpongePowered_SpongeAPI_SpongePowered_SpongeAPI_org.spongepowered.api.text.transform1627SimpleTextTemplateApplier.code,unknown_class,False,312,312,False
33759264edb646513241a02b7544596dbcb17946,test,0,MultifacetedAbstraction/Negative/pac4j_pac4j_pac4j_pac4j_org.pac4j.core.profile.converter255GenderConverter.code,unknown_class,False,312,312,False
9dbceb1074873fd4e1b2781c2677b5840866b01f,train,0,MultifacetedAbstraction/Negative/springdox_springdox_springdox_springdox_springfox.documentation.spring.web303SpringIntegrationWebFluxRequestHandler.code,unknown_class,False,312,312,False
b0e77830d5ce448c40aa302d3c8b83abf8a99af3,train,0,MultifacetedAbstraction/Negative/Evolveum_midpoint_Evolveum_midpoint_com.evolveum.midpoint.web.security4172MidPointObjectChecker.code,unknown_class,False,312,312,False
31f7df6e9d2baa24a28f6ab2ea6ba11a12a7c2d0,train,0,MultifacetedAbstraction/Negative/ksoichiro_Android-ObservableScrollView_ksoichiro_Android-ObservableScrollView_com.github.ksoichiro.android.observablescrollview.test154ViewPagerTabRecyclerViewFragment.code,unknown_class,False,311,311,False
127a150cfb6775ddf3a96caf8a9ceb31ff935750,val,0,MultifacetedAbstraction/Negative/aima-java_aima-java_aima-java_aima-java_aima.test.core.unit.util.datastructure880TableTest.code,unknown_class,False,311,311,False
bb77efd64b7ab771f0c1b91fbd7350ab0b494236,train,0,MultifacetedAbstraction/Negative/linkedin_gobblin_linkedin_gobblin_org.apache.gobblin.source.extractor.filebased2843GoogleDriveSourceTest.code,unknown_class,False,311,311,False
2bb6768eb61fedc4ecff24ce58fbc9b6a03e1bc1,train,1,MultifacetedAbstraction/Positive/alaisi_postgres-async-driver_alaisi_postgres-async-driver_com.pgasync0ConnectibleProperties.code,unknown_class,False,311,311,False
6e4068b7570e148d665a489953d20c46d6f9ac9e,train,0,MultifacetedAbstraction/Negative/xhanin_jarup_xhanin_jarup_io.github.xhanin.jarup.commands12BatchCommand.code,unknown_class,False,310,310,False
8792bf25600fe22fe9fcc2a5ce036299083e07ce,train,0,MultifacetedAbstraction/Negative/vladimirvivien_clamshell-cli_vladimirvivien_clamshell-cli_org.clamshellcli.impl28CmdCompleter.code,unknown_class,False,310,310,False
0304a034c4b85693c78c9afdc9afb79a4b1649bb,train,1,MultifacetedAbstraction/Positive/pushtorefresh_bamboo-storage_pushtorefresh_bamboo-storage_com.pushtorefresh.storio3.sqlite.annotations1PrivateFieldsWithoutCreator.code,unknown_class,False,310,310,False
54e616e4d9acfd447e8ef5ffc0c8b6b900377c34,train,0,MultifacetedAbstraction/Negative/mulesoft_jaxrs-to-raml_mulesoft_jaxrs-to-raml_org.raml.jaxrs.types284TypeRegistry.code,unknown_class,False,310,310,False
c80d9e416510658569c3bb85b1e26d27fa696147,train,0,MultifacetedAbstraction/Negative/aparapi_aparapi_aparapi_aparapi_com.amd.aparapi.test726While_If_IfElseElse.code,unknown_class,False,309,309,False
363e78725e05f9bdf66df336311fff32a61f94e7,train,1,MultifacetedAbstraction/Positive/openhab_openhab2_openhab_openhab2_org.openhab.binding.meteoblue.internal.json21JsonUnits.code,unknown_class,False,308,308,False
809b276dda0be3265fe566b1ffb8fc7e5565845a,train,0,MultifacetedAbstraction/Negative/NLPchina_ansj_seg_NLPchina_ansj_seg_org.ansj.demo62NatureDemo.code,unknown_class,False,307,307,False
6a589c40b89b2603e2f4556b9350ace280a497fb,train,0,MultifacetedAbstraction/Negative/openlvc_portico_openlvc_portico_org.portico2.lrc.services.pubsub.outgoing1495UnsubscribeInteractionClassHandler.code,unknown_class,False,307,307,False
3e68c08ae4f5a5e6092ba9beebe9ccd2950f6ede,val,1,MultifacetedAbstraction/Positive/intercom_intercom-java_intercom_intercom-java_io.intercom.api0RequestResponseCapture.code,unknown_class,False,306,306,False
0dd129cd50a37da99dbd05808554a3fda6797a6b,train,0,MultifacetedAbstraction/Negative/usc-isi-i2_Web-Karma_usc-isi-i2_Web-Karma_edu.isi.karma.controller.update301AddColumnUpdate.code,unknown_class,False,306,306,False
919712e8dda010491ec2cda349fbe3596c324a44,train,0,MultifacetedAbstraction/Negative/apache_incubator-wave_apache_incubator-wave_org.waveprotocol.wave.client.wavepanel.impl.toolbar.color1565ColorPopup.code,unknown_class,False,306,306,False
73bce2d97af5116d2628f814505200edae3f3db3,test,0,MultifacetedAbstraction/Negative/stagemonitor_stagemonitor_stagemonitor_stagemonitor_org.stagemonitor.tracing.sampling469FastExternalSpanExcludingPostExecutionInterceptor.code,unknown_class,False,306,306,False
4c0429b5560e282115e39fde0f634ae3265d8775,train,0,MultifacetedAbstraction/Negative/apache_olingo-odata4_apache_olingo-odata4_org.apache.olingo.commons.api.edm.provider558CsdlEnumMember.code,unknown_class,False,306,306,False
9141a94565e56fed6d2a8e757bec334fdaf0fdf7,train,0,MultifacetedAbstraction/Negative/CorfuDB_CorfuDB_CorfuDB_CorfuDB_org.corfudb.util675UuidUtilsTest.code,unknown_class,False,306,306,False
ef97ad8e3ffece49ee2cddbf9bf7a27f538ca07c,train,1,MultifacetedAbstraction/Positive/rundeck_rundeck_rundeck_rundeck_com.dtolabs.rundeck.core.execution.workflow.steps.node.impl5test1.code,unknown_class,False,305,305,False
f406b30f93b44826e0b2e198f09547eecbe564bd,train,1,MultifacetedAbstraction/Positive/rundeck_rundeck_rundeck_rundeck_com.dtolabs.rundeck.core.common.impl0test1.code,unknown_class,False,305,305,False
5b4c21b8f15c1b59a45842dc9806158a96b0bc99,test,0,MultifacetedAbstraction/Negative/InstantWebP2P_node-android_InstantWebP2P_node-android_com.iwebpp.wspp278Options.code,unknown_class,False,305,305,False
b6aafbe12e33f441e00d6880046ca4efba9f3472,train,0,MultifacetedAbstraction/Negative/freenet_fred_freenet_fred_freenet.node.useralerts1157NotEnoughNiceLevelsUserAlert.code,unknown_class,False,304,304,False
31a2cb6adde7cdbb03a01713921068f32dd504f4,train,0,MultifacetedAbstraction/Negative/hankcs_HanLP_hankcs_HanLP_com.hankcs.hanlp.collection.trie.datrie162Utf8CharacterMappingTest.code,unknown_class,False,304,304,False
765bae8f16596f85f81a3d15c2883f4abc4d51e2,train,0,MultifacetedAbstraction/Negative/xvik_dropwizard-guicey_xvik_dropwizard-guicey_ru.vyarus.dropwizard.guice.debug.renderer.guice.support31DisableExtensionModule.code,unknown_class,False,304,304,False
d0feba5033b1bb8625ec796495328f70eb028782,test,0,MultifacetedAbstraction/Negative/iluwatar_java-design-patterns_iluwatar_java-design-patterns_com.iluwatar.reactor.framework896ThreadPoolDispatcher.code,unknown_class,False,303,303,False
8b84d9c9f8b5dca4a78e2a296b3ce85e2460a2d8,test,0,MultifacetedAbstraction/Negative/openhab_openhab2_openhab_openhab2_org.openhab.binding.openweathermap.internal.model3590OpenWeatherMapJsonHourlyForecastData.code,unknown_class,False,303,303,False
bc967851cc1369473d9ef9e5180312136bb3aed3,train,0,MultifacetedAbstraction/Negative/querydsl_querydsl_querydsl_querydsl_com.querydsl.core.types.dsl1120DslOperation.code,unknown_class,False,302,302,False
6b3a0ba0c0f5baeada3eb75252e52a34924cee71,train,0,MultifacetedAbstraction/Negative/chanjarster_weixin-java-tools_chanjarster_weixin-java-tools_me.chanjar.weixin.common.bean.result14WxMediaUploadResult.code,unknown_class,False,302,302,False
1afe52a45811ffef4a416c427c57d71d8928138a,train,1,MultifacetedAbstraction/Positive/PayPal_SeLion_PayPal_SeLion_com.paypal.selion.platform.html1SampleContainer.code,unknown_class,False,301,301,False
97aa9fb35cdc6ef2e0c047045b0667182cbdc0e7,train,0,MultifacetedAbstraction/Negative/renekrie_querqy_renekrie_querqy_querqy.lucene.rewrite.cache109CacheKey.code,unknown_class,False,301,301,False
e85e059c81e590b217c70bd504c525337b9a3b2f,train,0,MultifacetedAbstraction/Negative/OpenHFT_Koloboke_OpenHFT_Koloboke_com.koloboke.jpsg.collect.algo.hash349LHashRemoveAt.code,unknown_class,False,301,301,False
0f201a005ac0ab8d1d3d21f78d7046b287124ec3,train,0,MultifacetedAbstraction/Negative/GluuFederation_oxAuth_GluuFederation_oxAuth_org.gluu.oxauth.uma.ws.rs643ObtainPatWSTest.code,unknown_class,False,301,301,False
a516643d8dd3dc4a57390194da7305a3da9ac25b,val,0,MultifacetedAbstraction/Negative/chaupal_jxse_chaupal_jxse_net.jxta.impl.peergroup659IncompleteConfigurationException.code,unknown_class,False,301,301,False
03293c52afaa1941d83ca3cb9448bf6707a1a8ea,train,0,MultifacetedAbstraction/Negative/GluuFederation_oxAuth_GluuFederation_oxAuth_org.gluu.oxauth.client.model.authorize92IdTokenMember.code,unknown_class,False,300,300,False
51f4e07c638ca7da5a94d60140792089cd224d27,train,0,MultifacetedAbstraction/Negative/ReactiveX_RxJava_ReactiveX_RxJava_io.reactivex.rxjava3.disposables119FutureDisposableTest.code,unknown_class,False,300,300,False
e76376f111e0d678b4720a9522417f23bb8d9a55,train,0,MultifacetedAbstraction/Negative/ESAPI_esapi-java-legacy_ESAPI_esapi-java-legacy_org.owasp.esapi.waf301RestrictExtensionTest.code,unknown_class,False,300,300,False
0c0ba0b414a66d6618e0c0f1aad8e8f8d9c03f95,val,0,MultifacetedAbstraction/Negative/joel-costigliola_assertj-swing_joel-costigliola_assertj-swing_org.assertj.swing.driver788JSliderDriver_slideToMaximum_Test.code,unknown_class,False,300,300,False
f9f4c82e212b101b8625c5577773e7626275c4d2,train,0,MultifacetedAbstraction/Negative/SAP_cloud-dirigible_SAP_cloud-dirigible_org.eclipse.dirigible.ide.debug.ui78BreakpointViewContentProvider.code,unknown_class,False,299,299,False
2cffbbde0b49100cace1eb40cd3434c6c6e5fecc,val,0,MultifacetedAbstraction/Negative/BlueBrain_bluima_BlueBrain_bluima_ch.epfl.bbp.uima.filter556KeepsDumper.code,unknown_class,False,299,299,False
788d5d1ba6298547bba3a341570d2679bcb9f521,train,0,MultifacetedAbstraction/Negative/Netflix_spectator_Netflix_spectator_com.netflix.spectator.impl246Options.code,unknown_class,False,299,299,False
3ee3571ffe9039e2290f41c0e1fef8b4ea605ab0,train,0,MultifacetedAbstraction/Negative/rapidminer_rapidminer_rapidminer_rapidminer_com.rapidminer.generator265AttributePeak.code,unknown_class,False,299,299,False
a8ba0f6bda19f24e1c9b71e8ebbbd09d61772e6c,val,0,MultifacetedAbstraction/Negative/google_closure-templates_google_closure-templates_com.google.template.soy.jbcsrc.internal607MemoryClassLoader.code,unknown_class,False,299,299,False
420fd1c518e7ce123ba568cc9dea30e9f2a9c269,train,0,MultifacetedAbstraction/Negative/numenta_htm.java_numenta_htm.java_org.numenta.nupic.monitor.mixin127Trace.code,unknown_class,False,299,299,False
784fd6d2339e6344d3793510505831ef39854ec9,train,0,MultifacetedAbstraction/Negative/247687009_soa_247687009_soa_io.goudai.soa.util51JsonUtil.code,unknown_class,False,299,299,False
980208184d1438622c544d81da70e9cbd5e21128,val,0,MultifacetedAbstraction/Negative/apache_knox_apache_knox_org.apache.knox.gateway.shell955ConfigurationFactory.code,unknown_class,False,298,298,False
9f5916a2f0cbd81c086bc9922c16aee8923578d0,val,0,MultifacetedAbstraction/Negative/PGWelch_com.opendoorlogistics_PGWelch_com.opendoorlogistics_com.opendoorlogistics.core.formulae529FmAbstractRegExp.code,unknown_class,False,298,298,False
5edc0b0c8ec4751642dc90184b7774f1e487cc23,train,0,MultifacetedAbstraction/Negative/apache_uima-uimafit_apache_uima-uimafit_org.apache.uima.fit.maven.javadoc261JavadocTextExtractorTest.code,unknown_class,False,298,298,False
710a2ea6f27f7c72d77cefcb3ce7218b97633d7e,train,0,MultifacetedAbstraction/Negative/davityle_ngAndroid_davityle_ngAndroid_com.github.davityle.ngprocessor.util95MessageUtils.code,unknown_class,False,298,298,False
a7cae2fea9e11ab4dffc5d68b30d2f5c79501bda,train,0,MultifacetedAbstraction/Negative/imglib_imglib2_imglib_imglib2_net.imglib2.img.cell297CellContainerTest.code,unknown_class,False,298,298,False
68d3324da3753cb61e63d68a273ba4e78f34bcf0,val,0,MultifacetedAbstraction/Negative/lightblue-platform_lightblue-core_lightblue-platform_lightblue-core_com.redhat.lightblue.query547BinaryRelationalExpression.code,unknown_class,False,297,297,False
ddbc6592e752cb5db7ad2c476c88d4705e37c3ae,train,0,MultifacetedAbstraction/Negative/release-engineering_pom-manipulation-ext_release-engineering_pom-manipulation-ext_org.commonjava.maven.ext.core.groovy45GroovyFunctionsTest.code,unknown_class,False,297,297,False
afcdcb3abf8a14caf1c968068c931157ffcd406f,train,1,MultifacetedAbstraction/Positive/openhab_openhab2_openhab_openhab2_org.openhab.binding.spotify.internal.api.model26Album.code,unknown_class,False,297,297,False
7ad853de5b4bcadd9ab49af328a64c2b195f2937,val,0,MultifacetedAbstraction/Negative/bruno-medeiros_DDT_bruno-medeiros_DDT__org.eclipse.dltk.ui.text.folding1781Requestor.code,unknown_class,False,297,297,False
463980e04b57ced5b4c40465bd77117ee3a27d09,train,0,MultifacetedAbstraction/Negative/apache_incubator-twill_apache_incubator-twill_org.apache.twill.api56TwillRunnable.code,unknown_class,False,296,296,False
7cded912d29b6abeed4eef0993a5a810909fa600,train,0,MultifacetedAbstraction/Negative/Cardshifter_Cardshifter_Cardshifter_Cardshifter_com.cardshifter.modapi.resources242RestoreResourcesToSystem.code,unknown_class,False,296,296,False
d819cfa101ef1a9dfb1d0638e8b650ab1cb7d520,val,0,MultifacetedAbstraction/Negative/Dynious_RefinedRelocation_Dynious_RefinedRelocation_com.dynious.refinedrelocation.compat139EE3Helper.code,unknown_class,False,296,296,False
6b075934c22fc8e85de69dbb860abec16420b54c,test,0,MultifacetedAbstraction/Negative/tlaukkan_zigbee4java_tlaukkan_zigbee4java_org.bubblecloud.zigbee.api.cluster.impl.api.general.scenes180RemoveSceneResponse.code,unknown_class,False,296,296,False
85ee71350ed70fb1c1956ce0f12d3fe679365fc1,train,0,MultifacetedAbstraction/Negative/Conductor_kangaroo_Conductor_kangaroo_com.conductor.s340S3OptimizedFileInputFormatTest.code,unknown_class,False,296,296,False
cb74a87d6fac6e64a6ab0ed1ee4fcba48e97fc77,val,0,MultifacetedAbstraction/Negative/bruno-medeiros_DDT_bruno-medeiros_DDT_dtool.sourcegen477TspMetadataEndElement.code,unknown_class,False,295,295,False
c1bc0d33756a6836287c0eb68425e175c52c041b,test,0,MultifacetedAbstraction/Negative/openhab_openhab2_openhab_openhab2_org.openhab.binding.satel.internal.event4235EventDispatcher.code,unknown_class,False,295,295,False
9b7ab3a7a6fcff352177cc800a1ad2bde01a56b3,test,0,MultifacetedAbstraction/Negative/magarena_magarena_magarena_magarena_magic.test831TestTyreal.code,unknown_class,False,295,295,False
82c1cfc4a3e076610991eafcb38820615c05ca12,train,0,MultifacetedAbstraction/Negative/att_XACML_att_XACML_com.att.research.xacml.std.jaxp377JaxpStatusCode.code,unknown_class,False,295,295,False
ab3358d6ebf01afb301127f819fce911b99e3bb0,val,0,MultifacetedAbstraction/Negative/ebay_oink_ebay_oink_org.pig.oink.bean5TestPigRequestParamters.code,unknown_class,False,294,294,False
3b69688b12b5cc348eee28b6b58ef2f0d8e073c9,train,0,MultifacetedAbstraction/Negative/TwidereProject_Twidere-Android_TwidereProject_Twidere-Android_org.mariotaku.microblog.library.twitter.model232Size.code,unknown_class,False,294,294,False
5cf6c53a1e830e38157a2078be64cc79341e81b9,train,1,MultifacetedAbstraction/Positive/rundeck_rundeck_rundeck_rundeck_com.dtolabs.rundeck.core.execution.workflow.state4wfresult.code,unknown_class,False,294,294,False
8eaaddf213e5209d175830da98efbb66c94df56b,val,0,MultifacetedAbstraction/Negative/ksoichiro_SimpleAlertDialog-for-Android_ksoichiro_SimpleAlertDialog-for-Android_com.simplealertdialog.sample.demos.test29MainActivityTest.code,unknown_class,False,293,293,False
2a3c1e2376def18423a730a5f23d927fcd0264b9,test,0,MultifacetedAbstraction/Negative/apache_stratos_apache_stratos_org.apache.stratos.messaging.event.topology832ClusterInstanceCreatedEvent.code,unknown_class,False,293,293,False
7a4b80d0f75285d66fa21fed8cfa32f1163ed0fb,train,0,MultifacetedAbstraction/Negative/Microsoft_AppInsights-Android_Microsoft_AppInsights-Android_com.microsoft.applicationinsights.contracts47PageViewDataTests.code,unknown_class,False,293,293,False
2422a425b2d04be90d33f167ddc409e392653076,train,0,MultifacetedAbstraction/Negative/cping_RipplePower_cping_RipplePower_org.ripple.bouncycastle.asn1.oiw936ElGamalParameter.code,unknown_class,False,292,292,False
b8ca94302025216d83b12488a34d63550db05f99,train,0,MultifacetedAbstraction/Negative/OpenHFT_Chronicle-Map_OpenHFT_Chronicle-Map_net.openhft.chronicle.hash.serialization.impl167StringBytesReader.code,unknown_class,False,292,292,False
b1fd0163d1840d59a6df124175759d2fed0381b1,train,0,MultifacetedAbstraction/Negative/openhab_jmdns_openhab_jmdns_javax.jmdns.impl42IPv4Address.code,unknown_class,False,292,292,False
38a37cfc35f3e7521fe425a3c536fd55c1250a25,train,0,MultifacetedAbstraction/Negative/tsiemens_pathfinder-toolkit_tsiemens_pathfinder-toolkit_com.lateensoft.pathfinder.toolkit.db.dao46OwnedIdentifiableTableDAO.code,unknown_class,False,292,292,False
225f0de91e751a7729103c70319847931e0c8f41,train,0,MultifacetedAbstraction/Negative/exteso_alf.io_exteso_alf.io_alfio.manager.support248PaymentWebhookResult.code,unknown_class,False,291,291,False
ff2b93078eac0767e0570739377eca2a142c695c,train,0,MultifacetedAbstraction/Negative/lightblue-platform_lightblue-core_lightblue-platform_lightblue-core_com.redhat.lightblue.metadata382HookJsonSchemaInvalidTest.code,unknown_class,False,291,291,False
ce01f0af2f18bd7521e88426331081396d7fd90d,test,1,MultifacetedAbstraction/Positive/wgybzbrobot_sns-crm_wgybzbrobot_sns-crm_zx.soft.sns.api.domain0Builder.code,unknown_class,False,291,291,False
ac8250ffc71cbf67fe61a613640a47de3716e53e,train,0,MultifacetedAbstraction/Negative/jMetal_jMetal_jMetal_jMetal_org.uma.jmetal.util.measure664PushMeasure.code,unknown_class,False,291,291,False
8e0de454dcc2c5b7aef49ed0f4299e6cee17ba5e,test,0,MultifacetedAbstraction/Negative/lesaint_damapping_lesaint_damapping_fr.javatronic.damapping.processor.impl.javaxparsing.element57QualifiedIdentifierVisitor.code,unknown_class,False,291,291,False
ad9f45c36ebf66d00579b43838741e19a61d6469,train,1,MultifacetedAbstraction/Positive/edx_edx-app-android_edx_edx-app-android_org.edx.mobile.core0EdxEnvironment.code,unknown_class,False,291,291,False
0c15af032bc878f0b5e47342bfcd9066d9a67ad0,train,0,MultifacetedAbstraction/Negative/vanita5_twittnuker_vanita5_twittnuker_org.apache.commons.text.translate704AggregateTranslator.code,unknown_class,False,291,291,False
7586ab2f52c9895df820674d6ed68792b3143084,train,0,MultifacetedAbstraction/Negative/pcingola_SnpEff_pcingola_SnpEff_org.snpeff.interval.tree249Itree.code,unknown_class,False,290,290,False
a2dbe098710b19156510606b0000641585f2fe78,train,0,MultifacetedAbstraction/Negative/pavel4n_wowdoge.org_pavel4n_wowdoge.org_com.google.dogecoin.core25BlockAndValidity.code,unknown_class,False,290,290,False
046db87791d48921df0fa27a04b5d4a618525373,train,0,MultifacetedAbstraction/Negative/Evolveum_midpoint_Evolveum_midpoint_com.evolveum.midpoint.notifications.api.events1218WorkItemLifecycleEvent.code,unknown_class,False,290,290,False
9bf1b1c6a7dcfb560c92bacf5c3ede0da6df3ed3,val,0,MultifacetedAbstraction/Negative/BlueBrain_bluima_BlueBrain_bluima_ch.epfl.bbp.uima.ae404TestAnnotatorTest.code,unknown_class,False,290,290,False
76917c128deaaca4e19893b9c0f5c80bdfd43d98,test,0,MultifacetedAbstraction/Negative/mobile-event-processing_Asper_mobile-event-processing_Asper_com.espertech.esper.epl.enummethod.eval1621ExprDotEvalSelectFrom.code,unknown_class,False,290,290,False
fc349a08877aead5e69ebda0b9e1a23a5f4c59ce,val,0,MultifacetedAbstraction/Negative/pietermartin_sqlg_pietermartin_sqlg_org.umlg.sqlg.step72SqlgFlatMapStep.code,unknown_class,False,290,290,False
f676e710f3d9dac749d199c9846a99503c57148c,train,0,MultifacetedAbstraction/Negative/NetApp_NetApp-Hadoop-NFS-Connector_NetApp_NetApp-Hadoop-NFS-Connector_org.apache.hadoop.nfs.nfs350Nfs3DirList.code,unknown_class,False,290,290,False
2aacb19499de59fb4359628baa96c512e10537c4,train,0,MultifacetedAbstraction/Negative/TheLQ_PircBotX_TheLQ_PircBotX_org.pircbotx.hooks.events132RemovePrivateEvent.code,unknown_class,False,290,290,False
2fc9c48ac53c9f2b68edb66cf03ecfe0a80d3839,train,0,MultifacetedAbstraction/Negative/TheHolyWaffle_TeamSpeak-3-Java-API_TheHolyWaffle_TeamSpeak-3-Java-API_com.github.theholywaffle.teamspeak3.api.event43TextMessageEvent.code,unknown_class,False,289,289,False
ec1769bf717735b2c6ca4a3e469ed5a23239f364,train,0,MultifacetedAbstraction/Negative/KleeGroup_vertigo_KleeGroup_vertigo_io.vertigo.vega.impl.servlet.filter1147CompressionServletResponseWrapper.code,unknown_class,False,289,289,False
ea929e5f0656f3ea37b484c611ca7671497e45cb,train,0,MultifacetedAbstraction/Negative/google_closure-templates_google_closure-templates_com.google.template.soy.basicfunctions154LengthFunction.code,unknown_class,False,289,289,False
82cfc525083c7451258a15a9bc833ca5269a086d,train,0,MultifacetedAbstraction/Negative/gustavomondron_twik_gustavomondron_twik_com.reddyetwo.hashmypass.app8PasswordTextWatcher.code,unknown_class,False,289,289,False
ea87b44d8d20cd3aa0f06b2dab11b4a6290280f0,val,0,MultifacetedAbstraction/Negative/project-ncl_pnc_project-ncl_pnc_org.jboss.pnc.datastore.repositories309BuildConfigurationFactory.code,unknown_class,False,289,289,False
ca1d54482735815beaab8ffd05baa889a97193bd,val,0,MultifacetedAbstraction/Negative/caskdata_cdap_caskdata_cdap_io.cdap.cdap.internal.app.runtime.batch.dataset.output3484SeparatePurchases.code,unknown_class,False,289,289,False
f9d201b6f6330a539842747c4e7941f2beafcfec,train,0,MultifacetedAbstraction/Negative/247687009_soa_247687009_soa_io.goudai.soa.quartz.core.util33ClazzUtils.code,unknown_class,False,289,289,False
6191d357bdb3900950e8c78486c97b93f79266ab,train,0,MultifacetedAbstraction/Negative/Clashsoft_Dyvil_Clashsoft_Dyvil_dyvil.collection.impl62TreeMapSpliterator.code,unknown_class,False,288,288,False
051b1e7a67fa2b1b75400c50c5e4c34ffb47a791,val,0,MultifacetedAbstraction/Negative/lmcgrath_scotch-lang_lmcgrath_scotch-lang_scotch.compiler.analyzer32NameAccumulatorTest.code,unknown_class,False,288,288,False
b636a2e76ef50f4121f6cf331efa37b83050fad3,test,0,MultifacetedAbstraction/Negative/Evolveum_midpoint_Evolveum_midpoint_com.evolveum.midpoint.gui.impl.model343JasperTemplateModel.code,unknown_class,False,288,288,False
81b8f73732c455abbec65215f4a0322f98b2b7d5,test,0,MultifacetedAbstraction/Negative/igniterealtime_Openfire_igniterealtime_Openfire_org.jivesoftware.openfire.session663LocalServerSession.code,unknown_class,False,288,288,False
c23256d9d42273b22022500bf76033aba024c35c,train,0,MultifacetedAbstraction/Negative/bruno-medeiros_DDT_bruno-medeiros_DDT_melnorme.lang.ide.core.utils.prefs672IProjectPreference.code,unknown_class,False,287,287,False
31a8dc966bf9c85122ed4bdc3804b7a86417e4f1,test,0,MultifacetedAbstraction/Negative/hazelcast_hazelcast-simulator_hazelcast_hazelcast-simulator_com.hazelcast.simulator.coordinator85TestStopCli.code,unknown_class,False,287,287,False
198526248fa19728c362de7c236600f476652e30,train,0,MultifacetedAbstraction/Negative/google_gcm_google_gcm_com.google.android.gcm.demo.model12DeviceGroup.code,unknown_class,False,287,287,False
4bb5d3c4247725412d74269a4eb5d3f83effcfc0,test,0,MultifacetedAbstraction/Negative/oyachai_HearthSim_oyachai_HearthSim_com.hearthsim.gui573HSColors.code,unknown_class,False,287,287,False
116c0ac2722671573c43d28515578d187d5a32b4,train,0,MultifacetedAbstraction/Negative/openMF_android-client_openMF_android-client_com.mifos.objects.db518Client.code,unknown_class,False,287,287,False
728218435201c945d70283f1793759cc619a1c33,train,1,MultifacetedAbstraction/Positive/openhab_openhab2_openhab_openhab2_org.openhab.binding.weatherunderground.internal.json31Location.code,unknown_class,False,286,286,False
b8e55cf03c0ddbbcf9cfa6fe213c5245ef4e0665,val,0,MultifacetedAbstraction/Negative/EdwardRaff_JSAT_EdwardRaff_JSAT_jsat.utils896ModifiableCountDownLatch.code,unknown_class,False,285,285,False
faaa685dbd6023d5eaf7ac1de673ddde28e93aa4,test,0,MultifacetedAbstraction/Negative/lemonlabs_u2020-mortar_lemonlabs_u2020-mortar_co.lemonlabs.mortar.tests101BaseTest.code,unknown_class,False,285,285,False
8c04fe8672bb5be3cf8d2e6c116765ad9a85d37b,train,0,MultifacetedAbstraction/Negative/jtrfp_terminal-recall_jtrfp_terminal-recall_org.jtrfp.trcl.gui692ExitMenuItemFactory.code,unknown_class,False,285,285,False
5abb0dc9184599224574a8beea549747af2c1091,train,1,MultifacetedAbstraction/Positive/OHDSI_WebAPI_OHDSI_WebAPI_org.ohdsi.webapi.common.generation0CommonGeneration.code,unknown_class,False,284,284,False
31789ba19134f130f137347ec290679eb446b376,train,0,MultifacetedAbstraction/Negative/englishtown_vertx-cassandra_englishtown_vertx-cassandra_com.englishtown.vertx.cassandra.integration22CassandraSessionIntegrationTest.code,unknown_class,False,284,284,False
b3e96ec4924195ce18c5e47dbf9f996dd686715d,train,0,MultifacetedAbstraction/Negative/google_truth_google_truth_com.google.common.truth185TolerantFloatComparison.code,unknown_class,False,284,284,False
c92d3089dec11bcc62adf5e8bcab4c19ad6eef0e,val,0,MultifacetedAbstraction/Negative/reveal-technologies_sitewhere_reveal-technologies_sitewhere_com.sitewhere.batch.marshaling116BatchOperationMarshalHelper.code,unknown_class,False,284,284,False
9d24caaf5a916cad2a02a69d6dce9d7805f63036,train,0,MultifacetedAbstraction/Negative/spring-cloud_spring-cloud-connectors_spring-cloud_spring-cloud-connectors_org.springframework.cloud.localconfig168AbstractLocalConfigConnectorTest.code,unknown_class,False,284,284,False
a8a6801bc7b043e6cc91b21fe4031cc1cd3d8f46,train,0,MultifacetedAbstraction/Negative/reinert_requestor_reinert_requestor_io.reinert.requestor30Payload.code,unknown_class,False,284,284,False
56bb3de8ba2d6d698752150a83ebcc602091fa4a,test,0,MultifacetedAbstraction/Negative/breeze_breeze.server.java_breeze_breeze.server.java_com.breeze.query47QueryResult.code,unknown_class,False,284,284,False
7dd314cb7a37d0e06a4ca7deba4ec6a2f8864df1,train,0,MultifacetedAbstraction/Negative/pac4j_pac4j_pac4j_pac4j_org.pac4j.oauth.profile.orcid528OrcidProfile.code,unknown_class,False,284,284,False
cee3822ca4227ac78a72d8209364419771275c6c,train,0,MultifacetedAbstraction/Negative/apache_struts_apache_struts_org.apache.struts2.dispatcher1054StaticContentLoader.code,unknown_class,False,283,283,False
325e6021105000b82520efc2bb3f89b9e59e955a,train,0,MultifacetedAbstraction/Negative/kuujo_copycat_kuujo_copycat_io.atomix.core.workqueue.impl823WorkQueueService.code,unknown_class,False,283,283,False
db144d39e2fdc02b2a339741a0053a89f0262bdc,train,0,MultifacetedAbstraction/Negative/kaazing_gateway_kaazing_gateway_org.kaazing.gateway.transport.pipe1928NamedPipeAcceptor.code,unknown_class,False,283,283,False
26ce1485d148e40ec36e191f8cb86ea9b983adce,test,0,MultifacetedAbstraction/Negative/magarena_magarena_magarena_magarena_magic.model.event401MagicSoulbondEvent.code,unknown_class,False,283,283,False
7ea5d64342f5099e1a09ea8324740bf3381e8f93,train,0,MultifacetedAbstraction/Negative/bruno-medeiros_DDT_bruno-medeiros_DDT_dtool.ast.statements182CatchClause.code,unknown_class,False,282,282,False
4bb8c8d15da7497eb72fd882fd80ee2a04de0a1b,train,1,MultifacetedAbstraction/Positive/smartparam_smartparam_smartparam_smartparam_org.smartparam.engine.core.parameter0TestParameter.code,unknown_class,False,282,282,False
e7726ce3ddf243257e4f0c85e0b4bcb6354ca00f,test,0,MultifacetedAbstraction/Negative/Evolveum_midpoint_Evolveum_midpoint_com.evolveum.midpoint.prism1327PrismReference.code,unknown_class,False,281,281,False
7b24260becd423db4950fe70e541ebf2e3ea4482,train,0,MultifacetedAbstraction/Negative/wso2_product-esb_wso2_product-esb_org.wso2.carbon.esb.mediator.test.enrich315EnrichIntegrationSourceXpathAsChildTargetXpath.code,unknown_class,False,281,281,False
ab99f98b31641046694c0623729117e058766891,train,0,MultifacetedAbstraction/Negative/gosu-lang_gosu-lang_gosu-lang_gosu-lang_gw.util.perf.codestats3009FileInfo.code,unknown_class,False,281,281,False
aeaf45fddd92c66f1840a0228f10b0a1fa1ac5f2,val,0,MultifacetedAbstraction/Negative/SpoutDev_Vanilla_SpoutDev_Vanilla_org.spout.vanilla.inventory.window.gui380RenderItemStack.code,unknown_class,False,280,280,False
564e883cacdb6b712c0e7da50aa1db790c9f1fbe,train,0,MultifacetedAbstraction/Negative/tsagi_JekyllForAndroid_tsagi_JekyllForAndroid_org.eclipse.egit.github.core.event75EventRepository.code,unknown_class,False,280,280,False
0edff243df48b1ce9cd5dc8452ba1b66726bdc2a,test,1,MultifacetedAbstraction/Positive/juniversal_juniversal_juniversal_juniversal_org.juniversal.translator.cplusplus0CPPProfile.code,unknown_class,False,280,280,False
b3e2d66c0f9ce3470b8c3f4aea7adebc222746d8,val,0,MultifacetedAbstraction/Negative/embulk_embulk_embulk_embulk_org.embulk.standards411Bzip2FileEncoderPlugin.code,unknown_class,False,280,280,False
76646122402162d9fecc6e9e6b182a7eba3c3c0f,train,0,MultifacetedAbstraction/Negative/sanity_quickml_sanity_quickml_quickml.supervised.rankingModels262Utils.code,unknown_class,False,279,279,False
99a017bf4f4d08181f4b7a39ebd66455d8b54769,val,0,MultifacetedAbstraction/Negative/fcrepo3_fcrepo_fcrepo3_fcrepo_org.fcrepo.common198FaultException.code,unknown_class,False,279,279,False
3a6314a24386ed850364bb549b2da37fef059a74,train,1,MultifacetedAbstraction/Positive/xtreemfs_babudb_xtreemfs_babudb_org.xtreemfs.babudb.index.reader0BlockReader.code,unknown_class,False,279,279,False
e84f838b0bd48d1fa4721df2dc7eab60944a63ab,train,0,MultifacetedAbstraction/Negative/addthis_hydra_addthis_hydra_com.addthis.hydra.data.query275TestOpHistogramExplicit.code,unknown_class,False,279,279,False
db4d7ea53ddca0f57a2b30fbd6a57d5514ae5902,test,0,MultifacetedAbstraction/Negative/BCA-Team_Buildcraft-Additions_BCA-Team_Buildcraft-Additions_buildcraftAdditions.blocks27BlockBasicDuster.code,unknown_class,False,278,278,False
26e23fb6ff5ab994cad347dae9d5db843c7ccc82,val,0,MultifacetedAbstraction/Negative/querydsl_querydsl_querydsl_querydsl_com.querydsl.jpa1367DefaultQueryHandler.code,unknown_class,False,278,278,False
2240c7fea5389603678950b4f71d0b798c45bdd5,train,0,MultifacetedAbstraction/Negative/mucommander_mucommander_mucommander_mucommander_com.mucommander.ui.action.impl810MarkForwardAction.code,unknown_class,False,278,278,False
c3f7834a61e0deca20a444b4a29ab6944c1f4031,train,0,MultifacetedAbstraction/Negative/SpoutDev_Vanilla_SpoutDev_Vanilla_org.spout.vanilla.data.drops.type202RandomRangeDrop.code,unknown_class,False,278,278,False
f175ddd9d3bc8b570773dbbcaa0d570031409b76,train,0,MultifacetedAbstraction/Negative/wso2_product-esb_wso2_product-esb_org.wso2.carbon.esb.endpoint.test78FailoverEndpointsForSingleLeafEndpointTestCase.code,unknown_class,False,278,278,False
8305fe7d647e0534c1323cf6a04138a05ac3430f,train,0,MultifacetedAbstraction/Negative/apache_incubator-reef_apache_incubator-reef_org.apache.reef.runtime.hdinsight.client.yarnrest1299Commands.code,unknown_class,False,277,277,False
7dbeb135c91740cde843c39ab7843b9cbe16b5e6,train,0,MultifacetedAbstraction/Negative/eclipse_smarthome_eclipse_smarthome_org.eclipse.smarthome.automation.module.script.defaultscope.internal182ScopeTest.code,unknown_class,False,277,277,False
a8cc4244722681dc1e3a6f8dbe493eb174d0a047,train,0,MultifacetedAbstraction/Negative/wuic_wuic_wuic_wuic_com.github.wuic.engine103LineMatcher.code,unknown_class,False,277,277,False
d9d27f29069ab3c666f21bb4e885037d8fef0528,train,0,MultifacetedAbstraction/Negative/stagemonitor_stagemonitor_stagemonitor_stagemonitor_org.stagemonitor.configuration.converter115UrlValueConverter.code,unknown_class,False,277,277,False
b0ef93a4a0f02ae0c614d403ca2dc8495e921cca,train,0,MultifacetedAbstraction/Negative/codelibs_elasticsearch-taste_codelibs_elasticsearch-taste_org.codelibs.elasticsearch.taste.model87GenericPreference.code,unknown_class,False,276,276,False
dafffdeda7064a3f3c659c53e8eff286ea583d39,val,0,MultifacetedAbstraction/Negative/mobile-event-processing_Asper_mobile-event-processing_Asper_com.espertech.esper.support.bean.lrreport4206LRUtil.code,unknown_class,False,276,276,False
89426b7909e4d0cf7798a71347ba632fa0d0860e,train,0,MultifacetedAbstraction/Negative/apache_incubator-wave_apache_incubator-wave_org.waveprotocol.wave.client.wavepanel.view.impl1737ContinuationIndicatorViewImpl.code,unknown_class,False,276,276,False
ea2bbe380fb8a57da37e7a6a8a61feb2a12e210e,train,0,MultifacetedAbstraction/Negative/spring-projects_spring-restdocs_spring-projects_spring-restdocs_org.springframework.restdocs.headers170HeaderDescriptor.code,unknown_class,False,276,276,False
9edab07b3743db26063934be4f1de4e96dd14480,test,0,MultifacetedAbstraction/Negative/google_google-oauth-java-client_google_google-oauth-java-client_com.google.api.client.auth.oauth3OAuthAuthorizeTemporaryTokenUrl.code,unknown_class,False,275,275,False
85f3df9d5bfd9e1b205c8805b85e7829b21ff2eb,train,0,MultifacetedAbstraction/Negative/jmockit_jmockit1_jmockit_jmockit1_mockit.internal.expectations.mocking784FieldTypeRedefinition.code,unknown_class,False,274,274,False
d84d809e37034520e8a4d6c7f690d67d0b6089f4,test,0,MultifacetedAbstraction/Negative/springdox_springdox_springdox_springdox_springfox.documentation.builders56TokenRequestEndpointBuilder.code,unknown_class,False,274,274,False
64203744b53e2c77e3f294964d13050adfc2c1da,train,0,MultifacetedAbstraction/Negative/revapi_revapi_revapi_revapi_(default package)39Generics.code,unknown_class,False,274,274,False
5d71e229271e6cd95bdace332388800600a9296e,train,0,MultifacetedAbstraction/Negative/BrassGoggledCoders_SteamCraft2_BrassGoggledCoders_SteamCraft2_steamcraft.common.items215ItemWatch.code,unknown_class,False,274,274,False
5ade724ebb499953c6402b3d2d4573fa6de8f1e4,test,0,MultifacetedAbstraction/Negative/rancherio_cattle_rancherio_cattle_io.cattle.platform.resource.pool1296PooledResourceOptions.code,unknown_class,False,274,274,False
372d87a977b98afa8cf7c2791f0b6e2bdc2f7bd1,train,0,MultifacetedAbstraction/Negative/CubeEngine_core_CubeEngine_core_org.cubeengine.libcube.service.config91Vector3iConverter.code,unknown_class,False,273,273,False
b5564dc4e440f05ceb23b7eb4b6ea5f3a4befcfc,val,0,MultifacetedAbstraction/Negative/joeattardi_tailstreamer_joeattardi_tailstreamer_com.thinksincode.tailstreamer5FileContentReaderTests.code,unknown_class,False,273,273,False
352db168a68be6f844323d32998c0006586c5f5a,train,0,MultifacetedAbstraction/Negative/Netflix_dyno_Netflix_dyno_com.netflix.dyno.connectionpool.impl.health119SimpleErrorMonitorImpl.code,unknown_class,False,273,273,False
561ae2c110e6520ed5ecd02490e1f8bf765c14e4,train,0,MultifacetedAbstraction/Negative/FenixEdu_fenixedu-academic_FenixEdu_fenixedu-academic_org.fenixedu.academic.ui.struts.action.resourceAllocationManager3688AddShiftsDA.code,unknown_class,False,273,273,False
b67eb9789e02adc4bbc92568d25e2a68041ece67,val,0,MultifacetedAbstraction/Negative/linkedin_gobblin_linkedin_gobblin_org.apache.gobblin.util3135TimeRangeCheckerTest.code,unknown_class,False,272,272,False
ffa964e6bdbadeba322bfcbf0a021c78fb32ac33,train,0,MultifacetedAbstraction/Negative/BrassGoggledCoders_SteamCraft2_BrassGoggledCoders_SteamCraft2_steamcraft.common.worldgen.biomes347BiomeDepthsOcean.code,unknown_class,False,272,272,False
c335d5c4743b30c8edf6d8d4d4f629ba34e75d4c,train,0,MultifacetedAbstraction/Negative/javaee-samples_javaee7-samples_javaee-samples_javaee7-samples_org.javaee7.jaxrs.beanparam446MyResourceTest.code,unknown_class,False,272,272,False
4a4d464fa2e1f0451c957dd0830350cb445d3f7b,train,0,MultifacetedAbstraction/Negative/kuujo_copycat_kuujo_copycat_io.atomix.protocols.backup.protocol1067RestoreResponse.code,unknown_class,False,272,272,False
f9cfb8719f5fc6d4e97b252cec1e842f6899e30d,train,0,MultifacetedAbstraction/Negative/geftimov_MapReduce_geftimov_MapReduce_com.eftimoff.mapreduce.summarization.numerical.minmaxcount76MinMaxCountMapper.code,unknown_class,False,272,272,False
025b91d138987e812292ad8d7bf757ad6adbf19f,val,0,MultifacetedAbstraction/Negative/dswarm_dswarm_dswarm_dswarm_org.dswarm.converter.mf.stream.source275CSVJSONWriter.code,unknown_class,False,272,272,False
4c5a0a315734949bf563a203d40248b8468cc5e2,val,0,MultifacetedAbstraction/Negative/wuic_wuic_wuic_wuic_com.github.wuic.engine.core128CommandLineInfo.code,unknown_class,False,272,272,False
0bb44204e801628befefdc20601c9efd65ee1e9f,train,0,MultifacetedAbstraction/Negative/openlvc_portico_openlvc_portico_org.portico.lrc.services.time.handlers.outgoing1258DisableTimeRegulationHandler.code,unknown_class,False,271,271,False
ff2369d4c3206745b2d6e3c90914a8818699f218,train,0,MultifacetedAbstraction/Negative/docopt_docopt.java_docopt_docopt.java_org.docopt10Either.code,unknown_class,False,271,271,False
704d561f90f0b58727bbcb1af9849a13bd1c091e,val,0,MultifacetedAbstraction/Negative/bruno-medeiros_DDT_bruno-medeiros_DDT_melnorme.lang.ide.core.project_model.view608DependenciesContainer.code,unknown_class,False,271,271,False
7192d3beec218907d8a7bdffc57779c3e771ea5c,train,0,MultifacetedAbstraction/Negative/serso_android-checkout_serso_android-checkout_org.solovyev.android.checkout82Logger.code,unknown_class,False,271,271,False
bf7f2841fb82474f58bbe88cdd03c34aeac10c0e,train,0,MultifacetedAbstraction/Negative/apache_stratos_apache_stratos_org.apache.stratos.cli.commands278ListCartridgesCommand.code,unknown_class,False,270,270,False
bbaecef406ddd117fa51c1177bb6f7af19d10e66,train,0,MultifacetedAbstraction/Negative/mobile-event-processing_Asper_mobile-event-processing_Asper_com.espertech.esper.epl.agg.aggregator1132AggregatorFirstEver.code,unknown_class,False,270,270,False
4e819b15f34271b96594835eab6cd954ddf92553,test,0,MultifacetedAbstraction/Negative/ObeoNetwork_UML-Designer_ObeoNetwork_UML-Designer_org.obeonetwork.dsl.uml2.core.internal.commands66CreateStateMachineDiagram.code,unknown_class,False,270,270,False
fe5c948c9e23910bafcb8fd44ff59596d7e95bd1,test,0,MultifacetedAbstraction/Negative/naver_pinpoint_naver_pinpoint_com.navercorp.pinpoint.collector.mapper.grpc.stat740GrpcJvmGcDetailedBoMapper.code,unknown_class,False,270,270,False
3fe2290d887d7968265687701aa55eb4ef7f6236,train,0,MultifacetedAbstraction/Negative/naver_pinpoint_naver_pinpoint_com.navercorp.pinpoint.profiler.context.provider.plugin3507TraceMetadataLoaderServiceProvider.code,unknown_class,False,270,270,False
ac87b28099680c6041d76e6e68ca7504497ae0a0,val,0,MultifacetedAbstraction/Negative/orhanobut_wasp_orhanobut_wasp_com.orhanobut.wasp.utils79WaspCache.code,unknown_class,False,270,270,False
8c0a6525fe7ef62ff81498a91a9f60c2ec4efca6,val,0,MultifacetedAbstraction/Negative/OpenHFT_Chronicle-Wire_OpenHFT_Chronicle-Wire_net.openhft.chronicle.wire282Sequence.code,unknown_class,False,269,269,False
8884b53d09eba350e6187bec780bb39d9cc7fe8f,train,0,MultifacetedAbstraction/Negative/gosu-lang_gosu-lang_gosu-lang_gosu-lang_editor133LabButtonUI.code,unknown_class,False,269,269,False
638643225b0de78d0b7eb6fb4d71f2a7751e0494,train,0,MultifacetedAbstraction/Negative/addthis_hydra_addthis_hydra_com.addthis.hydra.data.filter.closeablebundle89CloseableBundleFilterDelete.code,unknown_class,False,269,269,False
f1692c621d4e011f73eb41e03f6a22c13648d3f2,val,0,MultifacetedAbstraction/Negative/SpongePowered_Sponge_SpongePowered_Sponge_org.spongepowered.mod.mixin.core.entity.ai105EntityAIBaseMixin_Forge.code,unknown_class,False,268,268,False
a0f2f019a0b1133025f6befa22b94d1f3300a209,train,0,MultifacetedAbstraction/Negative/Putnami_putnami-web-toolkit_Putnami_putnami-web-toolkit_fr.putnami.pwt.sample.rest.shared.domain739UserList.code,unknown_class,False,268,268,False
7fcdc26be9be54890d41cdc1931e587093bfad82,train,0,MultifacetedAbstraction/Negative/freenet_fred_freenet_fred_freenet.clients.fcp504UploadDirRequestStatus.code,unknown_class,False,268,268,False
21c4d661524c410c928c37e000ce6840c4bd31f5,train,0,MultifacetedAbstraction/Negative/caskdata_cdap_caskdata_cdap_io.cdap.cdap.app.runtime.spark.submit748SparkSubmitter.code,unknown_class,False,268,268,False
5cd80d9533911e2b4342379eeed007b655391125,train,0,MultifacetedAbstraction/Negative/neuroph_master_neuroph_master_org.neuroph.nnet.learning1073PerceptronLearning.code,unknown_class,False,268,268,False
ce598c1b665234a20a0797dc16a4d8656954fd4c,val,0,MultifacetedAbstraction/Negative/kuujo_copycat_kuujo_copycat_io.atomix.utils.memory1572Memory.code,unknown_class,False,267,267,False
36055f2c63669caae27684b50156122851891da9,train,0,MultifacetedAbstraction/Negative/ruediste1_btrbck_ruediste1_btrbck_com.github.ruediste1.btrbck.dom44StreamTest.code,unknown_class,False,267,267,False
bb6753a25ec1ef652c5ed0632ae1e6749bf19dd6,train,0,MultifacetedAbstraction/Negative/KleeGroup_vertigo_KleeGroup_vertigo_io.vertigo.vega.webservice1222DistantAppTest.code,unknown_class,False,267,267,False
360e7cc164f77a0da269b52f7d06b0f6283a39a2,train,0,MultifacetedAbstraction/Negative/allanbank_mongodb-async-driver_allanbank_mongodb-async-driver_com.allanbank.mongodb.client.metrics.jmx495JmxServerMetrics.code,unknown_class,False,266,266,False
974cf304f847f3f6e6617da15ee97dcaaaa98279,test,0,MultifacetedAbstraction/Negative/RentTheRunway2_alchemy_RentTheRunway2_alchemy_io.rtr.alchemy.service.metadata154IdentityMetadata.code,unknown_class,False,266,266,False
42d490621344fa82914cfbd8492f0a5c70808757,train,0,MultifacetedAbstraction/Negative/Kixeye_kixmpp_Kixeye_kixmpp_com.kixeye.kixmpp.server.module.muc118MucRoomSettings.code,unknown_class,False,266,266,False
daff75797eb5e809a37a6c9a2924c5920ce5c6ae,val,0,MultifacetedAbstraction/Negative/lightblue-platform_lightblue-core_lightblue-platform_lightblue-core_com.redhat.lightblue.metadata.parser459MatchesConstraintParser.code,unknown_class,False,266,266,False
f76c78289f4b6f4d535f8500508c6b26c6232832,train,0,MultifacetedAbstraction/Negative/opendaylight_controller_opendaylight_controller_org.opendaylight.controller.md.sal.common.util.jmx1568QueuedNotificationManagerMXBeanImpl.code,unknown_class,False,264,264,False
155a972f27014cd123e8104c3050e5e179373870,train,0,MultifacetedAbstraction/Negative/OpenHFT_Chronicle-Map_OpenHFT_Chronicle-Map_net.openhft.chronicle.map.impl.stage.iter399ReplicatedMapAbsentDelegatingForIteration.code,unknown_class,False,264,264,False
67d07fb4d077a135450dbe8277e4a89715d0f6f5,train,0,MultifacetedAbstraction/Negative/wgybzbrobot_sentiment-search_wgybzbrobot_sentiment-search_zx.soft.sent.dao.oracle84OracleJDBCTest.code,unknown_class,False,264,264,False
4d7234703409971a130716ba82761ca85ad198a3,train,0,MultifacetedAbstraction/Negative/sanity_quickml_sanity_quickml_quickml.supervised.tree.decisionTree.branchFinders.branchFinderBuilders317DTCatBranchFinderBuilder.code,unknown_class,False,264,264,False
5b205d942f9b5d494390318e946b350ace8c999b,train,0,MultifacetedAbstraction/Negative/cping_RipplePower_cping_RipplePower_org.ripple.bouncycastle.jce.spec2304IEKeySpec.code,unknown_class,False,264,264,False
7fe80ad20360944f3e80ec1bc110705893a2345c,train,0,MultifacetedAbstraction/Negative/SecrecySupportTeam_secrecy_SecrecySupportTeam_secrecy_com.doplgangr.secrecy4OutgoingCallReceiver.code,unknown_class,False,264,264,False
e97e989dab42cb17ce4630e5d9c31506db69b865,train,1,MultifacetedAbstraction/Positive/neo4j_neo4j-ogm_neo4j_neo4j-ogm_org.neo4j.ogm.persistence.types.nativetypes0SometimeRelationship.code,unknown_class,False,263,263,False
89f6ee26ba63b6225a7c44c43976b33545fc338c,val,0,MultifacetedAbstraction/Negative/elastic_elasticsearch-hadoop_elastic_elasticsearch-hadoop_org.elasticsearch.hadoop.security350KeystoreWrapperTest.code,unknown_class,False,263,263,False
91602acc938a3db335f89a3accbad2006a3cacb8,train,0,MultifacetedAbstraction/Negative/webdriverextensions_webdriverextensions_webdriverextensions_webdriverextensions_com.github.webdriverextensions.junitrunner67DisabledBrowserTest.code,unknown_class,False,263,263,False
44bce803f9f5756620ed435fb9fff1a277836ee5,train,0,MultifacetedAbstraction/Negative/querydsl_querydsl_querydsl_querydsl_com.querydsl.core.domain.query841QCompany.code,unknown_class,False,263,263,False
fc7c89709c969d1aa080b5db707aba8b2af215e1,train,0,MultifacetedAbstraction/Negative/apache_tajo_apache_tajo_org.apache.tajo.org.objectweb.asm.tree1147IincInsnNode.code,unknown_class,False,263,263,False
981bf4cc36fa6eb74b1e9d32ba74a540fb90d0a2,test,0,MultifacetedAbstraction/Negative/WebGoat_WebGoat_WebGoat_WebGoat_org.owasp.webgoat.csrf78CSRFLogin.code,unknown_class,False,262,262,False
60db7e9ba36e8fed8c885d3ece22879c96f42f43,train,0,MultifacetedAbstraction/Negative/Putnami_putnami-web-toolkit_Putnami_putnami-web-toolkit_fr.putnami.pwt.core.widget.client342OutputGroup.code,unknown_class,False,262,262,False
ad9b9147fed57efe518cade969ca8dcd75fd09c2,test,0,MultifacetedAbstraction/Negative/SkymindIO_nd4j_SkymindIO_nd4j_org.nd4j.linalg.api.ops.random834BaseRandomOp.code,unknown_class,False,262,262,False
8d2a1df6e8f233eb0fa0162f4c284122dd0d2fdf,train,0,MultifacetedAbstraction/Negative/calipho-sib_nextprot-api_calipho-sib_nextprot-api_org.nextprot.api.web.service.impl1301GitHubServiceIntegrationTest.code,unknown_class,False,262,262,False
ff6155d6cfac82037d0ef2d6868800eeefc8f75c,val,0,MultifacetedAbstraction/Negative/querydsl_querydsl_querydsl_querydsl_com.querydsl.jpa1381HibernateQueryMutabilityTest.code,unknown_class,False,262,262,False
328759170c922f06ac6d8e1ced1e98baa7fe957a,train,0,MultifacetedAbstraction/Negative/revapi_revapi_revapi_revapi_org.revapi.java.compilation342ClassPathUseSite.code,unknown_class,False,262,262,False
a73eb30aeff402f8007c5ada3c470871bab5b26d,val,0,MultifacetedAbstraction/Negative/Rajawali_Rajawali_Rajawali_Rajawali_org.rajawali3d.materials.shaders428RFloat.code,unknown_class,False,261,261,False
6a567a31a2ff3a14f2b2b69c9470e61a05d1d94a,train,0,MultifacetedAbstraction/Negative/buremba_rakam_buremba_rakam_org.rakam.presto423PrestoType.code,unknown_class,False,261,261,False
e90aa5b648c7ac91dbeb0b66e59e22d03e1b38ea,val,0,MultifacetedAbstraction/Negative/caskdata_cdap_caskdata_cdap_io.cdap.cdap.common.conf1142Executor.code,unknown_class,False,261,261,False
2132b99d1d27e102657807047eceb08fd31888b0,train,0,MultifacetedAbstraction/Negative/oasp_oasp4j_oasp_oasp4j_io.oasp.module.jpa.dataaccess.base161NamedQueryFactoryBean.code,unknown_class,False,261,261,False
5b9282027f2510c22eb60c219b63df82cfca6682,test,0,MultifacetedAbstraction/Negative/bruno-medeiros_DDT_bruno-medeiros_DDT_dtool.ast.expressions139ExpSuper.code,unknown_class,False,260,260,False
e27b00a9605a1df42e666bb20580613d6f8cb78e,val,0,MultifacetedAbstraction/Negative/Evolveum_midpoint_Evolveum_midpoint_com.evolveum.midpoint.testing.conntest.ad3072AbstractAdLdapCookedTest.code,unknown_class,False,260,260,False
6c7105928be344bd0c0b25ce9fd71000f5cbfb8f,train,0,MultifacetedAbstraction/Negative/rapidminer_rapidminer_rapidminer_rapidminer_com.rapidminer.operator.postprocessing2634PlattParameters.code,unknown_class,False,260,260,False
a4749268888633d0696b3a3ceb29706a4ee2a4c4,train,0,MultifacetedAbstraction/Negative/groupon_odo_groupon_odo_com.groupon.odo.bmp12SslRelayOdo.code,unknown_class,False,260,260,False
994ef0ddf6f20e5832bafcb8c2575b79deb6e1bc,train,0,MultifacetedAbstraction/Negative/glazedlists_glazedlists_glazedlists_glazedlists_ca.odell.glazedlists.swt916SwtTestRuleTest.code,unknown_class,False,260,260,False
d1a70e39482340ec696a04f17c33b5506fa96b81,val,0,MultifacetedAbstraction/Negative/naver_pinpoint_naver_pinpoint_com.navercorp.pinpoint.collector.cluster.zookeeper593Worker.code,unknown_class,False,260,260,False
fa92a7ec1a22757f6df63ec155d3dc6493437523,val,0,MultifacetedAbstraction/Negative/mucommander_mucommander_mucommander_mucommander_com.mucommander.ui.action.impl780DonateAction.code,unknown_class,False,260,260,False
60b32950fb976b72644d47d6ed07f2a3a4d58bd7,test,0,MultifacetedAbstraction/Negative/rocketscience-projects_javaslang_rocketscience-projects_javaslang_io.vavr.collection.euler357Euler01Test.code,unknown_class,False,259,259,False
73a5cdc4243533fedd7d85c2944ccc6a4a5644dc,train,0,MultifacetedAbstraction/Negative/naver_pinpoint_naver_pinpoint_com.navercorp.pinpoint.test4492MockApiMetaDataService.code,unknown_class,False,259,259,False
05f75f56e50b48661e06304fcb54c391b4959ce0,test,1,MultifacetedAbstraction/Positive/openhab_openhab2_openhab_openhab2_org.openhab.binding.freebox.internal.api.model8FreeboxPermissions.code,unknown_class,False,259,259,False
cde0ae17cfe6df6d3fb5f7a14f868cc4f5e58579,test,0,MultifacetedAbstraction/Negative/spacecowboy_NoNonsense-FilePicker_spacecowboy_NoNonsense-FilePicker_com.nononsenseapps.filepicker3CheckableViewHolder.code,unknown_class,False,259,259,False
e0c88f98cacbd2a7263233cbf856c6dba932ba78,train,0,MultifacetedAbstraction/Negative/TestFX_TestFX_TestFX_TestFX_org.testfx.robot.impl144DragRobotImpl.code,unknown_class,False,259,259,False
871a276b8a29a3e0dfd4fcf68c3d8ec7d0bf8c01,train,0,MultifacetedAbstraction/Negative/apache_incubator-twill_apache_incubator-twill_org.apache.twill.internal131DefaultLocalFile.code,unknown_class,False,259,259,False
3df330f395d1baf7b37aa5a952bfc76e9dc49790,train,0,MultifacetedAbstraction/Negative/openhab_openhab2_openhab_openhab2_org.openhab.binding.lifx.internal.protocol2332EchoRequestResponse.code,unknown_class,False,258,258,False
f527936bd91e574a6b67656e06e8a2e582775131,train,0,MultifacetedAbstraction/Negative/ArcBees_gwtquery_ArcBees_gwtquery_com.google.gwt.query.client.css97ListStyleProperty.code,unknown_class,False,258,258,False
517eb85655c9544f1c2f4cfabb24128ef0a1740e,test,0,MultifacetedAbstraction/Negative/bitcoinj_bitcoinj_bitcoinj_bitcoinj_org.bitcoinj.crypto251MnemonicException.code,unknown_class,False,258,258,False
476babc09a11d781e3ce4d285aaec6cdb515398e,train,0,MultifacetedAbstraction/Negative/yccheok_jstock_yccheok_jstock_org.yccheok.jstock.gui343WizardSelectStockDescriptor.code,unknown_class,False,258,258,False
9b90a01e04bf7e1c1968cb73afeb1104a7970305,test,0,MultifacetedAbstraction/Negative/naver_pinpoint_naver_pinpoint_com.navercorp.pinpoint.plugin.redis.lettuce2862LettuceMethodNameFilter.code,unknown_class,False,258,258,False
8332481e93746999bb9a3876a535b721d23a5d48,test,0,MultifacetedAbstraction/Negative/amutu_tdw_amutu_tdw_org.apache.hadoop.hive.service4284getJobID_argsTupleScheme.code,unknown_class,False,257,257,False
13b0717a3ff701c5489fd630cfb4e085c34afe77,train,0,MultifacetedAbstraction/Negative/querydsl_querydsl_querydsl_querydsl_com.querydsl.sql1998SQLTemplatesRegistryDump.code,unknown_class,False,257,257,False
4297cc2fc62d4c3f58480b13b20d0b092b701290,train,0,MultifacetedAbstraction/Negative/kontalk_tigase-extension_kontalk_tigase-extension_org.kontalk.xmppserver.messages36MsgRepositoryImpl.code,unknown_class,False,257,257,False
0b5339d5f0712bd6b46f08f1daa55806300cbfa6,train,0,MultifacetedAbstraction/Negative/marklogic_java-client-api_marklogic_java-client-api_com.marklogic.client.impl629BooleanType.code,unknown_class,False,256,256,False
11667a3012686c43bedf33f245c86331da36e016,train,1,MultifacetedAbstraction/Positive/mozilla_j2me.js_mozilla_j2me.js_com.nokia.mid.ui0VirtualKeyboard.code,unknown_class,False,256,256,False
75290cbc4f92615a0c8d105274d32a69d491f157,train,0,MultifacetedAbstraction/Negative/bruno-medeiros_DDT_bruno-medeiros_DDT_dtool.ast.expressions142ExpTypeId.code,unknown_class,False,256,256,False
4ee635eff87fb63e5f7026fc071509ba3a448b08,train,0,MultifacetedAbstraction/Negative/linkedin_gobblin_linkedin_gobblin_org.apache.gobblin.restli.throttling1974NoopPolicy.code,unknown_class,False,256,256,False
36f1357ff30ef4f6918b8bd5127dd371c2b02d03,test,0,MultifacetedAbstraction/Negative/apache_knox_apache_knox_org.apache.knox.gateway.filter.rewrite.impl.javascript460JavaScriptUrlRewriteFilterReader.code,unknown_class,False,256,256,False
4a4b443a609a6c417be62cc851551f4b7719974c,train,0,MultifacetedAbstraction/Negative/lyogavin_Pistachio_lyogavin_Pistachio_com.yahoo.ads.pb59registerPartitioner_resultTupleScheme.code,unknown_class,False,255,255,False
1cc88ac55da96353c2360ea0843a9c9ffd573717,train,0,MultifacetedAbstraction/Negative/amutu_tdw_amutu_tdw_IndexStorage223FixedBitSet.code,IndexStorage22,False,255,255,False
ad23b7438483d1809236cb53a399204d0566f044,train,0,MultifacetedAbstraction/Negative/yammer_tenacity_yammer_tenacity_com.yammer.tenacity.client.tests3TenacityClientApp.code,unknown_class,False,255,255,False
4193f7c31716d6477ff7412c32f641b9e06037ef,train,0,MultifacetedAbstraction/Negative/shouldit_android-proxy_shouldit_android-proxy_com.lechucksoftware.proxy.proxysettings.ui.dialogs157HTMLDialogHandler.code,unknown_class,False,255,255,False
6092aca00505275cb1a53a54e6d936fd85f344b9,test,0,MultifacetedAbstraction/Negative/square_pagerduty-incidents_square_pagerduty-incidents_com.squareup.pagerduty.incidents5EventTest.code,unknown_class,False,255,255,False
ae735cd958901583bee5c0fd8b5b69ce338f7890,train,0,MultifacetedAbstraction/Negative/SpongePowered_SpongeAPI_SpongePowered_SpongeAPI_org.spongepowered.api.event.data1075ValueChange.code,unknown_class,False,255,255,False
1d0938a91074210fe07b80c5204ade340e008b65,val,0,MultifacetedAbstraction/Negative/SpongePowered_SpongeAPI_SpongePowered_SpongeAPI_org.spongepowered.api.item.inventory.entity1366UserInventory.code,unknown_class,False,254,254,False
429c2db80980b84b62d6f5fb5735f2e1931469a8,train,0,MultifacetedAbstraction/Negative/augustt198_lumen_augustt198_lumen_me.august.lumen.compile.resolve.convert.types145UnboxingConversion.code,unknown_class,False,254,254,False
d76f4cd66a93740ad4dc0cf20008dfa57fa27fec,test,0,MultifacetedAbstraction/Negative/springdox_springdox_springdox_springdox_springfox.documentation.spring.web295DescriptionResolver.code,unknown_class,False,254,254,False
19c059633d65e815c8457f3af81078fa3071f2b0,val,0,MultifacetedAbstraction/Negative/kite-sdk_kite_kite-sdk_kite_org.kitesdk.data120DatasetException.code,unknown_class,False,254,254,False
7e1bb584d51dccefe5b333669e0aa7c3ade4a53f,val,0,MultifacetedAbstraction/Negative/apache_incubator-reef_apache_incubator-reef_org.apache.reef.runtime.azbatch.util1024RemoteIdentifierParser.code,unknown_class,False,254,254,False
db3547e36789be9cc599ddfa37e533906feff7d6,train,0,MultifacetedAbstraction/Negative/smartparam_smartparam_smartparam_smartparam_org.smartparam.spring.type530SpringBeanType.code,unknown_class,False,253,253,False
b32c67a677af4d2fa118fb9e7c2f3864ae360fb9,train,0,MultifacetedAbstraction/Negative/SkymindIO_nd4j_SkymindIO_nd4j_org.nd4j.nativeblas2405half_to_int32.code,unknown_class,False,253,253,False
3808d47f3e962e2af48803cb3edf727a960d174f,val,0,MultifacetedAbstraction/Negative/virgo47_javasimon_virgo47_javasimon_org.javasimon.utils.bean394ToCharConverterTest.code,unknown_class,False,253,253,False
287eb53cd8ebb76c360d3fcade6acec9451ea9b9,train,0,MultifacetedAbstraction/Negative/opendaylight_controller_opendaylight_controller_org.opendaylight.controller.cluster.datastore.messages719AbstractThreePhaseCommitMessage.code,unknown_class,False,253,253,False
7e80e8eb490bb61f548f46c0c6ffb80bf6bfe4d1,train,0,MultifacetedAbstraction/Negative/mozilla_j2me.js_mozilla_j2me.js_com.sun.midp.crypto834RSAPublicKey.code,unknown_class,False,253,253,False
a1d4e75d8d189df90f461cdc7d1b207ef657133f,train,1,MultifacetedAbstraction/Positive/openhab_openhab2_openhab_openhab2_org.openhab.binding.freebox.internal.api.model5FreeboxDiscoveryResponse.code,unknown_class,False,253,253,False
37b80ec2e3daff4a28d6caaa1564e5c1951fa15c,train,0,MultifacetedAbstraction/Negative/caskdata_cdap_caskdata_cdap_io.cdap.cdap.etl.mock.transform2650DoubleTransform.code,unknown_class,False,252,252,False
3b2e3d9af174a7ba31afa253d427ede6c0c8b8b4,train,0,MultifacetedAbstraction/Negative/LapisBlue_Pore_LapisBlue_Pore_blue.lapis.pore.impl.event.player321PorePlayerStatisticIncrementEvent.code,unknown_class,False,251,251,False
ca78432b3a31b123f86512b317b0f2a7dac9c95d,val,0,MultifacetedAbstraction/Negative/jbruchanov_AnUitor_jbruchanov_AnUitor_com.scurab.android.anuitorsample76AnotherActivity.code,unknown_class,False,251,251,False
d249475fd09d441f0d00b89debd3629f9fda7488,train,0,MultifacetedAbstraction/Negative/benhysell_V.FlyoutTest_benhysell_V.FlyoutTest_com.example.android.supportv4.app511MyAlertDialogFragment.code,unknown_class,False,251,251,False
2476b22d41220cb9045ae7b3d6d8f22df0c53d01,train,0,MultifacetedAbstraction/Negative/linkedin_gobblin_linkedin_gobblin_org.apache.gobblin.kafka.serialize1544LiAvroSerializer.code,unknown_class,False,250,250,False
29c564f4964f84df1349c9c4786eef3c9ca367d2,train,0,MultifacetedAbstraction/Negative/caskdata_cdap_caskdata_cdap_io.cdap.cdap.internal.bootstrap.executor3874SystemPreferenceSetter.code,unknown_class,False,250,250,False
02f02b74a69ad0a193f023c6b60ed8fae0f98c4d,train,0,MultifacetedAbstraction/Negative/ReactiveX_RxJava_ReactiveX_RxJava_io.reactivex.rxjava3.internal.operators.flowable1025WithLatestInnerSubscriber.code,unknown_class,False,250,250,False
07e002a7f68c39e3331d70e769104999b1555a33,train,0,MultifacetedAbstraction/Negative/wso2_product-esb_wso2_product-esb_com.starbucks.ws12Payment.code,unknown_class,False,249,249,False
c14fd9ff440ae55f64b7cde3c22ded794a8819a3,train,1,MultifacetedAbstraction/Positive/syncany_syncany_syncany_syncany_org.syncany.database0FileProperties.code,unknown_class,False,249,249,False
e6ed51777b1b13a5db54ab4a6229f891e23ce144,train,0,MultifacetedAbstraction/Negative/mcupak_beacon-of-beacons_mcupak_beacon-of-beacons_com.dnastack.bob.rest.util80RequestUtils.code,unknown_class,False,249,249,False
6a40301bd7a184951eb1e008bf32a79a601e007e,test,0,MultifacetedAbstraction/Negative/ceskaexpedice_kramerius_ceskaexpedice_kramerius_cz.incad.kramerius.auth.thirdparty.shibb.external110ExternalAuthenticatedUsersImpl.code,unknown_class,False,248,248,False
369461304fa63239bf8feecd1109f7e5cee8db5e,test,1,MultifacetedAbstraction/Positive/openhab_openhab2_openhab_openhab2_org.openhab.binding.freebox.internal.api.model6FreeboxLanConfig.code,unknown_class,False,248,248,False
3567aba9e45105f4fa3566760a52160a72a43fe4,train,0,MultifacetedAbstraction/Negative/MCTCP_TerrainControl_MCTCP_TerrainControl_com.khorn.terraincontrol.forge.util264WorldHelper.code,unknown_class,False,248,248,False
e396498a02de70a8403c20fa3879206184730ce3,val,1,MultifacetedAbstraction/Positive/tectonicus_tectonicus_tectonicus_tectonicus_tectonicus.blockTypes1Faces.code,unknown_class,False,247,247,False
2d533848ed8a5d1d40f8202b1fe22817a271b8b7,val,0,MultifacetedAbstraction/Negative/datanucleus_datanucleus-core_datanucleus_datanucleus-core_org.datanucleus.store.types693SCOMap.code,unknown_class,False,247,247,False
a62ac84ef395bed388ee8076f242d69295d74c1e,val,0,MultifacetedAbstraction/Negative/ClickTravel_Cheddar_ClickTravel_Cheddar_com.clicktravel.cheddar.system.event329AbstractSystemEventHandlerTest.code,unknown_class,False,247,247,False
735abafd708439fa698b334814b94bbab5d84242,val,0,MultifacetedAbstraction/Negative/jtrfp_terminal-recall_jtrfp_terminal-recall_org.jtrfp.trcl.gui677ConfEntry.code,unknown_class,False,247,247,False
3586c7e033e11a29b216743ca6ca35cc211cce48,val,0,MultifacetedAbstraction/Negative/rancherio_cattle_rancherio_cattle_io.cattle.platform.process.storagepool1262StoragePoolPurge.code,unknown_class,False,247,247,False
6359212ea0b377a622e63ff00ed946d82c95328d,train,0,MultifacetedAbstraction/Negative/sd6352051_NiftyNotification_sd6352051_NiftyNotification_com.gitonway.lee.niftynotification.lib.effects10Flip.code,unknown_class,False,246,246,False
c36ee50183e0e80e32c1aa2b92a52370eb9bcd45,train,0,MultifacetedAbstraction/Negative/igniterealtime_Spark_igniterealtime_Spark_net.java.sipmack.softphone95SoftPhoneSecurity.code,unknown_class,False,246,246,False
3d3e078f2266e1c4fab88caf645924875cedcfd5,val,0,MultifacetedAbstraction/Negative/knightliao_disconf_knightliao_disconf_com.baidu.disconf.web.common.comparator171StringComparator.code,unknown_class,False,246,246,False
957eb2e2c22eaba773fd4c30776dd137aea30fd3,test,0,MultifacetedAbstraction/Negative/SkymindIO_nd4j_SkymindIO_nd4j_org.nd4j.nativeblas2307half_relu_bp.code,unknown_class,False,246,246,False
7f613d796f80266e496a1c2e7730134a31606d1f,val,0,MultifacetedAbstraction/Negative/caskdata_cdap_caskdata_cdap_io.cdap.cdap103OneSpark.code,unknown_class,False,246,246,False
3c78e4e2592fff77ad604347d0c2ba78cd5b3207,train,0,MultifacetedAbstraction/Negative/BlueBrain_bluima_BlueBrain_bluima_ch.epfl.bbp.shaded.opennlp.tools.postag224POSTagger.code,unknown_class,False,246,246,False
a2ea71109145f55884ea17bbcc0684223b0190a0,train,0,MultifacetedAbstraction/Negative/mucommander_mucommander_mucommander_mucommander_com.mucommander.text735TranslatorTest.code,unknown_class,False,245,245,False
32fbceb849c2f1a0c2a5316e0e4a676adff8b45a,train,0,MultifacetedAbstraction/Negative/naver_pinpoint_naver_pinpoint_com.navercorp.pinpoint.test.javasssit4535TestClass.code,unknown_class,False,245,245,False
b63b90ff2f1b10a2ba0c9f5c87496ea900f26d38,train,0,MultifacetedAbstraction/Negative/EmirWeb_liason_EmirWeb_liason_mobi.liason.mvvm.database53Columns.code,unknown_class,False,244,244,False
e3d5e5ab842b3cedea0504b02a0f65c01d51e4c0,train,0,MultifacetedAbstraction/Negative/qcri-social_AIDR_qcri-social_AIDR_qa.qcri.aidr.trainer.pybossa.mockup781ClientDummy.code,unknown_class,False,244,244,False
95b0e24766c27b8fbf27c8226ed1a1824afe8472,train,0,MultifacetedAbstraction/Negative/openMF_android-client_openMF_android-client_com.mifos.objects.runreports579DataRow.code,unknown_class,False,244,244,False
76f556be0b643a91081acd57cf25e2bec5cf6cf4,val,0,MultifacetedAbstraction/Negative/OpenHFT_Chronicle-Map_OpenHFT_Chronicle-Map_net.openhft.chronicle.map281MapDiagnostics.code,unknown_class,False,243,243,False
e5068d8af6cb6dc2dad6ca037d2576bb801a8f20,val,0,MultifacetedAbstraction/Negative/caskdata_cdap_caskdata_cdap_io.cdap.cdap.common.conf1193Scheduler.code,unknown_class,False,243,243,False
a7245b24d83eb84392ef314c39154ed996c5e60f,test,1,MultifacetedAbstraction/Positive/openhab_openhab2_openhab_openhab2_org.openhab.binding.spotify.internal.api.model27CurrentlyPlayingContext.code,unknown_class,False,243,243,False
05c5eaba31d5f0e6939809abd5c44b7d265b4303,train,0,MultifacetedAbstraction/Negative/seagate_kinetic-java_seagate_kinetic-java_com.seagate.kinetic.simulator.heartbeat271SampleHeartbeatListener.code,unknown_class,False,243,243,False
a9d10e47f141f0fd7e2bca94681f1f55392b70e5,train,0,MultifacetedAbstraction/Negative/neokree_MaterialNavigationDrawer_neokree_MaterialNavigationDrawer_it.neokree.example.light22CustomDrawerHeader.code,unknown_class,False,243,243,False
1e995a4291dc88400d953b4d08ace00e07ec5c96,val,0,MultifacetedAbstraction/Negative/danielnorberg_auto-matter_danielnorberg_auto-matter_io.norberg.automatter.example106ComplexGenericJacksonExample.code,unknown_class,False,243,243,False
e8507cc56024d088cf66520c524825d888849c43,val,0,MultifacetedAbstraction/Negative/calipho-sib_nextprot-api_calipho-sib_nextprot-api_org.nextprot.api.core.service.annotation.merge.impl650AnnotationListMerger.code,unknown_class,False,243,243,False
a2b6a5cd41341b5ec9258db2076be404c846238a,val,0,MultifacetedAbstraction/Negative/naver_pinpoint_naver_pinpoint_com.navercorp.pinpoint.bootstrap.plugin.jdbc.interceptor400TransactionCommitInterceptor.code,unknown_class,False,242,242,False
d62251804088d1afa85cb4672d1a20592d4c1418,train,0,MultifacetedAbstraction/Negative/reds-heig_logisim-evolution_reds-heig_logisim-evolution_com.cburch.logisim.std.gates826Gates.code,unknown_class,False,242,242,False
f1ba9759e22f46c80c97d2717d6c9a75f45b0126,train,0,MultifacetedAbstraction/Negative/divolte_divolte-collector_divolte_divolte-collector_io.divolte.server48ResponseDelayingHandler.code,unknown_class,False,242,242,False
794007ac6232e94e3391d9051b2217cc51c2d9fb,train,0,MultifacetedAbstraction/Negative/cybergarage_cybergarage-upnp_cybergarage_cybergarage-upnp_org.cybergarage.xml224NodeList.code,unknown_class,False,242,242,False
07b96834b8d8d5ac221cabfbaf5812bd445962e3,train,0,MultifacetedAbstraction/Negative/TDesjardins_GWT-OL3-Playground_TDesjardins_GWT-OL3-Playground_ol.source300ImageArcGisRestOptions.code,unknown_class,False,242,242,False
1928dfddd5f0b70888bc75f0bcabf788028fb865,train,0,MultifacetedAbstraction/Negative/pac4j_pac4j_pac4j_pac4j_org.pac4j.oidc.client589GoogleOidcClient.code,unknown_class,False,242,242,False
3017794b341dd0f07fa844d9cc4863723070ca0f,train,0,MultifacetedAbstraction/Negative/wso2_MDM-Android-Agent_wso2_MDM-Android-Agent_com.wso2.mobile.mdm.api198Battery.code,unknown_class,False,241,241,False
b738577632a7740a6a04dfff9ea2377ea9fa551e,train,0,MultifacetedAbstraction/Negative/imagej_imagej-ops_imagej_imagej-ops_net.imagej.ops.features.haralick.helper281CoocPXMinusY.code,unknown_class,False,241,241,False
c1a0cdb27da6ff6875a0fcf656c3107ebb78ac6e,train,0,MultifacetedAbstraction/Negative/nemerosa_ontrack_nemerosa_ontrack_net.nemerosa.ontrack.extension.git238GitProjectSyncActionExtension.code,unknown_class,False,241,241,False
210b80d532f8f51f27c68ba751e308f44895f247,val,1,MultifacetedAbstraction/Positive/mariogrip_octodroid_mariogrip_octodroid_com.mariogrip.octodroid0connection.code,unknown_class,False,240,240,False
9a8aca3cceccd4a78fa5a609ee9cdc3841f4c2fc,test,0,MultifacetedAbstraction/Negative/opendaylight_controller_opendaylight_controller_org.opendaylight.controller.cluster.access.client99MockFailure.code,unknown_class,False,240,240,False
79625a32bae9db4425c0ee235628dbf60bafa4c5,train,0,MultifacetedAbstraction/Negative/reactive-streams_reactive-streams-jvm_reactive-streams_reactive-streams-jvm_org.reactivestreams.tck.flow103SyncTriggeredDemandSubscriberTest.code,unknown_class,False,240,240,False
47ef569ae591c6e2572da4ce706c0e7bca67a78b,train,0,MultifacetedAbstraction/Negative/project-ncl_pnc_project-ncl_pnc_org.jboss.pnc.dto369GroupConfiguration.code,unknown_class,False,240,240,False
3bc6c14f05e16149cf8c639141b916675bf28fad,train,0,MultifacetedAbstraction/Negative/rsteckler_unbounce-android_rsteckler_unbounce-android_com.ryansteckler.inappbilling4IabException.code,unknown_class,False,240,240,False
c4e5c5ff50989d0b85b6a90025f79c30ef497eeb,train,0,MultifacetedAbstraction/Negative/sindicetech_siren_sindicetech_siren_com.sindicetech.siren.qparser.tree.parser491DescendantPropertyParser.code,unknown_class,False,240,240,False
5af9353bd91c09321a2da3786188c6032e227186,train,0,MultifacetedAbstraction/Negative/SkymindIO_nd4j_SkymindIO_nd4j_org.nd4j.nativeblas2318half_reversesubtract.code,unknown_class,False,240,240,False
61753611b335c07feff90ef337ef167f04879772,train,0,MultifacetedAbstraction/Negative/openhab_openhab2_openhab_openhab2_org.openhab.binding.fronius.internal.api1275HeadStatus.code,unknown_class,False,240,240,False
bdc616315f7aaee90ca48bb2ceaa81beeed26f41,test,0,MultifacetedAbstraction/Negative/alaisi_postgres-async-driver_alaisi_postgres-async-driver_com.github.pgasync.io.frontend63DescribeEncoder.code,unknown_class,False,240,240,False
1bcf78b295917733cc855bca0ea998ddb3b98d75,train,0,MultifacetedAbstraction/Negative/greenmail-mail-test_greenmail_greenmail-mail-test_greenmail_com.icegreen.greenmail.examples12ExampleDisableAuthenticationTest.code,unknown_class,False,240,240,False
9a10ac02e5be76a5c9c4d3d9e0a1238328a03022,train,0,MultifacetedAbstraction/Negative/SkymindIO_nd4j_SkymindIO_nd4j_org.nd4j.nativeblas1543double_listdiff.code,unknown_class,False,239,239,False
cf74396e5dbdd38dec199bc45ae2da551ac3693a,train,0,MultifacetedAbstraction/Negative/seagate_kinetic-java_seagate_kinetic-java_com.seagate.kinetic.common.lib108Crc32TagCalc.code,unknown_class,False,239,239,False
4aba7489c8ee07090ac869c6fc75134ef0bec86c,train,0,MultifacetedAbstraction/Negative/juniversal_jsimple_juniversal_jsimple_goodfriends.util15Constants.code,unknown_class,False,239,239,False
de41fe09699298df342172b78a26aa3230e707f8,train,0,MultifacetedAbstraction/Negative/xtext_seven-languages-xtext_xtext_seven-languages-xtext_org.xtext.tortoiseshell.parser.antlr.internal828DFA113.code,unknown_class,False,238,238,False
6c8593978e4485fd7dac51053a19b42c207ee695,train,0,MultifacetedAbstraction/Negative/neuroph_master_neuroph_master_com.jme3.gde.core.scene147FakeAppStateManager.code,unknown_class,False,238,238,False
59ac2a48a6001b5464559d453500dc206787330a,train,0,MultifacetedAbstraction/Negative/SkymindIO_nd4j_SkymindIO_nd4j_org.nd4j.nativeblas1620double_relu6.code,unknown_class,False,238,238,False
c615e265067e83fdd7dbe4f433552be7e7161203,val,0,MultifacetedAbstraction/Negative/graphaware_neo4j-algorithms_graphaware_neo4j-algorithms_com.graphaware.module.algo.generator.relationship39SocialNetworkRelationshipCreator.code,unknown_class,False,238,238,False
4d7f82f95e4446b8fbd7947cbcef14f52a528938,train,0,MultifacetedAbstraction/Negative/wso2_product-esb_wso2_product-esb_org.wso2.carbon.esb.json.test157JSONToSoapConversionTestCase.code,unknown_class,False,238,238,False
e84d7ec8683ab53cb974462934e6239cc97c857b,test,0,MultifacetedAbstraction/Negative/openhab_openhab2_openhab_openhab2_org.openhab.io.transport.modbus.internal5565ModbusPoolConfig.code,unknown_class,False,238,238,False
592d4dce690b3ed03086074af680af22cb9be253,train,0,MultifacetedAbstraction/Negative/SkymindIO_nd4j_SkymindIO_nd4j_org.nd4j.nativeblas1549double_lrelu.code,unknown_class,False,238,238,False
8fbec2b3cb082680c85c6899927f7f90ea5c442f,train,0,MultifacetedAbstraction/Negative/tlaukkan_zigbee4java_tlaukkan_zigbee4java_org.bubblecloud.zigbee.network.packet.system589SYS_VERSION_RESPONSE.code,unknown_class,False,237,237,False
61b8687623cc8bd81052e3b96d4afe730d21ef60,train,0,MultifacetedAbstraction/Negative/gustavomondron_twik_gustavomondron_twik_com.reddyetwo.hashmypass.app.tutorial46TutorialOnPageChangeListener.code,unknown_class,False,236,236,False
23a8009ec1afbf37cf30c31316dcde846c4b4ed1,val,0,MultifacetedAbstraction/Negative/nemerosa_ontrack_nemerosa_ontrack_net.nemerosa.ontrack.model.support1016ApplicationLogService.code,unknown_class,False,236,236,False
e9f93ebda3c1e7ea0391955070b375cec8685252,train,0,MultifacetedAbstraction/Negative/HotelsDotCom_plunger_HotelsDotCom_plunger_com.hotels.plunger31PipeFactory.code,unknown_class,False,236,236,False
cb9eff6c59a051ea2f48607ac1a50fef1d1d8a0c,train,0,MultifacetedAbstraction/Negative/bruno-medeiros_DDT_bruno-medeiros_DDT_melnorme.lang.ide.core.utils.operation663EclipseJobOperation.code,unknown_class,False,236,236,False
3537207d704b487843c642a8a3ebd91238b0134d,train,0,MultifacetedAbstraction/Negative/ReactiveX_RxJava_ReactiveX_RxJava_io.reactivex.rxjava3.internal.operators.maybe1147MaybeLift.code,unknown_class,False,235,235,False
316a3146514a956915ee44a2fe7f99b55c6b43e6,train,1,MultifacetedAbstraction/Positive/rejasupotaro_octodroid_rejasupotaro_octodroid_com.rejasupotaro.octodroid.models3Notification.code,unknown_class,False,235,235,False
8a97cb590eb6e306ad6eb383b6434aa9bb215536,train,0,MultifacetedAbstraction/Negative/apache_olingo-odata4_apache_olingo-odata4_org.apache.olingo.server.core1416ServiceMetadataImpl.code,unknown_class,False,234,234,False
0533637484954e82a387245274fe776a765d5f52,train,0,MultifacetedAbstraction/Negative/caskdata_cdap_caskdata_cdap_io.cdap.cdap.proto4621BatchProgramHistory.code,unknown_class,False,234,234,False
38cb0627bd093e26ad481f938cc960c4088a577b,train,0,MultifacetedAbstraction/Negative/poetix_octarine_poetix_octarine_com.codepoetics.octarine.functional.functions37F1.code,unknown_class,False,234,234,False
7672a9e7ee644d4d293cb019442207ba3ce9f8ce,test,0,MultifacetedAbstraction/Negative/caelum_vraptor-panettone_caelum_vraptor-panettone_br.com.caelum.vraptor.panettone20Template.code,unknown_class,False,234,234,False
3ce98d3cbbc7c2ae5b18cf44ffb83f316413c458,train,0,MultifacetedAbstraction/Negative/openhab_openhab2_openhab_openhab2_org.openhab.binding.somfytahoma.internal.model4513SomfyTahomaDevice.code,unknown_class,False,234,234,False
e4fd446c67f8571edc75377d423f7dc337a2b9d0,val,0,MultifacetedAbstraction/Negative/eclipse_smarthome_eclipse_smarthome_org.eclipse.smarthome.config.discovery.inbox.events373InboxRemovedEvent.code,unknown_class,False,233,233,False
666b06e6d14b1e20431c39a627e18701fdb8a640,train,0,MultifacetedAbstraction/Negative/apache_tajo_apache_tajo_org.apache.tajo.plan1256ExprNormalizedResult.code,unknown_class,False,233,233,False
41b1a1033888699d6eafca171e115e6211017225,train,0,MultifacetedAbstraction/Negative/PhantomYdn_wicket-orientdb_PhantomYdn_wicket-orientdb_ru.ydn.wicket.wicketorientdb.model69ModelUtils.code,unknown_class,False,233,233,False
3c61c2cc0e7f2b08e47ea2ce7fe9d87d33d6ce8d,train,0,MultifacetedAbstraction/Negative/yfain_java24hourtrainer2ndedition_yfain_java24hourtrainer2ndedition_(default package)82TestTax.code,unknown_class,False,233,233,False
6383279e467646f148822e4d81f40929e32bed02,train,0,MultifacetedAbstraction/Negative/usc-isi-i2_Web-Karma_usc-isi-i2_Web-Karma_edu.isi.karma.mapreduce.function507JSONFileProcessorByType.code,unknown_class,False,233,233,False
317922955821cff64715b62ae5ecb57238d96435,val,0,MultifacetedAbstraction/Negative/SkymindIO_nd4j_SkymindIO_nd4j_org.nd4j.nativeblas1725double_transpose.code,unknown_class,False,232,232,False
24d7f3e4fa30b3996ce71d34129de5571c315eb9,train,0,MultifacetedAbstraction/Negative/vanita5_twittnuker_vanita5_twittnuker_de.vanita5.microblog.library.twitter.template270StatusAnnotationTemplate.code,unknown_class,False,232,232,False
8f5d3e02e764a3e5a755f7d8277c9f1ee63e4171,train,0,MultifacetedAbstraction/Negative/benhysell_V.FlyoutTest_benhysell_V.FlyoutTest_android.support.v4.widget405PanelSlideListener.code,unknown_class,False,232,232,False
239d2d02d387129d4a06dc3dfece2063f34fd9a7,train,0,MultifacetedAbstraction/Negative/SkymindIO_nd4j_SkymindIO_nd4j_org.nd4j.nativeblas2313half_reverse.code,unknown_class,False,232,232,False
cf28f82523874c4f347ef16e5ed49c7e78865b91,train,0,MultifacetedAbstraction/Negative/reinert_requestor_reinert_requestor_io.reinert.requestor.test261BookJsonSerdes.code,unknown_class,False,231,231,False
14704cd6c22e1329fd4a4a446ee5e74c3b6003f7,test,0,MultifacetedAbstraction/Negative/roboconf_roboconf-platform_roboconf_roboconf-platform_net.roboconf.dm.management.api351IDebugMngr.code,unknown_class,False,231,231,False
ef92c7cd5dc79317e7733e28748dca59e4b1eed6,test,0,MultifacetedAbstraction/Negative/apache_incubator-wave_apache_incubator-wave_org.waveprotocol.wave.model.document2264Action.code,unknown_class,False,231,231,False
96f12358a465e9110a76b00623cb2de089d32386,train,0,MultifacetedAbstraction/Negative/kaazing_k3po_kaazing_k3po_org.kaazing.specification.http.rfc7235782HeaderFieldDefinitionsIT.code,unknown_class,False,231,231,False
693c14c776ba1a7d80c30ebf1baa179aec4909ab,train,0,MultifacetedAbstraction/Negative/chaupal_jxse_chaupal_jxse_net.jxta.impl.util.backport.java.util847KeySet.code,unknown_class,False,231,231,False
82902191a24e0835bfc8114907b9f6d86d52449a,train,0,MultifacetedAbstraction/Negative/apache_uima-uimafit_apache_uima-uimafit_org.apache.uima.fit.factory.initializable201InitializableFileNamer.code,unknown_class,False,230,230,False
da0876c7f275ebadfa02351c4bdf30f45b4c1c14,val,0,MultifacetedAbstraction/Negative/linkedin_gobblin_linkedin_gobblin_org.apache.gobblin.broker.gobblin_scopes171TaskScopeInstance.code,unknown_class,False,230,230,False
0f6f51baa17d8c192d6693702b0768c2890ec6d8,train,1,MultifacetedAbstraction/Positive/CubeEngine_core_CubeEngine_core_org.cubeengine.libcube.service.i18n0LocaleConfiguration.code,unknown_class,False,230,230,False
1d7363811189315a6b85a6f576e916a77136f7b6,train,0,MultifacetedAbstraction/Negative/cbitstech_Purple-Robot_cbitstech_Purple-Robot_edu.northwestern.cbits.purple_robot_manager.probes.features260GyroscopeBasicStatisticsFeature.code,unknown_class,False,230,230,False
592cb419c9b54155455f63b8a3214fde3a21a900,train,0,MultifacetedAbstraction/Negative/naver_pinpoint_naver_pinpoint_com.navercorp.pinpoint.profiler.context.thrift3598ThreadStateThriftMessageConverter.code,unknown_class,False,230,230,False
6af2f0afb1617558292751200c551b2e84058ca2,train,0,MultifacetedAbstraction/Negative/apache_incubator-reef_apache_incubator-reef_org.apache.reef.io.network.naming748NameServerConfiguration.code,unknown_class,False,229,229,False
511a8a11e61727601c3c747b9a4bcdf64430f212,train,0,MultifacetedAbstraction/Negative/wso2_product-esb_wso2_product-esb_org.wso2.carbon.esb.ui.test.util954Reader.code,unknown_class,False,229,229,False
282552355d99be4c2379723be0ccdc19c06c78c7,val,0,MultifacetedAbstraction/Negative/joel-costigliola_assertj-swing_joel-costigliola_assertj-swing_org.assertj.swing.driver795JSliderLocationStrategy.code,unknown_class,False,229,229,False
88d8df4c0cf05d3e7341862eef2bd65cd42096bd,train,0,MultifacetedAbstraction/Negative/OfficeDev_Office-365-SDK-for-Android_OfficeDev_Office-365-SDK-for-Android_com.microsoft.services.directory57DirectoryRoleTemplate.code,unknown_class,False,229,229,False
9a90eb0734cfe5c3c97186c7512d328cf6aaeaa2,train,0,MultifacetedAbstraction/Negative/ebay_oink_ebay_oink_org.pig.oink.common.config10TestPropertyLoader.code,unknown_class,False,228,228,False
f2e8b2a5e5824eda905c9e655a89148fdfaa357f,val,0,MultifacetedAbstraction/Negative/wuic_wuic_wuic_wuic_com.github.wuic15TaskConfigurator.code,unknown_class,False,228,228,False
72bbd9b7128f29d9cc3a63a31561ec99a997fbc4,train,0,MultifacetedAbstraction/Negative/apache_servicemix_apache_servicemix_org.apache.servicemix.examples.drools.camel.cxf.server.osgi61DebugRuleRuntimeEventListener.code,unknown_class,False,228,228,False
033250acd282dae63e82a9964f4343f3980e5c05,train,0,MultifacetedAbstraction/Negative/jurmous_etcd4j_jurmous_etcd4j_mousio.etcd4j.responses58MemberInfo.code,unknown_class,False,228,228,False
bb57cca684a714e1967e9e04ce585df750463d50,train,0,MultifacetedAbstraction/Negative/PGWelch_com.opendoorlogistics_PGWelch_com.opendoorlogistics_com.opendoorlogistics.core.formulae535FmBitwiseOr.code,unknown_class,False,227,227,False
c35430c56482f94209f1a113a3fab9ffcd5eafb8,test,0,MultifacetedAbstraction/Negative/ruby-concurrency_thread_safe_ruby-concurrency_thread_safe_org.jruby.ext.thread_safe.jsr166e.nounsafe48EntryIterator.code,unknown_class,False,227,227,False
5e26871eed7899e51e9f8b5c8c8592d93d3b9ef4,train,0,MultifacetedAbstraction/Negative/apache_olingo-odata4_apache_olingo-odata4_org.apache.olingo.client.core.edm.xml337EnumMemberDeserializer.code,unknown_class,False,227,227,False
103fa7de66dff47649b004734fb705aaefe30586,train,0,MultifacetedAbstraction/Negative/ReactiveX_RxJava_ReactiveX_RxJava_io.reactivex.rxjava3.tck2517UnicastProcessorAsPublisherTckTest.code,unknown_class,False,227,227,False
4542fac76a6c5940f3b44e9c1896182fdbad74c4,train,0,MultifacetedAbstraction/Negative/Evolveum_midpoint_Evolveum_midpoint_com.evolveum.midpoint.prism1293MutableComplexTypeDefinition.code,unknown_class,False,227,227,False
c9bf33dc9bd59ff1adc5af4f9731e62df7ad4992,val,0,MultifacetedAbstraction/Negative/mulesoft_jaxrs-to-raml_mulesoft_jaxrs-to-raml_org.raml.jaxrs.features105DeprecateClass.code,unknown_class,False,227,227,False
dd843133c6f219753ab3bfc747308178e0c92411,val,0,MultifacetedAbstraction/Negative/structurizr_java_structurizr_java_com.structurizr.analysis35NameSuffixTypeMatcherTests.code,unknown_class,False,226,226,False
33dbbcc144d4a36eb3a8931d667068ff55706973,train,0,MultifacetedAbstraction/Negative/mobile-event-processing_Asper_mobile-event-processing_Asper_com.espertech.esper.multithread3171StmtNamedWindowMergeCallable.code,unknown_class,False,226,226,False
71777d25654141313a66be6bce899cddb1bc4364,train,0,MultifacetedAbstraction/Negative/jtrfp_terminal-recall_jtrfp_terminal-recall_org.jtrfp.trcl.img727ColorUtils.code,unknown_class,False,226,226,False
f241dbfffa358d89592d21920b5b76c745520dc2,train,0,MultifacetedAbstraction/Negative/Steveice10_MCProtocolLib_Steveice10_MCProtocolLib_com.github.steveice10.mc.protocol.packet.ingame.server.window227ServerWindowItemsPacket.code,unknown_class,False,225,225,False
132eeec8c5e316c72744cbdf317d90ab9eed2d7d,train,0,MultifacetedAbstraction/Negative/wildflyext_wildfly-camel_wildflyext_wildfly-camel_org.wildfly.extension.camel.undertow888WildFlyUndertowUndertowConsumer.code,unknown_class,False,224,224,False
c2e5682b5277cf4c90e8d3cc3e4aeb6cf1cbfb09,test,0,MultifacetedAbstraction/Negative/javaee-samples_javaee7-samples_javaee-samples_javaee7-samples_org.javaee7.jpa.multiple.pu695MultiplePuTest.code,unknown_class,False,224,224,False
3e6fc712d734ee3c5dcc578a034a0fccbd4d024a,test,0,MultifacetedAbstraction/Negative/Evolveum_midpoint_Evolveum_midpoint_com.evolveum.midpoint.model.api.util507ResourceUtils.code,unknown_class,False,224,224,False
498924315f411c3b6d597cbccdcdb3ac5c1bb555,train,0,MultifacetedAbstraction/Negative/andrewgaul_modernizer-maven-plugin_andrewgaul_modernizer-maven-plugin_org.gaul.modernizer_maven_plugin11Java10Violations.code,unknown_class,False,224,224,False
7fd1c0a920fdbb81b545a0920505dee8af718e5f,val,0,MultifacetedAbstraction/Negative/kaazing_k3po_kaazing_k3po_org.kaazing.k3po.pcap.converter.internal.author.composer710VerboseTcpClientComposer.code,unknown_class,False,223,223,False
fe49bc6ab42565e8ab4e10b9c6c50295c36fa111,val,0,MultifacetedAbstraction/Negative/SEL-columbia_dristhi_SEL-columbia_dristhi_org.ei.drishti.service.reporting.rules640IsVitaminA6DoseGivenRuleTest.code,unknown_class,False,223,223,False
30011ef2e08c25b359179fadee31d8c5b1ac4d5c,train,0,MultifacetedAbstraction/Negative/247687009_soa_247687009_soa_io.goudai.soa.common.exception6AppException.code,unknown_class,False,222,222,False
91f3101d5928df7568e325056ee0dc7612a8efc2,train,0,MultifacetedAbstraction/Negative/openhab_openhab2_openhab_openhab2_org.openhab.binding.nikohomecontrol.internal.protocol.nhc13353NhcMessageListMap1.code,unknown_class,False,222,222,False
4654bd194d83b30631d5a04df31eafbfef61d22e,train,0,MultifacetedAbstraction/Negative/Evolveum_midpoint_Evolveum_midpoint_com.evolveum.midpoint.task.quartzimpl.work.segmentation2943SingleNullWorkSegmentationStrategy.code,unknown_class,False,222,222,False
99180366c0c5ef750b472f86f2d87703735e91d7,train,0,MultifacetedAbstraction/Negative/naver_pinpoint_naver_pinpoint_com.navercorp.pinpoint.plugin.mongo2609MongoConfig.code,unknown_class,False,222,222,False
c1aae837bc31fb84e84cb35ea24e84e74d1e0c08,train,0,MultifacetedAbstraction/Negative/xaguzman_pathfinding_xaguzman_pathfinding_org.xguzm.pathfinding.grid.finders25ThetaStarGridFinder.code,unknown_class,False,221,221,False
9b853ffde54f890598ced430bb83c3fefae886f8,val,0,MultifacetedAbstraction/Negative/mybatis_ibatis-2_mybatis_ibatis-2_testdomain274IItem.code,unknown_class,False,221,221,False
ab539fca9579aad1b134778a1be0c514c9071d7b,train,0,MultifacetedAbstraction/Negative/tuguangquan_mybatis_tuguangquan_mybatis_org.apache.ibatis.cache58SuperCacheTest.code,unknown_class,False,221,221,False
2498b83d98ad94f334b7d2667c448166f183d273,val,0,MultifacetedAbstraction/Negative/gid15_jpcsp_gid15_jpcsp_jpcsp.graphics.RE.software579RandomTextureAccessReader.code,unknown_class,False,220,220,False
d1e7b7d0fc1c284df9ec92bbb84412bc0d9af5b7,val,0,MultifacetedAbstraction/Negative/sitewhere_sitewhere_sitewhere_sitewhere_com.sitewhere.microservice.scripting739ScriptVersion.code,unknown_class,False,220,220,False
4f52815c309232dbf0ca922179ff071769379973,train,0,MultifacetedAbstraction/Negative/cglib_cglib_cglib_cglib_net.sf.cglib.core93VisibilityPredicate.code,unknown_class,False,220,220,False
52c8d330ded9957d48d74f2a4f38d86743d3ed9c,train,0,MultifacetedAbstraction/Negative/FenixEdu_fenixedu-academic_FenixEdu_fenixedu-academic_org.fenixedu.academic.domain.accounting.paymentPlans463GratuityPaymentPlan.code,unknown_class,False,220,220,False
85c62f280f16db5aeed033b6e2b7be21591f2ff1,train,0,MultifacetedAbstraction/Negative/grpc_grpc-java_grpc_grpc-java_io.grpc.reflection.testing1347ReflectableServiceFutureStub.code,unknown_class,False,219,219,False
796a1fc0048c60a8763cd95ff38b9317a83c2b4a,train,0,MultifacetedAbstraction/Negative/caskdata_cdap_caskdata_cdap_io.cdap.cdap.test.app5446LocalDatasetWriter.code,unknown_class,False,218,218,False
d26e5bca50a875d0f8609b428773288e4a166992,test,0,MultifacetedAbstraction/Negative/knightliao_disconf_knightliao_disconf_com.baidu.disconf.core.common.utils.http145HttpClientKeepAliveStrategy.code,unknown_class,False,218,218,False
f318385c41dfa4e2e26f80f3d2483d0b2825f923,val,0,MultifacetedAbstraction/Negative/bruno-medeiros_DDT_bruno-medeiros_DDT_dtool.ast.declarations29DeclarationStaticAssert.code,unknown_class,False,218,218,False
211cdfa759065cce0bf212792b3c2b0518bb2bb7,train,0,MultifacetedAbstraction/Negative/takahi-i_likelike_takahi-i_likelike_org.unigram.likelike.validate40RunWithCheck00.code,unknown_class,False,218,218,False
e3854fae2844e28798153c3ed822da054a4b26f4,train,0,MultifacetedAbstraction/Negative/tesis-dynaware_graph-editor_tesis-dynaware_graph-editor_de.tesis.dynaware.grapheditor.demo.customskins.tree84TreeConnectionSelectionPredicate.code,unknown_class,False,218,218,False
2263cb66aa860a9486bc8fd8aebaf5aff7463372,train,0,MultifacetedAbstraction/Negative/reds-heig_logisim-evolution_reds-heig_logisim-evolution_com.cburch.draw.model121AttributeMapKey.code,unknown_class,False,218,218,False
f6e7b28bdafa38bc6cd4b8bea3e976296e709756,train,0,MultifacetedAbstraction/Negative/hankcs_HanLP_hankcs_HanLP_com.hankcs.hanlp.model.perceptron513POSTrainerTest.code,unknown_class,False,217,217,False
7c65d5f6e80afbeeeffd5ba501a38570e7e53aa7,val,0,MultifacetedAbstraction/Negative/jtrfp_terminal-recall_jtrfp_terminal-recall_org.jtrfp.trcl.gui673CloseListener.code,unknown_class,False,217,217,False
fa3b747a61f6c210f0ba2f43587ed3b9453e722d,train,0,MultifacetedAbstraction/Negative/247687009_soa_247687009_soa_io.goudai.soa.common.exception7QuartzException.code,unknown_class,False,217,217,False
9167309f05375caa159deb5c5db21fdcac9aacc4,train,0,MultifacetedAbstraction/Negative/OHDSI_WebAPI_OHDSI_WebAPI_org.ohdsi.webapi.shiro.subject767WebDelegatingRunAsSubjectFactory.code,unknown_class,False,216,216,False
fdb2b846a4ff77899bf837bd596594d571912e68,val,0,MultifacetedAbstraction/Negative/tlaukkan_zigbee4java_tlaukkan_zigbee4java_org.bubblecloud.zigbee.network.packet.zdo627ZDO_BIND_REQ_SRSP.code,unknown_class,False,216,216,False
7e189d8117a26ca259b249ade291e85505a15817,train,0,MultifacetedAbstraction/Negative/project-ncl_pnc_project-ncl_pnc_org.jboss.pnc.dto371Product.code,unknown_class,False,215,215,False
cca6edc1061ba7a3a5c3592a0df512f8c1de6d69,train,0,MultifacetedAbstraction/Negative/openhab_openhab2_openhab_openhab2_org.openhab.binding.evohome.internal.api.models.v2.request1145HeatSetPoint.code,unknown_class,False,215,215,False
6a3b5fb53125a5818694815940c1a1a42df0eafe,train,0,MultifacetedAbstraction/Negative/apache_olingo-odata2_apache_olingo-odata2_org.apache.olingo.odata2.api.edm156EdmStructuralType.code,unknown_class,False,215,215,False
e8d6aad72eac7ac3011b9fd96118f1b9c9f222b7,val,0,MultifacetedAbstraction/Negative/usc-isi-i2_Web-Karma_usc-isi-i2_Web-Karma_edu.isi.karma.config43ModelingConfigurationRegistry.code,unknown_class,False,215,215,False
db648b37295393ac39e914491267149401973a0d,train,0,MultifacetedAbstraction/Negative/openhab_openhab2_openhab_openhab2_org.openhab.binding.exec.internal1184ExecHandlerFactory.code,unknown_class,False,214,214,False
842b38ec52f6c0a7fbd9d01ab3f56713eadec768,train,0,MultifacetedAbstraction/Negative/cognitect_transit-java_cognitect_transit-java_com.cognitect.transit.impl76SetReadHandler.code,unknown_class,False,214,214,False
8eb198ae45cb3e67d9474fdfdb9410fb9a733db2,train,0,MultifacetedAbstraction/Negative/glazedlists_glazedlists_glazedlists_glazedlists_com.publicobject.amazonbrowser.swing972TitleRenderer.code,unknown_class,False,214,214,False
f6511f759afb8328d4045636a38ee3650ddf86d1,val,0,MultifacetedAbstraction/Negative/cping_RipplePower_cping_RipplePower_org.ripple.power.txns.data3111Asks.code,unknown_class,False,214,214,False
9c0633ec79cd126f81196f0d7693d94b08c03e32,train,0,MultifacetedAbstraction/Negative/rapidminer_rapidminer_rapidminer_rapidminer_com.rapidminer.parameter2994UndefinedParameterError.code,unknown_class,False,214,214,False
c7a633a0cee346ce1582f1f2fec2d4a849161792,test,0,MultifacetedAbstraction/Negative/TwidereProject_Twidere-Android_TwidereProject_Twidere-Android_org.mariotaku.twidere.util614SharedPreferencesProcessStrategy.code,unknown_class,False,213,213,False
dee33783523f05fab7bd46b04268235e35b79aaf,train,0,MultifacetedAbstraction/Negative/oyachai_HearthSim_oyachai_HearthSim_com.hearthsim.card.classic.minion.common216SilverHandKnight.code,unknown_class,False,213,213,False
fe8eb9082398e4cb43453986a320ce610841cd33,train,0,MultifacetedAbstraction/Negative/stephanenicolas_robospice_stephanenicolas_robospice_com.octo.android.robospice4GsonSpringAndroidSpiceService.code,unknown_class,False,212,212,False
8d59c43f6bd9d09db9066f1c1c9521739b9d4aa9,val,0,MultifacetedAbstraction/Negative/SomMeri_matasano-cryptopals-solutions_SomMeri_matasano-cryptopals-solutions_org.meri.matasano.set530Ex33EchoBot.code,unknown_class,False,212,212,False
7c0a12d4d9f279346fc850187de5ed849faf164f,train,0,MultifacetedAbstraction/Negative/openmhealth_omh-shims_openmhealth_omh-shims_org.openmhealth.shim.jawbone.mapper117JawboneHeartRateDataPointMapper.code,unknown_class,False,212,212,False
4ce0a8dc018d88b7e8909c997abcbfa10e0198ca,train,0,MultifacetedAbstraction/Negative/oodrive_eguan_oodrive_eguan_org.apache.maven.plugin.nar1051NarJavahMojo.code,unknown_class,False,211,211,False
3e0b2cc3c10ed1682c3e962cd70680f40bf8124f,train,0,MultifacetedAbstraction/Negative/OHDSI_WebAPI_OHDSI_WebAPI_org.ohdsi.webapi.shiro.filters726RunAsFilter.code,unknown_class,False,211,211,False
3b80eecaf3175b6112e321b07a9a6effe0e0afe0,val,0,MultifacetedAbstraction/Negative/marklogic_java-client-api_marklogic_java-client-api_com.marklogic.client.functionaltest392JsonValueCheck.code,unknown_class,False,211,211,False
d1a972269e4597628083641adabc6f0671d99a5f,train,0,MultifacetedAbstraction/Negative/GlowstoneMC_Glowstone_GlowstoneMC_Glowstone_net.glowstone.entity.objects545Storage.code,unknown_class,False,211,211,False
05dcdea405047f294b2c509200bc7635ceba34f8,train,0,MultifacetedAbstraction/Negative/tlaukkan_zigbee4java_tlaukkan_zigbee4java_org.bubblecloud.zigbee.api.cluster.security_safety415IASWD.code,unknown_class,False,211,211,False
8aa3b73db10b0da36d1a7762d8686ee5fd2d39c9,train,0,MultifacetedAbstraction/Negative/imixs_imixs-workflow_imixs_imixs-workflow_org.imixs.workflow.engine82UserGroupEvent.code,unknown_class,False,210,210,False
d6f16aa0588df207fe8d75ddb1edfb892942b605,train,0,MultifacetedAbstraction/Negative/ArcBees_gwtquery_ArcBees_gwtquery_com.google.gwt.query.client.impl141BooleanAttrSetter.code,unknown_class,False,210,210,False
cc100a95564d2079d61c7a8a7a8e16f5cd3b5afd,val,0,MultifacetedAbstraction/Negative/apache_stratos_apache_stratos_org.apache.stratos.messaging.message.processor.initializer990CompleteApplicationsRequestMessageProcessor.code,unknown_class,False,210,210,False
fba8aa1aaaf019b1ed116e578e5fc77058ca379f,train,0,MultifacetedAbstraction/Negative/opendaylight_controller_opendaylight_controller_org.opendaylight.controller.cluster.datastore.shardstrategy941ShardStrategyFactoryTest.code,unknown_class,False,210,210,False
5c79605e7b7a4d59516041040f0705d00002f9d2,train,0,MultifacetedAbstraction/Negative/apache_tajo_apache_tajo_org.apache.tajo.engine.function.math598Ceil.code,unknown_class,False,210,210,False
a5403498fdc23e71f3fbe7841dee68b6e1c87f77,test,0,MultifacetedAbstraction/Negative/wikimedia_search-highlighter_wikimedia_search-highlighter_org.wikimedia.search.highlighter.experimental73AdvancesMatcher.code,unknown_class,False,210,210,False
7a0d7902b8aeab7b562874a668e4660eaf2436f1,train,0,MultifacetedAbstraction/Negative/amutu_tdw_amutu_tdw_org.apache.hadoop.hive.metastore.api861dropUser.code,unknown_class,False,210,210,False
0dcfee088f9d9aa7df608730f80ecb55b0d342d3,train,0,MultifacetedAbstraction/Negative/apache_incubator-wave_apache_incubator-wave_org.waveprotocol.wave.client.editor.selection.content1189CaretMovementHelperImpl.code,unknown_class,False,209,209,False
2a63c2305c68b101e9591ea50974a00d37c0d7a6,test,0,MultifacetedAbstraction/Negative/kuenishi_presto-riak_kuenishi_presto-riak_com.basho.riak.presto16RiakPlugin.code,unknown_class,False,209,209,False
2e683a1af98799f5e3983548b51a622a96e98f05,train,0,MultifacetedAbstraction/Negative/mobile-event-processing_Asper_mobile-event-processing_Asper_com.espertech.esper.filter3077FilterServiceSPI.code,unknown_class,False,209,209,False
8adc8bf326b364ba822cb2930cf92f8c7f33bd4d,train,0,MultifacetedAbstraction/Negative/nemerosa_ontrack_nemerosa_ontrack_net.nemerosa.ontrack.service.security1165EncryptionServiceImplTest.code,unknown_class,False,209,209,False
34efcb4e21330466b6df6569486d0e2aec4568cc,test,0,MultifacetedAbstraction/Negative/javaee-samples_javaee7-samples_javaee-samples_javaee7-samples_org.javaee7.batch.batch.listeners16MyItemProcessorListener.code,unknown_class,False,208,208,False
0da6dfc4d619c7dd79d4f122037dead1a788f45c,val,0,MultifacetedAbstraction/Negative/greghaskins_spectrum_greghaskins_spectrum_given.a.spec.with.passing.and.failing.tests111WhenRunningTheSpec.code,unknown_class,False,208,208,False
16307f13ba2793127c86b0528c08fdbbad7d11d9,train,0,MultifacetedAbstraction/Negative/OpenNMS_newts_OpenNMS_newts_org.opennms.newts.api.search68TermQuery.code,unknown_class,False,208,208,False
4c13e91e326045c40cedba3cf2a978ce3ae33216,test,0,MultifacetedAbstraction/Negative/couchbase_couchbase-jvm-core_couchbase_couchbase-jvm-core_com.couchbase.client.core.event188EventBus.code,unknown_class,False,207,207,False
01051ae46d9f1216cc8c40e90edbcb501278d0d4,train,1,MultifacetedAbstraction/Positive/andrewgaul_s3proxy_andrewgaul_s3proxy_org.gaul.s3proxy0S3ProxyLaunchInfo.code,unknown_class,False,207,207,False
a1e9992665d913e8b56ebfa3eb830dfc3338be86,train,0,MultifacetedAbstraction/Negative/real-logic_Agrona_real-logic_Agrona_org.agrona.sbe266MessageFlyweight.code,unknown_class,False,207,207,False
73ade5a02af5cb7ba5674a900534c357d3d060a2,train,0,MultifacetedAbstraction/Negative/neuroph_master_neuroph_master_org.neuroph.core.transfer526TransferFunction.code,unknown_class,False,206,206,False
84454da0199b7fee31f3dee738d2abbd783c3bd4,train,0,MultifacetedAbstraction/Negative/FenixEdu_fenixedu-academic_FenixEdu_fenixedu-academic_org.fenixedu.academic.domain.candidacyProcess.mobility776EnrolStudent.code,unknown_class,False,206,206,False
f297c31f2deac2d178d386547d39aa7a95f9fca6,train,0,MultifacetedAbstraction/Negative/iluwatar_java-design-patterns_iluwatar_java-design-patterns_com.iluwatar.flux.view480MenuViewTest.code,unknown_class,False,206,206,False
fd7c4d9ba230ed172d4e131227fcae070c32f6dd,train,0,MultifacetedAbstraction/Negative/onepf_OPFPush_onepf_OPFPush_org.onepf.pushchat.db100QueryContactNameQueryHandler.code,unknown_class,False,206,206,False
5f25ec398e819d6689934b27c53c779240f7c35c,train,0,MultifacetedAbstraction/Negative/querydsl_querydsl_querydsl_querydsl_com.querydsl.apt.domain97BaseArchetype.code,unknown_class,False,206,206,False
8594b01fd97d390cf1da6aa63f4acff933c99cc3,train,0,MultifacetedAbstraction/Negative/lemire_RoaringBitmap_lemire_RoaringBitmap_org.roaringbitmap.buffer166CloneBatchIteratorTest.code,unknown_class,False,205,205,False
ae829eb1503edf765cf846e18b90abbda21c1d18,train,0,MultifacetedAbstraction/Negative/mobile-event-processing_Asper_mobile-event-processing_Asper_com.espertech.esper.epl.join.exec.base2169FullTableScanLookupStrategy.code,unknown_class,False,205,205,False
fa074c433d89c763bd7fed3a2c698c2cb7bad80e,train,0,MultifacetedAbstraction/Negative/mini2Dx_mini2Dx_mini2Dx_mini2Dx_org.mini2Dx.tiled.renderer469TileLayerRenderer.code,unknown_class,False,205,205,False
a75068503e9223d117c677050df22077f39502ee,val,0,MultifacetedAbstraction/Negative/naver_pinpoint_naver_pinpoint_com.navercorp.pinpoint.web.alarm.checker5060ErrorCountToCalleeChecker.code,unknown_class,False,205,205,False
4cda9fa61ab55123456a72dd259b109963241837,train,0,MultifacetedAbstraction/Negative/lightblue-platform_lightblue-core_lightblue-platform_lightblue-core_com.redhat.lightblue.metadata362EntityAccess.code,unknown_class,False,204,204,False
6993a6ebc2c8b5dcd8be814bedfdb8b820b47c8b,train,0,MultifacetedAbstraction/Negative/247687009_soa_247687009_soa_io.goudai.soa.core.serialize19JdkSerialize.code,unknown_class,False,204,204,False
143eb931a4b43e9101f8c6a2f9811a0bdfb0e6fd,test,0,MultifacetedAbstraction/Negative/mobile-event-processing_Asper_mobile-event-processing_Asper_com.espertech.esper.rowregex4033RowRegexExprNodeNested.code,unknown_class,False,204,204,False
027f17c59c7218d87ee43e1958b88babdd248a0b,train,0,MultifacetedAbstraction/Negative/javaee-samples_javaee7-samples_javaee-samples_javaee7-samples_org.javaee7.jpa.schemagen.metadata719Employee.code,unknown_class,False,204,204,False
7bc4ad8c8e30d8f58f54989818c97fbda3c997c6,test,0,MultifacetedAbstraction/Negative/TNG_jgiven_TNG_jgiven_com.tngtech.jgiven.junit5462ScenarioTest.code,unknown_class,False,204,204,False
6c973971669f782a14c0f659c8b0bac5a53bab4e,train,0,MultifacetedAbstraction/Negative/google_closure-templates_google_closure-templates_com.google.template.soy.jbcsrc.restricted616BytecodeProducerTest.code,unknown_class,False,203,203,False
34eda34f12ccf63a6fb62bac9d85ade46769791f,train,0,MultifacetedAbstraction/Negative/mstahv_maddon_mstahv_maddon_org.vaadin.viritin.it136SizelessGridTest.code,unknown_class,False,203,203,False
8f47d88aef80083d909055f5cf17b1cbaa4e83d1,val,0,MultifacetedAbstraction/Negative/zhangkaitao_shiro-example_zhangkaitao_shiro-example_com.github.zhangkaitao.shiro.chapter2.realm260MyRealm1.code,unknown_class,False,203,203,False
b498654672d57452ac6f02a250ec0c7d5a109901,train,0,MultifacetedAbstraction/Negative/eXparity_hamcrest-date_eXparity_hamcrest-date_org.exparity.hamcrest.date.core.function71InstantFunction.code,unknown_class,False,203,203,False
349021516049bd9b5bcb8c57f47356461db1dbca,train,0,MultifacetedAbstraction/Negative/addthis_hydra_addthis_hydra_com.addthis.hydra.data.filter.value195ValueFilterNot.code,unknown_class,False,202,202,False
04b2c0df999b93a787acf50b258e4c3b4f624fa0,train,0,MultifacetedAbstraction/Negative/caskdata_coopr_caskdata_coopr_co.cask.coopr.shell.command398GetAutomatorTypeCommand.code,unknown_class,False,202,202,False
dca4dc4851872633feebb565d611132cb692477c,val,0,MultifacetedAbstraction/Negative/pushtorefresh_bamboo-storage_pushtorefresh_bamboo-storage_com.pushtorefresh.storio3.sample.db.resolvers306UserWithTweetsPutResolver.code,unknown_class,False,202,202,False
320dc1e11d30a388bcee815c82b2f94c4582956d,train,0,MultifacetedAbstraction/Negative/jphp-compiler_jphp_jphp-compiler_jphp_org.develnext.jphp.ext.xml523XmlExtension.code,unknown_class,False,202,202,False
65d5f3422c2214882cfec38329257c4187f85ef9,train,0,MultifacetedAbstraction/Negative/elastic_elasticsearch-hadoop_elastic_elasticsearch-hadoop_org.elasticsearch.hadoop.rest.commonshttp291ProtocolAwareHostConfiguration.code,unknown_class,False,202,202,False
9b627104730ae0a68cbea3a9c648c555a3eaafd6,train,0,MultifacetedAbstraction/Negative/InfinityRaider_AgriCraft_InfinityRaider_AgriCraft_com.infinityraider.agricraft.compat.computer.methods84MethodBaseGrowthReq.code,unknown_class,False,201,201,False
d91c8290a9fba5b3431c697e6a44ab4006d41760,train,0,MultifacetedAbstraction/Negative/dbfit_dbfit_dbfit_dbfit_dbfit.environment62EmbeddedDerbyEnvironment.code,unknown_class,False,201,201,False
f47c626817e2bffb90b8392f3e558065bae8fbdb,train,0,MultifacetedAbstraction/Negative/rundeck_rundeck_rundeck_rundeck_com.dtolabs.rundeck.core.storage805StorageTimestamperConverter.code,unknown_class,False,201,201,False
fb051ef1d45f3e3759ddde00448aadc13315d1a8,train,0,MultifacetedAbstraction/Negative/stagemonitor_stagemonitor_stagemonitor_stagemonitor_org.stagemonitor.core.pool269JavaThreadPoolMetricsCollectorImpl.code,unknown_class,False,200,200,False
92f87f94717c25d79a8bf2719d5933a9f7ec41d2,val,0,MultifacetedAbstraction/Negative/holgerbrandl_r4intellij_holgerbrandl_r4intellij_com.r4intellij.typing.types475RAtomicType.code,unknown_class,False,200,200,False
2cdbb7a140c2b31f94157b81a9cf990161a07b85,train,0,MultifacetedAbstraction/Negative/calipho-sib_nextprot-api_calipho-sib_nextprot-api_org.nextprot.api.core.service.annotation.comp620ByAnnotationVariantComparator.code,unknown_class,False,199,199,False
067f63851e12805d25634fb7acc3efd87bdf9312,test,0,MultifacetedAbstraction/Negative/247687009_soa_247687009_soa_io.goudai.soa.sys.api.impl44SoaUserService.code,unknown_class,False,199,199,False
9504760135d749f91b4ba4ee6313a7611552c11f,train,0,MultifacetedAbstraction/Negative/GluuFederation_oxTrust_GluuFederation_oxTrust_org.gluu.oxtrust.exception195PersonRequiredFieldsException.code,unknown_class,False,199,199,False
15c8ccb313504234d71776be3fe4242f6374c7f6,val,0,MultifacetedAbstraction/Negative/saurabhsjoshi_VITacademics-for-Android_saurabhsjoshi_VITacademics-for-Android_com.karthikb351.vitinfo2.fragment.details50AssesmentViewHolder.code,unknown_class,False,198,198,False
918f9f99998986935bd44b25c332f1efb19e83c8,train,0,MultifacetedAbstraction/Negative/awslabs_aws-sdk-java-resources_awslabs_aws-sdk-java-resources_com.amazonaws.resources.ec2.internal57NetworkAclCollectionImpl.code,unknown_class,False,198,198,False
1af6b99bd6a9008a38e9560e707ac887e7297517,train,0,MultifacetedAbstraction/Negative/rapidminer_rapidminer_rapidminer_rapidminer_com.rapidminer.gui.operatortree.actions876ToggleAllBreakpointsItem.code,unknown_class,False,198,198,False
4ae2e77432780cf945f52bc93fc272a8a556c0a0,train,0,MultifacetedAbstraction/Negative/BlueBrain_bluima_BlueBrain_bluima_ubic.pubmedgate.resolve.mentionEditors2509RegionSuffixRemover.code,unknown_class,False,198,198,False
afd5faac020e39c7879d68afdf326bc47098f594,train,0,MultifacetedAbstraction/Negative/openMF_android-client_openMF_android-client_com.mifos.objects.templates.loans639OverdueCharges.code,unknown_class,False,198,198,False
abc1ffc153596ec3f9af713279919795406a2d4b,train,0,MultifacetedAbstraction/Negative/apache_tajo_apache_tajo_org.apache.tajo.engine.function.math607Pow.code,unknown_class,False,198,198,False
63a4b1c0bd24c82ca7b4eaf2473d361614505233,train,0,MultifacetedAbstraction/Negative/caskdata_cdap_caskdata_cdap_io.cdap.cdap.messaging.service4405TestStoreRequest.code,unknown_class,False,198,198,False
7e1c4abbab4c377b1899b11844768efc10355baa,val,0,MultifacetedAbstraction/Negative/wildflyext_wildfly-camel_wildflyext_wildfly-camel_org.wildfly.camel.test.spring676SpringRouteBuilderScanTest.code,unknown_class,False,198,198,False
59c0ac28029d67699880fb64f3ab3fc5385e4afb,train,0,MultifacetedAbstraction/Negative/google_firing-range_google_firing-range_com.google.testing.security.firingrange.tests.reflected45Parameter.code,unknown_class,False,198,198,False
f0d4f171365aa2f1230c5dd5e5ce50049d173aa5,train,0,MultifacetedAbstraction/Negative/mobile-event-processing_Asper_mobile-event-processing_Asper_com.espertech.esper.epl.join.table2322PropertyIndexedEventTableSingleCoerceAll.code,unknown_class,False,197,197,False
e02990af2d7e61d757fa6c3222d305d2d74949fb,train,0,MultifacetedAbstraction/Negative/wso2_balana_wso2_balana_org.wso2.balana6BalanaTest.code,unknown_class,False,197,197,False
e2a5e0b78773bb8244a1637fbcb8760a6f952d65,train,0,MultifacetedAbstraction/Negative/HubSpot_jinjava_HubSpot_jinjava_com.hubspot.jinjava.lib.filter238Option.code,unknown_class,False,196,196,False
531c72ea43b3b693abd576c72c67504cb32d5837,train,0,MultifacetedAbstraction/Negative/InfinityRaider_AgriCraft_InfinityRaider_AgriCraft_com.infinityraider.agricraft.api.v1.adapter5IAgriAdapter.code,unknown_class,False,196,196,False
1e875f91989ed83988cf133ccff8a034eb7648ab,train,0,MultifacetedAbstraction/Negative/Cardshifter_Cardshifter_Cardshifter_Cardshifter_com.cardshifter.modapi.base189PlayerEliminatedEvent.code,unknown_class,False,196,196,False
4b2196477260866bb3b521f40a89389b352e0129,val,0,MultifacetedAbstraction/Negative/GluuFederation_oxAuth_GluuFederation_oxAuth_org.gluu.oxauth.security535Identity.code,unknown_class,False,195,195,False
b70c9ba1a4ab730da926028c174cabe6b825373d,train,0,MultifacetedAbstraction/Negative/roboconf_roboconf-platform_roboconf_roboconf-platform_net.roboconf.maven658MavenPluginConstants.code,unknown_class,False,195,195,False
10dd6a01e1983b0b0290d413f89c3c62ee62103e,val,0,MultifacetedAbstraction/Negative/neuroph_master_neuroph_master_org.neuroph.netbeans.project791MyDataFilter.code,unknown_class,False,195,195,False
0a89a48933a5f1d2b593ad57d5620068c126df12,train,0,MultifacetedAbstraction/Negative/WebGoat_WebGoat_WebGoat_WebGoat_org.owasp.webgoat.service169PluginReloadService.code,unknown_class,False,195,195,False
6c2221ab20b88636f81c84743f2f6bc711da2546,train,0,MultifacetedAbstraction/Negative/LapisBlue_Pore_LapisBlue_Pore_blue.lapis.pore.impl.event.player313PorePlayerPickupItemEvent.code,unknown_class,False,195,195,False
ddfeeda310d368728d428fa6781e9adaeac56bd2,val,0,MultifacetedAbstraction/Negative/amutu_tdw_amutu_tdw_org.apache.hadoop.hive.ql.udf3389UDFAscii.code,unknown_class,False,195,195,False
444cfd4ebe939131e0def045d0729c31caf90e40,train,0,MultifacetedAbstraction/Negative/kohlschutter_junixsocket_kohlschutter_junixsocket_org.newsclub.net.unix.rmi70PortAssigner.code,unknown_class,False,195,195,False
a5e40999367dbfc3e69ff60b98409ff41ede5ded,test,0,MultifacetedAbstraction/Negative/OHDSI_WebAPI_OHDSI_WebAPI_org.ohdsi.webapi.executionengine.service354ExecutionEngineAnalysisStatusInvalidationScheduler.code,unknown_class,False,195,195,False
7a19879381aeea2c047b3c481a531638b912f08c,train,0,MultifacetedAbstraction/Negative/vokalinteractive_VolleyBall_vokalinteractive_VolleyBall_com.test3TestApp.code,unknown_class,False,194,194,False
5fef6e22e4e248eae34af1124053929b0ec915fd,train,0,MultifacetedAbstraction/Negative/optimaize_language-detector_optimaize_language-detector_com.optimaize.langdetect.text68TextObjectTest.code,unknown_class,False,194,194,False
f76fd48b77a4a997cb10fa09127bd84601a07058,train,0,MultifacetedAbstraction/Negative/GlowstoneMC_Glowstone_GlowstoneMC_Glowstone_net.glowstone.net.codec.play.entity1013VehicleMoveCodec.code,unknown_class,False,193,193,False
b190f2d54a58a395c639367b175a19577089246a,val,0,MultifacetedAbstraction/Negative/looly_hutool_looly_hutool_cn.hutool.json.test.bean.report901SuiteReport.code,unknown_class,False,193,193,False
8031628c78d5a5d083d487139a90e0720c75aa5c,train,0,MultifacetedAbstraction/Negative/neuroph_master_neuroph_master_org.neuroph.netbeans.project799NeurophProjectMoveOperation.code,unknown_class,False,193,193,False
8a5433bcee6413cfc9e7af9c7cfdfdd779e8e015,train,0,MultifacetedAbstraction/Negative/stagemonitor_stagemonitor_stagemonitor_stagemonitor_org.stagemonitor.tracing.elasticsearch427MultiSearchOutputStreamHandler.code,unknown_class,False,193,193,False
4e0c75544de3e4b6e5f536bd27e20e4721c05cab,train,0,MultifacetedAbstraction/Negative/jansorg_BashSupport_jansorg_BashSupport_com.ansorgit.plugins.bash.editor.inspections.inspections138UnknownFiledescriptorInspection.code,unknown_class,False,193,193,False
6db2273242ded54de161f15380f1561adf308d8c,test,0,MultifacetedAbstraction/Negative/apache_olingo-odata2_apache_olingo-odata2_org.apache.olingo.odata2.jpa.processor.core.model1174JPAEdmRefEntityType.code,unknown_class,False,193,193,False
89e5b268ee730275789d8a6d474ffce29b9064d5,test,0,MultifacetedAbstraction/Negative/jansorg_BashSupport_jansorg_BashSupport_com.ansorgit.plugins.bash.runner673BashRunConfigurationEditor.code,unknown_class,False,193,193,False
432e52df15804a1b71bce7a0ba708d1bf7c35d60,train,0,MultifacetedAbstraction/Negative/ceskaexpedice_kramerius_ceskaexpedice_kramerius_cz.incad.kramerius.client.kapi.auth.impl184AbstractUser.code,unknown_class,False,192,192,False
b039a1abd18028a4bde10c15b20834dcb395a3f2,test,0,MultifacetedAbstraction/Negative/MSOpenTech_azure-activedirectory-library-for-android_MSOpenTech_azure-activedirectory-library-for-android_com.microsoft.aad.adal134PreKeyAuthInfo.code,unknown_class,False,192,192,False
ec09ca83bee8b6251e591300928e826244b22cfb,train,0,MultifacetedAbstraction/Negative/rpau_walkmod-core_rpau_walkmod-core_org.walkmod.commands45InstallCommand.code,unknown_class,False,192,192,False
c209bfc0d340860dcb33a6af91ca5f214f4d7136,train,0,MultifacetedAbstraction/Negative/caskdata_coopr_caskdata_coopr_co.cask.coopr10ProviderExample.code,unknown_class,False,192,192,False
e70f4448aadbbf99daac79e04d3a2925c797f937,test,0,MultifacetedAbstraction/Negative/primecloud-controller-org_primecloud-controller_primecloud-controller-org_primecloud-controller_jp.primecloud.auto.service.impl846NiftyDescribeServiceImpl.code,unknown_class,False,192,192,False
dce2f8e629d46319af018a290c33c4b1d276e8fe,test,0,MultifacetedAbstraction/Negative/SkymindIO_nd4j_SkymindIO_nd4j_org.nd4j.linalg.activations.impl295ActivationRectifiedTanh.code,unknown_class,False,192,192,False
2d96f4fb939dbd2249f6eaa6a36a8350eab9d45c,train,0,MultifacetedAbstraction/Negative/Azure_azure-notificationhubs_Azure_azure-notificationhubs_com.microsoft.windowsazure.messaging.e2etestapp32Constants.code,unknown_class,False,191,191,False
b54e98c831f02563fe9be9fa7c304709e5be33e8,train,0,MultifacetedAbstraction/Negative/freenet_fred_freenet_fred_freenet.clients.fcp378EndListPersistentRequestsMessage.code,unknown_class,False,191,191,False
d64656e4817c55e25dba5f72922ab1ca98e065de,train,0,MultifacetedAbstraction/Negative/joel-costigliola_assertj-swing_joel-costigliola_assertj-swing_org.assertj.swing.driver826JTabbedPaneDriver_requireTabEnabled_Test.code,unknown_class,False,191,191,False
864d31f35c9763df96336d180a127f5ad1b54f61,train,0,MultifacetedAbstraction/Negative/bedrin_jdbc-sniffer_bedrin_jdbc-sniffer_io.sniffy.test.spring173SpringIntegrationTest.code,unknown_class,False,191,191,False
78abb3cc46b0b326d1738a8661bfb0b802e96232,train,0,MultifacetedAbstraction/Negative/TheLQ_PircBotX_TheLQ_PircBotX_org.pircbotx.hooks.types177GenericMessageEvent.code,unknown_class,False,191,191,False
ad4766d5fb81bb15ec972355813fe70d5c3dc83d,train,0,MultifacetedAbstraction/Negative/kaazing_gateway_kaazing_gateway_org.apache.mina.util.byteaccess511DirectBufferByteArray.code,unknown_class,False,191,191,False
c30cd230161689a758a0213a29cbce463aab9589,test,0,MultifacetedAbstraction/Negative/RuedigerMoeller_kontraktor_RuedigerMoeller_kontraktor_org.nustaq.reactsample437ReactAppMain.code,unknown_class,False,191,191,False
1203874af43d5e78ea83e1994f3c2e6a7df298f6,test,0,MultifacetedAbstraction/Negative/kaazing_gateway_kaazing_gateway_org.apache.mina.core12RuntimeIoException.code,unknown_class,False,190,190,False
d3c9ba176b310ef0b2cc66865373c674600567bf,train,0,MultifacetedAbstraction/Negative/openhab_openhab2_openhab_openhab2_org.openhab.binding.pushbullet.internal3917PushbulletHandlerFactory.code,unknown_class,False,190,190,False
27d062a6a709dcef9b45bbfb388c90a95f91fe57,test,0,MultifacetedAbstraction/Negative/rapidminer_rapidminer_rapidminer_rapidminer_com.rapidminer.gui.actions335PropagateRealMetaDataAction.code,unknown_class,False,190,190,False
9a56647588abedde1a710aea8721c9187798e724,train,0,MultifacetedAbstraction/Negative/FenixEdu_fenixedu-academic_FenixEdu_fenixedu-academic_org.fenixedu.academic.domain.accounting.serviceAgreementTemplates562AdministrativeOfficeServiceAgreementTemplate.code,unknown_class,False,190,190,False
c95eb2f7d8a884092788522a11b45747d78bc5ea,val,0,MultifacetedAbstraction/Negative/amutu_tdw_amutu_tdw_org.apache.hadoop.hive.ql.udf3415UDFFloor.code,unknown_class,False,189,189,False
f2904cea3b879852f2fa78805203e12ce7abafe6,train,0,MultifacetedAbstraction/Negative/caskdata_cdap_caskdata_cdap_io.cdap.cdap.data2.registry2095SqlUsageTableTest.code,unknown_class,False,189,189,False
f5d6ef3ede005a7822d98cedc7d982e793e0388e,test,0,MultifacetedAbstraction/Negative/fiji_Stitching_fiji_Stitching_mpicbg.stitching.fusion41OverlapFusion.code,unknown_class,False,189,189,False
d6cc71f6d26ec34e50ae171000145c5e956500a5,train,0,MultifacetedAbstraction/Negative/InstantWebP2P_node-android_InstantWebP2P_node-android_com.iwebpp2msgHdl.code,unknown_class,False,189,189,False
d2d60d590b279aef255adaeacd0ce12235e29c62,train,0,MultifacetedAbstraction/Negative/openlvc_portico_openlvc_portico_hla.rti1516225AttributeRelevanceAdvisorySwitchIsOff.code,unknown_class,False,189,189,False
2b84eeee8ca59da81d3f7ef404d2dafa39177151,train,1,MultifacetedAbstraction/Positive/WhisperSystems_TextSecure-Server_WhisperSystems_TextSecure-Server_org.whispersystems.textsecuregcm.entities2IncomingMessage.code,unknown_class,False,188,188,False
c6726fb499d6a36ba534c01a821273568442566b,test,0,MultifacetedAbstraction/Negative/caskdata_cdap_caskdata_cdap_io.cdap.cdap.api.customaction219CustomActionContext.code,unknown_class,False,188,188,False
c585f8e1b262919c53c70d6d3c06ae908648d798,train,0,MultifacetedAbstraction/Negative/naver_pinpoint_naver_pinpoint_com.navercorp.pinpoint.profiler.instrument.lambda3728LambdaBytecodeLogger.code,unknown_class,False,188,188,False
89ab1a4783d4708f687af3fd2f264eafb6ea19c2,train,0,MultifacetedAbstraction/Negative/openhab_openhab2_openhab_openhab2_org.openhab.binding.jeelink.internal.lacrosse2037Tx22SensorDefinition.code,unknown_class,False,188,188,False
07908904f2d9855db4526c86e21936395e63a697,train,0,MultifacetedAbstraction/Negative/apache_olingo-odata4_apache_olingo-odata4_org.apache.olingo.client.api.domain97ClientComplexValue.code,unknown_class,False,188,188,False
14e0b526cd856053734d2538b8eae6ba731e6f90,train,0,MultifacetedAbstraction/Negative/couchbase_couchbase-jvm-core_couchbase_couchbase-jvm-core_com.couchbase.client.deps.io.netty.handler.codec.memcache588DefaultLastMemcacheContent.code,unknown_class,False,187,187,False
68f9cf4432ed89de8c20cf65a0c2f58c8708cf42,test,0,MultifacetedAbstraction/Negative/augustt198_lumen_augustt198_lumen_me.august.lumen.compile.parser.components131ShiftParser.code,unknown_class,False,187,187,False
8166114b84fca2110e8254379fa82943bcbcf5fe,test,0,MultifacetedAbstraction/Negative/imagej_imagej-ops_imagej_imagej-ops_net.imagej.ops.map678MapViewRAIToRAI.code,unknown_class,False,187,187,False
5eaf810829419160bf116cdc4397e6631af38f49,train,0,MultifacetedAbstraction/Negative/linkedin_gobblin_linkedin_gobblin_org.apache.gobblin.data.management.copy916CopyResourceRequirementBuilder.code,unknown_class,False,186,186,False
b23cbcfbc2a67bdbdbdd7ed43fd6da0232ea8746,train,0,MultifacetedAbstraction/Negative/imglib_imglib2_imglib_imglib2_net.imglib2.outofbounds459OutOfBoundsConstantValueFactory.code,unknown_class,False,186,186,False
224fb8306cb353a4262cce26fa94ed272ad41747,val,0,MultifacetedAbstraction/Negative/mucommander_mucommander_mucommander_mucommander_com.mucommander.ui.icon1111AnimationUpdater.code,unknown_class,False,186,186,False
8e6c111f24130c3dba7147d9035c214beecff4fd,train,0,MultifacetedAbstraction/Negative/wgybzbrobot_sentiment-search_wgybzbrobot_sentiment-search_zx.soft.sent.web.resource197SiteResource.code,unknown_class,False,186,186,False
c43660675df87c57573cc00d7957d80fd9fd9c3d,train,0,MultifacetedAbstraction/Negative/justinsb_cloudata_justinsb_cloudata_com.cloudata.files256FileServerModule.code,unknown_class,False,186,186,False
0fbbccf6da11d3bf36dc9624c574b93c0451acd8,train,0,MultifacetedAbstraction/Negative/reactive-streams_reactive-streams-jvm_reactive-streams_reactive-streams-jvm_org.reactivestreams.tck.flow.support108NonFatal.code,unknown_class,False,186,186,False
8644d248a62b957a04fd29086c07d64f7f6a0546,test,0,MultifacetedAbstraction/Negative/mozilla_j2me.js_mozilla_j2me.js_gnu.testlet.java.io.UnsupportedEncodingException1263TryCatch.code,unknown_class,False,185,185,False
2a1b5f8446a8a5bb875bf73ec76c709533ebca6e,train,0,MultifacetedAbstraction/Negative/awslabs_aws-sdk-java-resources_awslabs_aws-sdk-java-resources_com.amazonaws.resources.identitymanagement.internal156RoleCollectionImpl.code,unknown_class,False,185,185,False
2f0752487a96be2a37456d612697eb8df47423ef,train,0,MultifacetedAbstraction/Negative/bruno-medeiros_DDT_bruno-medeiros_DDT__org.eclipse.jdt.internal.ui.viewsupport1818IProblemChangedListener.code,unknown_class,False,184,184,False
be17c7e0a45707c7ee6cec1957bf59f25aa55059,train,0,MultifacetedAbstraction/Negative/rundeck_rundeck_rundeck_rundeck_com.dtolabs.rundeck.core.authorization18AclRule.code,unknown_class,False,184,184,False
98f53e685fb2ab02d7ce0791707fef8148d75566,train,0,MultifacetedAbstraction/Negative/cloud-software-foundation_c5_cloud-software-foundation_c5_org.apache.hadoop.hbase.util2983GcTimes.code,unknown_class,False,184,184,False
4b213088b374a841a6e74313253b7b9e46bc184e,val,0,MultifacetedAbstraction/Negative/LapisBlue_Pore_LapisBlue_Pore_blue.lapis.pore.converter.type.scoreboard43NameTagVisibilityConverter.code,unknown_class,False,184,184,False
f163f068dcf9736755fe8da4ac2a358c113646e6,train,0,MultifacetedAbstraction/Negative/FenixEdu_fenixedu-academic_FenixEdu_fenixedu-academic_org.fenixedu.academic.domain.studentCurriculum1624ExtraCurriculumGroup.code,unknown_class,False,184,184,False
ded5508a18b2f2cad2516dfc06166d9e1ebdbecb,test,0,MultifacetedAbstraction/Negative/apache_struts_apache_struts_org.apache.struts2.convention.actions.interceptor979InterceptorsAction.code,unknown_class,False,184,184,False
2bbc783ff511bca0487b95c3eb9749c18f849a18,train,0,MultifacetedAbstraction/Negative/dibbhatt_kafka-spark-consumer_dibbhatt_kafka-spark-consumer_consumer.kafka12KafkaMessageHandler.code,unknown_class,False,184,184,False
482d982bea393872f97f182ebca623b2d4bf3bfc,train,0,MultifacetedAbstraction/Negative/danieloeh_AntennaPodSP_danieloeh_AntennaPodSP_de.danoeh.antennapodsp.syndication.handler89FeedHandler.code,unknown_class,False,183,183,False
77ea59b4a2596cc3726a18cd3ff2dc831a14c8a7,test,0,MultifacetedAbstraction/Negative/spring-projects_spring-data-examples_spring-projects_spring-data-examples_example.springdata.jpa.storedprocedures6219UserRepository.code,unknown_class,False,183,183,False
3ac4c041d9510f217a4a83e4058dae5acc3dd55d,train,0,MultifacetedAbstraction/Negative/chanedi_QuickProject_chanedi_QuickProject_chanedi.generator.file.sqlparser.gen76Signed_numberContext.code,unknown_class,False,183,183,False
b10c345f45fac32b42cc627fd7f46b9a0d6af319,train,0,MultifacetedAbstraction/Negative/camelinaction_camelinaction_camelinaction_camelinaction_camelinaction278TransformTest.code,unknown_class,False,183,183,False
2adc66485cf8189bb39cac9cabf7074ab308a13c,train,0,MultifacetedAbstraction/Negative/my2iu_Jinq_my2iu_Jinq_org.jinq.jpa.transform239ScalaJoinTransform.code,unknown_class,False,183,183,False
8251fb18a1e3352872a204761d64389c7ac44ea0,train,0,MultifacetedAbstraction/Negative/openhab_openhab2_openhab_openhab2_org.openhab.binding.digiplex.internal.communication.events654GenericEvent.code,unknown_class,False,183,183,False
93906196bfd3a65d0d70b2c524bb61c560282f62,val,0,MultifacetedAbstraction/Negative/RSenApps_Commandr-Android_RSenApps_Commandr-Android_com.RSen.Commandr.util117GoogleSearchApi.code,unknown_class,False,182,182,False
be52eb20300a3bed6545e2c4e59cc7e59589d9e8,test,0,MultifacetedAbstraction/Negative/shilad_wikibrain_shilad_wikibrain_org.wikibrain.utils627BoundedExecutor.code,unknown_class,False,182,182,False
78e2fd52df4370173bc7b5ddfe0ff01bd67abdba,train,0,MultifacetedAbstraction/Negative/PayPal_PayPal-Java-SDK_PayPal_PayPal-Java-SDK_com.paypal.api.payments129PayoutBatch.code,unknown_class,False,182,182,False
9a527c3b33d5576b21359201875febaa52705ec6,train,0,MultifacetedAbstraction/Negative/mobile-event-processing_Asper_mobile-event-processing_Asper_com.espertech.esper.epl.spec2518CreateDataFlowDesc.code,unknown_class,False,182,182,False
c2358d0c3520291b179e645ff49b893de8dfb572,train,0,MultifacetedAbstraction/Negative/mobile-event-processing_Asper_mobile-event-processing_Asper_com.espertech.esper.epl.join.exec.sorted2211SortedAccessStrategyLE.code,unknown_class,False,182,182,False
cfa42b16c4dfdb488fd7d9946319725ccf6c6298,val,0,MultifacetedAbstraction/Negative/apache_incubator-wave_apache_incubator-wave_org.waveprotocol.wave.client.doodad.link903LinkAttributeAugmenter.code,unknown_class,False,182,182,False
e331a0b826637239e5dbb9d71b30b79a165d3705,train,0,MultifacetedAbstraction/Negative/smartparam_smartparam_smartparam_smartparam_org.smartparam.repository.memory467InMemoryParameterEntryBatchLoader.code,unknown_class,False,182,182,False
7c92c0b3b5f71039193ca93ff5af54b8077627a9,train,0,MultifacetedAbstraction/Negative/couchbase_couchbase-jvm-core_couchbase_couchbase-jvm-core_com.couchbase.client.core.endpoint90BootstrapAdapter.code,unknown_class,False,181,181,False
4d9a52e52a68fe8d50ea9f833bc1bb9be223bb71,val,0,MultifacetedAbstraction/Negative/reveal-technologies_sitewhere_reveal-technologies_sitewhere_com.sitewhere.grpc.client.spi502IGrpcChannel.code,unknown_class,False,181,181,False
a6bc95a1c7a4c732d8365f814d9101a91c64c0c6,val,0,MultifacetedAbstraction/Negative/google_guava_google_guava_com.google.common.collect1095RegularImmutableMultiset_CustomFieldSerializer.code,unknown_class,False,181,181,False
d7ad930a1bbc19905b309bef83c2dcaa5a201b65,train,0,MultifacetedAbstraction/Negative/caskdata_cdap_caskdata_cdap_io.cdap.cdap.etl.spark.streaming.function.preview2789LimitingFunction.code,unknown_class,False,181,181,False
a5f70b6539b198e41ac3d5ec05ab4f59813d9941,val,0,MultifacetedAbstraction/Negative/SEL-columbia_dristhi_SEL-columbia_dristhi_org.ei.drishti.service.reporting.rules430CurrentFPMethodIsMaleSterilizationRuleTest.code,unknown_class,False,181,181,False
0545b19a704c0553b1ebe1c5ff044a3bc319fd73,train,0,MultifacetedAbstraction/Negative/google_closure-compiler_google_closure-compiler_com.google.javascript.jscomp.testing1739SimpleSourceExcerptProvider.code,unknown_class,False,181,181,False
baf66ba701a5a4e38959a61626a10ad23c7fdb08,train,0,MultifacetedAbstraction/Negative/timolson_cointrader_timolson_cointrader_org.cryptocoinpartners.command22Command.code,unknown_class,False,180,180,False
bf22aa1f38c61917dee51157a8efc7ea9c643439,train,0,MultifacetedAbstraction/Negative/seleniumQuery_seleniumQuery_seleniumQuery_seleniumQuery_io.github.seleniumquery.by.secondgen.csstree.condition.pseudoclass.finderfactorystrategy392NeverNativelySupportedPseudoClass.code,unknown_class,False,180,180,False
0e76113bffa81ddd52a0d567c9492401de8d8af3,test,0,MultifacetedAbstraction/Negative/tomitribe_crest_tomitribe_crest_org.tomitribe.crest13BeanWithArgs.code,unknown_class,False,180,180,False
8b630b0980ebb67310ea5cca2dd6c65cf8ac3db9,test,0,MultifacetedAbstraction/Negative/BlueBrain_bluima_BlueBrain_bluima_ch.epfl.bbp.uima.ae393SnowballAnnotator.code,unknown_class,False,180,180,False
f3b1b0077bf55a48502424f59e1854f99dd7d358,val,0,MultifacetedAbstraction/Negative/jenkinsci_acceptance-test-harness_jenkinsci_acceptance-test-harness_org.jenkinsci.test.acceptance.plugins.warnings_ng366DetailsTableRow.code,unknown_class,False,180,180,False
ef84cd99f5b66237085819b98fd193f7ccd017f6,train,0,MultifacetedAbstraction/Negative/grpc_grpc-java_grpc_grpc-java_io.grpc.internal1014TestManagedChannel.code,unknown_class,False,179,179,False
c5918ed845cdf62a2993c53aa09053cff528ba1a,train,0,MultifacetedAbstraction/Negative/ctron_package-drone_ctron_package-drone_org.eclipse.packagedrone.web.common.menu911Node.code,unknown_class,False,179,179,False
441df3d738e8464c9fe8fd28ab7c580ff3e8a3c2,train,0,MultifacetedAbstraction/Negative/naver_pinpoint_naver_pinpoint_com.navercorp.pinpoint.web.dao.mysql5404MysqlAgentStatisticsDao.code,unknown_class,False,179,179,False
34db6101be1b2f4a94ef3b7521f61bbda5711608,train,0,MultifacetedAbstraction/Negative/SpongePowered_SpongeAPI_SpongePowered_SpongeAPI_org.spongepowered.api.command.args152UrlElement.code,unknown_class,False,179,179,False
9624b38ab0b665bb0a631b3f21d3449a38abf9db,test,0,MultifacetedAbstraction/Negative/FenixEdu_fenixedu-academic_FenixEdu_fenixedu-academic_org.fenixedu.academic.ui.renderers.providers.candidacy2840DFATypeDegrees.code,unknown_class,False,178,178,False
790fd458da91099427272c0483adc3dea553014c,test,0,MultifacetedAbstraction/Negative/jurmous_etcd4j_jurmous_etcd4j_mousio.etcd4j.requests34EtcdSelfStatsRequest.code,unknown_class,False,178,178,False
7a014952fb658c1f8d52daef59a526e5327371f2,test,0,MultifacetedAbstraction/Negative/coheigea_testcases_coheigea_testcases_org.apache.coheigea.cxf.sts.common392CommonCallbackHandler.code,unknown_class,False,178,178,False
69c08e194bd3fd39b3b05a31e23999d711e9631d,val,0,MultifacetedAbstraction/Negative/sindicetech_siren_sindicetech_siren_com.sindicetech.siren.qparser.tree.parser485AttributePropertyParser.code,unknown_class,False,178,178,False
5f668e234163b73ae2b3031505155ffa9bce8543,train,0,MultifacetedAbstraction/Negative/magarena_magarena_magarena_magarena_magic.model.action242ShiftCardAction.code,unknown_class,False,178,178,False
da648cdcbd9a1c9087f48248cd108da375e68929,train,0,MultifacetedAbstraction/Negative/lsds_SEEP_lsds_SEEP_uk.ac.imperial.lsds.seep.comm.serialization.controlhelpers130StateAck.code,unknown_class,False,178,178,False
7819acf8188b0a942137b6c6303c2b66ba07ec27,train,0,MultifacetedAbstraction/Negative/apache_tajo_apache_tajo_org.apache.tajo.engine.function.builtin420CoalesceBoolean.code,unknown_class,False,177,177,False
7f138d7ac8f533ec4ddc8a2c6e2d75999f5b3485,train,0,MultifacetedAbstraction/Negative/openhab_openhab2_openhab_openhab2_org.openhab.binding.nuki.internal.dto3399BridgeApiInfoIdDto.code,unknown_class,False,176,176,False
a36509892895cffbf471f6adcea7c73e081760d7,train,0,MultifacetedAbstraction/Negative/opendaylight_controller_opendaylight_controller_org.opendaylight.controller.cluster.datastore.shardmanager915Params.code,unknown_class,False,176,176,False
f8c58b461da49292ef2a4a74d7ef8878c57c12ad,train,0,MultifacetedAbstraction/Negative/247687009_soa_247687009_soa_io.goudai.soa.quartz.zookeeper38Listenerstart.code,unknown_class,False,176,176,False
76df286d7bd130b9d9e9fc6d0169958109dc61ac,train,0,MultifacetedAbstraction/Negative/codelibs_elasticsearch-taste_codelibs_elasticsearch-taste_org.codelibs.elasticsearch.taste.neighborhood105Estimator.code,unknown_class,False,176,176,False
31f19b1338784c962aff599ebf5fdb8010c5e51c,train,0,MultifacetedAbstraction/Negative/reinert_requestor_reinert_requestor_io.reinert.requestor.examples.showcase.activity126MyJsonSerdes.code,unknown_class,False,176,176,False
186a1971073af2616501fed2c1144a5f4dd07d87,train,0,MultifacetedAbstraction/Negative/BCA-Team_Buildcraft-Additions_BCA-Team_Buildcraft-Additions_buildcraftAdditions.client.render.blocks86FakeBlock.code,unknown_class,False,176,176,False
060c04b1f82450a6dd6c31e82beb043dead59373,test,0,MultifacetedAbstraction/Negative/marklogic_java-client-api_marklogic_java-client-api_com.marklogic.client.test1365BufferHandle.code,unknown_class,False,175,175,False
9ba7d8573cd97bfce7c3e9d937654bd48ddf0b6f,test,0,MultifacetedAbstraction/Negative/bruno-medeiros_DDT_bruno-medeiros_DDT_melnorme.lang.ide.ui.preferences917ColorPreference.code,unknown_class,False,175,175,False
ad90fbfd7366dbc414e6dc1b672a649ba7b9222f,train,0,MultifacetedAbstraction/Negative/TwidereProject_Twidere-Android_TwidereProject_Twidere-Android_org.mariotaku.microblog.library.twitter.api109PrivateFriendsFollowersResources.code,unknown_class,False,175,175,False
61b360c1e0308c937f475e580df45207e4daaf4c,train,0,MultifacetedAbstraction/Negative/oyachai_HearthSim_oyachai_HearthSim_com.hearthsim.card.classic.minion.common223TempleEnforcer.code,unknown_class,False,175,175,False
08efcc4536f8c52c040a8f3f432744f2bb39c8b7,train,0,MultifacetedAbstraction/Negative/apache_knox_apache_knox_org.apache.knox.gateway.util1351RemoteRegistryDeleteCommand.code,unknown_class,False,175,175,False
ed81948243c7af701a8180e12d14c7991f945d62,train,0,MultifacetedAbstraction/Negative/tiagobento_watertemplate-engine_tiagobento_watertemplate-engine_org.watertemplate.example.mappedobject31NewUserMail.code,unknown_class,False,175,175,False
85f6108a771050fd94f4a558cefc3936d9ec5f87,train,0,MultifacetedAbstraction/Negative/seleniumQuery_seleniumQuery_seleniumQuery_seleniumQuery_io.github.seleniumquery.by.secondgen.csstree.condition.pseudoclass331QueriesOnFunctionalPseudoclassSelectorsTestAssertBuilder.code,unknown_class,False,175,175,False
901005352847d4bb3d9b00f71e32a50335bab2f1,train,0,MultifacetedAbstraction/Negative/apache_olingo-odata2_apache_olingo-odata2_org.apache.olingo.odata2.api.ep.entry219EntryMetadata.code,unknown_class,False,175,175,False
d5e1915bc2f5c06c8ebee7e5d55194d942411424,train,0,MultifacetedAbstraction/Negative/caskdata_coopr_caskdata_coopr_co.cask.coopr.store.entity563SQLEntityStoreServiceTest.code,unknown_class,False,174,174,False
d136fefe7972a2758b899a6f8f83976b5de7fe2a,train,0,MultifacetedAbstraction/Negative/SpongePowered_SpongeAPI_SpongePowered_SpongeAPI_org.spongepowered.api.data181Archetype.code,unknown_class,False,174,174,False
451fbf8f71a1c95713bed632004a16ecc0c0aed6,train,0,MultifacetedAbstraction/Negative/Cardshifter_Cardshifter_Cardshifter_Cardshifter_com.cardshifter.server.model284ServerHandler.code,unknown_class,False,174,174,False
3a16e328105664ef8d5b297599dc9bd8564362b8,test,0,MultifacetedAbstraction/Negative/mulesoft-labs_rhinodo_mulesoft-labs_rhinodo_org.mule.tools.rhinodo.node.vm60RunInNewContext.code,unknown_class,False,174,174,False
8a9f6da2c31c98f19eae60fd3ad0c1023e4e7385,train,0,MultifacetedAbstraction/Negative/addthis_hydra_addthis_hydra_com.addthis.hydra.data.query.op335OpMedian.code,unknown_class,False,174,174,False
217b0a5edf7f99bd29b4c9278cdaefa2ddbb2564,train,0,MultifacetedAbstraction/Negative/Evolveum_midpoint_Evolveum_midpoint_com.evolveum.midpoint.model.api.context488SecurityQuestionsAuthenticationContext.code,unknown_class,False,173,173,False
ccbef8601278ca9658c5e40955e0578da289e2bb,train,0,MultifacetedAbstraction/Negative/arquillian_arquillian-cube_arquillian_arquillian-cube_org.arquillian.cube.kubernetes.impl.enricher.internal496PodListResourceProvider.code,unknown_class,False,173,173,False
8ef59f4216798d0eff88814fc8d2ba4574a2d4cb,train,0,MultifacetedAbstraction/Negative/apache_tajo_apache_tajo_org.apache.tajo.cli.tsql239ParsedResult.code,unknown_class,False,173,173,False
76886a9cfa798c7cfa4250d722eaece4ebf73b9a,train,0,MultifacetedAbstraction/Negative/caskdata_cdap_caskdata_cdap_io.cdap.cdap.cli.completer.element916ArtifactNameCompleter.code,unknown_class,False,173,173,False
e434216d786a2fca647fe69e113a58d468914ca9,train,0,MultifacetedAbstraction/Negative/InfinityRaider_AgriCraft_InfinityRaider_AgriCraft_com.infinityraider.agricraft.gui.storage167GuiSeedStorageController.code,unknown_class,False,173,173,False
9b0d6f06ff441fbf5e3e08fceda16c86beea1a68,train,0,MultifacetedAbstraction/Negative/SEL-columbia_dristhi_SEL-columbia_dristhi_org.ei.drishti.service.reporting.rules470IsChildFemaleRuleTest.code,unknown_class,False,172,172,False
f0e4bea2b30498e35d0d276d214e41581f2b5eb2,train,0,MultifacetedAbstraction/Negative/robert-bor_aho-corasick_robert-bor_aho-corasick_org.ahocorasick.trie17Payload.code,unknown_class,False,172,172,False
2cbf16cd33aefdddeb78eae3fb915a1429b5d5fa,train,0,MultifacetedAbstraction/Negative/midonet_midonet_midonet_midonet_org.midonet.cluster.data.storage171PojoRouter.code,unknown_class,False,172,172,False
84608cada8b90fcf56bfd58c5f4f80ff101c6811,val,0,MultifacetedAbstraction/Negative/jmockit_jmockit1_jmockit_jmockit1_integrationTests7AnInterfaceTest.code,unknown_class,False,172,172,False
9ef841d5fdb769de200b58080e2b2ea5fdecc15e,train,0,MultifacetedAbstraction/Negative/SpongePowered_SpongeAPI_SpongePowered_SpongeAPI_org.spongepowered.api.event.cause.entity.health1046HealingTypes.code,unknown_class,False,172,172,False
4ce6f5f7e6fb957201679443e25413b86c3cc567,train,1,MultifacetedAbstraction/Positive/ToxicBakery_BikeOrlando_ToxicBakery_BikeOrlando_com.codefororlando.transport.data0Event.code,unknown_class,False,172,172,False
788e939f95c2918c2021dcc5b30d381d4f45605c,val,0,MultifacetedAbstraction/Negative/linkedin_gobblin_linkedin_gobblin_org.apache.gobblin.data.management.retention.version.finder1190SingleVersionFinder.code,unknown_class,False,172,172,False
84c2f47f62112c0cc662de7bdecd9368e11dec0b,train,0,MultifacetedAbstraction/Negative/lmcgrath_scotch-lang_lmcgrath_scotch-lang_scotch.data.eq274EqBool.code,unknown_class,False,172,172,False
a58dc98c2526f2c91f70c45a35b7d238b2c461c8,val,0,MultifacetedAbstraction/Negative/querydsl_querydsl_querydsl_querydsl_com.querydsl.codegen578GenericRelations.code,unknown_class,False,172,172,False
d332e119ae1bd318beec3f889df0f3eb445cb105,test,0,MultifacetedAbstraction/Negative/awslabs_aws-dynamodb-encryption-java_awslabs_aws-dynamodb-encryption-java_software.amazon.cryptools.dynamodbencryptionclientsdk2.encryption.providers218LockedState.code,unknown_class,False,172,172,False
8c8002f0fa0e604530eadfb72098003151e8d4d5,val,0,MultifacetedAbstraction/Negative/PGWelch_com.opendoorlogistics_PGWelch_com.opendoorlogistics_com.opendoorlogistics.api.components37ODLPluginLibrary.code,unknown_class,False,171,171,False
f23279b6cf6d4f1baa746610a56cbd6028dda60d,train,0,MultifacetedAbstraction/Negative/vibe-project_vibe-java-server_vibe-project_vibe-java-server_org.atmosphere.vibe1AbstractServerSocket.code,unknown_class,False,171,171,False
f937a96bfd9b42dc1c3a1aab36b038b37f5f0c8f,train,0,MultifacetedAbstraction/Negative/freenet_fred_freenet_fred_freenet.clients.fcp503UnsubscribeUSKMessage.code,unknown_class,False,171,171,False
a7a7f003acefad2eb69dd4f9436b10886e68350f,val,0,MultifacetedAbstraction/Negative/stagemonitor_stagemonitor_stagemonitor_stagemonitor_org.stagemonitor.tracing.wrapper502AbstractSpanEventListener.code,unknown_class,False,171,171,False
659c139b59c7741cb8546cd3bb8747f22e66ff57,train,0,MultifacetedAbstraction/Negative/lesaint_damapping_lesaint_damapping_fr.javatronic.damapping.test.injectable.mapping276InjectableFloorToFloorDto.code,unknown_class,False,170,170,False
045e537a50026c527a07a479ea2ec46be899532d,train,0,MultifacetedAbstraction/Negative/OpenHFT_hftc_OpenHFT_hftc_com.koloboke.collect.research.hash155BitStatesLHashChars.code,unknown_class,False,170,170,False
84cd3298aab673d5f5317731e7dd9fc785def5eb,train,0,MultifacetedAbstraction/Negative/glazedlists_glazedlists_glazedlists_glazedlists_com.publicobject.misc.util.concurrent1094RunLoop.code,unknown_class,False,170,170,False
0267799c03651331d01a61cc1989b6928848e5ca,train,0,MultifacetedAbstraction/Negative/tuguangquan_mybatis_tuguangquan_mybatis_org.apache.ibatis.submitted.nestedresulthandler642Person.code,unknown_class,False,170,170,False
9cbcacc495597a02b41a0f98567d4af4ab0b7d6f,train,0,MultifacetedAbstraction/Negative/etsy_statsd-jvm-profiler_etsy_statsd-jvm-profiler_com.etsy.statsd.profiler.profilers11MockProfilerWithArguments.code,unknown_class,False,170,170,False
46189a73c3663be6ae46b41dd39817ceff5ec7a7,train,0,MultifacetedAbstraction/Negative/FenixEdu_fenixedu-academic_FenixEdu_fenixedu-academic_org.fenixedu.academic.domain.phd.candidacy.activities1217RatifyCandidacy.code,unknown_class,False,170,170,False
8b43db13159180452414c0fb76401fb8403de912,train,0,MultifacetedAbstraction/Negative/Putnami_putnami-web-toolkit_Putnami_putnami-web-toolkit_fr.putnami.pwt.plugin.code.client.token.evaluator707SingleLineTokenEvaluator.code,unknown_class,False,170,170,False
8e201b0436e8a476d614c6a09f16bbc18808c5d3,train,0,MultifacetedAbstraction/Negative/danieloeh_AntennaPodSP_danieloeh_AntennaPodSP_de.danoeh.antennapodsp.feed48SimpleChapter.code,unknown_class,False,169,169,False
e7fcd70543b04dba152b88bdde0cdec7f68c7d62,val,0,MultifacetedAbstraction/Negative/SpongePowered_SpongeAPI_SpongePowered_SpongeAPI_org.spongepowered.api.data.manipulator.mutable.block434GrowthData.code,unknown_class,False,169,169,False
dce061aa2b3cb824db432c6e08f13d5e530f7976,train,0,MultifacetedAbstraction/Negative/Evolveum_midpoint_Evolveum_midpoint_com.evolveum.midpoint.repo.sql.query.definition2282ReferenceDefinition.code,unknown_class,False,169,169,False
cb4cc2bd9013ca4af6f98961740d98a46b395544,test,0,MultifacetedAbstraction/Negative/dswarm_dswarm_dswarm_dswarm_org.dswarm.persistence.service.job.test477FilterServiceTest.code,unknown_class,False,169,169,False
66909a9707bffb7ffb066bb909a2663727592e82,test,0,MultifacetedAbstraction/Negative/google_guava_google_guava_com.google.common.collect870InverseSerializedForm.code,unknown_class,False,168,168,False
bc21be48b5ae8e4eaf2931c769bb0886a060ba2b,train,0,MultifacetedAbstraction/Negative/sitewhere_sitewhere_sitewhere_sitewhere_com.sitewhere.web.rest.controllers1193System.code,unknown_class,False,168,168,False
2b051d5c83f2df221ec7f321d9ef35e0b637d0fc,train,0,MultifacetedAbstraction/Negative/mozilla_j2me.js_mozilla_j2me.js_com.sun.midp.crypto826Padder.code,unknown_class,False,168,168,False
7337c9a5c73eae8adcdbe1b5b426f657cd07e178,train,0,MultifacetedAbstraction/Negative/bedrin_jdbc-sniffer_bedrin_jdbc-sniffer_io.sniffy.test.junit.usage169JUnitUsageTest.code,unknown_class,False,168,168,False
6abc473cc3c567268656d8d53dffd51194605994,val,0,MultifacetedAbstraction/Negative/google_closure-compiler_google_closure-compiler_com.google.javascript.jscomp.parsing.parser1571CommentRecorder.code,unknown_class,False,168,168,False
5c7de091d89e15487e2765de70494a5c6cbf7d4a,train,0,MultifacetedAbstraction/Negative/poetix_octarine_poetix_octarine_com.codepoetics.octarine.functional.paths52Named.code,unknown_class,False,167,167,False
30b7cb3426452636b254a0290b973e79b24133f3,train,0,MultifacetedAbstraction/Negative/eclipse_smarthome_eclipse_smarthome_org.eclipse.smarthome.auth.oauth2client.test.internal14TestAgent.code,unknown_class,False,167,167,False
44be3ba389a5a60f18bf5cdf62c6b135184f3c47,train,0,MultifacetedAbstraction/Negative/ReactiveX_RxJava_ReactiveX_RxJava_io.reactivex.rxjava3.internal.operators.observable1284AbstractObservableWithUpstream.code,unknown_class,False,167,167,False
efbfbbf9456a57f5d3b8a5cf5de5d046494ffeac,test,0,MultifacetedAbstraction/Negative/javaee-samples_javaee7-samples_javaee-samples_javaee7-samples_org.javaee7.jaspic.statuscodes397ProtectedStatusCodesTest.code,unknown_class,False,167,167,False
5aed468d54ccb2cf6326ad2e8c6ba28053f3d6ee,train,0,MultifacetedAbstraction/Negative/rocketscience-projects_javaslang_rocketscience-projects_javaslang_io.vavr132MatchTest_DeveloperPatterns.code,unknown_class,False,167,167,False
efe72af6386890e35a85edd6ed751540019dfc01,train,0,MultifacetedAbstraction/Negative/marklogic_java-client-api_marklogic_java-client-api_com.marklogic.client.query1307RangeConstraintQuery.code,unknown_class,False,167,167,False
69cb2c8578608f3fb42f5dd7e7d93d74bd8bdcd4,train,0,MultifacetedAbstraction/Negative/bruno-medeiros_DDT_bruno-medeiros_DDT_dtool.ast.declarations11AttribAtKeyword.code,unknown_class,False,167,167,False
5d3ebbea680f6dcb4ad39ed2f45fbace540de2ad,train,0,MultifacetedAbstraction/Negative/naver_pinpoint_naver_pinpoint_com.navercorp.pinpoint.plugin.undertow3120MethodFilterExtractor.code,unknown_class,False,167,167,False
79b9075cc06da4762181352fd1a2ef4484c2a8dd,test,0,MultifacetedAbstraction/Negative/mikvor_hashmapTest_mikvor_hashmapTest_tests.maptests.object71HppcObjMapRemoveTest.code,unknown_class,False,167,167,False
3f258896def30b43c90861f146683cdb01ca74d1,val,0,MultifacetedAbstraction/Negative/elastic_elasticsearch-hadoop_elastic_elasticsearch-hadoop_org.elasticsearch.hadoop.rest.pooling315PooledCommonsHttpTransport.code,unknown_class,False,167,167,False
accf77593d24e7ed57d44692ceca4aa8da9ffa34,train,0,MultifacetedAbstraction/Negative/apache_tajo_apache_tajo_org.apache.tajo.querymaster1560FailedTransition.code,unknown_class,False,166,166,False
e8026376067c0f6d9390b3c124ba44fd1e62caa9,val,0,MultifacetedAbstraction/Negative/seleniumQuery_seleniumQuery_seleniumQuery_seleniumQuery_io.github.seleniumquery.by.secondgen.parser464ParseTreeBuilder.code,unknown_class,False,166,166,False
dbfa9bda9e02b261efb48a259dffbbe2fdb35b48,train,0,MultifacetedAbstraction/Negative/SpongePowered_SpongeAPI_SpongePowered_SpongeAPI_org.spongepowered.api.event.server1258Players.code,unknown_class,False,166,166,False
81ba170a9e544864dc56605b2479ae6f359f57bd,train,0,MultifacetedAbstraction/Negative/sitewhere_sitewhere_sitewhere_sitewhere_com.sitewhere.sources.websocket1016WebSocketConfiguration.code,unknown_class,False,166,166,False
f748ac715b5bbeb04dbc42504fbbac67f0e6c233,train,0,MultifacetedAbstraction/Negative/KronicDeth_intellij-elixir_KronicDeth_intellij-elixir_org.elixir_lang.psi.impl956ElixirOpenHexadecimalEscapeSequenceImpl.code,unknown_class,False,166,166,False
d7d2a368a97b58fc7bb7dbe844779efe2c5e9b56,train,0,MultifacetedAbstraction/Negative/mobile-event-processing_Asper_mobile-event-processing_Asper_com.espertech.esper.regression.dataflow3493MyJoiningRunnable.code,unknown_class,False,166,166,False
8b3cf6e664fc64526c8ef79aa4be2aa24ff834bc,test,0,MultifacetedAbstraction/Negative/bruno-medeiros_DDT_bruno-medeiros_DDT_dtool.ast.expressions118ExpImportString.code,unknown_class,False,166,166,False
905b123119a9f3ce8b1885c18c0e5efe35bf4f88,test,0,MultifacetedAbstraction/Negative/joel-costigliola_assertj-swing_joel-costigliola_assertj-swing_org.assertj.swing.driver887JTableDriver_cellEditor_Test.code,unknown_class,False,166,166,False
0c22108d1005cb060e23cba3091db34c3ace4aef,test,0,MultifacetedAbstraction/Negative/FenixEdu_fenixedu-academic_FenixEdu_fenixedu-academic_org.fenixedu.academic.domain.candidacyProcess.secondCycle850CreateCandidacyPeriod.code,unknown_class,False,165,165,False
3b568c9a3512f97b5de3169297711ca9999dd4b7,test,0,MultifacetedAbstraction/Negative/mozilla_j2me.js_mozilla_j2me.js_com.sun.midp.lcdui910CommandAccess.code,unknown_class,False,165,165,False
ba24dc7e544146c96a26d0457b83a8b8035c5497,train,0,MultifacetedAbstraction/Negative/mozilla_j2me.js_mozilla_j2me.js_jas1441IincInsn.code,unknown_class,False,165,165,False
30f197b231b1510f8e7753e53a328475f0d48ab1,val,0,MultifacetedAbstraction/Negative/elastic_elasticsearch-hadoop_elastic_elasticsearch-hadoop_org.elasticsearch.hadoop.security346KerberosPasswordCallbackHandler.code,unknown_class,False,165,165,False
2759c2e8cdac4db6953735c5558db62cbf2287d4,train,0,MultifacetedAbstraction/Negative/kaazing_gateway_kaazing_gateway_org.kaazing.mina.util2582DefaultExceptionMonitor.code,unknown_class,False,164,164,False
ff1e3bd09610f8a08bcefaec4c4f2cadcb17beb1,train,0,MultifacetedAbstraction/Negative/google_firing-range_google_firing-range_com.google.testing.security.firingrange.tests.reflected44JsonContentSniffingCallback.code,unknown_class,False,164,164,False
cd3b351609781f087a485be8cc2fa598cb387ab6,train,0,MultifacetedAbstraction/Negative/operasoftware_operaprestodriver_operasoftware_operaprestodriver_com.opera.core.systems.scope.protos389ObjectChainListOrBuilder.code,unknown_class,False,164,164,False
d95c9a2d3532aad827883702cd1c643c86e75b49,val,0,MultifacetedAbstraction/Negative/psaravan_JamsMusicPlayer_psaravan_JamsMusicPlayer_com.jams.music.player.AsyncTasks41OnBuildLibraryProgressUpdate.code,unknown_class,False,164,164,False
af0d84eb9cdb36493a0754c2467562c30eea20f5,train,0,MultifacetedAbstraction/Negative/google_guice_google_guice_com.google.inject.spi1192RequireExactBindingAnnotationsOption.code,unknown_class,False,164,164,False
ad0bc854d10feb8d763c8aa23297e0def06b1e07,train,0,MultifacetedAbstraction/Negative/Evolveum_midpoint_Evolveum_midpoint_com.evolveum.midpoint.repo.cache1968Context.code,unknown_class,False,164,164,False
471b09e9591ded216c7157228b5a2c3544f50475,test,0,MultifacetedAbstraction/Negative/raphaeljolivet_java2typescript_raphaeljolivet_java2typescript_java2typescript.jackson.module34TypeRenamingWithAnnotationTest.code,unknown_class,False,164,164,False
e5043999d203c845cdebc632dcbbeea9004c56e7,train,0,MultifacetedAbstraction/Negative/querydsl_querydsl_querydsl_querydsl_com.querydsl.sql.codegen2034Export.code,unknown_class,False,164,164,False
35ee07f131290bfa6d860e6bb0cf4e33dc7c78fe,train,0,MultifacetedAbstraction/Negative/mjsax_aeolus_mjsax_aeolus_de.hub.cs.dbis.aeolus.spouts83TestOrderedFileInputSpout.code,unknown_class,False,163,163,False
002803df5d3840b8d9b3788c5673eefe02cc1fad,train,0,MultifacetedAbstraction/Negative/bitcoin-solutions_multibit-hd_bitcoin-solutions_multibit-hd_org.multibit.hd.ui.events.controller223AddAlertEvent.code,unknown_class,False,163,163,False
9724648b723813cabf0ec8425851973931e3315b,train,0,MultifacetedAbstraction/Negative/bruno-medeiros_DDT_bruno-medeiros_DDT_dtool.ast.statements204StatementGoto.code,unknown_class,False,163,163,False
73edb07dc365a680cec69707e992fedcab8b2234,test,0,MultifacetedAbstraction/Negative/FenixEdu_fenixedu-academic_FenixEdu_fenixedu-academic_org.fenixedu.academic.service.services.commons2224ReadCurricularCourseByID.code,unknown_class,False,162,162,False
301cea271b65aba56e22b4c8b2c0cb4af0a9b220,train,0,MultifacetedAbstraction/Negative/yammer_tenacity_yammer_tenacity_com.yammer.tenacity.tests76FakeResource.code,unknown_class,False,162,162,False
8916edfff9ef4bf48a9b5b4363c07dd0b58183c5,test,0,MultifacetedAbstraction/Negative/imagej_imagej-ops_imagej_imagej-ops_net.imagej.ops.threshold.apply1081ApplyThresholdComparator.code,unknown_class,False,162,162,False
597c05769fd066a680a5d56a133fa08bff91a0bd,val,0,MultifacetedAbstraction/Negative/haifengl_smile_haifengl_smile_smile.regression674SplitTask.code,unknown_class,False,162,162,False
2c21687df1c2dfb3fd2f0699820fe1a150f7b14e,train,0,MultifacetedAbstraction/Negative/amutu_tdw_amutu_tdw_org.apache.hadoop.hive.serde2.objectinspector.primitive3964JavaIntObjectInspector.code,unknown_class,False,161,161,False
66ab96f789dc3eac34bc4794979ebcbfb1cd7e12,train,0,MultifacetedAbstraction/Negative/Netflix_suro_Netflix_suro_com.netflix.suro.routing108MessageConverter.code,unknown_class,False,161,161,False
ad71ab673c582637ccf3ae8a75ebe06cb637e526,test,0,MultifacetedAbstraction/Negative/mozilla_j2me.js_mozilla_j2me.js_gfx1115CanvasTest.code,unknown_class,False,160,160,False
59dd9bf33d28b355a642a97d5d67b17ef8c40038,train,0,MultifacetedAbstraction/Negative/iluwatar_java-design-patterns_iluwatar_java-design-patterns_com.iluwatar.dirtyflag317World.code,unknown_class,False,160,160,False
c6054d2a116cc3a40c5f437c97cf11b1e1128189,train,0,MultifacetedAbstraction/Negative/allanbank_mongodb-async-driver_allanbank_mongodb-async-driver_com.allanbank.mongodb47TestDirectoryFilenameFilter.code,unknown_class,False,160,160,False
b636d0dc8c47dda466e0a4ff9251af9e34fac26c,train,0,MultifacetedAbstraction/Negative/bitcoin-solutions_multibit-hardware_bitcoin-solutions_multibit-hardware_org.multibit.hd.hardware.core.utils375HexUtils.code,unknown_class,False,160,160,False
f761c701b516e5269559cc7399c3bed445dd9256,train,0,MultifacetedAbstraction/Negative/lucaspouzac_contiperf_lucaspouzac_contiperf_org.databene.contiperf.junit85UnconfiguredTest.code,unknown_class,False,160,160,False
703951c847bb5befd222b2dff6038cb64ce1f86e,train,0,MultifacetedAbstraction/Negative/sword-org_wechat4j_sword-org_wechat4j_org.sword.wechat4j.request67SendPicsInfo.code,unknown_class,False,160,160,False
82e838e20335717af2a40ce5af8c0b68aa6de78e,test,0,MultifacetedAbstraction/Negative/SomMeri_matasano-cryptopals-solutions_SomMeri_matasano-cryptopals-solutions_org.meri.matasano.utils.oracle107ConstantKeyAuthenticator.code,unknown_class,False,159,159,False
fce1e2517e53f7777c311ead2bf103713d11ce29,train,0,MultifacetedAbstraction/Negative/glazedlists_glazedlists_glazedlists_glazedlists_ca.odell.glazedlists.calculation259SumFloat.code,unknown_class,False,159,159,False
b2d2457a4418916dfff17634a853e4c5b2445868,train,0,MultifacetedAbstraction/Negative/ArcBees_gwtquery_ArcBees_gwtquery_com.google.gwt.query.client.plugins.effects226TransitFx.code,unknown_class,False,159,159,False
cad7d991e9cbcde7a5413190c1c4a68c6b9ab29a,train,0,MultifacetedAbstraction/Negative/naver_pinpoint_naver_pinpoint_com.navercorp.pinpoint.common.server.cluster.zookeeper1350EventHoldingZookeeperEventWatcher.code,unknown_class,False,159,159,False
74a55b32223d30a20bc5c9eed33199e8258edd78,train,0,MultifacetedAbstraction/Negative/bruno-medeiros_DDT_bruno-medeiros_DDT_melnorme.lang.ide.ui.navigator888BundleModelGetStyledStringSwitcher.code,unknown_class,False,159,159,False
ed11f72784ad31ba31806d6499eed7a690a80e38,val,0,MultifacetedAbstraction/Negative/mobile-event-processing_Asper_mobile-event-processing_Asper_com.espertech.esper.epl.agg.service1195AggSvcGroupAllNoAccessFactory.code,unknown_class,False,159,159,False
f2342499703a9434d39697dd0174b63da94e20ae,train,0,MultifacetedAbstraction/Negative/google_closure-compiler_google_closure-compiler_com.google.javascript.jscomp.graph1404AnnotatedLinkedUndirectedGraphEdge.code,unknown_class,False,159,159,False
3413f5d953f39198fe05755d52f84e973e898c86,train,0,MultifacetedAbstraction/Negative/greenrobot_greenrobot-common_greenrobot_greenrobot-common_org.greenrobot.essentials.javaperf86BaseImpl.code,unknown_class,False,158,158,False
35a435d99c1c6ce7eca2788299a763f60590629f,val,0,MultifacetedAbstraction/Negative/astefanutti_camel-cdi_astefanutti_camel-cdi_org.apache.camel.maven243IsolatedThreadGroup.code,unknown_class,False,158,158,False
ca2af5bc781acf1ecbff5cf9c9c11e36b39485ea,val,0,MultifacetedAbstraction/Negative/seagate_kinetic-java_seagate_kinetic-java_com.seagate.kinetic.simulator.io.provider.nio.udt340UdtKineticSimulator.code,unknown_class,False,158,158,False
8fba77be05eb31c1853c971b1dd2e39fdaf8028a,train,0,MultifacetedAbstraction/Negative/psaravan_JamsMusicPlayer_psaravan_JamsMusicPlayer_main.java.de.psdev.licensesdialog.licenses430ISCLicense.code,unknown_class,False,158,158,False
37f31249d4bc4430732a8712361bdd199058329e,test,0,MultifacetedAbstraction/Negative/openlvc_portico_openlvc_portico_org.portico2.lrc.services.mom.incoming1467SetServiceReportingHandler.code,unknown_class,False,157,157,False
85d1a4d61280b881d24c8bf3f2198ff8887147ce,train,0,MultifacetedAbstraction/Negative/opendaylight_controller_opendaylight_controller_org.opendaylight.controller.md.sal.dom.broker.impl.legacy.sharded.adapter1657Modification.code,unknown_class,False,157,157,False
e0a9c546d2a6d57b16003036aaa73ddbba74b015,train,0,MultifacetedAbstraction/Negative/Putnami_putnami-web-toolkit_Putnami_putnami-web-toolkit_fr.putnami.pwt.core.model.client.model145Model.code,unknown_class,False,156,156,False
6c46f133f39302fa18ce0d5c8ac6f3efaae71fdc,train,0,MultifacetedAbstraction/Negative/ReactiveX_RxJava_ReactiveX_RxJava_io.reactivex.rxjava3.internal.fuseable275ScalarSupplier.code,unknown_class,False,156,156,False
1c867583e763069b29fabe0ca4560b16ba565caf,val,0,MultifacetedAbstraction/Negative/cping_RipplePower_cping_RipplePower_org.ripple.bouncycastle.jcajce.provider.keystore.pkcs122019CertId.code,unknown_class,False,156,156,False
bdacc02d89ef6ff2ee42c04980fb935da10fad4a,train,0,MultifacetedAbstraction/Negative/marklogic_java-client-api_marklogic_java-client-api_com.marklogic.client.example.extension305OutputItem.code,unknown_class,False,156,156,False
9dd10ff62ab111fd51ff270c6bd2eb51714bad78,train,0,MultifacetedAbstraction/Negative/awslabs_aws-dynamodb-encryption-java_awslabs_aws-dynamodb-encryption-java_com.amazonaws.services.dynamodbv2.mapper.integration106DynamoDBMapperCryptoIntegrationTestBase.code,unknown_class,False,156,156,False
0e57059818fb913e377c6afee388ab3befb5ff63,train,0,MultifacetedAbstraction/Negative/nemerosa_ontrack_nemerosa_ontrack_net.nemerosa.ontrack.ui.resource1239ResourceDecorationContributor.code,unknown_class,False,156,156,False
1314cf1c75851c2cfa0f03b83841788a9dede759,train,0,MultifacetedAbstraction/Negative/naver_pinpoint_naver_pinpoint_com.navercorp.pinpoint.plugin.jdbc.cubrid2348CUBRIDDriverTransform.code,unknown_class,False,155,155,False
5aed1584680c53012f8901963a9b91b78c87a8ae,test,0,MultifacetedAbstraction/Negative/apache_incubator-wave_apache_incubator-wave_org.waveprotocol.box.server.authentication224AuthTestUtil.code,unknown_class,False,155,155,False
db9ca75180f80bb99d0a613d03144449b7e18cf9,train,0,MultifacetedAbstraction/Negative/apache_incubator-reef_apache_incubator-reef_org.apache.reef.io.network.impl707MessageHandler.code,unknown_class,False,155,155,False
eccf14d7ef4560882498ad574afab2d08796bb46,test,0,MultifacetedAbstraction/Negative/mozilla_j2me.js_mozilla_j2me.js_javax.crypto1641IllegalBlockSizeException.code,unknown_class,False,155,155,False
84617f2ee54bc0a526a55696e6e7716cc0800df3,train,0,MultifacetedAbstraction/Negative/linkedin_gobblin_linkedin_gobblin_org.apache.gobblin.data.management.retention1122RetentionEvents.code,unknown_class,False,154,154,False
52eec3eb5427a5959b6d76b4b125f2423f299345,train,0,MultifacetedAbstraction/Negative/telefonicaid_fiware-cygnus_telefonicaid_fiware-cygnus_com.telefonica.iot.cygnus.backends.kafka38KafkaBackend.code,unknown_class,False,154,154,False
bc15c3c5ee4294743f7cdf142b089aacfee55d6f,train,0,MultifacetedAbstraction/Negative/jmockit_jmockit1_jmockit_jmockit1_petclinic.visits941VisitData.code,unknown_class,False,154,154,False
e4a6dcb56b9b339481aae15225d80d8b01af067b,train,0,MultifacetedAbstraction/Negative/marklogic_java-client-api_marklogic_java-client-api_com.marklogic.client.dataservices192ReturndefImpl.code,unknown_class,False,154,154,False
436f00f4b2534e94393642c92152bfe11d39b9f0,val,0,MultifacetedAbstraction/Negative/mozilla_j2me.js_mozilla_j2me.js_com.sun.midp.crypto825NoSuchPaddingException.code,unknown_class,False,154,154,False
53b3ff8042a1364b4933577726c2a6744c755050,train,0,MultifacetedAbstraction/Negative/apache_knox_apache_knox_org.apache.knox.gateway.shell989PoolContext.code,unknown_class,False,154,154,False
fc29facc10a3f7766dac6fb91d7435f6b4e80d70,test,0,MultifacetedAbstraction/Negative/bardsoftware_ganttproject_bardsoftware_ganttproject_net.sourceforge.ganttproject.action.scroll370ScrollToStartAction.code,unknown_class,False,153,153,False
3b0354323c0597a86032e94296fe149d4243c452,test,0,MultifacetedAbstraction/Negative/openhab_openhab2_openhab_openhab2_org.openhab.binding.lutron.internal.discovery.project2527Output.code,unknown_class,False,153,153,False
442d72d6156b320cdd973b6f78b0c7ac359912ea,train,0,MultifacetedAbstraction/Negative/rocketscience-projects_javaslang_rocketscience-projects_javaslang_io.vavr.collection306OptionSupplier.code,unknown_class,False,152,152,False
4a10632568177596ff27eb7589d7aa144867bc6d,train,0,MultifacetedAbstraction/Negative/joel-costigliola_assertj-swing_joel-costigliola_assertj-swing_org.assertj.swing.driver964JTableSelectCellsTask.code,unknown_class,False,152,152,False
7429928da529b66e8220c44ccae4e27edd668b61,val,0,MultifacetedAbstraction/Negative/ReactiveX_RxJava_ReactiveX_RxJava_io.reactivex.rxjava3.internal.operators.single1944SingleMaterialize.code,unknown_class,False,152,152,False
3226c53ef3f30bba0337cff8d5ada96234ede06f,train,0,MultifacetedAbstraction/Negative/caskdata_cdap_caskdata_cdap_io.cdap.cdap.data2.transaction2122OverridingAbstractClass.code,unknown_class,False,152,152,False
ba3b8347a9354d4d5bf12b585b2ac60ad0f97415,test,0,MultifacetedAbstraction/Negative/rapidminer_rapidminer_rapidminer_rapidminer_com.rapidminer.parameter.conditions3001NonEqualStringCondition.code,unknown_class,False,152,152,False
1cc957da9e3f9ff3e5cc9aedb55119d9c735ecf4,test,0,MultifacetedAbstraction/Negative/PayPal_PayPal-Java-SDK_PayPal_PayPal-Java-SDK_com.paypal.api.payments119PaymentExecution.code,unknown_class,False,151,151,False
469fb0c49d401cb71aa97f916992a283beb5d7dc,train,0,MultifacetedAbstraction/Negative/opendaylight_controller_opendaylight_controller_org.opendaylight.controller.config.yang.netty.threadgroup1359NioEventLoopGroupCloseable.code,unknown_class,False,151,151,False
b35b1acb16bbb02b52a790f49c74506bbc67d342,test,0,MultifacetedAbstraction/Negative/kuujo_copycat_kuujo_copycat_io.atomix.protocols.raft.session.impl1320TestContext.code,unknown_class,False,151,151,False
f4e0625b93d929ec8e50d5117732c9b58c204d3c,train,0,MultifacetedAbstraction/Negative/joel-costigliola_assertj-swing_joel-costigliola_assertj-swing_org.assertj.swing.core.matcher326JLabelMatcher_matches_byNameAndTextPattern_Test.code,unknown_class,False,151,151,False
477903684e225e8abd4058b6c4cf01f2b629c222,test,0,MultifacetedAbstraction/Negative/yfain_java24hourtrainer2ndedition_yfain_java24hourtrainer2ndedition_mycalculator171Main.code,unknown_class,False,151,151,False
122c87d8355f28bb9032b95b5ed9fd997da8fdb7,train,0,MultifacetedAbstraction/Negative/davidmoten_rtree_davidmoten_rtree_com.github.davidmoten.rtree21ImageSaver.code,unknown_class,False,150,150,False
6a57267365d699de8cc81b959734e35dbaf12401,train,0,MultifacetedAbstraction/Negative/giovibal_vertx-mqtt-broker-mod_giovibal_vertx-mqtt-broker-mod_io.github.giovibal.mqtt.parser54PubAckEncoder.code,unknown_class,False,150,150,False
81accc161407018a17dd4813a3b04bd555cd0c7e,val,0,MultifacetedAbstraction/Negative/JCTools_JCTools_JCTools_JCTools_org.jctools.queues233MpmcArrayQueueConsumerIndexField.code,unknown_class,False,150,150,False
30bc3ec02c084cb5957920395917994dcac91f16,test,0,MultifacetedAbstraction/Negative/cloud-software-foundation_c5_cloud-software-foundation_c5_org.apache.hadoop.hbase.procedure1517BarrierAnswer.code,unknown_class,False,150,150,False
f95872350b2f1f04e7bfecfb5d27d174e3f4991c,train,0,MultifacetedAbstraction/Negative/codelibs_elasticsearch-taste_codelibs_elasticsearch-taste_org.codelibs.elasticsearch.taste.similarity209PreferenceInferrer.code,unknown_class,False,149,149,False
67c41db14add17417faf6c7e2aa7c7dd04cfe950,train,0,MultifacetedAbstraction/Negative/CorfuDB_CorfuDB_CorfuDB_CorfuDB_org.corfudb.runtime.collections348FailingIndex.code,unknown_class,False,149,149,False
7b5634c164569ea8bc4905d6a4a959406ab0b995,train,0,MultifacetedAbstraction/Negative/apache_uima-uimafit_apache_uima-uimafit_org.apache.uima.fit.spring.factory281CollectionReaderFactory_impl.code,unknown_class,False,149,149,False
9c9ae18547b099e358dcb316c09f7903096d1c66,train,0,MultifacetedAbstraction/Negative/bruno-medeiros_DDT_bruno-medeiros_DDT_mmrnmhrm.core.launch.debug1610DeeGdbLauncher.code,unknown_class,False,149,149,False
e3c1dd3bb42fe3f4164a53d524931035d582568d,train,0,MultifacetedAbstraction/Negative/phishman3579_java-algorithms-implementation_phishman3579_java-algorithms-implementation_com.jwetherell.algorithms.data_structures.test179SplayTreeTests.code,unknown_class,False,149,149,False
d74e55b026b5701d9715cddb7e3dedc8e5699ada,train,0,MultifacetedAbstraction/Negative/rundeck_rundeck_rundeck_rundeck_com.dtolabs.rundeck.core.plugins.configuration673typeTest1.code,unknown_class,False,149,149,False
7245b8e1cec275ee7b83df07d7916e2b954e491c,test,0,MultifacetedAbstraction/Negative/calipho-sib_nextprot-api_calipho-sib_nextprot-api_org.nextprot.api.commons.utils207ThreadedStreamHandler.code,unknown_class,False,149,149,False
c6821c265c3ee50f02d153c5a72ff4e048137bde,train,0,MultifacetedAbstraction/Negative/naver_pinpoint_naver_pinpoint_com.navercorp.pinpoint.web.applicationmap.link5154PostfixServerMatcherTest.code,unknown_class,False,149,149,False
d25b1c8578237eabadac92e427bf961c2762206a,train,0,MultifacetedAbstraction/Negative/RuedigerMoeller_kontraktor_RuedigerMoeller_kontraktor_docsamples.callbacks4CBSampleClient.code,unknown_class,False,149,149,False
ebbbece2eff258d6b3be42e87dae3cbc68aa614b,train,0,MultifacetedAbstraction/Negative/google_closure-compiler_google_closure-compiler_com.google.javascript.jscomp1195SubclassRelationship.code,unknown_class,False,148,148,False
ee95abda6ba655f544a53612b9aeb9ed8f4e899b,test,0,MultifacetedAbstraction/Negative/twitter_cloudhopper-commons_twitter_cloudhopper-commons_com.cloudhopper.commons.util.sample224ServerConfigException.code,unknown_class,False,148,148,False
37dc8ff5269a05e08e492278cd3cfc9ce7e84a4e,val,0,MultifacetedAbstraction/Negative/tuguangquan_mybatis_tuguangquan_mybatis_org.apache.ibatis.submitted.selectkey735Name.code,unknown_class,False,148,148,False
7c7372f1a24f63312531471f652a232f6812f6e2,train,0,MultifacetedAbstraction/Negative/totalvoidness_cryptomator_totalvoidness_cryptomator_org.cryptomator.ui.vaultoptions183GeneralVaultOptionsController.code,unknown_class,False,148,148,False
a959101c85247b315b7a0df61b5c43b5f55009b4,train,0,MultifacetedAbstraction/Negative/tuguangquan_mybatis_tuguangquan_mybatis_org.apache.ibatis.submitted.camelcase409Camel.code,unknown_class,False,148,148,False
3b722707e302ff41c563c5e5ec9da0f26f586461,train,0,MultifacetedAbstraction/Negative/ArcBees_gwtquery_ArcBees_gwtquery_gwtquery.samples.client285DynamicBenchmark.code,unknown_class,False,148,148,False
6b2e006c7bfad84fb4aa69121f80f70487ac8535,train,0,MultifacetedAbstraction/Negative/awslabs_aws-sdk-java-resources_awslabs_aws-sdk-java-resources_com.amazonaws.resources.internal.model189ConvenientMethod.code,unknown_class,False,147,147,False
fda1c45ccffeec2b69c640f0414bb3b7ead7b434,train,0,MultifacetedAbstraction/Negative/linkedin_gobblin_linkedin_gobblin_org.apache.gobblin.elasticsearch.typemapping1284GsonJsonSerializer.code,unknown_class,False,147,147,False
0593890a53dd1f2aa43c74b93f1d74dd53c987e7,train,0,MultifacetedAbstraction/Negative/arquillian_arquillian-cube_arquillian_arquillian-cube_org.arquillian.cube.kubernetes.impl.enricher.external491ServiceListResourceProvider.code,unknown_class,False,146,146,False
ce707ed374521d3ceae2afd7988044999e831c68,train,0,MultifacetedAbstraction/Negative/openhab_openhab2_openhab_openhab2_org.openhab.binding.paradoxalarm.internal.communication.messages3635RamRequestPayload.code,unknown_class,False,146,146,False
74565e588ed519fc7b8a69110d9029951488b596,train,0,MultifacetedAbstraction/Negative/tlaukkan_zigbee4java_tlaukkan_zigbee4java_org.bubblecloud.zigbee3ConsoleCommand.code,unknown_class,False,146,146,False
61ef385abfc89c50bc398cd33741a8691c2be465,train,0,MultifacetedAbstraction/Negative/kuujo_copycat_kuujo_copycat_io.atomix.core.collection.impl182AbstractIteratorContext.code,unknown_class,False,146,146,False
1f718f08ed7daf88f43bfab2431de0491702b211,train,0,MultifacetedAbstraction/Negative/apache_stratos_apache_stratos_org.apache.stratos.cloud.controller.exception381KubernetesClusterAlreadyUsedException.code,unknown_class,False,145,145,False
cee4cef9ed659bdd52596055d05d0c2f0bb5fdc1,train,0,MultifacetedAbstraction/Negative/looly_hutool_looly_hutool_cn.hutool.json.serialize871JSONArraySerializer.code,unknown_class,False,145,145,False
57364cbf7e581417a226c2979bbf8afb447d6aae,train,0,MultifacetedAbstraction/Negative/FenixEdu_fenixedu-academic_FenixEdu_fenixedu-academic_org.fenixedu.academic.domain.student.registrationStates1585ExternalAbandonState.code,unknown_class,False,145,145,False
23bd28d722342d63d5f4336574bf5bb4dae2dae3,val,0,MultifacetedAbstraction/Negative/Evolveum_midpoint_Evolveum_midpoint_com.evolveum.midpoint.repo.cache1972GlobalCacheObjectVersionValue.code,unknown_class,False,145,145,False
89e841e19280c5a7293fda5a0c9d1e8f2b489b4f,train,0,MultifacetedAbstraction/Negative/gwtbootstrap3_gwtbootstrap3-extras_gwtbootstrap3_gwtbootstrap3-extras_org.gwtbootstrap3.extras.fullcalendar.client.ui88ClickAndHoverConfig.code,unknown_class,False,145,145,False
615c79fd5380c6d0401c2cab12f5ed7f9db074f4,train,0,MultifacetedAbstraction/Negative/amutu_tdw_amutu_tdw_org.apache.hadoop.hive.serde2.lazy.objectinspector.primitive3881LazyIntObjectInspector.code,unknown_class,False,145,145,False
aa59a38161d152c4f80f56cc1b51ae22d925b847,train,0,MultifacetedAbstraction/Negative/pedrovgs_Renderers_pedrovgs_Renderers_com.pedrogomez.renderers.sample.ui.renderers39FavoriteVideoRenderer.code,unknown_class,False,145,145,False
5baf1dff849e1a438fca317bdc62ae268e361d17,train,0,MultifacetedAbstraction/Negative/phishman3579_java-algorithms-implementation_phishman3579_java-algorithms-implementation_com.jwetherell.algorithms.data_structures.timing237TestRedBlackTree.code,unknown_class,False,144,144,False
7990d5c1241fea98d39eb9431177695e1b20fb89,train,0,MultifacetedAbstraction/Negative/naver_pinpoint_naver_pinpoint_com.navercorp.pinpoint.collector.dao.hbase.statistics671Incrementer.code,unknown_class,False,144,144,False
c0ba527b7417871fa42f5fbc7799fc1f7595714f,train,0,MultifacetedAbstraction/Negative/ymback_NGA-CLIENT-VER-OPEN-SOURCE_ymback_NGA-CLIENT-VER-OPEN-SOURCE_sp.phone.mvp.model191Result.code,unknown_class,False,144,144,False
a987ffb7188a59986bcb0e83d57d098d40ad7974,train,0,MultifacetedAbstraction/Negative/openhab_openhab2_openhab_openhab2_org.openhab.binding.sonyaudio.internal.protocol4571GetSoundSettings.code,unknown_class,False,144,144,False
27fa9b2a488d62758bb73d41ed90a71cd66339ad,val,0,MultifacetedAbstraction/Negative/BlueBrain_bluima_BlueBrain_bluima_ch.epfl.bbp.uima.xml.pubmed1352ContractNumber.code,unknown_class,False,144,144,False
2379e034ed033165cb62a694f7700d4bb5c64dc3,train,0,MultifacetedAbstraction/Negative/wildflyext_wildfly-camel_wildflyext_wildfly-camel_org.wildfly.camel.test.zendesk.subA769FakeZendeskAPIServlet.code,unknown_class,False,144,144,False
dfde3e5a516afb83b89ddc8efbc71e10cb6626f2,train,0,MultifacetedAbstraction/Negative/mulesoft_jaxrs-to-raml_mulesoft_jaxrs-to-raml_server.humanity307StartServer.code,unknown_class,False,144,144,False
fb60ab083afc5aca5d166d8d9ab66e4e6b061b83,train,0,MultifacetedAbstraction/Negative/caskdata_cdap_caskdata_cdap_io.cdap.cdap.cli.command806GetResolvedPreferencesCommand.code,unknown_class,False,144,144,False
38c6fe0dd23c44e6bed43b5f30e68569cb8e25e6,train,0,MultifacetedAbstraction/Negative/ic3fox_jawr-main-repo_ic3fox_jawr-main-repo_net.jawr.web.servlet.util346ClientAbortExceptionResolver.code,unknown_class,False,144,144,False
6c6a0fe2ae860bb27a09cc2713199ffd03b4d11b,val,0,MultifacetedAbstraction/Negative/google_closure-templates_google_closure-templates_com.google.template.soy.exprtree398ModOpNode.code,unknown_class,False,143,143,False
3c532c48e8f419a3fbb03f0c848b332bc289212c,train,0,MultifacetedAbstraction/Negative/shazam_fork_shazam_fork_com.shazam.fork29CommonDefaults.code,unknown_class,False,143,143,False
6a8edbaec363f30280724342af745e6ef20e7654,train,0,MultifacetedAbstraction/Negative/TwidereProject_Twidere-Android_TwidereProject_Twidere-Android_org.mariotaku.twidere.graphic.like.palette335FavoritePalette.code,unknown_class,False,143,143,False
85627f8eba12db189128625d272d786ae7058c98,val,0,MultifacetedAbstraction/Negative/iipc_webarchive-commons_iipc_webarchive-commons_org.archive.url326NonMassagingIAURLCanonicalizer.code,unknown_class,False,143,143,False
a0f2708396ab45cfb9802d4934c51501e3f2728b,train,0,MultifacetedAbstraction/Negative/gosu-lang_gosu-lang_gosu-lang_gosu-lang_editor191ResumeActionHandler.code,unknown_class,False,143,143,False
8cce49d4d6adbeb4806483941ee3b8178ec02b04,val,0,MultifacetedAbstraction/Negative/Netflix_spectator_Netflix_spectator_com.netflix.spectator.api69SwapGauge.code,unknown_class,False,143,143,False
14f35c51f967bb7ada253ba3df1d65b0e224fa57,train,0,MultifacetedAbstraction/Negative/imglib_imglib2_imglib_imglib2_net.imglib2.converter81AbstractConvertedRandomAccessibleInterval.code,unknown_class,False,142,142,False
8eba0d8b2171471a5ab09ee156019e54b7f9e054,train,0,MultifacetedAbstraction/Negative/phishman3579_java-algorithms-implementation_phishman3579_java-algorithms-implementation_com.jwetherell.algorithms.data_structures.timing225TestJavaSkipList.code,unknown_class,False,142,142,False
d2b6bd46e9c5634e300d5fccf0c1cc7b2db912a2,val,0,MultifacetedAbstraction/Negative/openscore_score-actions_openscore_score-actions_io.cloudslang.content.couchbase.factory.cluster275ClusterUriFactory.code,unknown_class,False,142,142,False
70c4f4270da1a1c6da2eb92b5f29c73f06f18fda,train,0,MultifacetedAbstraction/Negative/arquillian_arquillian-cube_arquillian_arquillian-cube_org.arquillian.cube.docker.impl.await77NativeAwaitStrategy.code,unknown_class,False,141,141,False
77ba64a69f7edc433c81f66d0b24ee5aee050e8d,train,0,MultifacetedAbstraction/Negative/addthis_hydra_addthis_hydra_com.addthis.hydra.data.filter.value139TestValueFilterJavascript.code,unknown_class,False,141,141,False
d9f8a59ea3a6068d8b34d6e41bfc27b056e66c8f,train,0,MultifacetedAbstraction/Negative/seagate_kinetic-java_seagate_kinetic-java_kinetic.admin413Statistics.code,unknown_class,False,141,141,False
acfd0a70f3d5377bd0030ce10f6a4999c0cdf18b,val,0,MultifacetedAbstraction/Negative/yahoo_artifactory_ssh_proxy_yahoo_artifactory_ssh_proxy_com.yahoo.sshd.server.logging80TestSshRequestLogListener.code,unknown_class,False,141,141,False
838cd891e98bc26ba19c2e9b57ecef802eeb8fef,test,0,MultifacetedAbstraction/Negative/mucommander_mucommander_mucommander_mucommander_com.mucommander.ui.theme1285FontChangedEvent.code,unknown_class,False,140,140,False
764266e2218855cb67852c2f911b082bf89a408a,train,0,MultifacetedAbstraction/Negative/opendaylight_controller_opendaylight_controller_org.opendaylight.controller.cluster.access.commands184OutOfOrderRequestException.code,unknown_class,False,140,140,False
129c34af70733d43da4e896be2790e9904fb7f04,train,0,MultifacetedAbstraction/Negative/ArcBees_gwtquery_ArcBees_gwtquery_com.google.gwt.query.client.css104OutlineWidthProperty.code,unknown_class,False,140,140,False
7fd885b5bd9cc4f8e54f94978cf303ae7b6a98d8,train,0,MultifacetedAbstraction/Negative/spring-cloud_spring-cloud-connectors_spring-cloud_spring-cloud-connectors_org.springframework.cloud.util308StandardUriInfoFactory.code,unknown_class,False,140,140,False
4095d802ae0f9f91348f9b112dedbd3fc20e45ce,val,0,MultifacetedAbstraction/Negative/rsteckler_unbounce-android_rsteckler_unbounce-android_com.ryansteckler.inappbilling10OnIabPurchaseFinishedListener.code,unknown_class,False,140,140,False
de47723b08bf1848740aebd146066520c5caeb01,test,0,MultifacetedAbstraction/Negative/ESAPI_esapi-java-legacy_ESAPI_esapi-java-legacy_org.owasp.esapi.waf288ConfigurationException.code,unknown_class,False,140,140,False
07d5020d165460ca458e95160b57b7a952a8151c,train,0,MultifacetedAbstraction/Negative/justinsb_cloudata_justinsb_cloudata_com.cloudata.structured531StoreCacheLoader.code,unknown_class,False,140,140,False
37fb79bc70c63008caab77284c715ec85eaccc0b,train,0,MultifacetedAbstraction/Negative/thheller_shadow-pgsql_thheller_shadow-pgsql_shadow.pgsql26Savepoint.code,unknown_class,False,139,139,False
91efd97a1c69c4da0590e48bac314cefe6560c57,train,0,MultifacetedAbstraction/Negative/oyachai_HearthSim_oyachai_HearthSim_com.hearthsim.card.curseofnaxxramas.minion.common366DarkCultist.code,unknown_class,False,139,139,False
66ca7ab103b458e915ea19ad418dbc4cf90b5a07,train,0,MultifacetedAbstraction/Negative/247687009_soa_247687009_soa_io.goudai.soa.core.exception14SysException.code,unknown_class,False,138,138,False
173a001ee2953dd8584c47b72f3db26ce5ea34ae,train,0,MultifacetedAbstraction/Negative/Evolveum_midpoint_Evolveum_midpoint_com.evolveum.midpoint.model.impl.lens.projector.focus778InboundMappingStruct.code,unknown_class,False,138,138,False
b46ced992d27e48fb34c4f845d9ac0c377fdacc7,val,0,MultifacetedAbstraction/Negative/KronicDeth_intellij-elixir_KronicDeth_intellij-elixir_org.elixir_lang.psi.impl848ElixirHeredocPrefixImpl.code,unknown_class,False,138,138,False
434a9f595c0d4287a76df21494616f589c98d53b,train,0,MultifacetedAbstraction/Negative/naver_pinpoint_naver_pinpoint_com.navercorp.pinpoint.plugin.mongo2616NotFilterTransform.code,unknown_class,False,137,137,False
f183dccc651e342c4b1213d6abc78460ba98dcb7,train,0,MultifacetedAbstraction/Negative/datanucleus_datanucleus-core_datanucleus_datanucleus-core_org.datanucleus.query.inmemory.method504PeriodGetDays.code,unknown_class,False,136,136,False
847cafecdabb3658b72b9464ba04ca6a65584eba,train,0,MultifacetedAbstraction/Negative/chaupal_jxse_chaupal_jxse_net.jxta.impl.id.unknown571IDFormat.code,unknown_class,False,136,136,False
dc37ff4be644bdf37901e6dddb16c01e7f089e3a,val,0,MultifacetedAbstraction/Negative/holodeck-b2b_Holodeck-B2B_holodeck-b2b_Holodeck-B2B_org.holodeckb2b.pmode.xml524PModeId.code,unknown_class,False,136,136,False
cf5b99e18e41c1c5d25aae76cee7fe0ad839086a,test,0,MultifacetedAbstraction/Negative/calipho-sib_nextprot-api_calipho-sib_nextprot-api_org.nextprot.api.commons.bio.variation.prot.digestion63AminoAcidSequenceDigestion.code,unknown_class,False,136,136,False
7b21b2f1aada0505a20326c62f6dc435be162bd8,train,0,MultifacetedAbstraction/Negative/caskdata_cdap_caskdata_cdap_io.cdap.cdap.api.data.batch227DatasetOutputCommitter.code,unknown_class,False,136,136,False
ecd50341a6916365ceb5a8bddbfac330f309a462,test,0,MultifacetedAbstraction/Negative/iluwatar_java-design-patterns_iluwatar_java-design-patterns_com.iluwatar.prototype848ElfBeast.code,unknown_class,False,136,136,False
1eb0493a04daa5f19bd7f89ab5bdebcb5f8e3631,train,0,MultifacetedAbstraction/Negative/gid15_jpcsp_gid15_jpcsp_jpcsp.graphics.export506IGraphicsExporter.code,unknown_class,False,136,136,False
ddfa4c776d7ff43599b8f5cda5ac7f462138d48f,train,0,MultifacetedAbstraction/Negative/google_guava_google_guava_com.google.common.collect.testing.google1602CharactersOfStringGenerator.code,unknown_class,False,136,136,False
1dd5f527cf5dbf698104dd351d064a5925a03ced,train,0,MultifacetedAbstraction/Negative/SkymindIO_nd4j_SkymindIO_nd4j_org.nd4j.linalg.api.ops.impl.transforms.arithmetic.bp784FloorModBpOp.code,unknown_class,False,135,135,False
3879c76a9cfa57187d4f3b89696b23ff0f768b7a,test,0,MultifacetedAbstraction/Negative/warmshowers_wsandroid_warmshowers_wsandroid_fi.bitrite.android.ws.ui.model162NavigationItem.code,unknown_class,False,135,135,False
fce6aadde577f47a35e3f536d97c4eca5e47f2b7,train,0,MultifacetedAbstraction/Negative/SpongePowered_Sponge_SpongePowered_Sponge_org.spongepowered.mod.data33ForgeLightEmissionPropertyStore.code,unknown_class,False,135,135,False
f5530028d6d6c5ab34218283ab0edca35105ee80,train,0,MultifacetedAbstraction/Negative/naver_pinpoint_naver_pinpoint_com.navercorp.pinpoint.web.alarm5045DefaultAlarmMessageSender.code,unknown_class,False,134,134,False
7337bd76270408dddf2c8368f9b20c0d18b0bc4e,val,0,MultifacetedAbstraction/Negative/revapi_revapi_revapi_revapi_org.revapi.java.checks.classes294NowAbstract.code,unknown_class,False,134,134,False
5263f8c24e4b9fc2ea183d0efd91bb680fb93969,train,0,MultifacetedAbstraction/Negative/iluwatar_java-design-patterns_iluwatar_java-design-patterns_com.iluwatar.acyclicvisitor45ConfigureForDosVisitor.code,unknown_class,False,134,134,False
fa32f330588bedae257c5f7e86a07f05146a5f53,train,0,MultifacetedAbstraction/Negative/jenkinsci_acceptance-test-harness_jenkinsci_acceptance-test-harness_org.jenkinsci.test.acceptance.log95LogListener.code,unknown_class,False,134,134,False
179eedbaaed49ce81850209ac303688d48d220a9,train,0,MultifacetedAbstraction/Negative/apache_curator_apache_curator_org.apache.curator.x.discovery.strategies691RandomStrategy.code,unknown_class,False,134,134,False
c83f5aa3a01a7791dfc3465876d7358786536300,train,0,MultifacetedAbstraction/Negative/irobertson_pojomatic_irobertson_pojomatic_org.pojomatic.test176OnlyPojomaticEqual.code,unknown_class,False,133,133,False
46329b8dc1ae9fc0d65484085b916a15aea73fec,test,0,MultifacetedAbstraction/Negative/fcrepo3_fcrepo_fcrepo3_fcrepo_org.fcrepo.server.validation1224AllUnitTests.code,unknown_class,False,133,133,False
6c3651eacf8dc26364ea2fc496f453d5ed118159,test,0,MultifacetedAbstraction/Negative/junkdog_entity-system-benchmarks_junkdog_entity-system-benchmarks_com.artemis.system46PackedPositionSystem3.code,unknown_class,False,133,133,False
1908bc3dd7a8853190bd886e6a03b5155b1a4804,train,0,MultifacetedAbstraction/Negative/linkedin_gobblin_linkedin_gobblin_org.apache.gobblin.metrics.callback1706NotificationStore.code,unknown_class,False,133,133,False
4e3d70662263571a2d29b082ca2737c1a0a70a52,train,0,MultifacetedAbstraction/Negative/caskdata_tephra_caskdata_tephra_co.cask.tephra.distributed.thrift188startLong_argsTupleScheme.code,unknown_class,False,132,132,False
737f967af6fd67a066c2cbd434339f609a8bf8a3,train,0,MultifacetedAbstraction/Negative/FenixEdu_fenixedu-academic_FenixEdu_fenixedu-academic_org.fenixedu.academic.domain.student1564StudentNumber.code,unknown_class,False,132,132,False
105ac04b81c5b2c1199d995e216a2ce7df2374bf,test,0,MultifacetedAbstraction/Negative/apache_knox_apache_knox_org.apache.knox.gateway.ha.provider.impl555StringResponseHandler.code,unknown_class,False,132,132,False
eb4ff93b7a13a31c505a99c6cab17727891026a1,train,0,MultifacetedAbstraction/Negative/gid15_jpcsp_gid15_jpcsp_jpcsp.HLE.modules1185sceUsbAcc.code,unknown_class,False,132,132,False
dc2c8367835a03f26847ed52952c2afdd2aaec5f,train,0,MultifacetedAbstraction/Negative/odiszapc_nginx-java-parser_odiszapc_nginx-java-parser_com.github.odiszapc.nginxparser17ParseTestBase.code,unknown_class,False,132,132,False
831477ee238f9d83a069730406453446aea27524,train,0,MultifacetedAbstraction/Negative/rancherio_cattle_rancherio_cattle_io.cattle.platform.core.dao390IpAddressDao.code,unknown_class,False,132,132,False
a760ca0f7e40cd5cd2cd233d9dc495179dec5e83,train,0,MultifacetedAbstraction/Negative/arquillian_arquillian-cube_arquillian_arquillian-cube_org.arquillian.cube.docker.impl.client96AutoStartOrderFactory.code,unknown_class,False,132,132,False
710f3155ce5987822d36c898b774dbd48f3a4998,val,0,MultifacetedAbstraction/Negative/cloud-software-foundation_c5_cloud-software-foundation_c5_org.apache.hadoop.hbase.codec.prefixtree.builder.data584TestTokenizerDataEdgeCase.code,unknown_class,False,131,131,False
4818de1108a65fd8b86a8e4a9da1c25e245d7789,train,0,MultifacetedAbstraction/Negative/ethereum_ethereumj_ethereum_ethereumj_org.ethereum.trie785CountAllNodes.code,unknown_class,False,131,131,False
005af2128546148a9715039e4477c58077f43b22,train,0,MultifacetedAbstraction/Negative/sanity_quickml_sanity_quickml_quickml.supervised.featureEngineering192TestAEBS.code,unknown_class,False,131,131,False
d3d181dc2cb0cedcf6a3b504e363cad793eea5e1,train,0,MultifacetedAbstraction/Negative/chanjarster_weixin-java-tools_chanjarster_weixin-java-tools_me.chanjar.weixin.mp.bean185WxMpXmlOutVoiceMessage.code,unknown_class,False,131,131,False
41e2bef9844aafd6d96acb2f16ef7d93d419acea,val,0,MultifacetedAbstraction/Negative/mapzen_lost_mapzen_lost_com.mapzen.android.lost.internal67DialogDisplayer.code,unknown_class,False,131,131,False
0d60c42e44a664f26cd257a771aa12050eebc36c,train,0,MultifacetedAbstraction/Negative/primecloud-controller-org_primecloud-controller_primecloud-controller-org_primecloud-controller_jp.primecloud.auto.entity.crud704VmwareKeyPair.code,unknown_class,False,131,131,False
c1cbddb6a461c12f4abd7d28a8a2e8a4baaeb0ef,train,0,MultifacetedAbstraction/Negative/SpongePowered_SpongeAPI_SpongePowered_SpongeAPI_org.spongepowered.api.data.manipulator.mutable.block427DisarmedData.code,unknown_class,False,131,131,False
fbb1919bcf729e601e62495317167c571853a94a,train,0,MultifacetedAbstraction/Negative/iluwatar_java-design-patterns_iluwatar_java-design-patterns_com.iluwatar.eda.framework348Handler.code,unknown_class,False,131,131,False
e114ff262745c506e8d0e6f6af9113e118d75920,train,0,MultifacetedAbstraction/Negative/247687009_soa_247687009_soa_io.goudai.soa.sys.api.impl42AppTest.code,unknown_class,False,130,130,False
9df1f3df47e48ea857a3321f21d77ef19acca0d7,train,0,MultifacetedAbstraction/Negative/247687009_soa_247687009_soa_io.goudai.soa.core9AppTest.code,unknown_class,False,130,130,False
d83c33f80975e628bbf2f073ec545afba96214b3,train,0,MultifacetedAbstraction/Negative/exxeleron_qJava_exxeleron_qJava_com.exxeleron.qjava39QListener.code,unknown_class,False,130,130,False
b9b29039a9afe30e17d6ea37768f6795676c7cbd,val,0,MultifacetedAbstraction/Negative/247687009_soa_247687009_soa_io.goudai.soa.common3AppTest.code,unknown_class,False,130,130,False
1eea73f8a7c98c6abb107c19155b1ff6ea6c0f22,train,0,MultifacetedAbstraction/Negative/BlueBrain_bluima_BlueBrain_bluima_org.xmlcml.font2160GlyphCorrectorTest.code,unknown_class,False,130,130,False
b24609f660e0dccb2a968a2adcb28a9d91092773,train,0,MultifacetedAbstraction/Negative/stephanenicolas_robospice_stephanenicolas_robospice_com.octo.android.robospice.command29GetAllDataFromCacheCommand.code,unknown_class,False,130,130,False
0b5a62c12a1a9c51b4a3bdcd338a4265413e6101,train,0,MultifacetedAbstraction/Negative/OHDSI_WebAPI_OHDSI_WebAPI_org.ohdsi.webapi.cohortcharacterization.converter79CcStrataEntityToCcStrataDTOConverter.code,unknown_class,False,130,130,False
1f190f490a754a40959d11e67689479e131b42de,train,0,MultifacetedAbstraction/Negative/imagej_imagej-ops_imagej_imagej-ops_net.imagej.ops.thread.chunker1061ChunkerOp.code,unknown_class,False,130,130,False
3501a38abfea3f0f29b77583e3409a5ee1c7a18a,test,0,MultifacetedAbstraction/Negative/caskdata_cdap_caskdata_cdap_io.cdap.cdap.common1085SecureKeyNotFoundException.code,unknown_class,False,130,130,False
2ca97c0270ec8345a62c792d700f8b8b58ee1af9,test,0,MultifacetedAbstraction/Negative/247687009_soa_247687009_soa_org.quartz.api.impl55AppTest.code,unknown_class,False,130,130,False
ad4a1c36e39d3e6994c79341490210f3baf7b8a1,train,0,MultifacetedAbstraction/Negative/cping_RipplePower_cping_RipplePower_org.ripple.power.txns2991TrustLines.code,unknown_class,False,130,130,False
3295d416a7704fecf28e9d54aeec91902ae4cea0,test,0,MultifacetedAbstraction/Negative/247687009_soa_247687009_soa_io.goudai.soa.util48AppTest.code,unknown_class,False,130,130,False
d53fa83f22e04a4b9d5bc7b8416ce522d540cb5a,train,0,MultifacetedAbstraction/Negative/247687009_soa_247687009_soa_org.quartz.api54AppTest.code,unknown_class,False,130,130,False
a2d68469c0ea18e90d0e5e4a34bb82beeca9899c,train,0,MultifacetedAbstraction/Negative/wso2_product-esb_wso2_product-esb_org.wso2.esb.integration.common.utils1017ArtifactReaderUtil.code,unknown_class,False,130,130,False
86337b565c8408b8762546e280ff02b166ea3e7a,train,0,MultifacetedAbstraction/Negative/jbruchanov_AnUitor_jbruchanov_AnUitor_com.scurab.android.anuitor.hierarchy5AnUitorServiceTest.code,unknown_class,False,130,130,False
6acbb225f13bd20c4ffeb41e532eb13730f785d5,val,0,MultifacetedAbstraction/Negative/grpc_grpc-java_grpc_grpc-java_io.grpc.netty1136NativeSocketOptions.code,unknown_class,False,130,130,False
8dcb327bfed35cf8878386545daf440c46fc9379,train,0,MultifacetedAbstraction/Negative/xored_yang-ide_xored_yang-ide_com.cisco.yangide.core.dom56SimpleNamedNode.code,unknown_class,False,130,130,False
e7609103076458a7588c3569d87d145c104002f3,test,0,MultifacetedAbstraction/Negative/primecloud-controller-org_primecloud-controller_primecloud-controller-org_primecloud-controller_jp.primecloud.auto.entity.crud554AwsLoadBalancer.code,unknown_class,False,130,130,False
51fcbca54b9fd8888affd5c25387fb49049d41dc,train,0,MultifacetedAbstraction/Negative/apache_olingo-odata4_apache_olingo-odata4_org.apache.olingo.server.api.uri1320UriResourcePartTyped.code,unknown_class,False,130,130,False
c01225dbcb866a22e6a07289dc479e9fb95e020e,test,0,MultifacetedAbstraction/Negative/FenixEdu_fenixedu-academic_FenixEdu_fenixedu-academic_org.fenixedu.academic.service.services.contacts2266EditPartyContact.code,unknown_class,False,130,130,False
01b0d5201887aa4e92e3efc05a5bfd9e725cc138,val,0,MultifacetedAbstraction/Negative/gosu-lang_gosu-lang_gosu-lang_gosu-lang_gw.lang.parser.exceptions2006ImplicitCoercionWarning.code,unknown_class,False,129,129,False
b734553cab7dde08e1027f30884046bed252fce4,train,0,MultifacetedAbstraction/Negative/rapidminer_rapidminer_rapidminer_rapidminer_com.rapidminer.tools.math.kernels3374KernelCache.code,unknown_class,False,129,129,False
d7032feefd33f0a63a0a2f4c36880793bb3d8445,train,0,MultifacetedAbstraction/Negative/wso2_product-esb_wso2_product-esb_com.starbucks.apps4Main.code,unknown_class,False,129,129,False
5e93323bed22cd6be06c225a3b08c64217b332c4,train,0,MultifacetedAbstraction/Negative/ethereum_ethereumj_ethereum_ethereumj_org.ethereum.net.shh590JsonRpcRequest.code,unknown_class,False,129,129,False
54141cade9a9b380498c0f08a08ccf744373988f,val,0,MultifacetedAbstraction/Negative/apache_struts_apache_struts_org.apache.struts2.convention.actions.result992ActionLevelResultsAction.code,unknown_class,False,129,129,False
785d7f5c0d7dddfd07367045ebc16f71c521e6f1,train,0,MultifacetedAbstraction/Negative/renekrie_querqy_renekrie_querqy_querqy.antlr21ANTLRQueryParser.code,unknown_class,False,129,129,False
d33da9fb6c6b1642e0ac5ee4388e079a9b4cef00,train,0,MultifacetedAbstraction/Negative/mobile-event-processing_Asper_mobile-event-processing_Asper_com.espertech.esper.epl.expression1812NumberCasterComputer.code,unknown_class,False,129,129,False
9f0ff3a03f859b433612a924a7dc8eebfd549695,train,0,MultifacetedAbstraction/Negative/spring-projects_spring-data-examples_spring-projects_spring-data-examples_example.model569Customer1501.code,unknown_class,False,128,128,False
92c2dd0576a3a36b2495dd9438a80275ec2a1dd0,test,0,MultifacetedAbstraction/Negative/spring-projects_spring-data-examples_spring-projects_spring-data-examples_example.model591Customer1521.code,unknown_class,False,128,128,False
1c7b134216f39ca676558696713239a2c0745310,train,0,MultifacetedAbstraction/Negative/spring-projects_spring-data-examples_spring-projects_spring-data-examples_example.model1940Customer937.code,unknown_class,False,128,128,False
4819ea3f7d32006dbe781bff78316d1b3871e33d,train,0,MultifacetedAbstraction/Negative/spring-projects_spring-data-examples_spring-projects_spring-data-examples_example.model526Customer1463.code,unknown_class,False,128,128,False
f14a9ca45925addd892d42e601228ffd138cf674,train,0,MultifacetedAbstraction/Negative/ethereum_ethereumj_ethereum_ethereumj_org.ethereum.net.rlpx.discover555DiscoveryEvent.code,unknown_class,False,128,128,False
bd721c7dc39855e7a65b65baa93234248d7a0e40,train,0,MultifacetedAbstraction/Negative/spring-projects_spring-data-examples_spring-projects_spring-data-examples_example.model1016Customer1904.code,unknown_class,False,128,128,False
655c772050b2b8586b262b37fb1ef3d54228ec47,train,0,MultifacetedAbstraction/Negative/Evolveum_midpoint_Evolveum_midpoint_com.evolveum.midpoint.repo.api.perf1950PerformanceMonitor.code,unknown_class,False,128,128,False
53e91acbe234bddaa16ce7fc30bef74e580d8ee3,test,0,MultifacetedAbstraction/Negative/mozilla_j2me.js_mozilla_j2me.js_java_cup.runtime1938token.code,unknown_class,False,128,128,False
3ca60c6dd008476080ea7ca5f721dd50f46363d8,train,0,MultifacetedAbstraction/Negative/linkedin_gobblin_linkedin_gobblin_org.apache.gobblin.hive.spec.predicate1419TableNotExistPredicate.code,unknown_class,False,128,128,False
3671fcecde73aea39ddce93bc5ce5136ba52ce17,train,0,MultifacetedAbstraction/Negative/spring-projects_spring-data-examples_spring-projects_spring-data-examples_example.model721Customer1639.code,unknown_class,False,128,128,False
dc021dfb4f04f730f8cc8244a1aca229fbe6051d,train,0,MultifacetedAbstraction/Negative/spring-projects_spring-data-examples_spring-projects_spring-data-examples_example.model402Customer1351.code,unknown_class,False,128,128,False
7444f42d925f66b7b83fb8c654d70e92cf3d0eab,train,0,MultifacetedAbstraction/Negative/spring-projects_spring-data-examples_spring-projects_spring-data-examples_example.model1579Customer611.code,unknown_class,False,128,128,False
625782185fd36d0066c53f9b6bd29b88b4aaf52c,val,0,MultifacetedAbstraction/Negative/bruno-medeiros_DDT_bruno-medeiros_DDT_mmrnmhrm.ui.preferences.pages1688DeeContentAssistPreferencePage.code,unknown_class,False,128,128,False
bd250e49134f5f4b843e94d0715cac202c8ff462,train,0,MultifacetedAbstraction/Negative/spring-projects_spring-data-examples_spring-projects_spring-data-examples_example.model163Customer1136.code,unknown_class,False,128,128,False
4e7b9d4515576c6520d7f807f0f1c64133c93f36,train,0,MultifacetedAbstraction/Negative/spring-projects_spring-data-examples_spring-projects_spring-data-examples_example.model226Customer1193.code,unknown_class,False,128,128,False
9477f7043d9acfa09068c32450be0a3c1f286b64,train,0,MultifacetedAbstraction/Negative/spring-projects_spring-data-examples_spring-projects_spring-data-examples_example.model53Customer1037.code,unknown_class,False,128,128,False
ffbf41713e0524f470efff014a40def438962aa4,train,0,MultifacetedAbstraction/Negative/Netflix_spectator_Netflix_spectator_com.netflix.spectator.atlas.impl198SubscriptionTest.code,unknown_class,False,127,127,False
f42880a5441892dcbd47c6533d6891dde928036a,train,0,MultifacetedAbstraction/Negative/mulesoft_jaxrs-to-raml_mulesoft_jaxrs-to-raml_org.raml.jaxrs.generator117HTTPMethods.code,unknown_class,False,127,127,False
af31bc5a264a5695ad096b7ac671c0508a909cc6,train,0,MultifacetedAbstraction/Negative/scriptella_scriptella-etl_scriptella_scriptella-etl_scriptella.driver.script160LazyReader.code,unknown_class,False,127,127,False
48a3676e33a71625052d6e257e2f6a9455bf2b35,test,0,MultifacetedAbstraction/Negative/haifengl_smile_haifengl_smile_smile.nlp.pos549POSTagger.code,unknown_class,False,127,127,False
5902d53cf6082b75bb0abda72b28bdd3f350fbd2,val,0,MultifacetedAbstraction/Negative/fcrepo3_fcrepo_fcrepo3_fcrepo_org.fcrepo.server.storage.translation1107METSFedoraExt1_0DOSerializer.code,unknown_class,False,127,127,False
8502ef0434a50a0ad8e455d355007a54c24edd52,test,0,MultifacetedAbstraction/Negative/marklogic_java-client-api_marklogic_java-client-api_com.marklogic.client.extra.okhttpclient358OkHttpClientConfigurator.code,unknown_class,False,127,127,False
144b7e432b5bcd0e07ba5625f0742ba422c79761,train,0,MultifacetedAbstraction/Negative/mobile-event-processing_Asper_mobile-event-processing_Asper_com.espertech.esper.event.vaevent2979UpdateStrategy.code,unknown_class,False,127,127,False
b9304638edb6006b728aab8532b439a9c6dea5de,train,0,MultifacetedAbstraction/Negative/TwidereProject_Twidere-Android_TwidereProject_Twidere-Android_org.mariotaku.microblog.library.twitter.model155DeletionEvent.code,unknown_class,False,127,127,False
c181602bdbdfa92b09adf55cd1766e7170bac0e4,test,0,MultifacetedAbstraction/Negative/smartparam_smartparam_smartparam_smartparam_org.smartparam.engine.report.query339HigherValueChooser.code,unknown_class,False,127,127,False
5758e9645349054b57676c940860e98081d46192,train,0,MultifacetedAbstraction/Negative/mstahv_maddon_mstahv_maddon_org.vaadin.viritin.fields67HeaderFieldTest.code,unknown_class,False,127,127,False
b71d7cbd4f27e43d38189d1308948dfdf833a424,test,0,MultifacetedAbstraction/Negative/snakerflow_snakerflow_snakerflow_snakerflow_org.snaker.engine.model108JoinModel.code,unknown_class,False,127,127,False
47f5cf9b25e422c26d2a69570231379c2abc2baa,train,0,MultifacetedAbstraction/Negative/xored_yang-ide_xored_yang-ide_com.cisco.yangide.editor.editors150YangOutlineSelectionChangedListener.code,unknown_class,False,127,127,False
be3d976908f70ef9c7bbde872551fe882e81bf28,train,0,MultifacetedAbstraction/Negative/square_burst_square_burst_com.squareup.burst14ConstructorMultipleNamedArgumentTest.code,unknown_class,False,126,126,False
789ee064f5d3eb5d1a8171e777a9540337baeb6c,train,0,MultifacetedAbstraction/Negative/cbitstech_Purple-Robot_cbitstech_Purple-Robot_edu.northwestern.cbits.purple_robot_manager57PowerHelper.code,unknown_class,False,126,126,False
226efb8478baa00e0dadb259c63145b42de9364b,train,0,MultifacetedAbstraction/Negative/wuic_wuic_wuic_wuic_com.github.wuic.config.bean.json50HeapBeanAdapterFactory.code,unknown_class,False,126,126,False
51d74c24e1d53a348bc012253afa34a77b64b1b1,train,0,MultifacetedAbstraction/Negative/FenixEdu_fenixedu-academic_FenixEdu_fenixedu-academic_org.fenixedu.academic.service.services.administrativeOffice.enrolment2166CreateExternalEnrolments.code,unknown_class,False,125,125,False
b03232a1701ee8adcb56008978fa6fbc24a19c70,train,0,MultifacetedAbstraction/Negative/openhab_openhab2_openhab_openhab2_org.openhab.binding.neato.internal.config3057NeatoAccountConfig.code,unknown_class,False,125,125,False
a98a55b0c373542139d252f16db5463fee35d508,train,0,MultifacetedAbstraction/Negative/primecloud-controller-org_primecloud-controller_primecloud-controller-org_primecloud-controller_jp.primecloud.auto.entity.crud555AwsSnapshot.code,unknown_class,False,125,125,False
798972e9d6fa7f1e93a8bb76b17185df5b958146,train,0,MultifacetedAbstraction/Negative/ceskaexpedice_kramerius_ceskaexpedice_kramerius_cz.incad.Kramerius.exts.menu.main.impl.adm.items327ParametrizedK4Replication.code,unknown_class,False,125,125,False
0a66953df2bcd6603292b40781836bf510ec98f1,train,0,MultifacetedAbstraction/Negative/ReactiveX_RxJava_ReactiveX_RxJava_io.reactivex.rxjava3.tck2408CombineLatestIterableDelayErrorTckTest.code,unknown_class,False,125,125,False
9ab5fcacc14c58ac917767c050db7e88544fed78,train,0,MultifacetedAbstraction/Negative/Netflix_zeno_Netflix_zeno_com.netflix.zeno.diff16DiffReportGenerationException.code,unknown_class,False,124,124,False
1e6eb6607f762cc0db3e2a297aab417527060774,train,0,MultifacetedAbstraction/Negative/spring-projects_spring-data-examples_spring-projects_spring-data-examples_example.model1213Customer282.code,unknown_class,False,124,124,False
e2dd3b0c361f016688f1581393510a3e1662ae83,val,0,MultifacetedAbstraction/Negative/247687009_soa_247687009_soa_io.goudai.soa.quartz.zookeeper37JobPushUtil.code,unknown_class,False,124,124,False
2692c6e31494b7a29e3f68e247d217aee8fb2c72,train,0,MultifacetedAbstraction/Negative/spring-projects_spring-data-examples_spring-projects_spring-data-examples_example.model1885Customer888.code,unknown_class,False,124,124,False
41acb360364f017b7b0ee6ff751acb226c33f211,train,0,MultifacetedAbstraction/Negative/grpc_grpc-java_grpc_grpc-java_io.grpc.testing.integration1497ClientCompressorInterceptor.code,unknown_class,False,124,124,False
229333d2d9c365dc4179dbc886aecdfe7c73b982,train,0,MultifacetedAbstraction/Negative/spring-projects_spring-data-examples_spring-projects_spring-data-examples_example.model1442Customer489.code,unknown_class,False,124,124,False
0c652830a0b09354ed53f638b956c548dececb56,train,0,MultifacetedAbstraction/Negative/spring-projects_spring-data-examples_spring-projects_spring-data-examples_example.model1881Customer884.code,unknown_class,False,124,124,False
6bd195aba15b7ede8ed6538048aed71837c1ed0d,val,0,MultifacetedAbstraction/Negative/spring-projects_spring-data-examples_spring-projects_spring-data-examples_example.model1491Customer532.code,unknown_class,False,124,124,False
99690cc685ac282df94d25bb2b517b8e364658d7,train,0,MultifacetedAbstraction/Negative/spring-projects_spring-data-examples_spring-projects_spring-data-examples_example.model45Customer103.code,unknown_class,False,124,124,False
5e7093421ade6986e37ce6cda50e36882d1f2544,train,0,MultifacetedAbstraction/Negative/spring-projects_spring-data-examples_spring-projects_spring-data-examples_example.model1385Customer437.code,unknown_class,False,124,124,False
07f872a5d79d69a7a6e512d67fbdcd0b5f74ef20,val,0,MultifacetedAbstraction/Negative/ceskaexpedice_kramerius_ceskaexpedice_kramerius_cz.incad.Kramerius.exts.menu.main.impl.adm.items325ParametrizedImport.code,unknown_class,False,124,124,False
1fdea1af9db7f13c62b665fde38b21cf49c578df,train,0,MultifacetedAbstraction/Negative/spring-projects_spring-data-examples_spring-projects_spring-data-examples_example.model1799Customer81.code,unknown_class,False,124,124,False
0425b799d649d34a6765cbc494231a7ca780e233,test,0,MultifacetedAbstraction/Negative/spring-projects_spring-data-examples_spring-projects_spring-data-examples_example.model234Customer120.code,unknown_class,False,124,124,False
76d3d4a3fff6460607ddaa2ed3c4e14540f052dd,train,0,MultifacetedAbstraction/Negative/KronicDeth_intellij-elixir_KronicDeth_intellij-elixir_org.elixir_lang.parser_definition399AtomKeywordParsingTestCase.code,unknown_class,False,124,124,False
30f8df43087230cdc63ac2e73675dd76891c6b43,test,0,MultifacetedAbstraction/Negative/virgo47_javasimon_virgo47_javasimon_org.javasimon.utils.bean376NoBackendPropertyBean.code,unknown_class,False,124,124,False
ea8dbca37be9ac5a7b66a9868598f9b746636dd0,val,0,MultifacetedAbstraction/Negative/spring-projects_spring-data-examples_spring-projects_spring-data-examples_example.model1926Customer924.code,unknown_class,False,124,124,False
37a029bc20d7a419fd87878862f34acd7568792a,train,0,MultifacetedAbstraction/Negative/spring-projects_spring-data-examples_spring-projects_spring-data-examples_example.model1441Customer488.code,unknown_class,False,124,124,False
759ab6f4140cfdcf50e6948664349219f6a0eb7a,train,0,MultifacetedAbstraction/Negative/freenet_fred_freenet_fred_freenet.support1386ReverseWalker.code,unknown_class,False,123,123,False
f5e809269a22b81feb74c4660f7fa33396f48dce,train,0,MultifacetedAbstraction/Negative/openscore_score-actions_openscore_score-actions_io.cloudslang.content.amazon.entities.constants121IamInputs.code,unknown_class,False,123,123,False
0fc09c9b7c680a73f3ad3467a53159880c122bbf,train,0,MultifacetedAbstraction/Negative/BlueBrain_bluima_BlueBrain_bluima_test2197Break.code,BlueBrain_bluima_test219,False,123,123,False
93ac62bc46d19029e77367145d25737e41a33f2e,val,0,MultifacetedAbstraction/Negative/kaazing_gateway_kaazing_gateway_org.kaazing.gateway.server.spi.security1074NamedSubjectCallback.code,unknown_class,False,123,123,False
d864da88c837bb79141699b2d641744d22b704ac,test,0,MultifacetedAbstraction/Negative/cping_RipplePower_cping_RipplePower_org.ripple.power.txns.data3130MarketDepthAsksResponse.code,unknown_class,False,122,122,False
4ce969872537e5bd1db957c7c082d4cc96e1a426,train,0,MultifacetedAbstraction/Negative/mobile-event-processing_Asper_mobile-event-processing_Asper_com.espertech.esper.view4638ViewServiceCreateResult.code,unknown_class,False,121,121,False
4cb804e14f0de0a3d0bd50b21a533464bb14b359,train,0,MultifacetedAbstraction/Negative/LapisBlue_Pore_LapisBlue_Pore_blue.lapis.pore.impl.inventory363PoreBeaconInventory.code,unknown_class,False,121,121,False
d81dc7fd2d645166ac96db5a1499c371b84603cd,test,0,MultifacetedAbstraction/Negative/rapidminer_rapidminer_rapidminer_rapidminer_com.rapidminer.gui.plotter.charts968SelectablePlotter.code,unknown_class,False,121,121,False
2f85e8a38764cb838720c068f648938458d49a45,train,0,MultifacetedAbstraction/Negative/smartparam_smartparam_smartparam_smartparam_org.smartparam.engine.core.function150UnknownFunctionInvokerException.code,unknown_class,False,121,121,False
f5d0776e9951a71d3c074eea13ed47aa0130a793,train,0,MultifacetedAbstraction/Negative/rapidminer_rapidminer_rapidminer_rapidminer_com.rapidminer.operator.generator1914RandomClassificationFunction.code,unknown_class,False,121,121,False
22e63859407cab9b6ffe6266cc61b057ebb69332,val,0,MultifacetedAbstraction/Negative/spring-projects_spring-data-examples_spring-projects_spring-data-examples_example.springdata.jpa.compositions6120EmployeeRepository.code,unknown_class,False,120,120,False
8361fdf4e8c81db54ff4004f29d67e305aa3e084,train,0,MultifacetedAbstraction/Negative/gid15_jpcsp_gid15_jpcsp_jpcsp.HLE.modules1159sceResmap_driver.code,unknown_class,False,120,120,False
6bd77408517f1763644759eae9912b52beb11603,val,0,MultifacetedAbstraction/Negative/gid15_jpcsp_gid15_jpcsp_jpcsp.HLE.modules1033sceFatMS_driver.code,unknown_class,False,120,120,False
dfff005b19a2db480a5ca463e0cccbb4a73fc90b,test,0,MultifacetedAbstraction/Negative/apache_stratos_apache_stratos_org.apache.stratos.common.beans446PropertyBean.code,unknown_class,False,120,120,False
3d6d563864c1f0b3894ff33c237bda1bdc5039aa,train,0,MultifacetedAbstraction/Negative/junkdog_entity-system-benchmarks_junkdog_entity-system-benchmarks_com.github.antag99.retinazer.system102PlainPositionSystem.code,unknown_class,False,120,120,False
ca7f600fa6a5321fc054399ead0c92aa8608d001,train,0,MultifacetedAbstraction/Negative/elastic_elasticsearch-hadoop_elastic_elasticsearch-hadoop_org.elasticsearch.hadoop.mr.security158EsTokenIdentifierTest.code,unknown_class,False,120,120,False
77de6f11efd061b22b96930793c689ec4d019d48,train,0,MultifacetedAbstraction/Negative/freenet_plugin-WebOfTrust_freenet_plugin-WebOfTrust_plugins.WebOfTrust.introduction.captcha.kaptcha.jhlabs.image236InvertFilter.code,unknown_class,False,119,119,False
e813a8a75f527a2f088cbcbad6e2e09d542e73ed,train,0,MultifacetedAbstraction/Negative/xored_yang-ide_xored_yang-ide_com.cisco.yangide.editor.editors146YangEditorSelectionChangedListener.code,unknown_class,False,119,119,False
a92445b965a65c0ea0eec1b068c40a8bdd3ebe9d,train,0,MultifacetedAbstraction/Negative/apache_struts_apache_struts_org.apache.struts2.showcase.ajax.tree1719GetCategory.code,unknown_class,False,119,119,False
6fc7a1a25ab3bf2276745daaed614e834a389579,train,0,MultifacetedAbstraction/Negative/blad_solid-android_blad_solid-android_com.btellez.solidandroid.model26Uploader.code,unknown_class,False,119,119,False
1c2ce7c6881a890315a5536fe52501e67ba2b378,train,0,MultifacetedAbstraction/Negative/consulo_consulo-dotnet_consulo_consulo-dotnet_consulo.dotnet.psi250DotNetVariable.code,unknown_class,False,119,119,False
ebe5ad975350ca821e989aa88a896ce1586f6795,train,0,MultifacetedAbstraction/Negative/miho_JCSG_miho_JCSG_eu.mihosoft.jcsg.ext.org.poly2tri101TriangulationConstraint.code,unknown_class,False,118,118,False
e1c233d900a8fe9a4333ba8fae425163656dbe9c,test,0,MultifacetedAbstraction/Negative/jphp-compiler_jphp_jphp-compiler_jphp_org.develnext.jphp.debug.impl.command381BreakpointListCommand.code,unknown_class,False,118,118,False
bcfc643c7e5294fc02d44227f477cb7410eac142,train,0,MultifacetedAbstraction/Negative/xored_yang-ide_xored_yang-ide_com.cisco.yangide.core4IYangElementChangedListener.code,unknown_class,False,118,118,False
dd03169193dc8773d900ae38ef7454f1441db5ce,train,0,MultifacetedAbstraction/Negative/KleeGroup_vertigo_KleeGroup_vertigo_io.vertigo.util1075FieldConditions.code,unknown_class,False,118,118,False
56e071bac6bd0df0a36f908ed607313d72a9a0ab,test,0,MultifacetedAbstraction/Negative/Netflix_staash_Netflix_staash_com.netflix.paas.ptp147TestPtpGuiceModule.code,unknown_class,False,118,118,False
15f82e66966dde4043d108f65b283bc9daaef676,train,0,MultifacetedAbstraction/Negative/justinsb_cloudata_justinsb_cloudata_com.cloudata.git.ddp353GitCommit.code,unknown_class,False,118,118,False
f2ed0eccb861d96f5fed8b9f8b74343b1fcaf388,val,0,MultifacetedAbstraction/Negative/apache_olingo-odata2_apache_olingo-odata2_org.apache.olingo.odata2.ref.processor1242Util.code,unknown_class,False,118,118,False
99e05fc999dd4aa34e4a0f7fc885ee4cad722ed4,val,0,MultifacetedAbstraction/Negative/fcrepo3_fcrepo_fcrepo3_fcrepo_org.fcrepo.server.security.xacml.pep.rest.filters904RESTFilter.code,unknown_class,False,118,118,False
19be4396c019d88a25cc74c7073c4bf6f0f488ec,train,0,MultifacetedAbstraction/Negative/apache_tajo_apache_tajo_org.apache.tajo.storage.pgsql1905PgSQLMetadataProvider.code,unknown_class,False,118,118,False
c1be48b129770bfcb8d9d69253b33c70ec4105b7,train,0,MultifacetedAbstraction/Negative/iipc_webarchive-commons_iipc_webarchive-commons_org.archive.format.text.html122ParseObserver.code,unknown_class,False,118,118,False
34f383bed83605555672cdf327ab38ed42ce74cc,train,0,MultifacetedAbstraction/Negative/camelinaction_camelinaction_camelinaction_camelinaction_camelinaction174ProducerTemplateInOutTest.code,unknown_class,False,118,118,False
479e85b5c765d7ff427218ece39b853302c0337e,train,0,MultifacetedAbstraction/Negative/midonet_midonet_midonet_midonet_org.midonet.util.process917RunnerConfiguration.code,unknown_class,False,117,117,False
2eb2c59512acfb1a9253547b0a0bf3e727756742,train,0,MultifacetedAbstraction/Negative/coheigea_testcases_coheigea_testcases_org.apache.coheigea.cxf.jaxrs.json.common150DoubleItAuthenticationService.code,unknown_class,False,117,117,False
141c7e87d501dea4eb1f2a7930fb31cb2f8291ce,train,0,MultifacetedAbstraction/Negative/benhysell_V.FlyoutTest_benhysell_V.FlyoutTest_android.support.v4.widget401OnCloseListenerCompat.code,unknown_class,False,117,117,False
bf8ed2e05a80d52055db59925118410dca5b2b40,train,0,MultifacetedAbstraction/Negative/PayPal_PayPal-Java-SDK_PayPal_PayPal-Java-SDK_com.paypal.api.payments38Credit.code,unknown_class,False,117,117,False
2ffb15e093ea8f05383c4b9f85526a64e68ec944,train,0,MultifacetedAbstraction/Negative/renekrie_querqy_renekrie_querqy_querqy9DMQMatcher.code,unknown_class,False,117,117,False
c12511bb2450bf1b049415c375ffa221c309b4e3,train,0,MultifacetedAbstraction/Negative/querydsl_querydsl_querydsl_querydsl_com.querydsl.codegen619SupertypeSerializer.code,unknown_class,False,117,117,False
f77c64adc668032cfe6327b0be6458df447ba834,train,0,MultifacetedAbstraction/Negative/TwidereProject_Twidere-Android_TwidereProject_Twidere-Android_org.mariotaku.twidere.util.support660ViewAccessorICS.code,unknown_class,False,117,117,False
ab72a90401ec854f0edcc393001d05af04cdf099,train,0,MultifacetedAbstraction/Negative/midonet_midonet_midonet_midonet_org.midonet.netlink.rtnetlink636NestedAttrKey.code,unknown_class,False,117,117,False
933c4b43987c7e20f9136571097934bf228d2f5f,train,0,MultifacetedAbstraction/Negative/wildflyext_wildfly-camel_wildflyext_wildfly-camel_org.wildfly.extension.camel.security843ClientAuthorizationPolicy.code,unknown_class,False,117,117,False
f6b43c53bf7d882b6626f2214b0871207d27472f,train,0,MultifacetedAbstraction/Negative/project-ncl_pnc_project-ncl_pnc_org.jboss.pnc.integration.websockets631NotificationCollector.code,unknown_class,False,116,116,False
08ec64a6c168ef419cd6f1e1b9015260d500fda5,train,0,MultifacetedAbstraction/Negative/larsgrefer_android-library_larsgrefer_android-library_io.freefair.android.injection.reflection46FieldAnnotationPredicate.code,unknown_class,False,116,116,False
cb98317176bebb0bc34e8cd9fb94a62df56f346d,train,0,MultifacetedAbstraction/Negative/MCTCP_TerrainControl_MCTCP_TerrainControl_com.khorn.terraincontrol.generator.biome.layers290LayerEmpty.code,unknown_class,False,116,116,False
06a199ffe46c9cded3797e0940d41f1be4f465eb,val,0,MultifacetedAbstraction/Negative/RuedigerMoeller_kontraktor_RuedigerMoeller_kontraktor_org.nustaq.kontraktor.webapp.javascript380FileResolver.code,unknown_class,False,116,116,False
3028cb4b0cbdc24bcc0eabe9876ddc7f80e90ac4,val,0,MultifacetedAbstraction/Negative/apache_struts_apache_struts_org.apache.struts2.showcase.ajax1714AjaxTestAction.code,unknown_class,False,116,116,False
4a6764a76a394e902f276a4ab7577a8bd077488d,train,0,MultifacetedAbstraction/Negative/cping_RipplePower_cping_RipplePower_org.ripple.power.txns2947ExchangeOffer.code,unknown_class,False,115,115,False
cc9aa2b7e89be49b345aaadcaa411428e36d2bd4,train,0,MultifacetedAbstraction/Negative/aol_simple-react_aol_simple-react_com.oath.cyclops.internal.stream.spliterators.push.filter321FilterRangeLongTckPublisherTest.code,unknown_class,False,115,115,False
6c78e9b3dcb208c997e79f1b8cc2ed69b4a5f5bc,train,0,MultifacetedAbstraction/Negative/openhab_openhab2_openhab_openhab2_org.openhab.binding.dlinksmarthome.internal.motionsensor784DLinkMotionSensorConfig.code,unknown_class,False,115,115,False
97a22e0c7557408a677f274b4b0e60b0cafcee47,train,0,MultifacetedAbstraction/Negative/tlaukkan_zigbee4java_tlaukkan_zigbee4java_org.bubblecloud.zigbee.api.cluster.impl.security_safety.ias_ace376ArmResponseImpl.code,unknown_class,False,115,115,False
ea1d2f4bd745d560ec2b59debf95d9ccb8d715cb,test,0,MultifacetedAbstraction/Negative/caskdata_cdap_caskdata_cdap_io.cdap.cdap.api.dataset.lib.partitioned402Limit.code,unknown_class,False,115,115,False
f9d768e3f820d5c21f4e5b085b004e9261dbf814,train,0,MultifacetedAbstraction/Negative/yfain_java24hourtrainer2ndedition_yfain_java24hourtrainer2ndedition_nio173TestReadAllNio.code,unknown_class,False,115,115,False
ce3f195b942d131eb8585d5de1d4ed279ac58960,train,0,MultifacetedAbstraction/Negative/clinejj_foursquare-api-java_clinejj_foursquare-api-java_fi.foyt.foursquare.api.entities48Mayor.code,unknown_class,False,115,115,False
51450b1b0f72d6c6709d887b6fcc448b85c7d2b8,train,0,MultifacetedAbstraction/Negative/couchbase_couchbase-jvm-core_couchbase_couchbase-jvm-core_com.couchbase.client.core.annotations27InterfaceAudience.code,unknown_class,False,114,114,False
ba0cdfe36345796d0ef156d9108158237cfe1469,train,0,MultifacetedAbstraction/Negative/google_guava_google_guava_com.google.common.html2112HtmlEscapersTest_gwt.code,unknown_class,False,114,114,False
fbfddb42f7efb36a575dfe5aa8cd381392b09bbe,train,0,MultifacetedAbstraction/Negative/WebGoat_WebGoat_WebGoat_WebGoat_org.owasp.webgoat.users231UserServiceTest.code,unknown_class,False,114,114,False
95511d382530bb18b8e1de1d5eea4d7e660e53a1,train,0,MultifacetedAbstraction/Negative/SpongePowered_SpongeAPI_SpongePowered_SpongeAPI_org.spongepowered.api.event.user1273PardonUserEvent.code,unknown_class,False,114,114,False
f430931eee5cb86d6f867c0a51bd213ce8d060fe,train,0,MultifacetedAbstraction/Negative/rapidminer_rapidminer_rapidminer_rapidminer_com.rapidminer.operator.features.weighting1863GiniWeighting.code,unknown_class,False,114,114,False
356fa5c43ff6624f561e5c82d453c6f7dce091f9,train,0,MultifacetedAbstraction/Negative/kaazing_k3po_kaazing_k3po_org.kaazing.k3po.driver.internal.behavior.handler.event145ChildClosedHandler.code,unknown_class,False,114,114,False
aaa0b54cd2950b40ba0a0e80aa33d95c8984fb4f,train,0,MultifacetedAbstraction/Negative/datanucleus_datanucleus-core_datanucleus_datanucleus-core_org.datanucleus.exceptions202UnsupportedConnectionFactoryException.code,unknown_class,False,114,114,False
80ed32717a61fb217cbdaf6320926632f4fb69fe,test,0,MultifacetedAbstraction/Negative/Baqend_Orestes-Bloomfilter_Baqend_Orestes-Bloomfilter_orestes.bloomfilter5HashFunction.code,unknown_class,False,113,113,False
8e18c85393495a20788b2d7fe011e00c44a35a3e,train,0,MultifacetedAbstraction/Negative/reveal-technologies_sitewhere_reveal-technologies_sitewhere_com.sitewhere.microservice.kafka678DecodedEventsProducer.code,unknown_class,False,113,113,False
b094c6df524eec079f3f1aa2ef8cf488f6f75254,test,0,MultifacetedAbstraction/Negative/pushtorefresh_bamboo-storage_pushtorefresh_bamboo-storage_com.pushtorefresh.storio3.contentresolver.annotations53BoxedTypesFieldsIgnoreNullStorIOContentResolverDeleteResolver.code,unknown_class,False,113,113,False
0139d4c2a0d1ad006f1d67205f8a97e14f97cbd4,train,0,MultifacetedAbstraction/Negative/rancherio_cattle_rancherio_cattle_io.cattle.platform.agent.instance.dao49AgentInstanceDao.code,unknown_class,False,113,113,False
29dd0eb655614d405361a94bb28bb25c77443af8,val,0,MultifacetedAbstraction/Negative/vanita5_twittnuker_vanita5_twittnuker_de.vanita5.twittnuker.util.support.view654ViewOutlineProviderL.code,unknown_class,False,113,113,False
171163015d389d27cd55021e53c944e03e4b2ab9,test,0,MultifacetedAbstraction/Negative/apache_incubator-wave_apache_incubator-wave_org.waveprotocol.wave.model.document.operation.impl2507DocOpBuffer.code,unknown_class,False,113,113,False
80f6c0143a496f66880bba006c57c7c2abb7b918,val,0,MultifacetedAbstraction/Negative/openhab_openhab2_openhab_openhab2_org.openhab.binding.boschindego.internal480IndegoStateConstants.code,unknown_class,False,113,113,False
097576686b2628341073c5d1807644b1444e187b,train,0,MultifacetedAbstraction/Negative/benhysell_V.FlyoutTest_benhysell_V.FlyoutTest_android.support.v4.view327ViewPositionComparator.code,unknown_class,False,112,112,False
ac4053ae7c64051c6936930125efbc0cc925b205,train,0,MultifacetedAbstraction/Negative/openhab_openhab2_openhab_openhab2_org.openhab.binding.toon.internal.api4776ToonConnectionException.code,unknown_class,False,112,112,False
414a5cda602775ea9db23fbc5dbc9d591acf0b3d,train,0,MultifacetedAbstraction/Negative/pedropaulovc_aws-flow-maven-eclipse-samples_pedropaulovc_aws-flow-maven-eclipse-samples_com.amazonaws.services.simpleworkflow.flow.examples.periodicworkflow75PeriodicWorkflow.code,unknown_class,False,112,112,False
16da0b5cf2f82ae755ffe093f8f16d394cfd1ac5,train,0,MultifacetedAbstraction/Negative/apache_incubator-blur_apache_incubator-blur_org.apache.blur.thirdparty.thrift_0_9_0851TException.code,unknown_class,False,112,112,False
49516f260b258e7f1fae5ef68294e55e8ecfa13c,train,0,MultifacetedAbstraction/Negative/JorgeCastilloPrz_Corleone_JorgeCastilloPrz_Corleone_com.github.jorgecastilloprz.corleone.sample.ui.mainthread72MainThreadImpl.code,unknown_class,False,111,111,False
b5a1ef3538a4385e4374654626acc8db9e544b81,train,0,MultifacetedAbstraction/Negative/mobile-event-processing_Asper_mobile-event-processing_Asper_com.espertech.esper.support.bean4098SupportBeanDuckTypeOne.code,unknown_class,False,111,111,False
59464fd8892df14f352c4eaee30cfc3e0cbd5c7a,train,0,MultifacetedAbstraction/Negative/jbruchanov_AnUitor_jbruchanov_AnUitor_fi.iki.elonen225ResponseException.code,unknown_class,False,111,111,False
1871cd01fd39de999596af8b17e2a7f9d128ee27,test,0,MultifacetedAbstraction/Negative/reinert_requestor_reinert_requestor_io.reinert.requestor76ResponseInterceptorContext.code,unknown_class,False,111,111,False
c9cc93a5fda8f2b290b42e925c0789015ac78dce,train,0,MultifacetedAbstraction/Negative/Evolveum_midpoint_Evolveum_midpoint_com.evolveum.midpoint.prism1304ParserInputStreamSource.code,unknown_class,False,111,111,False
318d078820167775b9cd96fd44049c204c28107d,test,0,MultifacetedAbstraction/Negative/amutu_tdw_amutu_tdw_org.apache.hadoop.hive.ql.udf.generic3676StdAgg.code,unknown_class,False,111,111,False
83142cc752965611c836d8158cc7ff3bfad34e52,val,0,MultifacetedAbstraction/Negative/Jaspersoft_jrs-rest-java-client_Jaspersoft_jrs-rest-java-client_com.jaspersoft.jasperserver.jaxrs.client.apiadapters.thumbnails145ThumbnailsService.code,unknown_class,False,110,110,False
a3e3ebed139445c1e1982470d1d93e6a4202a37f,train,0,MultifacetedAbstraction/Negative/google_guava_google_guava_com.google.common.collect542CountingSupplier.code,unknown_class,False,110,110,False
65fd536d51b492039fd006f112f80688724eeb6f,train,0,MultifacetedAbstraction/Negative/apache_struts_apache_struts_org.apache.struts2.showcase.hangman1774HangmanException.code,unknown_class,False,110,110,False
938331dc58a04636d05b35c57dc30dc48089b873,train,0,MultifacetedAbstraction/Negative/clinejj_foursquare-api-java_clinejj_foursquare-api-java_fi.foyt.foursquare.api.entities51PhotoGroup.code,unknown_class,False,110,110,False
d67c889fa55d466f838c284f2d177f576d90b35a,train,0,MultifacetedAbstraction/Negative/marklogic_java-client-api_marklogic_java-client-api_com.marklogic.client.impl634ByExample.code,unknown_class,False,109,109,False
0850b7fb553f08882eee1536b65a76bda16270ed,train,0,MultifacetedAbstraction/Negative/apache_struts_apache_struts_com.opensymphony.xwork2.ognl370BadJavaBean.code,unknown_class,False,109,109,False
8bcdd20ecafeb1e76ff66a977cb5fe2e53ee2433,train,0,MultifacetedAbstraction/Negative/ceskaexpedice_kramerius_ceskaexpedice_kramerius_cz.incad.Kramerius.exts.menu.context.impl.adm.items279Rights.code,unknown_class,False,109,109,False
c2fb58dcb314c3af69f894f1d8fe46ea2aaf5108,val,0,MultifacetedAbstraction/Negative/WhisperSystems_TextSecure-Server_WhisperSystems_TextSecure-Server_org.whispersystems.dispatch.redis13TrickleInputStream.code,unknown_class,False,109,109,False
d3bd934e380f1c3f0317143357a4ce7e1ca91fcc,test,0,MultifacetedAbstraction/Negative/neo4j_neo4j-ogm_neo4j_neo4j-ogm_org.neo4j.ogm.domain.simpleNetwork.abstractions522AbstractStateNode.code,unknown_class,False,109,109,False
59de9f3c8a621a5ed7b2b6a51031a69827619b17,train,0,MultifacetedAbstraction/Negative/scriptella_scriptella-etl_scriptella_scriptella-etl_scriptella.driver.spring183SpringProviderException.code,unknown_class,False,109,109,False
c6d113021d2e93edf7f1ed3fa3074200e6a37c65,val,0,MultifacetedAbstraction/Negative/kaazing_gateway_kaazing_gateway_org.kaazing.gateway.transport.ssl1983EncryptionDisabledFilter.code,unknown_class,False,108,108,False
6f8a9049d68ab3f427a46896cf20500f69c3469b,train,0,MultifacetedAbstraction/Negative/infiniteautomation_modbus4j_infiniteautomation_modbus4j_com.serotonin.modbus4j.exception181SlaveIdNotEqual.code,unknown_class,False,108,108,False
72eefc8d92c107accf09d29f5e1bef316a0107a8,train,0,MultifacetedAbstraction/Negative/apache_incubator-reef_apache_incubator-reef_org.apache.reef.runtime.common.driver.defaults1133DefaultTaskRunningHandler.code,unknown_class,False,108,108,False
af0f5d54073b6413cf6c2ea547adb0249bc6699e,train,0,MultifacetedAbstraction/Negative/GlowstoneMC_Glowstone_GlowstoneMC_Glowstone_net.glowstone.entity.monster454GlowBlazeTest.code,unknown_class,False,108,108,False
68cc6720daa8e74f12cd4345da8f0dce200e7695,train,0,MultifacetedAbstraction/Negative/nemerosa_ontrack_nemerosa_ontrack_net.nemerosa.ontrack.extension.artifactory.property196ArtifactoryPromotionSyncProperty.code,unknown_class,False,108,108,False
4a8732b496fd2af37ac79121d0fe9775f73a18d9,train,0,MultifacetedAbstraction/Negative/spring-projects_spring-data-examples_spring-projects_spring-data-examples_example.springdata.jpa.compositions6118ContactRepositoryImpl.code,unknown_class,False,108,108,False
5df5722f2da17a5bdf3d24c2ce83f1e1e5259c22,train,0,MultifacetedAbstraction/Negative/guardianproject_ChatSecureAndroid_guardianproject_ChatSecureAndroid_info.guardianproject.otr.app.im.app45BlockedContactsAdapter.code,unknown_class,False,108,108,False
cc21616bb9b5393bf8346975a90793456f51427e,val,0,MultifacetedAbstraction/Negative/KronicDeth_intellij-elixir_KronicDeth_intellij-elixir_org.elixir_lang.psi.impl1030StubbedPsiElementBase.code,unknown_class,False,108,108,False
9c95e85eccf6e2b55265ee61e7a4c599b524df0d,test,0,MultifacetedAbstraction/Negative/RentTheRunway2_alchemy_RentTheRunway2_alchemy_io.rtr.alchemy.service.metrics155JmxMetricsManaged.code,unknown_class,False,108,108,False
d17f9b44f3379422072a5f1afb4744aef84eb440,val,0,MultifacetedAbstraction/Negative/WhisperSystems_TextSecure-Server_WhisperSystems_TextSecure-Server_org.whispersystems.websocket.auth344AuthenticationResult.code,unknown_class,False,108,108,False
c8b31a955d166755e9cb565bd1045b6b7ee7d0a5,train,0,MultifacetedAbstraction/Negative/apache_tajo_apache_tajo_org.apache.tajo.engine.function.builtin463MaxString.code,unknown_class,False,108,108,False
3845e61a63d944fd75533d28a4446ddb66b1f2f8,test,0,MultifacetedAbstraction/Negative/Netflix_spectator_Netflix_spectator_com.netflix.spectator.api52MeasurementTest.code,unknown_class,False,108,108,False
147390605c289cf1d2baad6c05538b37b26b63df,train,0,MultifacetedAbstraction/Negative/vert-x3_vertx-codegen_vert-x3_vertx-codegen_io.vertx.codegen.testmodel67CharacterHandlerTestMap.code,unknown_class,False,107,107,False
484ee7d31227197c051d5fc2f9d11760b6d9e2ea,train,0,MultifacetedAbstraction/Negative/bedrin_jdbc-sniffer_bedrin_jdbc-sniffer_io.sniffy.sql132SqlExpectation_MinQueries.code,unknown_class,False,107,107,False
c89c89b9a178dd64988067da0eb81eef47435b93,val,0,MultifacetedAbstraction/Negative/vert-x3_vertx-codegen_vert-x3_vertx-codegen_io.vertx.codegen.testmodel107IntegerHandlerTestMap.code,unknown_class,False,107,107,False
58527fddea6feea2f59210e54c5733719aa35594,train,0,MultifacetedAbstraction/Negative/FenixEdu_fenixedu-academic_FenixEdu_fenixedu-academic_org.fenixedu.academic.ui.renderers.providers2716DegreesProvider.code,unknown_class,False,107,107,False
870bc61f5007102a5468ed345c8a1e097e183ba8,test,0,MultifacetedAbstraction/Negative/twitter_cloudhopper-commons_twitter_cloudhopper-commons_com.cloudhopper.commons.io58FileChangedListener.code,unknown_class,False,106,106,False
e8eabd1025fe5c6c2739f557b0ec5d85c245d70d,train,0,MultifacetedAbstraction/Negative/davidmoten_rxjava-jdbc_davidmoten_rxjava-jdbc_com.github.davidmoten.rx.jdbc47IndexedCol.code,unknown_class,False,106,106,False
c3aded147a0ffb26e6232a8df984f645413d9599,train,0,MultifacetedAbstraction/Negative/apache_olingo-odata2_apache_olingo-odata2_org.apache.olingo.odata2.api.ep.feed224ODataFeed.code,unknown_class,False,106,106,False
65ab7c9266e27d9cf525327b29ec78e497d36fc1,train,0,MultifacetedAbstraction/Negative/TomasMikula_ReactFX_TomasMikula_ReactFX_org.reactfx.util282PentaFunction.code,unknown_class,False,105,105,False
a81c839bf198c16051787c75920e7488c2167efe,train,0,MultifacetedAbstraction/Negative/igniterealtime_Openfire_igniterealtime_Openfire_org.jivesoftware.openfire.nio562XMPPEncoder.code,unknown_class,False,105,105,False
f85f1afff1b02df67948cb93aebee91497f6d5ef,train,0,MultifacetedAbstraction/Negative/openhab_openhab2_openhab_openhab2_org.openhab.binding.satel.internal.config4231IntRSConfig.code,unknown_class,False,105,105,False
a51754360ca7dc5d1920c4f472a2bb154a9b8e8a,test,0,MultifacetedAbstraction/Negative/247687009_soa_247687009_soa_io.goudai.soa.util53StringUtils.code,unknown_class,False,105,105,False
f52abdc497811a47064acb3bd24e17d29fc93128,test,0,MultifacetedAbstraction/Negative/intercom_intercom-java_intercom_intercom-java_io.intercom.api83NotificationCollection.code,unknown_class,False,105,105,False
d7a86cf059e0d3e0a55532bccd048ac559608e2a,train,0,MultifacetedAbstraction/Negative/reds-heig_logisim-evolution_reds-heig_logisim-evolution_com.cburch.logisim.std.base806Strings.code,unknown_class,False,105,105,False
1de16fd80b689bd74aba703626b7d619f17610de,train,0,MultifacetedAbstraction/Negative/cloud-software-foundation_c5_cloud-software-foundation_c5_org.apache.hadoop.hbase.ipc.protobuf.generated1130EchoResponseProtoOrBuilder.code,unknown_class,False,105,105,False
1dc54cabcfb2e548f92a5098014ef79926a5fe0a,val,0,MultifacetedAbstraction/Negative/Putnami_putnami-web-toolkit_Putnami_putnami-web-toolkit_fr.putnami.pwt.core.widget.client347OutputStaticText.code,unknown_class,False,104,104,False
be237da557e07087de37d65ddc8ec97a1b74cab9,val,0,MultifacetedAbstraction/Negative/apache_curator_apache_curator_org.apache.curator.framework.recipes.locks337PredicateResults.code,unknown_class,False,104,104,False
9ece962334e3c59e7d3dfcccf0a44cc909463ae3,train,0,MultifacetedAbstraction/Negative/opendaylight_controller_opendaylight_controller_org.opendaylight.controller.cluster.access.concepts278SuccessEnvelope.code,unknown_class,False,104,104,False
3b21bea9adcd1dbdd5fa8e981794c03db73a98a7,train,0,MultifacetedAbstraction/Negative/EmirWeb_liason_EmirWeb_liason_mobi.liason.sample.product.tasks98ProductResponse.code,unknown_class,False,104,104,False
8c22f8a75bc9bb298297efb8010a810383964527,train,0,MultifacetedAbstraction/Negative/nemerosa_ontrack_nemerosa_ontrack_net.nemerosa.ontrack.json696JDKYearMonthSerializer.code,unknown_class,False,104,104,False
f7fa166d227015ac6210abb2dc0d4140bd9137a1,train,0,MultifacetedAbstraction/Negative/bardsoftware_ganttproject_bardsoftware_ganttproject_biz.ganttproject.core.chart.canvas27Rectangle.code,unknown_class,False,104,104,False
284a4403d2edff594a27be911fc7313aa5c0cd33,train,0,MultifacetedAbstraction/Negative/mucommander_mucommander_mucommander_mucommander_com.mucommander.ui.main.tabs1212LockedIcon.code,unknown_class,False,104,104,False
02c3882e877294451c980d882da3772b560adf8b,train,0,MultifacetedAbstraction/Negative/SpoutDev_Vanilla_SpoutDev_Vanilla_org.spout.vanilla.protocol.rcon1005RconConfiguration.code,unknown_class,False,103,103,False
e6fa4cecbd7e0265849656426cd79b8062c13990,train,0,MultifacetedAbstraction/Negative/caskdata_cdap_caskdata_cdap_io.cdap.cdap.runtime.spi.provisioner4879RetryableProvisionException.code,unknown_class,False,103,103,False
938aeebc2edba0b30c4b22956d8b0d6d779d08d5,train,0,MultifacetedAbstraction/Negative/Hive2Hive_PeerBox_Hive2Hive_PeerBox_org.peerbox.filerecovery131IFileRecoveryHandler.code,unknown_class,False,103,103,False
d0a3ca366d85e6effe5266bc0739fb803edd531d,train,0,MultifacetedAbstraction/Negative/rundeck_rundeck_rundeck_rundeck_com.dtolabs.rundeck.core.execution249ExecutionNotFound.code,unknown_class,False,103,103,False
6313ddfdb6402362d0ed541f682ce53e2b293d36,train,0,MultifacetedAbstraction/Negative/iluwatar_java-design-patterns_iluwatar_java-design-patterns_com.iluwatar.event.aggregator385Scout.code,unknown_class,False,103,103,False
481215159bde257585a61cbde5afddcbdd1ed71e,train,0,MultifacetedAbstraction/Negative/BlueBrain_bluima_BlueBrain_bluima_ch.epfl.bbp.io72CharacterIterator.code,unknown_class,False,102,102,False
67957f2172b1b1517b3db464f5b06d8ea2283e23,train,0,MultifacetedAbstraction/Negative/aparapi_aparapi_aparapi_aparapi_com.amd.aparapi.internal.instruction64BinaryOperator.code,unknown_class,False,102,102,False
493e538159f0492cc75e444b8a365145bfb08fb3,train,0,MultifacetedAbstraction/Negative/ceskaexpedice_kramerius_ceskaexpedice_kramerius_cz.incad.Solr1197FacetInfo.code,unknown_class,False,102,102,False
1be2cdf6778129bc078e21d367789836dfb5122b,train,0,MultifacetedAbstraction/Negative/englishtown_vertx-cassandra_englishtown_vertx-cassandra_com.englishtown.vertx.cassandra.guice6GuiceZooKeeperCassandraBinder.code,unknown_class,False,102,102,False
585eb72fbebeb40c1faa0ec7d891a09174e2ac30,train,0,MultifacetedAbstraction/Negative/stagemonitor_stagemonitor_stagemonitor_stagemonitor_org.stagemonitor.web.servlet.health576HealthCheckServlet.code,unknown_class,False,102,102,False
ae04c80dd562184b48bca62c6e98f3bad2f3314f,train,0,MultifacetedAbstraction/Negative/ethereum_ethereumj_ethereum_ethereumj_org.ethereum.datasource251Writer.code,unknown_class,False,102,102,False
8ad29356564e69dad2b0de2f503e72835f1cffbc,train,0,MultifacetedAbstraction/Negative/aima-java_aima-java_aima-java_aima-java_aima.core.logic.fol167Quantifiers.code,unknown_class,False,102,102,False
b99aba3bc5b1f89d8217aae041cadf5332a3b031,train,0,MultifacetedAbstraction/Negative/openhab_openhab2_openhab_openhab2_org.openhab.binding.openuv.internal.json3572OpenUVResponse.code,unknown_class,False,102,102,False
327f66eb9d6a69af4c7ed59552112410759ece06,train,0,MultifacetedAbstraction/Negative/linkedin_gobblin_linkedin_gobblin_org.apache.gobblin.metrics.notification1805MetricContextCleanupNotification.code,unknown_class,False,102,102,False
14121b4db4c499b4aee3838d5ff6d9952bf240c0,train,0,MultifacetedAbstraction/Negative/naver_pinpoint_naver_pinpoint_com.navercorp.pinpoint.bootstrap.util.spring534PlaceholderResolver.code,unknown_class,False,101,101,False
4e4e1f7189e69c15d539564ae1f43837e730c476,train,0,MultifacetedAbstraction/Negative/talenguyen_PrettySharedPreferences_talenguyen_PrettySharedPreferences_com.tale.prettysharedpreferences.sample19StringEditTask.code,unknown_class,False,101,101,False
cc1d227a7b2d646a001cabdcac818f2015884262,train,0,MultifacetedAbstraction/Negative/apache_knox_apache_knox_org.apache.knox.gateway100TestServiceDispatchFilter.code,unknown_class,False,101,101,False
66f62a0bc65277b0c00a0a5d18855be191233499,train,0,MultifacetedAbstraction/Negative/whatscloud_whatscloud-android_whatscloud_whatscloud-android_com.actionbarsherlock.app16OnNavigationListener.code,unknown_class,False,101,101,False
bca285aebf6044f1ab94448ed07ba53c53d76039,train,0,MultifacetedAbstraction/Negative/bitcoinj_bitcoinj_bitcoinj_bitcoinj_org.bitcoinj.jni282NativeScriptsChangeEventListener.code,unknown_class,False,101,101,False
be6278e20442e9905412dcefde2331d6b4921667,train,0,MultifacetedAbstraction/Negative/pushtorefresh_bamboo-storage_pushtorefresh_bamboo-storage_com.pushtorefresh.storio3.contentresolver.annotations113PrimitiveFieldsStorIOContentResolverDeleteResolver.code,unknown_class,False,101,101,False
4393017269015575f54423c1153c08183278d97e,test,0,MultifacetedAbstraction/Negative/hal_circuit_hal_circuit_org.jgrapht88VertexFactory.code,unknown_class,False,101,101,False
455b068a3522ec8631b9c809c873d1c25068db1c,train,0,MultifacetedAbstraction/Negative/google_guava_google_guava_com.google.common.testing2715DefaultValueForPackagePrivateMethodResolvedToStringChecker.code,unknown_class,False,100,100,False
2c4d9e747bf5598ba12ad81f72692d54e15e7828,test,0,MultifacetedAbstraction/Negative/mcupak_beacon-of-beacons_mcupak_beacon-of-beacons_com.dnastack.bob.service.converter.api88Converter.code,unknown_class,False,100,100,False
b85121220e182f332326a2a1db6753d5a0b93499,train,0,MultifacetedAbstraction/Negative/aima-java_aima-java_aima-java_aima-java_aima.test.core.unit.search.uninformed873TestEnvironmentView.code,unknown_class,False,100,100,False
4b39602e86a351e0e0b3a4ffac11ac5d1840e786,val,0,MultifacetedAbstraction/Negative/apache_incubator-reef_apache_incubator-reef_org.apache.reef.examples.suspend462RuntimeErrorHandler.code,unknown_class,False,100,100,False
bed345d332230b8e0a12a228740c9ed0bc097f81,train,0,MultifacetedAbstraction/Negative/operasoftware_operaprestodriver_operasoftware_operaprestodriver_com.opera.core.systems.scope.protos509TransportMessageOrBuilder.code,unknown_class,False,100,100,False
68ccb350afe02428a8fc5a29be449471b1c5fbbe,val,0,MultifacetedAbstraction/Negative/cloud-software-foundation_c5_cloud-software-foundation_c5_org.apache.hadoop.hbase.procedure1520OperationAnswer.code,unknown_class,False,100,100,False
d3bf9c9266ac96606b0111402fb62ea249e5d6fc,train,0,MultifacetedAbstraction/Negative/OpenHFT_Chronicle-Map_OpenHFT_Chronicle-Map_net.openhft.chronicle.map.fromdocs366MarketPx.code,unknown_class,False,100,100,False
0976ebaac42d25f6f63931c4c79bc8513389315b,train,0,MultifacetedAbstraction/Negative/ymback_NGA-CLIENT-VER-OPEN-SOURCE_ymback_NGA-CLIENT-VER-OPEN-SOURCE_sp.phone.http.bean135AdminForumsData.code,unknown_class,False,99,99,False
c94e4317301c2dc5e3066ffc92a78eebe184674a,test,0,MultifacetedAbstraction/Negative/Roanis_atg-tdd_Roanis_atg-tdd_com.roanis.tdd.core9MissingDataException.code,unknown_class,False,99,99,False
94a0815c18fc7b46941512301d1c28e916d88069,train,0,MultifacetedAbstraction/Negative/sonyxperiadev_gerrit-events_sonyxperiadev_gerrit-events_com.sonymobile.tools.gerrit.gerritevents5GerritCmdRunner2.code,unknown_class,False,99,99,False
5868b21da24262022aa9029691a4ef194d006f4a,train,0,MultifacetedAbstraction/Negative/naver_pinpoint_naver_pinpoint_com.navercorp.pinpoint.rpc.packet4369AlreadyKnown.code,unknown_class,False,99,99,False
ca49f9a867dcd3de1ac3fa7f047035a8ced4a97e,val,0,MultifacetedAbstraction/Negative/openlvc_portico_openlvc_portico_hla.rti1516e.exceptions537InvalidTransportationType.code,unknown_class,False,99,99,False
3cb679369604b081d5775f5c6c40a4395ebbba4a,test,0,MultifacetedAbstraction/Negative/rapidminer_rapidminer_rapidminer_rapidminer_com.rapidminer.gui.actions308AnovaCalculatorAction.code,unknown_class,False,99,99,False
d96d74e5273f1ec0970029864d9de2bfc04ae571,train,0,MultifacetedAbstraction/Negative/kaazing_k3po_kaazing_k3po_org.kaazing.k3po.driver.internal.netty.bootstrap254BootstrapException.code,unknown_class,False,99,99,False
6061b8519de16b3936548311421f068eb6ef857d,train,0,MultifacetedAbstraction/Negative/tuguangquan_mybatis_tuguangquan_mybatis_org.apache.ibatis.builder.annotation37MethodResolver.code,unknown_class,False,98,98,False
8f57c9f5cf67df01b011c9550a21a368f274e631,test,0,MultifacetedAbstraction/Negative/gosu-lang_gosu-lang_gosu-lang_gosu-lang_gw.util2930LRUCache.code,unknown_class,False,98,98,False
6a74912cff321dd3e1ac868d0ab5edcdaace7aa1,test,0,MultifacetedAbstraction/Negative/apache_incubator-reef_apache_incubator-reef_org.apache.reef.runtime.common.driver.defaults1131DefaultTaskFailureHandler.code,unknown_class,False,98,98,False
8d065d0624d76260b214915973dca0a08ff47f8a,train,0,MultifacetedAbstraction/Negative/querydsl_querydsl_querydsl_querydsl_com.querydsl.apt.domain359QuerySuperTypeTest.code,unknown_class,False,98,98,False
d995d59f89d0ea74c1b0a24e055784689edc86ad,train,0,MultifacetedAbstraction/Negative/openlvc_portico_openlvc_portico_org.portico.impl.hla1516.types904HLA1516FederateHandleSetFactory.code,unknown_class,False,98,98,False
ca873fdddcf48998308b0a2de120f1b3d0291dc7,val,0,MultifacetedAbstraction/Negative/jansorg_BashSupport_jansorg_BashSupport_com.ansorgit.plugins.bash.lang.psi.stubs.index631BashIndexVersion.code,unknown_class,False,98,98,False
d21ba4e27039556ee18250a41749dd43970ace10,train,0,MultifacetedAbstraction/Negative/getsentry_raven-java_getsentry_raven-java_io.sentry.time211Clock.code,unknown_class,False,98,98,False
0371a8cdb9bcf813ea49836cf6e7ace1a7172556,train,0,MultifacetedAbstraction/Negative/linkedin_gobblin_linkedin_gobblin_org.apache.gobblin.data.management.copy957VersionFinderDoNothingForTest.code,unknown_class,False,98,98,False
337d87e8c833143d4e0634d25706bb5454b8eaef,train,0,MultifacetedAbstraction/Negative/naver_pinpoint_naver_pinpoint_com.sun.management6104OperatingSystemMXBean.code,unknown_class,False,98,98,False
6e539b5189865b4fbe6e499dcca32324aeed2cbf,train,0,MultifacetedAbstraction/Negative/neuroph_master_neuroph_master_org.neuroph.core.learning.stop507StopCondition.code,unknown_class,False,97,97,False
1990a96393cfa120f84fa2b62f1de4f1dd8ba250,train,0,MultifacetedAbstraction/Negative/caskdata_cdap_caskdata_cdap_io.cdap.cdap.data2.util.hbase2261HTableNameConverterTest.code,unknown_class,False,97,97,False
24d9d2ecc90a0ef72c1b4eb7c6c2c29708887b99,test,0,MultifacetedAbstraction/Negative/yegor256_netbout_yegor256_netbout_com.netbout.spi230UnknownAliasException.code,unknown_class,False,97,97,False
7c9ce406343f0350f83bfe62c85bf6571ba3dc4a,train,0,MultifacetedAbstraction/Negative/naver_pinpoint_naver_pinpoint_com.navercorp.pinpoint.web.view5772AgentTimeHistogramSummarySerializer.code,unknown_class,False,97,97,False
98e2fa27372b8fa2fe164746e71809ae23176188,train,0,MultifacetedAbstraction/Negative/infinum_android_dbinspector_infinum_android_dbinspector_im.dino.dbview.exampleapp.models20Article.code,unknown_class,False,97,97,False
c71cdd95c32d8775994eca16cc2f193e3c32530d,train,0,MultifacetedAbstraction/Negative/ic3fox_jawr-main-repo_ic3fox_jawr-main-repo_net.jawr.spring.resource.generator37SampleCssGenerator.code,unknown_class,False,97,97,False
d1c420cb19dc4926197ecc4e784474dcd1d99fb6,train,0,MultifacetedAbstraction/Negative/google_closure-compiler_google_closure-compiler_com.google.javascript.jscomp1202SwitchCase.code,unknown_class,False,96,96,False
2ebdc9d40f8e4078b1e3e84efd5bbd0b42eba140,train,0,MultifacetedAbstraction/Negative/ReactiveX_RxJava_ReactiveX_RxJava_io.reactivex.rxjava3.tck2426DeferTckTest.code,unknown_class,False,96,96,False
8efb1ac077edc2b7da5943f8a12196a51fdc4db2,train,0,MultifacetedAbstraction/Negative/syncany_syncany_syncany_syncany_org.syncany.tests.integration.scenarios.framework547ChangeTypeFileToSymlinkWithNonExistingTarget.code,unknown_class,False,95,95,False
2fe75499eed157a3c03b1b2bf21b31783d5bc5d2,train,0,MultifacetedAbstraction/Negative/vanita5_twittnuker_vanita5_twittnuker_de.vanita5.microblog.library.twitter.api100PrivateMutesResources.code,unknown_class,False,95,95,False
f9c71ba9d76d9b8f36b7bf647c6cdcfa99c7387a,test,0,MultifacetedAbstraction/Negative/openhab_openhab2_openhab_openhab2_org.openhab.binding.unifi.internal.api4884UniFiCommunicationException.code,unknown_class,False,95,95,False
1a46a60dd9e01de2f543e757daf060e56bd552ee,train,0,MultifacetedAbstraction/Negative/buschmais_extended-objects_buschmais_extended-objects_com.buschmais.xo.neo4j.spi.metadata275RelationshipMetadata.code,unknown_class,False,95,95,False
e9d14d9e5b75e6792dc3c948991fcef975efac4f,test,0,MultifacetedAbstraction/Negative/apache_olingo-odata2_apache_olingo-odata2_org.apache.olingo.odata2.api.edm148EdmParameter.code,unknown_class,False,95,95,False
49d11b125d8c6198e644950be1894f85e510cdd9,train,0,MultifacetedAbstraction/Negative/Evolveum_midpoint_Evolveum_midpoint_com.evolveum.midpoint.repo.common.expression1997ExpressionEvaluator.code,unknown_class,False,94,94,False
a130ef9cbce8a05436c5773eed73cbf4084ed0c8,train,0,MultifacetedAbstraction/Negative/odiszapc_nginx-java-parser_odiszapc_nginx-java-parser_com.github.odiszapc.nginxparser10NgxComment.code,unknown_class,False,94,94,False
e36a431a5c0022b02d891f80aef688d639dab4f0,val,0,MultifacetedAbstraction/Negative/jphp-compiler_jphp_jphp-compiler_jphp_org.develnext.jphp.zend.ext.standard579CTypeExtension.code,unknown_class,False,94,94,False
1bfe21d74865551800b791d528a1ec903fbfc2d1,train,0,MultifacetedAbstraction/Negative/tuguangquan_mybatis_tuguangquan_mybatis_org.apache.ibatis.submitted.typehandler763Mapper.code,unknown_class,False,94,94,False
fe655c5995378b1fa2e993469e6f3df729628172,train,0,MultifacetedAbstraction/Negative/pietermartin_sqlg_pietermartin_sqlg_org.umlg.sqlg.structure153SchemaTableIdJacksonDeserializerV2d0.code,unknown_class,False,94,94,False
f28ef652083f4f78af6cdf0deec293077c945e5d,train,0,MultifacetedAbstraction/Negative/libgdx_ashley_libgdx_ashley_com.badlogic.ashley.benchmark.ashley.systems21StateSystem.code,unknown_class,False,93,93,False
5803e09bb0fe299caa458e3dd8fcd79a75a9929b,train,0,MultifacetedAbstraction/Negative/apache_incubator-reef_apache_incubator-reef_org.apache.reef.runtime.common.files1251UnixJVMPathProvider.code,unknown_class,False,93,93,False
f28b7700f1abaca5567fc77a61d4c7623b64d5f3,train,0,MultifacetedAbstraction/Negative/mobile-event-processing_Asper_mobile-event-processing_Asper_com.espertech.esper.regression.rowrecog3838SupportTestCaseItem.code,unknown_class,False,93,93,False
8c9352fd74a9daac1164009a0a7def4e013b98ca,train,0,MultifacetedAbstraction/Negative/apache_incubator-wave_apache_incubator-wave_org.waveprotocol.wave.model.wave.undo3210OpCreatorPair.code,unknown_class,False,93,93,False
a2e485c31e1195dc818da44d6d1834c295555332,train,0,MultifacetedAbstraction/Negative/TNG_jgiven_TNG_jgiven_com.tngtech.jgiven.report.text595PlainTextReportConfig.code,unknown_class,False,93,93,False
236b4510fc40cddd2af8350f8c264406da605fea,val,0,MultifacetedAbstraction/Negative/SpongePowered_SpongeAPI_SpongePowered_SpongeAPI_org.spongepowered.api.text.serializer1613SafeTextSerializer.code,unknown_class,False,93,93,False
a1fa4e405e274d44f7d70696fedc27fcbb445f5e,train,0,MultifacetedAbstraction/Negative/freenet_fred_freenet_fred_freenet.support.io1481ArrayBucketOutputStream.code,unknown_class,False,93,93,False
42c76175ff751463ace91247fada9effddb7d413,test,0,MultifacetedAbstraction/Negative/WhisperSystems_Flock_WhisperSystems_Flock_org.anhonesteffort.flock.registration.model88StripePlan.code,unknown_class,False,92,92,False
d6d09a70f598954cea55fad84a7cc21b96f9458f,train,0,MultifacetedAbstraction/Negative/vanita5_twittnuker_vanita5_twittnuker_de.vanita5.microblog.library.fanfou.model26PhotoStatusUpdate.code,unknown_class,False,92,92,False
cc83dd24e8dffcac99766e5586aba2831bb7d0fb,train,0,MultifacetedAbstraction/Negative/KleeGroup_vertigo_KleeGroup_vertigo_io.vertigo.database.impl.sql.vendor.core474ByteArrayDataStream.code,unknown_class,False,92,92,False
4718e1bcfb2f582ae663a56473dbf237b3ed3256,val,0,MultifacetedAbstraction/Negative/gmantele_taplib_gmantele_taplib_adql.db28SearchUDFHandler.code,unknown_class,False,92,92,False
ab67a5498c74d0e2f9b73554a85a0d56ac967f4d,train,0,MultifacetedAbstraction/Negative/coheigea_testcases_coheigea_testcases_org.apache.coheigea.cxf.jaxrs.json.common154DoubleItXMLService.code,unknown_class,False,92,92,False
c7cd4a094beb33a565a7197eff6f2d7b6dfe4760,val,0,MultifacetedAbstraction/Negative/tlaukkan_zigbee4java_tlaukkan_zigbee4java_org.bubblecloud.zigbee.api45DeviceListener.code,unknown_class,False,92,92,False
002ff0ed82b8558a7332882384071162916fb4a9,train,0,MultifacetedAbstraction/Negative/google_closure-templates_google_closure-templates_com.google.template.soy.jbcsrc.shared665MissingPluginInstanceException.code,unknown_class,False,91,91,False
1b9502a90be59d6f774e496b359d54f532b896c9,val,0,MultifacetedAbstraction/Negative/TomasMikula_ReactFX_TomasMikula_ReactFX_org.reactfx.util305TetraFunction.code,unknown_class,False,91,91,False
4defe34fda5b4760ac18f855152d81b49f29cfa6,val,0,MultifacetedAbstraction/Negative/rsteckler_unbounce-android_rsteckler_unbounce-android_com.ryansteckler.inappbilling11OnIabSetupFinishedListener.code,unknown_class,False,91,91,False
652865138230d01b13559aa729655fa5c6db7d68,train,0,MultifacetedAbstraction/Negative/google_closure-compiler_google_closure-compiler_com.google.javascript.jscomp.parsing.parser.trees1599CaseClauseTree.code,unknown_class,False,91,91,False
419e33a25a4c78f03e70215fe9bcb9813897c3ae,train,0,MultifacetedAbstraction/Negative/EugeneKay_subsonic_EugeneKay_subsonic_org.libresonic.player.dao151AvatarRowMapper.code,unknown_class,False,91,91,False
9482b5e2b9648fe095cc3cfa7fa019620010bc6b,train,0,MultifacetedAbstraction/Negative/juniversal_juniversal_juniversal_juniversal_org.juniversal.translator.core107RestoreTargetWriter.code,unknown_class,False,91,91,False
c0c0617adaaa74c22ed7aff39f4378a847788c5b,train,0,MultifacetedAbstraction/Negative/teamed_requs_teamed_requs_org.requs.facet.syntax.ontology31Acronym.code,unknown_class,False,90,90,False
06710b2be1c1f11943772b891cf5923da78520b6,train,0,MultifacetedAbstraction/Negative/linkedin_gobblin_linkedin_gobblin_org.apache.gobblin.runtime.locks2353JobLockFactory.code,unknown_class,False,90,90,False
9684eca97c453a0e53beb96758e6453ccf55be15,val,0,MultifacetedAbstraction/Negative/jphp-compiler_jphp_jphp-compiler_jphp_php.runtime.exceptions761CompileException.code,unknown_class,False,90,90,False
623a622b06770de5d128fc38df37802d3222807c,val,0,MultifacetedAbstraction/Negative/groupon_odo_groupon_odo_com.groupon.odo.sample92Status.code,unknown_class,False,90,90,False
a3705591d35577627a1b39bae51716aa2553c75b,train,0,MultifacetedAbstraction/Negative/mybatis_ibatis-2_mybatis_ibatis-2_com.ibatis.sqlmap.engine.datasource122DataSourceFactory.code,unknown_class,False,90,90,False
f717ee83ea81a389d5900d72a8b7214471ea285e,test,0,MultifacetedAbstraction/Negative/GluuFederation_oxTrust_GluuFederation_oxTrust_org.gluu.oxtrust.model296OrganizationalUnit.code,unknown_class,False,90,90,False
c8c3424518ef8838ae4e1f072135483fb0eaf4cd,train,0,MultifacetedAbstraction/Negative/miho_JCSG_miho_JCSG_eu.mihosoft.jcsg.ext.openjfx.importers43MapOfLists.code,unknown_class,False,90,90,False
b529afc9fccc883a874a565677398c2414904ebb,test,0,MultifacetedAbstraction/Negative/apache_incubator-wave_apache_incubator-wave_org.waveprotocol.wave.model.wave3126Constants.code,unknown_class,False,90,90,False
cbb9e3d47dd868f8156a208c539e14dbd2714a8c,test,0,MultifacetedAbstraction/Negative/serenity-bdd_serenity-jbehave_serenity-bdd_serenity-jbehave_net.serenitybdd.jbehave47IgnoreAssumptionViolations.code,unknown_class,False,89,89,False
418d3b81e4ff4c5ceed7d12c6db28361b7d2a13f,train,0,MultifacetedAbstraction/Negative/KleeGroup_vertigo_KleeGroup_vertigo_io.vertigo.dynamo.task888TaskManager.code,unknown_class,False,89,89,False
1ba24f30d313b5e3f19a732559c1760f21b3f7b7,train,0,MultifacetedAbstraction/Negative/jmockit_jmockit1_jmockit_jmockit1_mockit.internal.expectations.mocking783ClassInstanceFactory.code,unknown_class,False,89,89,False
9511027cc782a6cb1c8bb5ff7de88c5039a29d56,train,0,MultifacetedAbstraction/Negative/usc-isi-i2_Web-Karma_usc-isi-i2_Web-Karma_edu.isi.karma.controller.update309EmptyUpdate.code,unknown_class,False,89,89,False
5c7e7e1cf7aebb87e12ec70d30ea72fd84018cbe,train,0,MultifacetedAbstraction/Negative/mobile-event-processing_Asper_mobile-event-processing_Asper_com.asper.sources.sun.reflect.generics.tree164BooleanSignature.code,unknown_class,False,89,89,False
1a138034ad0562a5c718cedaee1648f5d746f467,train,0,MultifacetedAbstraction/Negative/HdrHistogram_HdrHistogram_HdrHistogram_HdrHistogram_org.HdrHistogram45InternalAtomicHistogram.code,unknown_class,False,89,89,False
392612818f05cfdb810e71eda0f7eca276979635,train,0,MultifacetedAbstraction/Negative/primecloud-controller-org_primecloud-controller_primecloud-controller-org_primecloud-controller_jp.primecloud.auto.dao.crud.impl525PlatformVcloudInstanceTypeDaoImpl.code,unknown_class,False,89,89,False
938d15166371fad6c424af2b30eaee845b44935b,train,0,MultifacetedAbstraction/Negative/joel-costigliola_assertj-swing_joel-costigliola_assertj-swing_org.assertj.swing.driver1144WindowDriver_close_Test.code,unknown_class,False,89,89,False
7c317aa9767a4cc5356791bfb45028780a9b959f,train,0,MultifacetedAbstraction/Negative/migzai_irc-api_migzai_irc-api_com.ircclouds.irc.api.om175UnknownMessageBuilder.code,unknown_class,False,88,88,False
37d45ce4fa172abc280426f4db033016edf8f425,test,0,MultifacetedAbstraction/Negative/querydsl_querydsl_querydsl_querydsl_com.querydsl.mongodb.domain1768Address.code,unknown_class,False,88,88,False
6f15a2ed39aa8e9e374f73805ff5e26fd73f0125,test,0,MultifacetedAbstraction/Negative/apache_incubator-blur_apache_incubator-blur_org.apache.blur.thrift.generated1608removeSnapshot_resultStandardSchemeFactory.code,unknown_class,False,88,88,False
f8a83a1f7042adb8ac70657a94e6bb19e491bc9c,train,0,MultifacetedAbstraction/Negative/operasoftware_operaprestodriver_operasoftware_operaprestodriver_com.opera.core.systems.scope.protos252CommandOrBuilder.code,unknown_class,False,88,88,False
047e0b820c31ae3d949f2a285912a80377e60ced,train,0,MultifacetedAbstraction/Negative/tuguangquan_mybatis_tuguangquan_mybatis_org.apache.ibatis.domain.blog.mappers106CopyOfAuthorMapper.code,unknown_class,False,88,88,False
9a35a3930a96039c3f97031735423ddca549b692,train,0,MultifacetedAbstraction/Negative/nemerosa_ontrack_nemerosa_ontrack_net.nemerosa.ontrack.model.structure999ValidationStampInput.code,unknown_class,False,88,88,False
eb2197ebb1e38c1b98c8c7ae350ab3a6189a6ae0,val,0,MultifacetedAbstraction/Negative/openhab_openhab2_openhab_openhab2_org.openhab.binding.gpstracker.internal.provider1407TrackerRegistry.code,unknown_class,False,88,88,False
ccd49b3fb007db6be32a56032b95cdb843602bb2,train,0,MultifacetedAbstraction/Negative/linkedin_gobblin_linkedin_gobblin_org.apache.gobblin.broker164TestFactoryWithRedirect.code,unknown_class,False,88,88,False
cdf6a633f326c8e48c65404afeff55c0b31c3750,train,0,MultifacetedAbstraction/Negative/primecloud-controller-org_primecloud-controller_primecloud-controller-org_primecloud-controller_jp.primecloud.auto.api.response.platform151DescribePlatformResponse.code,unknown_class,False,88,88,False
ede300267bb87f18337435de2460aa9bd39df0e7,val,0,MultifacetedAbstraction/Negative/imglib_imglib2_imglib_imglib2_net.imglib2.type.volatiles619WrappedIntType.code,unknown_class,False,88,88,False
4c13fd0e4c3cc07aa8b82cf7f4e402c284b90224,train,0,MultifacetedAbstraction/Negative/apache_incubator-blur_apache_incubator-blur_org.apache.blur.thrift.generated1580recordFrequency_resultStandardSchemeFactory.code,unknown_class,False,88,88,False
16a6a7dea6d0b4e4b7223fffe5617cfca2a9f9aa,train,0,MultifacetedAbstraction/Negative/kite-sdk_kite_kite-sdk_kite_org.kitesdk.cli.example98User.code,unknown_class,False,87,87,False
94a760a8b5c2292104c6b83b91f6642370b57a0f,train,0,MultifacetedAbstraction/Negative/syncany_syncany_syncany_syncany_org.syncany.operations.daemon.messages181ConfirmUserInteractionExternalEventResponse.code,unknown_class,False,87,87,False
439ff57886782d1a748a6df8867469289b2207ab,val,0,MultifacetedAbstraction/Negative/iluwatar_java-design-patterns_iluwatar_java-design-patterns_com.iluwatar.api.gateway89MobileProduct.code,unknown_class,False,87,87,False
4c95f3422c9cac3d171818219348afd127c6b8b1,train,0,MultifacetedAbstraction/Negative/apache_struts_apache_struts_org.apache.struts2.convention.actions.interceptor977ActionLevelInterceptor3Action.code,unknown_class,False,87,87,False
f362c87ef50295d4e54f94230f97128a3eb57429,test,0,MultifacetedAbstraction/Negative/vert-x3_codegen_vert-x3_codegen_io.vertx.test.codegen.testdataobject487Concrete2.code,unknown_class,False,87,87,False
e809eb739d8d3b852f8b477df3112b59abb891e8,train,0,MultifacetedAbstraction/Negative/joel-costigliola_assertj-swing_joel-costigliola_assertj-swing_org.assertj.swing.applet32BasicAppletStub_isActive_Test.code,unknown_class,False,87,87,False
9066748ba4969459379895bf57bc01ba851dcb68,val,0,MultifacetedAbstraction/Negative/gwtbootstrap3_gwtbootstrap3-extras_gwtbootstrap3_gwtbootstrap3-extras_org.gwtbootstrap3.extras.datepicker.client.ui.base.constants35HasShowClearButton.code,unknown_class,False,87,87,False
f9ee085d1d308d13b67441485c72f1922cdaf84b,train,0,MultifacetedAbstraction/Negative/paksv_teamcity-azure-plugin_paksv_teamcity-azure-plugin_jetbrains.buildServer.clouds.base.connector29TaskCallbackHandler.code,unknown_class,False,87,87,False
2c4fb92141d4de5c083a95679108419de2f802bd,train,0,MultifacetedAbstraction/Negative/kuujo_copycat_kuujo_copycat_io.atomix.core.multimap.impl503AtomicMultimapClient.code,unknown_class,False,87,87,False
c7003c1c7c40a8985e30533d54c0a3efb5973713,train,0,MultifacetedAbstraction/Negative/OpenHFT_Chronicle-Core_OpenHFT_Chronicle-Core_net.openhft.chronicle.core.watcher190PathInfo.code,unknown_class,False,87,87,False
1817e36cffa1190727f59b87f9ca367a0b8218e5,test,0,MultifacetedAbstraction/Negative/apache_tajo_apache_tajo_org.apache.tajo.exception874AmbiguousColumnException.code,unknown_class,False,87,87,False
cbeb461201b8f81b9bbe400b2725d14b710b23dc,train,0,MultifacetedAbstraction/Negative/GlenKPeterson_fp4java7_GlenKPeterson_fp4java7_org.organicdesign.fp.collections72ComparableToNull.code,unknown_class,False,86,86,False
c5d2424f430ee1d34e8018ff7d9551450049e1a2,train,0,MultifacetedAbstraction/Negative/mobile-event-processing_Asper_mobile-event-processing_Asper_com.espertech.esper.client.dataflow336EPDataFlowNotFoundException.code,unknown_class,False,86,86,False
d7d39ba6950ba82810c66e9c6318386717309ace,train,0,MultifacetedAbstraction/Negative/HubSpot_jinjava_HubSpot_jinjava_com.hubspot.jinjava.lib.filter174DatetimeFilter.code,unknown_class,False,86,86,False
8ddc87ffc8db733a228923bc0b0037acb1c08bc3,val,0,MultifacetedAbstraction/Negative/kaazing_k3po_kaazing_k3po_org.kaazing.k3po.pcap.converter.internal690TcpComposerExpectations.code,unknown_class,False,86,86,False
8e92c557c5d575d8ba36310b73312a1f4cd9e8d5,train,0,MultifacetedAbstraction/Negative/tabulapdf_tabula-java_tabulapdf_tabula-java_technology.tabula20SortObject.code,unknown_class,False,86,86,False
d8335fd2ee2d5d7026a7d4ba4ec7e353220c481b,train,0,MultifacetedAbstraction/Negative/cloud-software-foundation_c5_cloud-software-foundation_c5_org.apache.hadoop.hbase.util3063RegionRepairException.code,unknown_class,False,86,86,False
1ad671f38b4c71d97d7ab41a7aeda04341df56ac,train,0,MultifacetedAbstraction/Negative/renekrie_querqy_renekrie_querqy_querqy.model137QuerqyQuery.code,unknown_class,False,86,86,False
78b767c25369f18ef95ecf5e00fe7cbd17e1555f,train,0,MultifacetedAbstraction/Negative/gosu-lang_gosu-lang_gosu-lang_gosu-lang_gw.internal.gosu.parser.expressions1350CompoundTypeLiteral.code,unknown_class,False,86,86,False
1bdd4bf6945ced4740871e268d7eaf080b886abe,val,0,MultifacetedAbstraction/Negative/OpenHFT_Chronicle-Wire_OpenHFT_Chronicle-Wire_net.openhft.chronicle.wire105DtoB.code,unknown_class,False,86,86,False
5c9a609ab75a765791d5ad9d611f5bdd68d564c7,train,0,MultifacetedAbstraction/Negative/apache_falcon_apache_falcon_org.apache.falcon.util852MethodAnnotation.code,unknown_class,False,86,86,False
97c5f4ec8c7e9ed68e9a60fb61e180b28044610b,val,0,MultifacetedAbstraction/Negative/marklogic_java-client-api_marklogic_java-client-api_com.marklogic.client.test.example.cookbook1507RawClientAlertTest.code,unknown_class,False,86,86,False
e069ab0d13e0762be5af0a9d0f30e14be1233f40,val,0,MultifacetedAbstraction/Negative/SkymindIO_nd4j_SkymindIO_nd4j_org.nd4j.linalg.jcublas.blas1172SparseCudaBlas.code,unknown_class,False,85,85,False
0d428209527a723e890b248548153becf42bc3fd,train,0,MultifacetedAbstraction/Negative/emicklei_rendersnake_emicklei_rendersnake_org.rendersnake.tag119Body.code,unknown_class,False,85,85,False
1c677207232e0fff1571ac17114d0fc426e17231,train,0,MultifacetedAbstraction/Negative/jansorg_BashSupport_jansorg_BashSupport_com.ansorgit.plugins.bash.lang.lexer224SubshellState.code,unknown_class,False,85,85,False
8dbbb9c01bfeb8fd62331730245556d5df032d0b,test,0,MultifacetedAbstraction/Negative/kite-sdk_kite_kite-sdk_kite_org.kitesdk.data.crunch172TestCrunchDatasetsFileSystem.code,unknown_class,False,84,84,False
fcf182f9a441471d9e138d11850b5ed10ad20235,val,0,MultifacetedAbstraction/Negative/kuujo_copycat_kuujo_copycat_io.atomix.utils.concurrent1514AbstractThreadContext.code,unknown_class,False,84,84,False
cca392de26e13a90041edc8be68ef6986888a2d2,val,0,MultifacetedAbstraction/Negative/raulhaag_MiMangaNu_raulhaag_MiMangaNu_ar.rulosoft.mimanganu.utils176NotificationDeleteIntentReceiver.code,unknown_class,False,84,84,False
7e28ef382aa6f234d09197949944b11e3ab7766d,train,0,MultifacetedAbstraction/Negative/hazelcast_hazelcast-simulator_hazelcast_hazelcast-simulator_com.hazelcast.simulator.worker.testcontainer658TimeStepRunnerCodeGeneratorTest.code,unknown_class,False,84,84,False
0feb2b2f529ec7e6345ca78de451bcbdfc389c33,train,0,MultifacetedAbstraction/Negative/apache_incubator-reef_apache_incubator-reef_org.apache.reef.wake.avro2364ProtocolSerializerNamespace.code,unknown_class,False,84,84,False
13b7aaabe9b9c19969fb520e675c91e4ae11adab,test,0,MultifacetedAbstraction/Negative/ethereum_ethereumj_ethereum_ethereumj_org.ethereum.facade298PendingState.code,unknown_class,False,84,84,False
14975bca20659c535592230acc8e2c55e48119c7,train,0,MultifacetedAbstraction/Negative/eclipse_smarthome_eclipse_smarthome_org.eclipse.smarthome.automation.parser.gson.internal219ConditionInstanceCreator.code,unknown_class,False,84,84,False
be46335458f936e266ed5ce360771c357b9c98de,train,0,MultifacetedAbstraction/Negative/groupon_DotCi_groupon_DotCi_com.groupon.jenkins.mongo170CombinationConverter.code,unknown_class,False,83,83,False
c1d6bc35cd46da50996546a4beb42f1398963f97,train,0,MultifacetedAbstraction/Negative/sanity_quickml_sanity_quickml_quickml.supervised.classifier.downsampling46DownsamplingUtils.code,unknown_class,False,83,83,False
ef991435f944654154b572673ec289ebedbc0435,train,0,MultifacetedAbstraction/Negative/seleniumQuery_seleniumQuery_seleniumQuery_seleniumQuery_endtoend.selectors.attributes86IdAttributeCssSelectorTest.code,unknown_class,False,83,83,False
850c8b0f2579bd492d8b379b6c4eb88749631a72,train,0,MultifacetedAbstraction/Negative/dpaukov_combinatoricslib_dpaukov_combinatoricslib_org.paukov.tool54IntExpressionPareserTest.code,unknown_class,False,83,83,False
70d144940600d1b636db605f7ecf931f6f0ab032,test,0,MultifacetedAbstraction/Negative/dropwizard_metrics_dropwizard_metrics_com.codahale.metrics97WeightedSample.code,unknown_class,False,83,83,False
842b0fd977dd21086432329cd3718f05fff61d24,train,0,MultifacetedAbstraction/Negative/naver_pinpoint_naver_pinpoint_com.navercorp.pinpoint.common.util1532WaitingRunnable.code,unknown_class,False,82,82,False
df21a6d258e7bc1fb8257646a5758c043c8aac33,train,0,MultifacetedAbstraction/Negative/apache_tajo_apache_tajo_org.apache.tajo.exception926UndefinedPartitionException.code,unknown_class,False,82,82,False
a43f4e64e2aee04fdf55a6d17bec16eb27130e12,train,0,MultifacetedAbstraction/Negative/getsentry_raven-java_getsentry_raven-java_io.sentry.connection95TooManyRequestsException.code,unknown_class,False,82,82,False
f2b8edad518018faeb9a06906a33f153d97c8a1d,train,0,MultifacetedAbstraction/Negative/opendaylight_controller_opendaylight_controller_org.opendaylight.controller.md.sal.dom.api1578DOMDataBrokerExtension.code,unknown_class,False,82,82,False
24990b23efa58840f46e4e606d5aeeeb5d2ffb33,test,0,MultifacetedAbstraction/Negative/marklogic_java-client-api_marklogic_java-client-api_com.marklogic.client.datamovement57DataMovementException.code,unknown_class,False,82,82,False
b23a91bc6203211f791d53f9e9eeabb32a72bb86,val,0,MultifacetedAbstraction/Negative/consulo_consulo-dotnet_consulo_consulo-dotnet_org.emonic.base.documentation486ParameterizedDocumentation.code,unknown_class,False,82,82,False
8fa302883498599354b7e7bb0c9c15dfd181d523,train,0,MultifacetedAbstraction/Negative/xaguzman_pathfinding_xaguzman_pathfinding_org.xguzm.pathfinding.grid21NavigationGridGraphNode.code,unknown_class,False,82,82,False
d9b41842773a4b219f00f0f088f85089e1c95bf4,train,0,MultifacetedAbstraction/Negative/Cardshifter_Cardshifter_Cardshifter_Cardshifter_com.cardshifter.server.main264TestServer.code,unknown_class,False,82,82,False
cbb8d4ea71086dcc5fe3080d15dfc77c09b2eb38,test,0,MultifacetedAbstraction/Negative/openhab_openhab2_openhab_openhab2_org.openhab.binding.innogysmarthome.internal.client.exception1964InvalidAuthCodeException.code,unknown_class,False,81,81,False
1635ff8dcc8428a73f058203ab668dd80a003fe2,train,0,MultifacetedAbstraction/Negative/TNG_jgiven_TNG_jgiven_com.tngtech.jgiven.report494Row.code,unknown_class,False,81,81,False
9c0149ae37c716534c7660652f5e558201d7c299,train,0,MultifacetedAbstraction/Negative/embulk_embulk-output-jdbc_embulk_embulk-output-jdbc_org.embulk.output.tester126PluginDefinition.code,unknown_class,False,81,81,False
b4cd61624bb549316829a2e0d1e0e97083d479f5,train,0,MultifacetedAbstraction/Negative/emory-courses_cs323_emory-courses_cs323_dynamic.knapsack.coin13Dime.code,unknown_class,False,81,81,False
40474b58909b178b6f877c027ea0911ca4cbd26c,train,0,MultifacetedAbstraction/Negative/cglib_cglib_cglib_cglib_net.sf.cglib.core66Local.code,unknown_class,False,81,81,False
ff9a672a6b0a4c40a38897a068372afb15e8dc60,train,0,MultifacetedAbstraction/Negative/manuzhang_storm-benchmark_manuzhang_storm-benchmark_storm.benchmark.benchmarks8Factory.code,unknown_class,False,81,81,False
bc3c9dcc6e23d23ca10369447a877b0d8940e582,train,0,MultifacetedAbstraction/Negative/OpenHFT_Koloboke_OpenHFT_Koloboke_com.koloboke.compile.fromdocs277NonnullKeyMap.code,unknown_class,False,80,80,False
e01d10b8052db5414cea8b0cee95c1b210e3fdb3,test,0,MultifacetedAbstraction/Negative/naver_pinpoint_naver_pinpoint_com.navercorp.pinpoint.common.server.bo.codec.stat1095ResponseTimeEncoder.code,unknown_class,False,80,80,False
7718bedd273b8294e24b100a6f3142cec22b1be0,train,0,MultifacetedAbstraction/Negative/marklogic_java-client-api_marklogic_java-client-api_com.marklogic.client.impl1023SingleNodeCallField.code,unknown_class,False,80,80,False
364bf426a57af103fca236d38ce4cce61603d06a,train,0,MultifacetedAbstraction/Negative/apache_incubator-reef_apache_incubator-reef_org.apache.reef.runtime.yarn.driver1463RuntimeIdentifier.code,unknown_class,False,79,79,False
06b7548db4e47cd8a8b331722762d9e2c2ffb5b7,train,0,MultifacetedAbstraction/Negative/bruno-medeiros_DDT_bruno-medeiros_DDT_melnorme.lang.utils.concurrency1288IDataUpdateRequestedListener.code,unknown_class,False,79,79,False
e8105f24730240cb124067b13d8de681ebc087ac,val,0,MultifacetedAbstraction/Negative/pardom_ollie_pardom_ollie_ollie.test.content65OllieSampleProvider.code,unknown_class,False,79,79,False
90e8134fbe2e981f7c519f4da0d8d8565db360c2,test,0,MultifacetedAbstraction/Negative/openMF_android-client_openMF_android-client_com.mifos.api.model47CollectionSheetPayload.code,unknown_class,False,79,79,False
a3fa409c47520bc3b289a0e5e85a812678420773,train,0,MultifacetedAbstraction/Negative/Cardshifter_Cardshifter_Cardshifter_Cardshifter_com.cardshifter.gdx.desktop119DesktopLauncher.code,unknown_class,False,79,79,False
77f1ab675a2fa68ad37c0c065230684a386c8e97,train,0,MultifacetedAbstraction/Negative/juniversal_juniversal_juniversal_juniversal_org.juniversal.translator.core117UtilTest.code,unknown_class,False,79,79,False
e87e54bf9b78916a5696d3b129a92c81906871f2,train,0,MultifacetedAbstraction/Negative/FenixEdu_fenixedu-academic_FenixEdu_fenixedu-academic_org.fenixedu.academic.ui.struts.action.candidate.degree3309DefaultFinalStepRedirector.code,unknown_class,False,78,78,False
9adaf1b9902a3dc83841e2785eccc22dd545daa3,val,0,MultifacetedAbstraction/Negative/gosu-lang_gosu-lang_gosu-lang_gosu-lang_gw.lang.javac1838JavaCompileIssuesException.code,unknown_class,False,78,78,False
a90ffde6c35311d9112ef862b43bf24dc3a27759,train,0,MultifacetedAbstraction/Negative/SahaginOrg_sahagin-java_SahaginOrg_sahagin-java_org.sahagin.runlib.srctreegen.SrcTreeGeneratorTestRes.extendsTest.input97ExtendsPageBase.code,unknown_class,False,78,78,False
6c584a803f74bbdd301d7ed0a7a826c34f16dd47,train,0,MultifacetedAbstraction/Negative/naver_pinpoint_naver_pinpoint_com.navercorp.pinpoint.common.server.bo.codec.stat1087DirectBufferEncoder.code,unknown_class,False,78,78,False
245764fffd18739bffef305a13b14dbcd1b9c8ec,test,0,MultifacetedAbstraction/Negative/openhab_openhab2_openhab_openhab2_org.openhab.binding.enocean.internal.eep.D2_011084D2_01_12.code,unknown_class,False,78,78,False
03f648633739f803fb64c4a240beb23c11813769,train,0,MultifacetedAbstraction/Negative/SpoutDev_Vanilla_SpoutDev_Vanilla_org.spout.vanilla.world.generator.normal.biome.grassy1104JungleHillsBiome.code,unknown_class,False,78,78,False
c6ff16d41dab8a10311825f9868fa4fb450683de,val,0,MultifacetedAbstraction/Negative/edx_edx-app-android_edx_edx-app-android_org.edx.mobile.model.api217LectureModel.code,unknown_class,False,78,78,False
9ec60a8a094ade1647e9cd0814c2f494ea8389bb,val,0,MultifacetedAbstraction/Negative/ceskaexpedice_kramerius_ceskaexpedice_kramerius_cz.incad.kramerius.rest.api.processes.filter742StatusConverter.code,unknown_class,False,78,78,False
d15cd9b8d85e94e6e83c94c396d07be5bdf4ac4d,train,0,MultifacetedAbstraction/Negative/apache_stratos_apache_stratos_org.apache.stratos.cloud.controller.exception363DeserializationException.code,unknown_class,False,77,77,False
e48c1e9d2e3ae38587076db9b26b98bb8bba086a,test,0,MultifacetedAbstraction/Negative/ui4j_ui4j_ui4j_ui4j_io.webfolder.ui4j.api.dialog7AcceptingConfirmDialogHandler.code,unknown_class,False,77,77,False
ae9ea67376a6af88086549462defaefee19f663e,train,0,MultifacetedAbstraction/Negative/Evolveum_midpoint_Evolveum_midpoint_com.evolveum.midpoint.ninja.impl1166ConfigurationException.code,unknown_class,False,77,77,False
82f4545f9c8fde9bdd7db82ba087cf1935bda7c0,val,0,MultifacetedAbstraction/Negative/TwidereProject_Twidere-Android_TwidereProject_Twidere-Android_org.mariotaku.microblog.library.twitter.api112PrivateSearchResources.code,unknown_class,False,77,77,False
11c7d71b55ba5c9d96edf4cbd484edcf599e3e02,test,0,MultifacetedAbstraction/Negative/iainporter_oauth2-provider_iainporter_oauth2-provider_com.porterhead.resource36HealthCheckResource.code,unknown_class,False,77,77,False
757a4cd1dfe584a219fa28c1d362afe9a48c8299,train,0,MultifacetedAbstraction/Negative/nemerosa_ontrack_nemerosa_ontrack_net.nemerosa.ontrack.model.support1018ConfigurationDescriptor.code,unknown_class,False,77,77,False
4a5685bc829dad01a3d532eab6a6bee39f5f00f3,train,0,MultifacetedAbstraction/Negative/jmockit_jmockit1_jmockit_jmockit1_mockit448SUT2.code,unknown_class,False,76,76,False
07d9dedf4804e886e71c82cd4906183028fda1a8,test,0,MultifacetedAbstraction/Negative/linkedin_gobblin_linkedin_gobblin_org.apache.gobblin.elasticsearch.typemapping1287SerializationException.code,unknown_class,False,76,76,False
790200232fc5fae78a5098a078ad33cbcc5e60e7,test,0,MultifacetedAbstraction/Negative/holgerbrandl_r4intellij_holgerbrandl_r4intellij_com.r4intellij.debugger33MockRVarsLoaderFactory.code,unknown_class,False,76,76,False
0ac345576274215c99b5897a51f1e78de46eacf2,test,0,MultifacetedAbstraction/Negative/apache_tajo_apache_tajo_org.apache.tajo.storage1751NumericPathComparator.code,unknown_class,False,76,76,False
92a7adabea280bd37b6161377367aa4ba43ba540,train,0,MultifacetedAbstraction/Negative/apache_olingo-odata4_apache_olingo-odata4_org.apache.olingo.commons.api.edm.annotation528EdmPropertyPath.code,unknown_class,False,76,76,False
419e14acb5fee6ffe57a1b5183a8b6ae82b9bead,train,0,MultifacetedAbstraction/Negative/Swrve_rate-limited-logger_Swrve_rate-limited-logger_com.swrve.ratelimitedlogger2CounterMetric.code,unknown_class,False,75,75,False
4685756e845474ac7915b53417d771dc06fcc177,train,0,MultifacetedAbstraction/Negative/jphp-compiler_jphp_jphp-compiler_jphp_org.develnext.jphp.ext.semver499SemverExtension.code,unknown_class,False,75,75,False
798dbaf988f8947f3a9766beb05b3dd73ef760ef,train,0,MultifacetedAbstraction/Negative/mybatis_ibatis-2_mybatis_ibatis-2_com.ibatis.sqlmap.engine.cache.fifo108FifoCacheControllerTest.code,unknown_class,False,75,75,False
3c9c5e0da3299f0fd649c422bb6d20bc50accfc6,val,0,MultifacetedAbstraction/Negative/gosu-lang_gosu-lang_gosu-lang_gosu-lang_gw.lang.reflect.java.asm2496AsmInnerClassType.code,unknown_class,False,75,75,False
79b198a1bfa35b3d2d0ad12f93d2de3125b1b3e4,test,0,MultifacetedAbstraction/Negative/freenet_fred_freenet_fred_freenet.node970NullSendableRequestItem.code,unknown_class,False,75,75,False
70ddc6880d762a56965b4f4969ecf7a4b52e1064,train,0,MultifacetedAbstraction/Negative/OryxProject_oryx_OryxProject_oryx_com.cloudera.oryx.app.serving.clustering.model199ClusteringServingModel.code,unknown_class,False,75,75,False
5d0b87dce1ae348047c089e19b0f2c46a05b0604,val,0,MultifacetedAbstraction/Negative/apache_incubator-reef_apache_incubator-reef_org.apache.reef.examples.hello385HelloTask.code,unknown_class,False,75,75,False
60b855dea6ebf3431ee0bfaa182f05b92ca057be,test,0,MultifacetedAbstraction/Negative/migzai_irc-api_migzai_irc-api_com.ircclouds.irc.api.state181IStateAccessor.code,unknown_class,False,75,75,False
6e691f69db3c9eeb6ec551778160316372f820fa,test,0,MultifacetedAbstraction/Negative/SEL-columbia_dristhi_SEL-columbia_dristhi_org.ei.drishti.service.reporting.rules425CurrentFPMethodIsFemaleSterilizationRule.code,unknown_class,False,75,75,False
2d3c0448321ecbbe87b654dd38a48d21f572a949,train,0,MultifacetedAbstraction/Negative/bitcoin-solutions_multibit-hd_bitcoin-solutions_multibit-hd_org.multibit.hd.ui.views.screens627ScreenModel.code,unknown_class,False,74,74,False
d202c911d2828ce0d8c2f17ef9b80a5d6c709cda,train,0,MultifacetedAbstraction/Negative/imglib_imglib2_imglib_imglib2_net.imglib2.img.basictypeaccess.volatiles259VolatileArrayDataAccess.code,unknown_class,False,74,74,False
68ee3e98aa205122a6c35f073b164b289e04703b,train,0,MultifacetedAbstraction/Negative/vert-x3_vertx-codegen_vert-x3_vertx-codegen_io.vertx.test.codegen.testdataobject500DataObjectWithEmptyConstructor.code,unknown_class,False,74,74,False
1701a42bc0947a1eaba94eabfc141ffb6310c346,train,0,MultifacetedAbstraction/Negative/apache_incubator-wave_apache_incubator-wave_org.waveprotocol.wave.client.wavepanel.view1618ConversationView.code,unknown_class,False,74,74,False
8f86544e7a9542018415e611ffec8f782332cb42,test,0,MultifacetedAbstraction/Negative/Rajawali_Rajawali_Rajawali_Rajawali_org.rajawali3d.loader.awd335BlockSharedMethod.code,unknown_class,False,74,74,False
a3d1dd32c05aeda2320d4b4faf87b99ac4785875,train,0,MultifacetedAbstraction/Negative/google_guice_google_guice_com.google.inject.throwingproviders1277DependentMockFoo.code,unknown_class,False,74,74,False
4dabe508666a0bb0be5a7707b916ffa2a7b15868,train,0,MultifacetedAbstraction/Negative/juniversal_jsimple_juniversal_jsimple_jsimple.util274ValueIterator.code,unknown_class,False,74,74,False
1e18433a0b612b96c1c244f9cc079467dc852b55,train,0,MultifacetedAbstraction/Negative/opendaylight_controller_opendaylight_controller_org.opendaylight.controller.cluster.datastore558Sealed.code,unknown_class,False,73,73,False
c461738a5b7dc949d61296f5f7a584e7528827cc,train,0,MultifacetedAbstraction/Negative/grpc_grpc-java_grpc_grpc-java_io.grpc188NoopServerCallHandler.code,unknown_class,False,73,73,False
59d56950c9aa5cb83c148e6566a75f61c1cc8ab8,train,0,MultifacetedAbstraction/Negative/Jaspersoft_jrs-rest-java-client_Jaspersoft_jrs-rest-java-client_com.jaspersoft.jasperserver.jaxrs.client.apiadapters.query81QueryExecutorService.code,unknown_class,False,73,73,False
05a05dd0bc6e5ad4f5b5a7ed9acf5c018e414cee,test,0,MultifacetedAbstraction/Negative/jphp-compiler_jphp_jphp-compiler_jphp_org.develnext.jphp.core.tokenizer.token.stmt329EndifStmtToken.code,unknown_class,False,73,73,False
a59ecd58cf46278e1772579d2cea4996c16b5279,val,0,MultifacetedAbstraction/Negative/chaupal_jxse_chaupal_jxse_net.jxta.impl.content328DiscoListener.code,unknown_class,False,73,73,False
0fe207c045a10b3499f39ae403c22ab5a1053a0e,train,0,MultifacetedAbstraction/Negative/naver_pinpoint_naver_pinpoint_com.navercorp.pinpoint.common.util1511StopWatch.code,unknown_class,False,73,73,False
6a41befa26ff4d89627985352ad33107ff8c0347,val,0,MultifacetedAbstraction/Negative/sanity_quickml_sanity_quickml_quickml.supervised.classifier.logisticRegression59TransformedData.code,unknown_class,False,73,73,False
9b7f7482bab356886c6a81eef1eb5858597f8099,test,0,MultifacetedAbstraction/Negative/imagej_imagej-ops_imagej_imagej-ops_net.imagej.ops.special.hybrid984AbstractBinaryHybridCFI.code,unknown_class,False,73,73,False
a36c9b83ac413d612e648070fcf207de2d3d1d98,val,0,MultifacetedAbstraction/Negative/PhantomYdn_wicket-orientdb_PhantomYdn_wicket-orientdb_ru.ydn.wicket.wicketorientdb.proto98IPrototype.code,unknown_class,False,73,73,False
2e1af77475949f2f50f9895e3546ee3ebefdc8cc,train,0,MultifacetedAbstraction/Negative/apache_knox_apache_knox_org.apache.knox.gateway.securequery731SecureQueryDecryptDescriptor.code,unknown_class,False,72,72,False
20064d190be71baaede48e182b3c07ccf17f4eba,test,0,MultifacetedAbstraction/Negative/wuic_wuic_wuic_wuic_com.github.wuic.nut.sourcemap257ConsumerEntryVisitor.code,unknown_class,False,72,72,False
63624b6478d10d68792a1ac5a5d251b8bf1c95ad,train,0,MultifacetedAbstraction/Negative/camelinaction_camelinaction_camelinaction_camelinaction_camelinaction78GracefulShutdownBigFileXmlTest.code,unknown_class,False,72,72,False
91ce969de1edd93330ab360489cb7b9165753226,train,0,MultifacetedAbstraction/Negative/apache_incubator-wave_apache_incubator-wave_com.google.wave.api.impl115AttachmentDataInstanceCreator.code,unknown_class,False,72,72,False
ecc0de207f90f33ae4ee1c3d43f02a24bc7e9d84,train,0,MultifacetedAbstraction/Negative/apache_servicemix_apache_servicemix_org.apache.servicemix.examples.camel.soap25PersonService.code,unknown_class,False,72,72,False
9d6bbad50eb555ed9a4e36db73995285745b24c2,train,0,MultifacetedAbstraction/Negative/otto-de_edison-microservice_otto-de_edison-microservice_de.otto.edison.status.domain224ClusterInfoTest.code,unknown_class,False,72,72,False
e3cec9e4caa9d5aaf4fa73bc466cacc6ae003c8a,train,0,MultifacetedAbstraction/Negative/gwtbootstrap3_gwtbootstrap3-extras_gwtbootstrap3_gwtbootstrap3-extras_org.gwtbootstrap3.extras.select.client.ui.event171ShowHandler.code,unknown_class,False,72,72,False
26f693e8330c0a8862a9c30e288e9fba5a517bbb,train,0,MultifacetedAbstraction/Negative/querydsl_querydsl_querydsl_querydsl_com.querydsl.sql.namemapping2145NameMapping.code,unknown_class,False,72,72,False
0132a8f5ae1f3189b945759ab1aab4a91db1cc8c,train,0,MultifacetedAbstraction/Negative/openhab_openhab2_openhab_openhab2_org.openhab.binding.lgtvserial.internal.protocol.serial.commands2226NaturalModeCommand.code,unknown_class,False,72,72,False
7ecedb81383cbd472126ab212372c155ac25ba65,train,0,MultifacetedAbstraction/Negative/google_guice_google_guice_com.google.inject.servlet1084SomeObject.code,unknown_class,False,71,71,False
c1eb2c9316e36a53cbd8f16d6e36e362e843c699,val,0,MultifacetedAbstraction/Negative/yfain_java24hourtrainer2ndedition_yfain_java24hourtrainer2ndedition_tax217TaxExceptionTest.code,unknown_class,False,71,71,False
d6fd3ca3abe62b8fec48827f73877dae2075d0da,train,0,MultifacetedAbstraction/Negative/copper-engine_copper-engine_copper-engine_copper-engine_org.copperengine.management360WorkflowRepositoryMXBean.code,unknown_class,False,71,71,False
f2990ef4697feb6562d8b45aba03452cba867c33,train,0,MultifacetedAbstraction/Negative/kontalk_tigase-extension_kontalk_tigase-extension_org.kontalk.xmppserver.pgp46ShutdownThread.code,unknown_class,False,71,71,False
362a52862ef9e3b99dfbcdbb60f8c009496773ac,train,0,MultifacetedAbstraction/Negative/apache_incubator-reef_apache_incubator-reef_org.apache.reef.bridge.client.Parameters37HTTPStatusNumberOfRetries.code,unknown_class,False,71,71,False
23f2cf422f37f69552dd4bd7be63719de8ecb4b7,train,0,MultifacetedAbstraction/Negative/xmlunit_xmlunit_xmlunit_xmlunit_org.xmlunit.diff273NodeTypeMatcher.code,unknown_class,False,71,71,False
8f8484eb98b05b98b988e814977dc66f1859bd0f,train,0,MultifacetedAbstraction/Negative/spring-projects_spring-data-examples_spring-projects_spring-data-examples_example.springdata.map6226Person.code,unknown_class,False,71,71,False
6da783195e327a0d07e04da2f6e24c3d8c9cfb82,train,0,MultifacetedAbstraction/Negative/Apereo-Learning-Analytics-Initiative_OpenDashboard_Apereo-Learning-Analytics-Initiative_OpenDashboard_od.providers.user123UserProvider.code,unknown_class,False,71,71,False
7bc7bae76bd8c7060f8b22f153e52e5dc8779a1e,train,0,MultifacetedAbstraction/Negative/jansorg_BashSupport_jansorg_BashSupport_com.ansorgit.plugins.bash.editor.inspections.quickfix157DoubleBracketsQuickfixTest.code,unknown_class,False,71,71,False
eeb580ac5e90443c81f66b6aadf2db224ee975d5,val,0,MultifacetedAbstraction/Negative/opendaylight_controller_opendaylight_controller_org.opendaylight.controller.cluster.datastore.messages771OnInitialData.code,unknown_class,False,71,71,False
9069c40e9ace068950283e16383bcb4907ad452b,test,0,MultifacetedAbstraction/Negative/sanity_quickml_sanity_quickml_quickml.supervised.crossValidation90LossChecker.code,unknown_class,False,71,71,False
7aa1a45f872ad8bd759f09ec5d62aeab00eafa14,train,0,MultifacetedAbstraction/Negative/operasoftware_operaprestodriver_operasoftware_operaprestodriver_com.opera.core.systems.scope.protos228BreakpointIDOrBuilder.code,unknown_class,False,70,70,False
41623b7c61a152d53d90264e187ef7b7940a6b62,train,0,MultifacetedAbstraction/Negative/radcortez_wow-auctions_radcortez_wow-auctions_com.radcortez.wow.auctions.business34WowBusinessAlternative.code,unknown_class,False,70,70,False
583297da12a65ed4da6335c04c39172fc11021c1,train,0,MultifacetedAbstraction/Negative/datanucleus_datanucleus-core_datanucleus_datanucleus-core_org.datanucleus.store.schema664SchemaScriptAwareStoreManager.code,unknown_class,False,70,70,False
c36fc0c7d5ef82bde8c98fe9c6cd0739fb95f6a0,test,0,MultifacetedAbstraction/Negative/google_guice_google_guice_com.google.inject.assistedinject477JavaxProviderBasedColoredCarFactory.code,unknown_class,False,70,70,False
619b982dcb6be807b52d688b40335029bf2b3ebf,val,0,MultifacetedAbstraction/Negative/softlayer_softlayer-java_softlayer_softlayer-java_com.softlayer.api.http53HttpResponse.code,unknown_class,False,70,70,False
9805dae12a04c0c12fd9518e0efcfa2e3dd3307b,train,0,MultifacetedAbstraction/Negative/DroidPlanner_droidplanner_DroidPlanner_droidplanner_org.droidplanner.android.maps119OnMapLongClickListener.code,unknown_class,False,70,70,False
bf38018199ead2b0a7a29bd42972f611e357ef18,train,0,MultifacetedAbstraction/Negative/scopely_fontain_scopely_fontain_com.scopely.fontain.utils15ExcludedWords.code,unknown_class,False,69,69,False
3895b3614fb4643a6f947bb99c8331bc250792a5,train,0,MultifacetedAbstraction/Negative/sriharshachilakapati_SilenceEngine_sriharshachilakapati_SilenceEngine_com.shc.silenceengine.graphics148Material.code,unknown_class,False,69,69,False
21c2125e0bc5d7f3ca707aa377da4a1346492ac2,train,0,MultifacetedAbstraction/Negative/greghaskins_spectrum_greghaskins_spectrum_com.greghaskins.spectrum6FiveArgBlock.code,unknown_class,False,69,69,False
fbd29421cb6687eaf1099beec2a7a48db75f0598,train,0,MultifacetedAbstraction/Negative/vert-x3_vertx-codegen_vert-x3_vertx-codegen_io.vertx.test.codegen.testapi.streams463GenericInterfaceExtentingReadStreamAndWriteStream.code,unknown_class,False,69,69,False
c0d25b80ac4c0b38622ddb63d9b6f9b1016cdf6e,train,0,MultifacetedAbstraction/Negative/devnied_EMV-NFC-Paycard-Enrollment_devnied_EMV-NFC-Paycard-Enrollment_com.github.devnied.emvnfccard.utils65EnumUtilsTest.code,unknown_class,False,68,68,False
75975792c1355a0cfae0606971a7dff2a43f6b90,train,0,MultifacetedAbstraction/Negative/benhysell_V.FlyoutTest_benhysell_V.FlyoutTest_android.support.v4.app55InstantiationException.code,unknown_class,False,68,68,False
d372139e4903dc6d4923bfc1ac7b5e212df943fe,val,0,MultifacetedAbstraction/Negative/lesaint_damapping_lesaint_damapping_fr.javatronic.damapping.processor.model.constants85JavaLangConstants.code,unknown_class,False,68,68,False
18a9024f2f74a74ce708c1042868d951a5d8b0e1,train,0,MultifacetedAbstraction/Negative/RuedigerMoeller_kontraktor_RuedigerMoeller_kontraktor_kontraktor.krouter98KrouterMain.code,unknown_class,False,68,68,False
29241cc0d120ce3c4a35942f0009a32f62620a3d,train,0,MultifacetedAbstraction/Negative/javaee-samples_javaee7-samples_javaee-samples_javaee7-samples_org.javaee7.jpasamples.schema.gen.scripts.external733EmployeeBean.code,unknown_class,False,68,68,False
21c2c901ad781eddccf357b21eb112143a2d73a7,test,0,MultifacetedAbstraction/Negative/apache_olingo-odata4_apache_olingo-odata4_org.apache.olingo.server.api.uri.queryoption1346SkipTokenOption.code,unknown_class,False,68,68,False
fad22d8cf1c6dd5e69040946d67fef094692f8a1,test,0,MultifacetedAbstraction/Negative/Netflix_s3mper_Netflix_s3mper_com.netflix.bdp.s3mper.metastore.impl28AbstractScannerTask.code,unknown_class,False,68,68,False
e4a6e767bc8b9c74db3b71f45ac2d1544a21077d,test,0,MultifacetedAbstraction/Negative/naver_pinpoint_naver_pinpoint_com.navercorp.pinpoint.common.server.bo.stat1299AgentStatDataPointList.code,unknown_class,False,68,68,False
80fc6ace50f3a35d3ab5845f38a6b260b74bff11,train,0,MultifacetedAbstraction/Negative/igniterealtime_Spark_igniterealtime_Spark_org.jivesoftware.spark.plugins312SystemTrayPlugin.code,unknown_class,False,67,67,False
b3e0c365843e9afb28e386904d22bea66d64c1f3,train,0,MultifacetedAbstraction/Negative/openscore_score-actions_openscore_score-actions_io.cloudslang.content.amazon.entities.constants136TagsInputs.code,unknown_class,False,67,67,False
e35c0b35d4f2fe39ac91c8d74f8d3d39f1ef33f3,train,0,MultifacetedAbstraction/Negative/cloud-software-foundation_c5_cloud-software-foundation_c5_org.apache.hadoop.hbase.regionserver2228Member.code,unknown_class,False,67,67,False
fe189d68349e70ca3dad5dd9b0d64f006b7589da,train,0,MultifacetedAbstraction/Negative/springer-opensource_omelet_springer-opensource_omelet_omelet.data13IMappingData.code,unknown_class,False,67,67,False
95abcdba372ad925a3cf399a55a8522f291b2917,train,0,MultifacetedAbstraction/Negative/OHDSI_WebAPI_OHDSI_WebAPI_org.ohdsi.webapi18LogConfiguration.code,unknown_class,False,67,67,False
0d92f7ee0fe37747d50d84c642f2408d364ed6d4,val,0,MultifacetedAbstraction/Negative/real-logic_simple-binary-encoding_real-logic_simple-binary-encoding_uk.co.real_logic.sbe.generation.rust46CargoCheckResult.code,unknown_class,False,67,67,False
ab3c8a32140976009b2846b5da529da52b176ddd,val,0,MultifacetedAbstraction/Negative/openhab_openhab2_openhab_openhab2_org.openhab.binding.lgtvserial.internal.protocol.serial.commands2218HSizeCommand.code,unknown_class,False,67,67,False
70bbbb72825ec1cd85578295aab61a42f5e957fd,val,0,MultifacetedAbstraction/Negative/antoniomaria_gazpachoquest_antoniomaria_gazpachoquest_net.sf.gazpachoquest.repository.i18370QuestionnaireDefinitionTranslationRepository.code,unknown_class,False,67,67,False
5ba185c67a98bf4c17b6c96db8c494200af8da23,train,0,MultifacetedAbstraction/Negative/benhysell_V.FlyoutTest_benhysell_V.FlyoutTest_android.support.v4.widget399MyDataSetObserver.code,unknown_class,False,66,66,False
42be2fece8ff0eeffed3981096fae20235a2d40c,train,0,MultifacetedAbstraction/Negative/smartparam_smartparam_smartparam_smartparam_org.smartparamtestscan554DummyPrimaryRepository.code,unknown_class,False,66,66,False
b6fe4a03f3404e3b9d3c9d6e9cd416f9d3934b40,test,0,MultifacetedAbstraction/Negative/nemerosa_ontrack_nemerosa_ontrack_net.nemerosa.ontrack.extension.issues.model335IssueExportMoreThanOneGroupException.code,unknown_class,False,66,66,False
90d78a4995d948a3521c12123e9cb1fae55c0168,train,0,MultifacetedAbstraction/Negative/couchbase_couchbase-jvm-core_couchbase_couchbase-jvm-core_com.couchbase.client.core.env.resources184ShutdownHook.code,unknown_class,False,66,66,False
166bd75591a663404ed39bd398d9b208a5e94ec4,train,0,MultifacetedAbstraction/Negative/apache_struts_apache_struts_org.apache.struts2.oval.interceptor1563SimpleFieldJPAAnnotations.code,unknown_class,False,66,66,False
d131753ef635685008b3f830975d6aa3d919bedc,train,0,MultifacetedAbstraction/Negative/TheLQ_PircBotX_TheLQ_PircBotX_org.pircbotx.hooks86Listener.code,unknown_class,False,66,66,False
44bfc65448c7db9fd284552926384907d37872f7,train,0,MultifacetedAbstraction/Negative/naver_pinpoint_naver_pinpoint_com.navercorp.pinpoint.plugin.spring.async2937SpringAsyncTraceMetadataProvider.code,unknown_class,False,66,66,False
6f362113803c2cfb7fd63f5838e35d0359cd2c87,val,0,MultifacetedAbstraction/Negative/apache_tajo_apache_tajo_org.apache.tajo.exception884DuplicateDatabaseException.code,unknown_class,False,66,66,False
9a17fc1fe0a058a08d35851099b78a9186233806,train,0,MultifacetedAbstraction/Negative/apache_incubator-reef_apache_incubator-reef_org.apache.reef.driver.parameters218ServiceEvaluatorFailedHandlers.code,unknown_class,False,66,66,False
a837edb0947c3a5497962ab16e65c55a70180205,train,0,MultifacetedAbstraction/Negative/SpoutDev_Vanilla_SpoutDev_Vanilla_org.spout.vanilla.material.block.solid561SilverfishStone.code,unknown_class,False,66,66,False
718b65d88eaeaa68f682176a90cad5a5daa2009f,test,0,MultifacetedAbstraction/Negative/SEL-columbia_dristhi_SEL-columbia_dristhi_org.ei.drishti.service.reporting.rules419CurrentFPMethodIsCondomRule.code,unknown_class,False,66,66,False
9753d80a795f94d7f45bbfd0b4330de9f8d6eb06,train,0,MultifacetedAbstraction/Negative/SEL-columbia_dristhi_SEL-columbia_dristhi_org.ei.drishti.service.reporting.rules615IsSideEffectDueToSterilizationRule.code,unknown_class,False,65,65,False
3b64b13b6f538246428434aec3cd55a7bd1e1b36,train,0,MultifacetedAbstraction/Negative/cping_RipplePower_cping_RipplePower_org.ripple.bouncycastle.jcajce.provider.asymmetric.dsa1721detDSA512.code,unknown_class,False,65,65,False
62d1e69346cd563aae164bb75738f06fbfe5e656,test,0,MultifacetedAbstraction/Negative/gwtbootstrap3_gwtbootstrap3-extras_gwtbootstrap3_gwtbootstrap3-extras_org.gwtbootstrap3.extras.select.client141SelectEntryPoint.code,unknown_class,False,65,65,False
8fa3358a0f84b0494cf3a8d987bc94eba773ea48,train,0,MultifacetedAbstraction/Negative/gosu-lang_gosu-lang_gosu-lang_gosu-lang_gw.spec.core.enums2566EnumInterfaceWithNameProperty.code,unknown_class,False,65,65,False
17b892f3a767189303b600f4b91355bda2f9d9b8,train,0,MultifacetedAbstraction/Negative/caskdata_cdap_caskdata_cdap_io.cdap.cdap.client.app1001ArgService.code,unknown_class,False,65,65,False
305a62de5a702cd6f64b1ed811d6c01a23c13443,train,0,MultifacetedAbstraction/Negative/hekonsek_fuse-pocs_hekonsek_fuse-pocs_fuse.pocs.fabric73NettyHttpRoute.code,unknown_class,False,65,65,False
6521dbf3033988ae7b58c792966a17a681f00927,val,0,MultifacetedAbstraction/Negative/cping_RipplePower_cping_RipplePower_com.ripple.utils432Utils.code,unknown_class,False,64,64,False
76bef08c4c12d7c0f3f406232fa3ce6879d17ee2,train,0,MultifacetedAbstraction/Negative/SEL-columbia_dristhi_SEL-columbia_dristhi_org.ei.drishti.reporting.repository.it230ANMReportsIntegrationTestBase.code,unknown_class,False,64,64,False
95d7251796d1d76536a8b260a05f76a5e4b6684d,train,0,MultifacetedAbstraction/Negative/FenixEdu_fenixedu-academic_FenixEdu_fenixedu-academic_org.fenixedu.academic.ui.struts.action.research3682ResearcherApplication.code,unknown_class,False,64,64,False
c45b4a248f5d91b4848887cb0f0bce0ceb05a44d,val,0,MultifacetedAbstraction/Negative/shamanland_xdroid_shamanland_xdroid_xdroid.core27Invokable.code,unknown_class,False,64,64,False
e6cf96d7acb9d65ef9ea93cc36904e108c55d435,train,0,MultifacetedAbstraction/Negative/GlowstoneMC_Glowstone_GlowstoneMC_Glowstone_net.glowstone.inventory.crafting866ItemMatcher.code,unknown_class,False,64,64,False
df6c0fb2df4d65acd06554947b9adc173b54dde4,test,0,MultifacetedAbstraction/Negative/ctron_package-drone_ctron_package-drone_org.eclipse.packagedrone.repo.adapter.deb.aspect.internal265ValidationListener.code,unknown_class,False,64,64,False
ce217facb5ba40ba8ebd43783b07b15e303733af,train,0,MultifacetedAbstraction/Negative/gosu-lang_gosu-lang_gosu-lang_gosu-lang_gw.internal.gosu.regression1555JavaClassWithPublicFieldAndMatchingPublicGetter.code,unknown_class,False,64,64,False
39de3a70c3277b705e850262efb584c9c615b0fd,train,0,MultifacetedAbstraction/Negative/ReactiveX_RxJava_ReactiveX_RxJava_io.reactivex.rxjava3.tck2507TakeUntilTckTest.code,unknown_class,False,64,64,False
8b317a7ab5f9982aad10d83141946b7fb75b762a,train,0,MultifacetedAbstraction/Negative/vladmihalcea_hibernate-master-class_vladmihalcea_hibernate-master-class_com.vladmihalcea.hibernate.masterclass.laboratory.inheritance144InfoLine.code,unknown_class,False,64,64,False
c4fc96543e24df8b19363f737561f7e72bee864a,train,0,MultifacetedAbstraction/Negative/reds-heig_logisim-evolution_reds-heig_logisim-evolution_com.cburch.logisim.util1102JTreeDragController.code,unknown_class,False,64,64,False
bc51a807706dbd8e4804e7a98ce3ebe5de7ca471,train,0,MultifacetedAbstraction/Negative/tuguangquan_mybatis_tuguangquan_mybatis_org.apache.ibatis.submitted.association_nested368Folder.code,unknown_class,False,63,63,False
3cfebf7772a14ea1f0d0c24f2ec5c89362366ddb,train,0,MultifacetedAbstraction/Negative/usc-isi-i2_Web-Karma_usc-isi-i2_Web-Karma_edu.isi.karma.kr2rml.exception399NoValueFoundInNodeException.code,unknown_class,False,63,63,False
c7ad0993a3db5afe39da31cbde7f2a3a0abcb008,train,0,MultifacetedAbstraction/Negative/cping_RipplePower_cping_RipplePower_org.ripple.bouncycastle.jcajce.provider.asymmetric.rsa1838RIPEMD160.code,unknown_class,False,63,63,False
4653aa80bb7cc924ccf98c259c303e6380699433,train,0,MultifacetedAbstraction/Negative/marklogic_java-client-api_marklogic_java-client-api_com.marklogic.client.impl654CircleCallImpl.code,unknown_class,False,63,63,False
29ebfd2fccabbadf9bde833fbfa0ba964e42a90c,train,0,MultifacetedAbstraction/Negative/naver_pinpoint_naver_pinpoint_com.navercorp.pinpoint.bootstrap.context135ServerMetaData.code,unknown_class,False,63,63,False
8d06cf16417af86ff15c7d99a2784467b8ef3ea4,train,0,MultifacetedAbstraction/Negative/MyEssentials_MyTown2_MyEssentials_MyTown2_mytown.util.exceptions115MyTownWrongUsageException.code,unknown_class,False,63,63,False
e74d1300c6dc6375bc886063decbb799dfbaf8ed,test,0,MultifacetedAbstraction/Negative/lightblue-platform_lightblue-core_lightblue-platform_lightblue-core_com.redhat.lightblue.metadata403ParentNewChild.code,unknown_class,False,63,63,False
e81c67fd2493b8ab199fdd6ff7e6c6788fc1d1d6,train,0,MultifacetedAbstraction/Negative/ClickTravel_Cheddar_ClickTravel_Cheddar_com.clicktravel.cheddar.system.event326AbstractPlatformManagementEvent.code,unknown_class,False,63,63,False
97d67a87857de0bcae8348877694076a9f1308b9,train,0,MultifacetedAbstraction/Negative/evolute-pt_dbtransfer_evolute-pt_dbtransfer_pt.evolute.utils.sql67SQLQuery.code,unknown_class,False,63,63,False
bcc670348ecf78116e2c3c41fb15f41aba61c697,train,0,MultifacetedAbstraction/Negative/querydsl_querydsl_querydsl_querydsl_com.querydsl.core.types984Element.code,unknown_class,False,63,63,False
3512b56c93e64ff1ef102eee6fdc7432695e1527,test,0,MultifacetedAbstraction/Negative/bardsoftware_ganttproject_bardsoftware_ganttproject_net.sourceforge.ganttproject.roles808Role.code,unknown_class,False,62,62,False
3bf1d9ca94e446421634945fc983fb379a2c38f7,train,0,MultifacetedAbstraction/Negative/bitcoinj_bitcoinj_bitcoinj_bitcoinj_org.bitcoinj.net.discovery307Details.code,unknown_class,False,62,62,False
a6eb8f09dcad183f2de3adfa55239fc99c99d814,train,0,MultifacetedAbstraction/Negative/linkedin_gobblin_linkedin_gobblin_org.apache.gobblin.runtime.job2276TaskProgress.code,unknown_class,False,62,62,False
79e78e654ef4178bf403dd7f0afa94fd2ceeca00,train,0,MultifacetedAbstraction/Negative/jphp-compiler_jphp_jphp-compiler_jphp_org.develnext.jphp.core.tokenizer.token.expr.value271IssetExprToken.code,unknown_class,False,62,62,False
a56520a2d7ed40b4f514135b554279d152151fd9,test,0,MultifacetedAbstraction/Negative/ZK-1931_javazab_ZK-1931_javazab_com.github.zk1931.jzab71TooManyPendingRequests.code,unknown_class,False,62,62,False
198f7e20d5132edb9ebeba73065a784b8f922919,train,0,MultifacetedAbstraction/Negative/SurveyMan_SurveyMan_SurveyMan_SurveyMan_edu.umass.cs.surveyman.survey99MalformedOptionException.code,unknown_class,False,62,62,False
1f35fee3ec482c3d1b80245eeae962564b32dcf5,train,0,MultifacetedAbstraction/Negative/eclipse_smarthome_eclipse_smarthome_org.eclipse.smarthome.automation.rest.internal.dto228EnrichedRuleDTO.code,unknown_class,False,62,62,False
008df10b25340b09bc96a46fd28a7bf51ee1d217,train,0,MultifacetedAbstraction/Negative/BlueBrain_bluima_BlueBrain_bluima_ch.epfl.bbp.shaded.opennlp.tools.lang.english182HeadRule.code,unknown_class,False,62,62,False
25ba25ce8c45b75eac1842269311e051a2d44c1f,train,0,MultifacetedAbstraction/Negative/vert-x3_codegen_vert-x3_codegen_io.vertx.test.codegen.testapi243InterfaceWithDefaultMethod.code,unknown_class,False,62,62,False
7e66528dbeda8186fdb1b1ea5295ad3ba5a36f48,train,0,MultifacetedAbstraction/Negative/cternes_openkeepass_cternes_openkeepass_de.slackspace.openkeepass.exception99AttachmentUnreadableException.code,unknown_class,False,62,62,False
4fe599d704b8349aaf6aa745abdf16a74c3dd1f0,train,0,MultifacetedAbstraction/Negative/mozilla_j2me.js_mozilla_j2me.js_com.sun.jsr082.bluetooth732BluetoothEvent.code,unknown_class,False,62,62,False
88f99487efb2871b33a2e3109341448f9caed1f0,train,0,MultifacetedAbstraction/Negative/vert-x3_codegen_vert-x3_codegen_io.vertx.test.codegen.testapi.streams468InterfaceSubtypingReadStream.code,unknown_class,False,62,62,False
42871e12fc031abbe24021dc68bd7239446baa84,val,0,MultifacetedAbstraction/Negative/vert-x3_vertx-codegen_vert-x3_vertx-codegen_io.vertx.test.codegen.testapi.streams468InterfaceSubtypingReadStream.code,unknown_class,False,62,62,False
67588ea565ccd0a97249d3d055eba42547e1e743,train,0,MultifacetedAbstraction/Negative/cternes_openkeepass_cternes_openkeepass_de.slackspace.openkeepass.exception100AttachmentUnwriteableException.code,unknown_class,False,62,62,False
45695de9b3909acae3d7ce4d1e2ea911d751b4c5,train,0,MultifacetedAbstraction/Negative/naver_pinpoint_naver_pinpoint_com.navercorp.pinpoint.profiler.metadata3925ParsingResultInternal.code,unknown_class,False,61,61,False
88859a75235d67eb0c5fc8dabf57602f78dcd3a6,train,0,MultifacetedAbstraction/Negative/bitcoinj_bitcoinj_bitcoinj_bitcoinj_org.bitcoinj.core37Base58DecodeCheckedInvalidChecksumTest.code,unknown_class,False,61,61,False
80f9b22fd87d9701b5a940915e97ac743d924ee5,val,0,MultifacetedAbstraction/Negative/HearthStats_HearthStats.net-Uploader_HearthStats_HearthStats.net-Uploader_net.hearthstats.osx.jna25CFDictionaryRef.code,unknown_class,False,61,61,False
36a5f4ab5731acfa88ad4937b2db1dded7626a94,train,0,MultifacetedAbstraction/Negative/google_guava_google_guava_com.google.common.collect.testing1509Ordered.code,unknown_class,False,61,61,False
302c5137debab48996ecb9676c228eff25a9103c,val,0,MultifacetedAbstraction/Negative/cping_RipplePower_cping_RipplePower_org.ripple.bouncycastle.jcajce.provider.digest1982SkeinMacKeyGenerator_256_128.code,unknown_class,False,61,61,False
855a4fd67c7910b36c238d6ddbf8ec1d3c09cc42,test,0,MultifacetedAbstraction/Negative/bruno-medeiros_DDT_bruno-medeiros_DDT_melnorme.lang.ide.core.text625BlockTokenRule.code,unknown_class,False,61,61,False
98906e4ef09b9c44ddf893e0bb3e3d00bff5988a,train,0,MultifacetedAbstraction/Negative/rundeck_rundeck_rundeck_rundeck_com.dtolabs.rundeck.core.storage799ResourceMeta.code,unknown_class,False,61,61,False
94f5ae6fb987d0a79b37d75b82152d894b8290ff,train,0,MultifacetedAbstraction/Negative/TNG_jgiven_TNG_jgiven_com.tngtech.jgiven31WhenScenario.code,unknown_class,False,61,61,False
00c0c61d318994bd66dc1103de2204df447a62df,train,0,MultifacetedAbstraction/Negative/trade-manager_trade-manager_trade-manager_trade-manager_org.trade.ui.widget471DecodeTableRenderer.code,unknown_class,False,61,61,False
253faa2c0c7d3dd4380c960fc3e56b71ce87b970,train,0,MultifacetedAbstraction/Negative/grpc_grpc-java_grpc_grpc-java_io.grpc.netty1174NoopChannelLogger.code,unknown_class,False,61,61,False
35875e97a20cdbac2b626720a854bc65a3f42fca,train,0,MultifacetedAbstraction/Negative/PayPal_SeLion_PayPal_SeLion_com.paypal.selion.platform.mobile.elements486MobileImage.code,unknown_class,False,61,61,False
6093ff2337d1e3b2e51a8606d45846fa02551a32,train,0,MultifacetedAbstraction/Negative/bruno-medeiros_DDT_bruno-medeiros_DDT_mmrnmhrm.core.launch1606DeeLaunchConstants.code,unknown_class,False,61,61,False
99bf729b612bfe5cf2b497b8243e9d8f52be0e58,train,0,MultifacetedAbstraction/Negative/SpongePowered_SpongeAPI_SpongePowered_SpongeAPI_org.spongepowered.api.util.rotation1689Rotation.code,unknown_class,False,61,61,False
6fe86ebbebe9573c2e2edcde6bad06e50e5ae921,train,0,MultifacetedAbstraction/Negative/openhab_openhab2_openhab_openhab2_org.openhab.binding.homematic.internal.misc1639DelayedExecuterCallback.code,unknown_class,False,60,60,False
1a0ad1d5a74aa71b154506c4aecdf21297f2d548,train,0,MultifacetedAbstraction/Negative/iluwatar_java-design-patterns_iluwatar_java-design-patterns_com.iluwatar.front.controller503ErrorView.code,unknown_class,False,60,60,False
9fde2dfa3f18e3dd2abc610c69991d0ffdda71e7,train,0,MultifacetedAbstraction/Negative/sriharshachilakapati_SilenceEngine_sriharshachilakapati_SilenceEngine_com.shc.silenceengine.tests.android276DialogsTestActivity.code,unknown_class,False,60,60,False
4394698f0d3f23ce3d1c43d48a081b2fe4dec2f0,test,0,MultifacetedAbstraction/Negative/consulo_consulo-dotnet_consulo_consulo-dotnet_consulo.csharp.cfs.lang11CfsElements.code,unknown_class,False,60,60,False
bb59a88873aacad3787abe116b5dcc8868550eb4,train,0,MultifacetedAbstraction/Negative/antoniomaria_gazpachoquest_antoniomaria_gazpachoquest_net.sf.gazpachoquest.rest.filter412LogoutShiroFilter.code,unknown_class,False,60,60,False
3e254b6143ed39dc1172c8d9a5f776573866437e,train,0,MultifacetedAbstraction/Negative/buschmais_extended-objects_buschmais_extended-objects_com.buschmais.xo.neo4j.doc.relation.self189References.code,unknown_class,False,60,60,False
73f603ccb08ff4357e4e804a55e39867c4033cb5,train,0,MultifacetedAbstraction/Negative/google_guava_google_guava_com.google.common.testing2719DummyCountDownLatch.code,unknown_class,False,60,60,False
e16f07e45337654c3c41ed37f5c0190141cf5d5e,val,0,MultifacetedAbstraction/Negative/cbitstech_Purple-Robot_cbitstech_Purple-Robot_edu.northwestern.cbits.purple_robot_manager.logging159ServerFailureCheck.code,unknown_class,False,60,60,False
1cc43bac716c9c82aa259b063a2eeefdcf4e41af,train,0,MultifacetedAbstraction/Negative/benhysell_V.FlyoutTest_benhysell_V.FlyoutTest_android.support.v4.widget373BasePopupMenuImpl.code,unknown_class,False,60,60,False
1f6a2960167a3ae0f53a0c19594ba9c3a1b0ded0,val,0,MultifacetedAbstraction/Negative/tiagobento_watertemplate-engine_tiagobento_watertemplate-engine_org.watertemplate.interpreter.parser55Evaluation.code,unknown_class,False,60,60,False
0bb442a418b3c1f7cbfb6e74f87283de3bc77d6e,test,0,MultifacetedAbstraction/Negative/vert-x3_vertx-codegen_vert-x3_vertx-codegen_io.vertx.test.codegen.testapi313MethodWithJavaDotObjectInHandlerAsyncResult.code,unknown_class,False,59,59,False
b68b3fd8959ca97202a610541befdc6f10b2443a,val,0,MultifacetedAbstraction/Negative/juniversal_juniversal_juniversal_juniversal_org.juniversal.buildtools.common65JavaToCPlusPlus.code,unknown_class,False,59,59,False
ee1326200b6915ed8a498aba35f32cc3e0eddd98,train,0,MultifacetedAbstraction/Negative/apache_incubator-reef_apache_incubator-reef_org.apache.reef.driver.evaluator168EvaluatorProcessFactory.code,unknown_class,False,59,59,False
813223f1fc1f836d56904588f6a163050e7e25ab,val,0,MultifacetedAbstraction/Negative/lmcgrath_scotch-lang_lmcgrath_scotch-lang_scotch.compiler.intermediate79IntermediateValue.code,unknown_class,False,59,59,False
bc4792019a2f8eb7b79816aab799f3ee30d0c32d,train,0,MultifacetedAbstraction/Negative/kuujo_copycat_kuujo_copycat_io.atomix.core.semaphore.impl600AtomicSemaphoreClient.code,unknown_class,False,59,59,False
af669d7bcd95c7138eaf8a621c4d4ac232ce166e,train,0,MultifacetedAbstraction/Negative/mobile-event-processing_Asper_mobile-event-processing_Asper_com.espertech.esper.epl.expression1778ExprRelationalOpNode.code,unknown_class,False,59,59,False
dd44a2d8d19827836a3ac3702d9e49cb75b88aea,test,0,MultifacetedAbstraction/Negative/caskdata_cdap_caskdata_cdap_io.cdap.cdap.test.app5413CustomDummyDataset.code,unknown_class,False,58,58,False
698c1f267d8032d455a61bbdadcaffa514647ec6,train,0,MultifacetedAbstraction/Negative/cping_RipplePower_cping_RipplePower_org.ripple.power.print2890PrintFunction.code,unknown_class,False,58,58,False
c43f7f70ac71aaaf0e06db932f1fced740ea841d,train,0,MultifacetedAbstraction/Negative/hcoles_QuickBuilder_hcoles_QuickBuilder_com.example.example46Apple.code,unknown_class,False,58,58,False
65787204f6a51c4d9a40b3e5f293f8e43a0eb873,train,0,MultifacetedAbstraction/Negative/google_guava_google_guava_com.google.common.reflect2499Class2.code,unknown_class,False,58,58,False
bbf6b2ee2107d6f4967bab9fc298947540ae5a22,train,0,MultifacetedAbstraction/Negative/jtrfp_terminal-recall_jtrfp_terminal-recall_org.jtrfp.trcl65PlayerListener.code,unknown_class,False,57,57,False
13fab00745a02208bf3d01cff2f061cf982562fd,test,0,MultifacetedAbstraction/Negative/consulo_consulo-dotnet_consulo_consulo-dotnet_consulo.dotnet.debugger.proxy.value138DotNetStringValueProxy.code,unknown_class,False,57,57,False
e852e664735d5191ccf5b45d06e49cdb5c1a62bf,train,0,MultifacetedAbstraction/Negative/groupon_DotCi_groupon_DotCi_com.groupon.jenkins.github147DeployKeyPair.code,unknown_class,False,57,57,False
ca8ff420e307fcf7d143c3517be082fc21a8de4d,train,0,MultifacetedAbstraction/Negative/gosu-lang_gosu-lang_gosu-lang_gosu-lang_gw.internal.gosu.compiler652NamedLabel.code,unknown_class,False,57,57,False
7823e01acb042dfcda84a517067cae4ab17062da,val,0,MultifacetedAbstraction/Negative/cping_RipplePower_cping_RipplePower_org.ripple.bouncycastle.jcajce.provider.digest1946HMacKeyGenerator_512_384.code,unknown_class,False,57,57,False
5f3b858994bf172e0f8f6406a2e0418e103ce54b,val,0,MultifacetedAbstraction/Negative/jirutka_spring-rest-exception-handler_jirutka_spring-rest-exception-handler_cz.jirutka.spring.exhandler.interpolators16MessageInterpolatorAware.code,unknown_class,False,57,57,False
0e52cb3ee9680bed98f7e97f713345f8ef2d5a69,train,0,MultifacetedAbstraction/Negative/cloudfoundry-community_spring-boot-cf-service-broker_cloudfoundry-community_spring-boot-cf-service-broker_org.cloudfoundry.community.servicebroker.config2DefaultApplication.code,unknown_class,False,57,57,False
1c281991613107376fb050732554ba0e2e4ba036,train,0,MultifacetedAbstraction/Negative/amutu_tdw_amutu_tdw_org.apache.hadoop.hive.metastore.api2680tdw_sys_fields_statisticsStandardSchemeFactory.code,unknown_class,False,57,57,False
c2d847d538b38f1db39b7ea93d4f142331f8b73b,train,0,MultifacetedAbstraction/Negative/aol_simple-react_aol_simple-react_cyclops.data.talk992LazySeqExample.code,unknown_class,False,57,57,False
e1ed39cac0ecd2768097e4326630ab8fd09287c1,train,0,MultifacetedAbstraction/Negative/247687009_soa_247687009_soa_io.goudai.soa.quartz.core32Status.code,unknown_class,False,57,57,False
8c08166dadbee6eba0f5cf72b0cd6ef27e7c9f89,val,0,MultifacetedAbstraction/Negative/libgdx_ashley_libgdx_ashley_com.badlogic.ashley.benchmark.artemis.components4PositionComponent.code,unknown_class,False,57,57,False
ea0a875cca5ee295e761dd444135a660174d1a74,train,0,MultifacetedAbstraction/Negative/apache_incubator-wave_apache_incubator-wave_org.waveprotocol.wave.model.undo3017StackEntry.code,unknown_class,False,56,56,False
807b6277bb68fc8ec4025a184f99e0228624ac93,train,0,MultifacetedAbstraction/Negative/naver_pinpoint_naver_pinpoint_com.navercorp.pinpoint.thrift.dto.command4796TActiveThreadLightDumpStandardSchemeFactory.code,unknown_class,False,56,56,False
6af74ef7ec8c496924f64957ac30d84bebf200b1,val,0,MultifacetedAbstraction/Negative/raphaeljolivet_java2typescript_raphaeljolivet_java2typescript_java2typescript.jackson.module.grammar49NullType.code,unknown_class,False,56,56,False
1b5dcdb4c42b300b0235882dd035e6daa5ee7bea,test,0,MultifacetedAbstraction/Negative/ClickTravel_Cheddar_ClickTravel_Cheddar_com.clicktravel.cheddar.domain.model.exception62UnsatisfiedCriteriaException.code,unknown_class,False,56,56,False
e8ad36e3953c760c7c194662282d1f076be51981,val,0,MultifacetedAbstraction/Negative/devnied_EMV-NFC-Paycard-Enrollment_devnied_EMV-NFC-Paycard-Enrollment_com.github.devnied.emvnfccard.model.enums36IKeyEnum.code,unknown_class,False,56,56,False
bf30edf40fa5d54f83ca318e43801f2e1c957ce9,test,0,MultifacetedAbstraction/Negative/mozilla_j2me.js_mozilla_j2me.js_com.nokia.example.rlinks.view.item455LoaderItem.code,unknown_class,False,55,55,False
cccad7912dfb642b4bd451c14fb9d422cc6fcf51,train,0,MultifacetedAbstraction/Negative/astefanutti_camel-cdi_astefanutti_camel-cdi_org.apache.camel.cdi.se.bean202ProduceTemplateBean.code,unknown_class,False,55,55,False
ca570d87d0d87a31698641e2d821600c37c834c4,train,0,MultifacetedAbstraction/Negative/rancherio_cattle_rancherio_cattle_io.cattle.platform.engine.process723ProcessInstance.code,unknown_class,False,55,55,False
2d57b2e6951e5fd8a551a6b156452a8e20d2c0b6,val,0,MultifacetedAbstraction/Negative/jvirtanen_nassau_jvirtanen_nassau_com.paritytrading.nassau.binaryfile.perf15MessageCounter.code,unknown_class,False,55,55,False
fca8ac77e67bf49f9e28e93fa176d1140f387c35,train,0,MultifacetedAbstraction/Negative/freenet_plugin-WebOfTrust_freenet_plugin-WebOfTrust_plugins.WebOfTrust.exceptions101UnknownPuzzleException.code,unknown_class,False,55,55,False
2d4033e7eb8befff2ff46d46992d5757e9682c77,test,0,MultifacetedAbstraction/Negative/iipc_webarchive-commons_iipc_webarchive-commons_org.archive.resource.html272IFrameTagExtractor.code,unknown_class,False,55,55,False
04e6a14ad984c9c542690acb22b832140202421f,train,0,MultifacetedAbstraction/Negative/ruediste_btrbck_ruediste_btrbck_com.github.ruediste1.btrbck.dto54SendFileListHeader.code,unknown_class,False,55,55,False
376f0ff378260837693f142c8cc327c8d32e5180,train,0,MultifacetedAbstraction/Negative/SpoutDev_Vanilla_SpoutDev_Vanilla_org.spout.vanilla.protocol.handler.entity829EntityItemDataHandler.code,unknown_class,False,55,55,False
128f66dd22b141f8fd6d6423bb05aabf805f025d,train,0,MultifacetedAbstraction/Negative/google_guava_google_guava_com.google.common.collect775ImmutableListMultimapDependencies.code,unknown_class,False,55,55,False
623afee5272a3db22a63458fa284bec93bb62145,train,0,MultifacetedAbstraction/Negative/larsgrefer_android-library_larsgrefer_android-library_io.freefair.android.mvvm56AnnotationHolder.code,unknown_class,False,54,54,False
c22574056c516c79dd05dbe3e9c570217de6d3ee,test,0,MultifacetedAbstraction/Negative/FenixEdu_fenixedu-academic_FenixEdu_fenixedu-academic_org.fenixedu.academic.service.services.accounting2152DeleteExemption.code,unknown_class,False,54,54,False
304fc830d5485472b14fcebbed7b0ed97a764500,test,0,MultifacetedAbstraction/Negative/amutu_tdw_amutu_tdw_org.apache.hadoop.hive.metastore.api733delete_table_statistics_resultStandardSchemeFactory.code,unknown_class,False,54,54,False
ae017974e41aaccf7ca38c5c255e7dc3a463d722,train,0,MultifacetedAbstraction/Negative/openhab_openhab2_openhab_openhab2_org.openhab.binding.pioneeravr.internal.protocol.states3713MuteStateValues.code,unknown_class,False,54,54,False
6080f041b4d90f047ec97afc07437a66a9d82cd7,train,0,MultifacetedAbstraction/Negative/mulesoft_jaxrs-to-raml_mulesoft_jaxrs-to-raml_org.raml.jaxrs.examples.resources93ResourceWithPathParam.code,unknown_class,False,54,54,False
ced826a0e3464310ee9a20628956f9c595f34ba7,val,0,MultifacetedAbstraction/Negative/lightblue-platform_lightblue-core_lightblue-platform_lightblue-core_com.redhat.lightblue.config120ConfigConstants.code,unknown_class,False,54,54,False
93cf6b91674792a116abbc81556b9830ed8a5f60,train,0,MultifacetedAbstraction/Negative/smartparam_smartparam_smartparam_smartparam_org.smartparam.repository.jdbc.exception446ParameterAlreadyExistsException.code,unknown_class,False,54,54,False
b27b07db014408ad6044da991a05194e056641e7,test,0,MultifacetedAbstraction/Negative/sitewhere_sitewhere_sitewhere_sitewhere_com.sitewhere.microservice632MicroserviceThreadFactory.code,unknown_class,False,53,53,False
a1fe7ad4faaf5dbf2ce96ba239bfa2a52e6ef927,train,0,MultifacetedAbstraction/Negative/caskdata_cdap_caskdata_cdap_io.cdap.cdap.admin153AdminScalaSpark.code,unknown_class,False,53,53,False
67460b97edfc3a433d7c6e6025039a3566aa544b,train,0,MultifacetedAbstraction/Negative/buschmais_extended-objects_buschmais_extended-objects_com.buschmais.xo.neo4j.api.model166Neo4jRelationshipType.code,unknown_class,False,53,53,False
1f0145b3482bccc4ca2a7bcb3faf300a5d42dfc7,train,0,MultifacetedAbstraction/Negative/FenixEdu_fenixedu-academic_FenixEdu_fenixedu-academic_org.fenixedu.academic.domain.accessControl.arguments249AcademicProgramArgument.code,unknown_class,False,53,53,False
cee6b630f8d8d509c8a1190c4fe5a081eb8315c3,train,0,MultifacetedAbstraction/Negative/iluwatar_java-design-patterns_iluwatar_java-design-patterns_com.iluwatar.specification.creature1030Shark.code,unknown_class,False,53,53,False
3b2f32bfd015f16061fbea75f249465d764322a1,train,0,MultifacetedAbstraction/Negative/datanucleus_datanucleus-core_datanucleus_datanucleus-core_org.datanucleus38StoreNucleusContext.code,unknown_class,False,53,53,False
bbafd2f3c81d5c097a8d3076079b26326a00af4c,train,0,MultifacetedAbstraction/Negative/stagemonitor_stagemonitor_stagemonitor_stagemonitor_org.stagemonitor.configuration.converter114TestObject.code,unknown_class,False,53,53,False
7d0163c5661e02adbd11fcaf3c66d5518076ecc4,train,0,MultifacetedAbstraction/Negative/lightblue-platform_lightblue-core_lightblue-platform_lightblue-core_com.redhat.lightblue.metadata358DataStore.code,unknown_class,False,52,52,False
cd7680e1f462ffe2081c6857e789439a6a86f068,train,0,MultifacetedAbstraction/Negative/apache_incubator-reef_apache_incubator-reef_org.apache.reef.examples.group.bgd.parameters328Lambda.code,unknown_class,False,52,52,False
a02f01df13d73ff87927aed22d95424dbd5305ef,train,0,MultifacetedAbstraction/Negative/consulo_consulo-dotnet_consulo_consulo-dotnet_consulo.dotnet.externalAttributes154ExternalAttributeSimpleNode.code,unknown_class,False,52,52,False
312b9282b5cbc6f8087093202f77af65fbeb3fbf,train,0,MultifacetedAbstraction/Negative/247687009_soa_247687009_soa_io.goudai.soa.core11Status.code,unknown_class,False,52,52,False
d78e8e9ed51d4f88bf30b5cfb7582f69ad5ec734,train,0,MultifacetedAbstraction/Negative/buschmais_extended-objects_buschmais_extended-objects_com.buschmais.xo.impl.proxy.repository.object137EqualsMethod.code,unknown_class,False,52,52,False
a372f4bb98c11e4fc1a604e87564aba4b78f881f,train,0,MultifacetedAbstraction/Negative/marklogic_java-client-api_marklogic_java-client-api_com.marklogic.client.type1648XsAnySimpleTypeSeqVal.code,unknown_class,False,52,52,False
bca8ad912da179ff52e8c5b0b3058178bba074fb,train,0,MultifacetedAbstraction/Negative/teamed_qulice_teamed_qulice_(default package)16ValidTest.code,unknown_class,False,52,52,False
4d5cad73f79784df0b9128f058c906fdf93ef39c,train,0,MultifacetedAbstraction/Negative/mozilla_j2me.js_mozilla_j2me.js_javax.microedition.amms1647EffectModule.code,unknown_class,False,52,52,False
1e55fc66ab34d2286e0865a00c82f887ee1f95fd,train,0,MultifacetedAbstraction/Negative/mulesoft_jaxrs-to-raml_mulesoft_jaxrs-to-raml_org.raml.jaxrs.generator.builders135CodeModelTypeGenerator.code,unknown_class,False,51,51,False
e65546bf10a12a5e5e841171bf1e566a7a6d5f42,train,0,MultifacetedAbstraction/Negative/WhisperSystems_WebSocket-Resources_WhisperSystems_WebSocket-Resources_org.whispersystems.websocket.messages29WebSocketResponseMessage.code,unknown_class,False,51,51,False
81c9ada693747774b502681b7291454661977f73,train,0,MultifacetedAbstraction/Negative/caskdata_cdap_caskdata_cdap_io.cdap.cdap.internal.guava.reflect3903SimpleTypeToken.code,unknown_class,False,51,51,False
9626112d41df0e34427135853d19917114dc8772,test,0,MultifacetedAbstraction/Negative/EmirWeb_liason_EmirWeb_liason_mobi.liason.mvvm.bindings.interfaces50DataBinding.code,unknown_class,False,51,51,False
2b8ddf6aaca0a74274cd62bcd1079b73aee3204b,train,0,MultifacetedAbstraction/Negative/kaazing_gateway_kaazing_gateway_org.kaazing.gateway.management.service687ServiceManagementBeanFactorySpi.code,unknown_class,False,51,51,False
f648995b8aef86a72b3142902c190452cadfc04c,train,0,MultifacetedAbstraction/Negative/my2iu_Jinq_my2iu_Jinq_org.jinq.jpa.transform241ScalaJPQLQueryTransformConfigurationFactory.code,unknown_class,False,51,51,False
eb6a0334ed1dc7163d73c3edb3aa9e52cda961f5,train,0,MultifacetedAbstraction/Negative/justinsb_cloudata_justinsb_cloudata_com.cloudata.freemap332Range.code,unknown_class,False,51,51,False
971cc26aa02fb8d261283a05741df356d2e805e4,train,0,MultifacetedAbstraction/Negative/amutu_tdw_amutu_tdw_org.apache.hadoop.hive.metastore.api1946grantAuthOnTbl_resultTupleSchemeFactory.code,unknown_class,False,51,51,False
ff25f415be8fc5410b00bb9233a1808444a7900f,test,0,MultifacetedAbstraction/Negative/syncany_syncany_syncany_syncany_org.syncany.operations.daemon.messages192DownStartSyncExternalEvent.code,unknown_class,False,51,51,False
b4463852e182c6ebbe4a25e72e16be6d00bef535,train,0,MultifacetedAbstraction/Negative/dswarm_dswarm_dswarm_dswarm_org.dswarm.converter.export213XMLRelationshipHandler.code,unknown_class,False,51,51,False
2197d67a092c818657019a2e09f3a8f6b2642aae,train,0,MultifacetedAbstraction/Negative/marklogic_java-client-api_marklogic_java-client-api_com.marklogic.client.impl758GDaySeqListImpl.code,unknown_class,False,51,51,False
a13397934ba6ff0f73dc97edbc46aafae9450335,val,0,MultifacetedAbstraction/Negative/247687009_soa_247687009_soa_io.goudai.soa.sys.api.impl.context45SysSoaMangerContext.code,unknown_class,False,51,51,False
fa4259026d1f8113791bc5104fbc42ae055c0e38,train,0,MultifacetedAbstraction/Negative/edgedalmacio_phisix_edgedalmacio_phisix_com.googlecode.phisix.api.parser11Parser.code,unknown_class,False,50,50,False
413e8203fdd304291977d45a18e6e5d4453d8ee5,test,0,MultifacetedAbstraction/Negative/FenixEdu_fenixedu-academic_FenixEdu_fenixedu-academic_org.fenixedu.academic.ui.struts.action.gep3434GepAlumniApp.code,unknown_class,False,50,50,False
ab20f14559f3fa5775af9f8e839eaa057cd65368,train,0,MultifacetedAbstraction/Negative/yccheok_jstock_yccheok_jstock_org.yccheok.jstock.analysis165ConnectorValueChangeListener.code,unknown_class,False,50,50,False
f200b53f75d2a38d6b4b8f030d0ecf8b7ad251f1,train,0,MultifacetedAbstraction/Negative/mobile-event-processing_Asper_mobile-event-processing_Asper_com.espertech.esper.dataflow.ops1043ConsoleOpRendererSummary.code,unknown_class,False,50,50,False
b6adde9dbd0dcac9f24a18c6a9ae12d2edfaf823,train,0,MultifacetedAbstraction/Negative/nemerosa_ontrack_nemerosa_ontrack_net.nemerosa.ontrack.extension.svn.model511MissingSVNBranchConfigurationException.code,unknown_class,False,50,50,False
5b1a19a7bfdc41cea6b5b0c5679a6174df499d5c,val,0,MultifacetedAbstraction/Negative/naver_pinpoint_naver_pinpoint_com.navercorp.pinpoint.plugin.thrift.dto3044echo_resultStandardSchemeFactory.code,unknown_class,False,50,50,False
2c7042206b5f3bef4cc75cd260fccb04f315d12e,train,0,MultifacetedAbstraction/Negative/buremba_rakam_buremba_rakam_org.rakam.util.javascript580JSBase64Util.code,unknown_class,False,49,49,False
6c42b6720394aaf158b468ac89331090570d5267,test,0,MultifacetedAbstraction/Negative/Stratio_streaming-cep-engine_Stratio_streaming-cep-engine_com.stratio.decision.functions.engine115EngineAction.code,unknown_class,False,49,49,False
b1c2fc6b8a98c33a484087f95762b000d40318dd,test,0,MultifacetedAbstraction/Negative/infiniteautomation_modbus4j_infiniteautomation_modbus4j_com.serotonin.modbus4j.sero.messaging280IncomingResponseMessage.code,unknown_class,False,49,49,False
5ef0e9e5258e125d3148fe7d74f89cbf19ad4024,train,0,MultifacetedAbstraction/Negative/jelkosz_Kanbanik_jelkosz_Kanbanik_com.googlecode.kanbanik.client.api19DefaultDto.code,unknown_class,False,49,49,False
30e60f6ec4fb22c1a93fd161ca62df1949f71076,train,0,MultifacetedAbstraction/Negative/openhab_openhab2_openhab_openhab2_org.openhab.binding.tplinksmarthome.internal.model4838RelayState.code,unknown_class,False,49,49,False
1637f33dd886a7335b917b59df4ab053efc7e514,train,0,MultifacetedAbstraction/Negative/nemerosa_ontrack_nemerosa_ontrack_net.nemerosa.ontrack.extension.general215GeneralExtensionFeature.code,unknown_class,False,49,49,False
c9451786cd15d11ea9c0c9778f677dd9c821760d,train,0,MultifacetedAbstraction/Negative/addthis_hydra_addthis_hydra_com.addthis.hydra.query.aggregate804LazyAllocator.code,unknown_class,False,49,49,False
11bafd8c199a11b245b1e2dbf126ea262344f81b,train,0,MultifacetedAbstraction/Negative/benhysell_V.FlyoutTest_benhysell_V.FlyoutTest_android.support.v4.app86ShareCompatImpl.code,unknown_class,False,49,49,False
560cd42272148ad5b3e25c18ba4262eb30d402a9,train,0,MultifacetedAbstraction/Negative/247687009_soa_247687009_soa_io.goudai.soa.sys.api40UserService.code,unknown_class,False,49,49,False
1a4a1d6252a5e6c2dfda48576960f7f20c5b6571,val,0,MultifacetedAbstraction/Negative/TDesjardins_GWT-OL3-Playground_TDesjardins_GWT-OL3-Playground_ol56Graticule.code,unknown_class,False,49,49,False
60ca758691d84f7154370096fb695bb04605e0d1,val,0,MultifacetedAbstraction/Negative/KronicDeth_intellij-elixir_KronicDeth_intellij-elixir_org.elixir_lang.psi692ElixirUnknownBaseDigits.code,unknown_class,False,49,49,False
7959a018dd4d5deefbb0ad07c91fcb3f4621fbc1,train,0,MultifacetedAbstraction/Negative/amutu_tdw_amutu_tdw_org.apache.hadoop.hive.metastore.api2209isARole_argsStandardSchemeFactory.code,unknown_class,False,48,48,False
6003f63a4a1aee807dd52d2669b4565442bb6039,test,0,MultifacetedAbstraction/Negative/gosu-lang_gosu-lang_gosu-lang_gosu-lang_gw.config537ServiceKernelInit.code,unknown_class,False,48,48,False
072c40dface1a85fd7329e8c0c2dd578871894e8,train,0,MultifacetedAbstraction/Negative/apache_olingo-odata4_apache_olingo-odata4_org.apache.olingo.server.api.uri.queryoption1336FormatOption.code,unknown_class,False,48,48,False
96c2da676f31d0e1cdbc8fee78f8a027a65b4b6b,train,0,MultifacetedAbstraction/Negative/FenixEdu_fenixedu-academic_FenixEdu_fenixedu-academic_org.fenixedu.academic.ui.struts.action.resourceAllocationManager3713RAMSchedulesApp.code,unknown_class,False,48,48,False
4cf28788fe0646076b2fdd2911399058c0ea9e58,train,0,MultifacetedAbstraction/Negative/naver_pinpoint_naver_pinpoint_com.navercorp.pinpoint.plugin.websphere3216StatusCodeAccessor.code,unknown_class,False,48,48,False
9dc28ebb6564e6f6c83718dca758c8a5a765a1ec,train,0,MultifacetedAbstraction/Negative/amutu_tdw_amutu_tdw_org.apache.hadoop.hive.metastore.api2322modifyColumnComment_argsStandardSchemeFactory.code,unknown_class,False,48,48,False
a565871133f8e684b6532a1b00c4e5b64ee59c42,train,0,MultifacetedAbstraction/Negative/nemerosa_ontrack_nemerosa_ontrack_net.nemerosa.ontrack.model.security857BuildConfig.code,unknown_class,False,48,48,False
6d6ef64c1473e3f645ae4fe8f0de99d412f1cbd4,train,0,MultifacetedAbstraction/Negative/caskdata_cdap_caskdata_cdap_io.cdap.cdap.etl.tool.config2803UpgradeAction.code,unknown_class,False,48,48,False
b40d0cf446e8009e0fd69066e61dfa753b08af5b,test,0,MultifacetedAbstraction/Negative/gosu-lang_gosu-lang_gosu-lang_gosu-lang_gw.lang.reflect.java.asm2504ExposedByteArrayOutputStream.code,unknown_class,False,48,48,False
1fd3e4938a1f0ad50a089e960054869bb359d311,train,0,MultifacetedAbstraction/Negative/amutu_tdw_amutu_tdw_org.apache.hadoop.hive.metastore.api948drop_index_argsStandardSchemeFactory.code,unknown_class,False,48,48,False
cdcad1e0e9a2916f4680e827ffb59415fcdf099b,train,0,MultifacetedAbstraction/Negative/Instagram_ig-json-parser_Instagram_ig-json-parser_com.instagram.common.json.app.ommodel98Location.code,unknown_class,False,48,48,False
197434cca009ad4fa2c809fe4ed5d76a921ad269,train,0,MultifacetedAbstraction/Negative/amutu_tdw_amutu_tdw_org.apache.hadoop.hive.metastore.api1970grantAuthSys_resultTupleSchemeFactory.code,unknown_class,False,48,48,False
98c75727b6302c4da1708f2c49cec42854570c65,train,0,MultifacetedAbstraction/Negative/mrmans0n_smart-location-lib_mrmans0n_smart-location-lib_io.nlopez.smartlocation10OnGeocodingListener.code,unknown_class,False,48,48,False
da86b51244a4b424989b71dc73661833fa3db9be,val,0,MultifacetedAbstraction/Negative/amutu_tdw_amutu_tdw_org.apache.hadoop.hive.metastore.api944drop_database_resultTupleSchemeFactory.code,unknown_class,False,48,48,False
dbfe6314e5934781882e28226e984a94ad516899,train,0,MultifacetedAbstraction/Negative/amutu_tdw_amutu_tdw_org.apache.hadoop.hive.metastore.api2636set_passwd_argsTupleSchemeFactory.code,unknown_class,False,48,48,False
7ca468dc65afe9bfde3984951ab633720687e876,train,0,MultifacetedAbstraction/Negative/yahoo_artifactory_ssh_proxy_yahoo_artifactory_ssh_proxy_com.yahoo.sshd.server.filesystem57InjectableArtifactoryFileSystemFactory.code,unknown_class,False,48,48,False
d4e3ce8a549c0827dde40b8ffb4f5a2cef460b01,train,0,MultifacetedAbstraction/Negative/freenet_plugin-Freetalk_freenet_plugin-Freetalk_plugins.Freetalk.exceptions50DuplicateBoardException.code,unknown_class,False,47,47,False
5941ea2c4c244ba52dfa4b39c70283f678992254,train,0,MultifacetedAbstraction/Negative/project-ncl_pnc_project-ncl_pnc_org.jboss.pnc.model768GenericEntity.code,unknown_class,False,47,47,False
3262902094eaf24bf48dba28be49113717238393,train,0,MultifacetedAbstraction/Negative/openhab_openhab2_openhab_openhab2_org.openhab.binding.amazonechocontrol.internal.jsons84InfoText.code,unknown_class,False,47,47,False
fe37781498895e1242f4ec876ec9151adf979377,val,0,MultifacetedAbstraction/Negative/lesaint_damapping_lesaint_damapping_fr.javatronic.damapping.test.fullhardcoded.dto207CustomerDto.code,unknown_class,False,47,47,False
512121cfaa33b95dee7211a8110d42c2427a17b6,train,0,MultifacetedAbstraction/Negative/calipho-sib_nextprot-api_calipho-sib_nextprot-api_org.nextprot.api.core.dao241AntibodyMappingDao.code,unknown_class,False,47,47,False
6fe3ba8e80238c55b71823bdd622d2d5616a6540,train,0,MultifacetedAbstraction/Negative/FenixEdu_fenixedu-academic_FenixEdu_fenixedu-academic_org.fenixedu.academic.domain.accessControl.arguments257DegreeTypeArgument.code,unknown_class,False,47,47,False
983891bba8374ec13dcb56792f9334da3a662735,test,0,MultifacetedAbstraction/Negative/mobile-event-processing_Asper_mobile-event-processing_Asper_com.espertech.esper.epl.datetime.eval1364DatetimeLongCoercerCal.code,unknown_class,False,47,47,False
b5f78f9f1ef2abd3fcce0040a7ac1d80e46f4373,train,0,MultifacetedAbstraction/Negative/amutu_tdw_amutu_tdw_org.apache.hadoop.hive.ql.session3344ResourceHook.code,unknown_class,False,47,47,False
f41122f8b8ddcd939653fa71d8370ef4eeda879e,train,0,MultifacetedAbstraction/Negative/TNG_jgiven_TNG_jgiven_com.tngtech.jgiven.example.projects.junit559JGivenTestConfiguration.code,unknown_class,False,46,46,False
7e66904bc53935d8de2bd251ec5f3d647e716d63,train,0,MultifacetedAbstraction/Negative/edx_edx-app-android_edx_edx-app-android_org.edx.mobile.interfaces182TextResourceProvider.code,unknown_class,False,46,46,False
937671ecdfe50e18e6c073f2b8936c13330c4ed1,test,0,MultifacetedAbstraction/Negative/247687009_soa_247687009_soa_io.goudai.soa.quartz.api.job26TestJob.code,unknown_class,False,46,46,False
5c3c05cf848de9dd86b6bfccbdfd81837285cf0d,train,0,MultifacetedAbstraction/Negative/marklogic_java-client-api_marklogic_java-client-api_com.marklogic.client.type1593PlanExprColSeq.code,unknown_class,False,46,46,False
42be1653974675a9f73b88a93c1fe7b760492c8c,train,0,MultifacetedAbstraction/Negative/gid15_jpcsp_gid15_jpcsp_jpcsp.HLE.modules905ExtractPGDSettingsListerner.code,unknown_class,False,46,46,False
dd19a29d9a438fe1922c03eeb2ce0c6d9f742d0c,train,0,MultifacetedAbstraction/Negative/vert-x3_vertx-codegen_vert-x3_vertx-codegen_io.vertx.test.codegen.testapi.impl397InterfaceInImplPackage.code,unknown_class,False,46,46,False
ddb21fb0e7bd7cd771eaee4f999324d9a61839cc,train,0,MultifacetedAbstraction/Negative/edx_edx-app-android_edx_edx-app-android_org.edx.mobile.core76LinearLayoutManagerProvider.code,unknown_class,False,45,45,False
2891669be2d997553333ed40ae4e754d86a52c31,train,0,MultifacetedAbstraction/Negative/ceskaexpedice_kramerius_ceskaexpedice_kramerius_cz.incad.kramerius.rest.api.k5.client.pdf714PDFResourceBadRequestException.code,unknown_class,False,45,45,False
5c8b2e41c01dc3181c503c89935553c702b826c2,test,0,MultifacetedAbstraction/Negative/awslabs_aws-dynamodb-encryption-java_awslabs_aws-dynamodb-encryption-java_software.amazon.cryptools.dynamodbencryptionclientsdk2.encryption.materials203DecryptionMaterials.code,unknown_class,False,45,45,False
4ee4350b91a768a22461cbefff40ad6343e89d30,train,0,MultifacetedAbstraction/Negative/calipho-sib_nextprot-api_calipho-sib_nextprot-api_org.nextprot.api.commons.bio.variation.prot54SequenceVariationBuildException.code,unknown_class,False,45,45,False
93dbc5e3d50538623295b61393b1575ee9fa5f33,train,0,MultifacetedAbstraction/Negative/querydsl_querydsl_querydsl_querydsl_com.querydsl.apt.domain204ExternalEmbeddableTest.code,unknown_class,False,45,45,False
7f2746139ccdcbce6b5137f8ce69e6c242efdd98,test,0,MultifacetedAbstraction/Negative/amutu_tdw_amutu_tdw_org.apache.hadoop.hive.metastore.api795dropDatabase_resultTupleSchemeFactory.code,unknown_class,False,45,45,False
2812442cc13c686d51da121a437704dd2a80ba93,train,0,MultifacetedAbstraction/Negative/SpongePowered_SpongeAPI_SpongePowered_SpongeAPI_org.spongepowered.api.world.gen1791PopulatorType.code,unknown_class,False,45,45,False
3afcaf462f5c13df8f18e7dfba89ab00009cf2a4,train,0,MultifacetedAbstraction/Negative/gid15_jpcsp_gid15_jpcsp_jpcsp.Allegrex.compiler128IgnoreInvalidMemoryAccessSettingsListerner.code,unknown_class,False,45,45,False
514f930d986381d05e9febfee9bbaa882d2718c3,train,0,MultifacetedAbstraction/Negative/ctron_package-drone_ctron_package-drone_org.eclipse.packagedrone.utils.converter833Converter.code,unknown_class,False,45,45,False
de3e925a9ed30a96588c5eaa6d09d7caad1a3ede,val,0,MultifacetedAbstraction/Negative/ceskaexpedice_kramerius_ceskaexpedice_kramerius_cz.incad.kramerius.rest.api.exceptions638ActionNotAllowedXML.code,unknown_class,False,45,45,False
5d4c633153fde7987494be9ff9a5c3813575c14f,train,0,MultifacetedAbstraction/Negative/SharedKnowledge_SharkFW_SharedKnowledge_SharkFW_net.sharkfw.knowledgeBase.spatial161ISpatialProbability.code,unknown_class,False,44,44,False
3e0ba1bdc56d859fa0e20e7c6950d40423601860,train,0,MultifacetedAbstraction/Negative/aol_simple-react_aol_simple-react_cyclops.typeclasses.taglessfinal1923LogAlgebra.code,unknown_class,False,44,44,False
60d701ae060d111bbd2533f1edb741a05a8a193e,train,0,MultifacetedAbstraction/Negative/project-ncl_pnc_project-ncl_pnc_org.jboss.pnc.spi.datastore.repositories1096ProductRepository.code,unknown_class,False,44,44,False
a772446dddf0748fd21b6a403396ae45a9447ac9,val,0,MultifacetedAbstraction/Negative/google_closure-compiler_google_closure-compiler_java.nio.file1954Path.code,unknown_class,False,43,43,False
a9aedbe4a862a10f5f434f3193a3048b42f81acf,test,0,MultifacetedAbstraction/Negative/linkedin_gobblin_linkedin_gobblin_org.apache.gobblin.cli190CommandException.code,unknown_class,False,43,43,False
a51d57e1f3c96b70daa33aebc48b896fa08bffb0,train,0,MultifacetedAbstraction/Negative/edx_edx-app-android_edx_edx-app-android_org.edx.mobile.model.api221RegisterResponseFieldError.code,unknown_class,False,43,43,False
9c58d46b03fb8029d0227639862b542f1718e2f0,train,0,MultifacetedAbstraction/Negative/apache_knox_apache_knox_org.apache.knox.gateway.util1343NoSuchTopologyException.code,unknown_class,False,43,43,False
b9a9b73a89381c588e376bf98d74cd46a14f6ef7,train,0,MultifacetedAbstraction/Negative/Stratio_streaming-cep-engine_Stratio_streaming-cep-engine_com.stratio.decision.commons.exceptions32StratioAPISecurityException.code,unknown_class,False,43,43,False
20c4d4ca53f491ece668ec240ac9d4463079065b,train,0,MultifacetedAbstraction/Negative/apache_tajo_apache_tajo_org.apache.tajo.plan1272RelationNodeFinderContext.code,unknown_class,False,43,43,False
8d8e2c3918d43ae79eb8f7b96fc1be537d2c1270,train,0,MultifacetedAbstraction/Negative/amutu_tdw_amutu_tdw_org.apache.hadoop.hive.service4066compile_argsTupleSchemeFactory.code,unknown_class,False,42,42,False
fc3c647fcd322fd4e2c2f870e3ef95fa5689f407,train,0,MultifacetedAbstraction/Negative/amutu_tdw_amutu_tdw_org.apache.hadoop.hive.service4047audit_resultTupleSchemeFactory.code,unknown_class,False,42,42,False
a5e91a6098a3a553bc773f1f2fbed39ee3abfc14,val,0,MultifacetedAbstraction/Negative/kaazing_k3po_kaazing_k3po_org.kaazing.specification.socks5811Dummy.code,unknown_class,False,42,42,False
7e256923ee1d1727f2ce1d61081a75bdc678c4aa,test,0,MultifacetedAbstraction/Negative/neuroph_master_neuroph_master_com.jme3.gde.core.sceneexplorer.nodes.actions235NewControlAction.code,unknown_class,False,42,42,False
ee0bcf6bf3409c29a12a136872be1b8063711e25,test,0,MultifacetedAbstraction/Negative/ZK-1931_javazab_ZK-1931_javazab_com.github.zk1931.jzab23JoinFailure.code,unknown_class,False,42,42,False
6ddc14610bea8936a82387383859c964baafa55d,train,0,MultifacetedAbstraction/Negative/bardsoftware_ganttproject_bardsoftware_ganttproject_biz.ganttproject.core.calendar8GPCalendarActivity.code,unknown_class,False,42,42,False
4ce272d2893ac5701ef3ef425c635419017b3cf3,train,0,MultifacetedAbstraction/Negative/TNG_jgiven_TNG_jgiven_com.tngtech.jgiven.integration.spring.junit5.config318TestSpringConfig.code,unknown_class,False,42,42,False
c9cb6a44bd8076e0d274700eff541f9cf51eaa09,train,0,MultifacetedAbstraction/Negative/mobile-event-processing_Asper_mobile-event-processing_Asper_com.espertech.esper.epl.generated2015matchRecogPatternNested_return.code,unknown_class,False,42,42,False
45dd465e305f1bd04db0f52d6dfcb62f606f62fd,test,0,MultifacetedAbstraction/Negative/GlowstoneMC_Glowstone_GlowstoneMC_Glowstone_net.glowstone.command.minecraft311SetBlockCommandTest.code,unknown_class,False,41,41,False
03e726186c4173f67e61bc5c2d859c6afa452509,train,0,MultifacetedAbstraction/Negative/joel-costigliola_assertj-swing_joel-costigliola_assertj-swing_org.assertj.swing.annotation6GUITestSubclass.code,unknown_class,False,41,41,False
ae0d2cc356171572926d57fc6562e509bcdc3476,test,0,MultifacetedAbstraction/Negative/seleniumQuery_seleniumQuery_seleniumQuery_seleniumQuery_io.github.seleniumquery.by.secondgen.csstree.condition.pseudoclass.jqueryui428CssTabbablePseudoClass.code,unknown_class,False,41,41,False
da69973a2eaf33ce22761b92cb58861d67a2cf78,train,0,MultifacetedAbstraction/Negative/jphp-compiler_jphp_jphp-compiler_jphp_org.develnext.jphp.core.tokenizer.token.stmt336FinalStmtToken.code,unknown_class,False,41,41,False
6522d8e11b07e10331edbbe8767c2a8b392e52ca,train,0,MultifacetedAbstraction/Negative/mobile-event-processing_Asper_mobile-event-processing_Asper_com.espertech.esper.epl.generated1922elementValueArrayEnum_return.code,unknown_class,False,41,41,False
13291166df8b5e04301fcda9beefd0117852f75c,train,0,MultifacetedAbstraction/Negative/247687009_soa_247687009_soa_io.goudai.soa.quartz.api.manger.impl28QuartzSoaManagerImpl.code,unknown_class,False,40,40,False
eb6bb80ed180beb5861dc366009235b76a462f75,train,0,MultifacetedAbstraction/Negative/kaazing_k3po_kaazing_k3po_org.kaazing.specification.socks5.request.connect818Socks5ConnectHandshakeIT.code,unknown_class,False,40,40,False
24ef6b80261d902cd4097c79e74eb5733a97b945,train,0,MultifacetedAbstraction/Negative/rapidminer_rapidminer_rapidminer_rapidminer_com.rapidminer.gui.new_plotter.listener799PlotConfigurationProcessingListener.code,unknown_class,False,40,40,False
d7aa4df5296a41a60e45055a036d7d32e7401d6d,train,0,MultifacetedAbstraction/Negative/mobile-event-processing_Asper_mobile-event-processing_Asper_com.espertech.esper.epl.generated1905createIndexColumn_return.code,unknown_class,False,40,40,False
5cdddfe2243a985351f60c8ecd0a9ca434f94b2f,train,0,MultifacetedAbstraction/Negative/jphp-compiler_jphp_jphp-compiler_jphp_org.develnext.jphp.core.tokenizer.token156CloseTagToken.code,unknown_class,False,40,40,False
92b84a711d3f795799899080e082788cdf30e2fa,val,0,MultifacetedAbstraction/Negative/mobile-event-processing_Asper_mobile-event-processing_Asper_com.espertech.esper.epl.generated2072qualifyExpression_return.code,unknown_class,False,40,40,False
351fea2a263a0b8b96eb24675ba12a5f7530a27f,val,0,MultifacetedAbstraction/Negative/Apereo-Learning-Analytics-Initiative_OpenDashboard_Apereo-Learning-Analytics-Initiative_OpenDashboard_od8AnyClassMatcher.code,OpenDashboard_od,False,39,39,False
0dbb0f6555c5679430856d1cc79e4ce188329974,train,0,MultifacetedAbstraction/Negative/spring-projects_spring-data-examples_spring-projects_spring-data-examples_example.repo2777Customer1693Repository.code,unknown_class,False,39,39,False
8d156967c26fa062de4d4afb7b720c69bc47cc54,train,0,MultifacetedAbstraction/Negative/pushtorefresh_bamboo-storage_pushtorefresh_bamboo-storage_com.pushtorefresh.storio3.sqlite.annotations405EmptyTable.code,unknown_class,False,39,39,False
79de37a42aac89088f5ef78eba71741fffb06cfe,train,0,MultifacetedAbstraction/Negative/spring-projects_spring-data-examples_spring-projects_spring-data-examples_example.repo3082Customer1968Repository.code,unknown_class,False,39,39,False
d37487ca362b49b66fd30efdc4a49a059b5856e2,val,0,MultifacetedAbstraction/Negative/spring-projects_spring-data-examples_spring-projects_spring-data-examples_example.repo2043Customer1031Repository.code,unknown_class,False,39,39,False
fdd2de8e6977cdf5344634d50efa589ffcfbfb54,train,0,MultifacetedAbstraction/Negative/jphp-compiler_jphp_jphp-compiler_jphp_php.runtime.common665CallbackW.code,unknown_class,False,39,39,False
a4108dd508f1db227c5e933aa55fc30b67f08928,test,0,MultifacetedAbstraction/Negative/openhab_openhab2_openhab_openhab2_org.openhab.binding.enocean.internal.config948EnOceanChannelContactConfig.code,unknown_class,False,39,39,False
0e76d25f2e983f469c6e6502b113584e3dc708ad,test,0,MultifacetedAbstraction/Negative/spring-projects_spring-data-examples_spring-projects_spring-data-examples_example.repo2420Customer1371Repository.code,unknown_class,False,39,39,False
47edddf02d57f1137336055be1f9d2dd2b317dce,train,0,MultifacetedAbstraction/Negative/spring-projects_spring-data-examples_spring-projects_spring-data-examples_example.repo3925Customer926Repository.code,unknown_class,False,39,39,False
c220883cd0616d66f7675d085b5e9f8f5a69ab30,train,0,MultifacetedAbstraction/Negative/spring-projects_spring-data-examples_spring-projects_spring-data-examples_example.repo2667Customer1594Repository.code,unknown_class,False,39,39,False
dee65a62e9f6c6f5138e926be0313a85745d6c2a,train,0,MultifacetedAbstraction/Negative/spring-projects_spring-data-examples_spring-projects_spring-data-examples_example.repo2661Customer1589Repository.code,unknown_class,False,39,39,False
9d00cf6c8f9b8ca8c9b8ee67ab2b3d1703f2d307,train,0,MultifacetedAbstraction/Negative/opendaylight_controller_opendaylight_controller_org.opendaylight.controller.cluster.common.actor302Error.code,unknown_class,False,39,39,False
b775d9e52624106ba14ae29794ed3b7b3ea5eaf6,train,0,MultifacetedAbstraction/Negative/amutu_tdw_amutu_tdw_org.apache.hadoop.hive.metastore.api1020FieldSchemaStandardSchemeFactory.code,unknown_class,False,39,39,False
6e792c2627a6c29d45a5ae8440924c6229b5c125,test,0,MultifacetedAbstraction/Negative/spring-projects_spring-data-examples_spring-projects_spring-data-examples_example.repo3597Customer630Repository.code,unknown_class,False,39,39,False
b0d67229662be1792cf26fd9305f5dac197e968f,train,0,MultifacetedAbstraction/Negative/aolshevskiy_songo_aolshevskiy_songo_songo.model27UpdatePosition.code,unknown_class,False,39,39,False
bee7805b11caa2ffe1e1f2432d886ae1721d2521,val,0,MultifacetedAbstraction/Negative/apache_incubator-blur_apache_incubator-blur_org.apache.blur.thirdparty.thrift_0_9_0861TUnionStandardSchemeFactory.code,unknown_class,False,39,39,False
97e3d7af4706ccaec5e87ba176e83dbc8d6e2a60,test,0,MultifacetedAbstraction/Negative/marklogic_java-client-api_marklogic_java-client-api_com.marklogic.client.io.marker1200JSONWriteHandle.code,unknown_class,False,39,39,False
3954cdf260bd3c3944be5ce0888a2c89eb80adb2,val,0,MultifacetedAbstraction/Negative/spring-projects_spring-data-examples_spring-projects_spring-data-examples_example.repo2900Customer1803Repository.code,unknown_class,False,39,39,False
489d4cd6cc21331a2f8228e1f28507db83c4456c,train,0,MultifacetedAbstraction/Negative/KronicDeth_intellij-elixir_KronicDeth_intellij-elixir_org.elixir_lang.psi558ElixirInInfixOperator.code,unknown_class,False,39,39,False
81fc3411b65766d2d9fcabea168dafb70e3aa459,test,0,MultifacetedAbstraction/Negative/spring-projects_spring-data-examples_spring-projects_spring-data-examples_example.repo2888Customer1793Repository.code,unknown_class,False,39,39,False
d054db8dec68385d6bf730b5e4e31729647dd13d,val,0,MultifacetedAbstraction/Negative/spring-projects_spring-data-examples_spring-projects_spring-data-examples_example.repo2853Customer1761Repository.code,unknown_class,False,39,39,False
64ff3a6a642a9f3d79afd6b7306a3a4f18c74e7a,train,0,MultifacetedAbstraction/Negative/spring-projects_spring-data-examples_spring-projects_spring-data-examples_example.repo2477Customer1422Repository.code,unknown_class,False,39,39,False
791bb8d174efd3ba6562a10c85ae1c333cc6ea26,train,0,MultifacetedAbstraction/Negative/spring-projects_spring-data-examples_spring-projects_spring-data-examples_example.repo3901Customer904Repository.code,unknown_class,False,39,39,False
8d9322a09a89b348e08e08bdf0ab15d5967b4d50,test,0,MultifacetedAbstraction/Negative/mobile-event-processing_Asper_mobile-event-processing_Asper_com.espertech.esper.epl.expression1789ExprSubselectStrategy.code,unknown_class,False,39,39,False
749efc7ea92020a561ac9b214f4727268681c44c,train,0,MultifacetedAbstraction/Negative/whatscloud_whatscloud-android_whatscloud_whatscloud-android_android.support.v4.app2OnOptionsItemSelectedListener.code,unknown_class,False,38,38,False
ef7c95770b5c13425943588f9648226da5d151ce,test,0,MultifacetedAbstraction/Negative/iluwatar_java-design-patterns_iluwatar_java-design-patterns_com.iluwatar.event.asynchronous398ThreadCompleteListener.code,unknown_class,False,38,38,False
74669b6b0e558cff0c45e4aab3b8575fd2d80ff6,train,0,MultifacetedAbstraction/Negative/google_guice_google_guice_com.google.inject.assistedinject479Maxima.code,unknown_class,False,38,38,False
bd45c50b84691abc9e4bbf4c00107b405343b371,test,0,MultifacetedAbstraction/Negative/naver_pinpoint_naver_pinpoint_com.navercorp.pinpoint.profiler.instrument.mock.getter3819FieldTransientIntGetter.code,unknown_class,False,38,38,False
846d9485e9bb15ead963777108ec293e3089329e,train,0,MultifacetedAbstraction/Negative/fhussonnois_storm-trident-elasticsearch_fhussonnois_storm-trident-elasticsearch_com.github.fhuss.storm.elasticsearch.mapper17MappingException.code,unknown_class,False,37,37,False
acf614024fd39e281a85467a1cf99da03e08fb4f,train,0,MultifacetedAbstraction/Negative/jelkosz_Kanbanik_jelkosz_Kanbanik_com.googlecode.kanbanik.client.managers202TagsChangedListener.code,unknown_class,False,37,37,False
a2e0dc707a32a80288f313694d749bc8292b98a3,val,0,MultifacetedAbstraction/Negative/cping_RipplePower_cping_RipplePower_org.ripple.power.blockchain2738RippleMemoEncodes.code,unknown_class,False,37,37,False
d77d449cc3c13b1c7f108167d0ced7d492824c75,val,0,MultifacetedAbstraction/Negative/my2iu_Jinq_my2iu_Jinq_org.jinq.jooq.transform131SymbExArgumentHandler.code,unknown_class,False,37,37,False
ee46a827bc2b87b6a83bc238c0475f8c9d2d4573,train,0,MultifacetedAbstraction/Negative/cglib_cglib_cglib_cglib_net.sf.cglib.beans23SampleSetter.code,unknown_class,False,37,37,False
0b9103fe200fe157636de5efd149ae49888d544a,val,0,MultifacetedAbstraction/Negative/247687009_soa_247687009_soa_io.goudai.soa.core10SoaService.code,unknown_class,False,37,37,False
c7ba398b01cc82b639dbedbb4a8fa52a5bc1fad9,train,0,MultifacetedAbstraction/Negative/spring-projects_spring-data-examples_spring-projects_spring-data-examples_example.repo3547Customer586Repository.code,unknown_class,False,36,36,False
9907b3e124f42e3eefc72e0ac377ac970631f5ad,train,0,MultifacetedAbstraction/Negative/wiztools_rest-client_wiztools_rest-client_org.wiztools.restclient.ui.reqbody166ContentTypeCharsetChangeListener.code,unknown_class,False,36,36,False
03bd003ba8138c514adb70e0cd424dd980a42f8d,train,0,MultifacetedAbstraction/Negative/spring-projects_spring-data-examples_spring-projects_spring-data-examples_example.repo3320Customer381Repository.code,unknown_class,False,36,36,False
3502fe685f4680bc38854fdc6f80701b45236548,train,0,MultifacetedAbstraction/Negative/spring-projects_spring-data-examples_spring-projects_spring-data-examples_example.repo3907Customer90Repository.code,unknown_class,False,36,36,False
428c87e360500dd621678328c50ae9b67038323d,train,0,MultifacetedAbstraction/Negative/OhmData_c5-replicator_OhmData_c5-replicator_c5db.log65DummyEntry.code,unknown_class,False,36,36,False
d336391453fe34e88f470f6396193e64058b4196,test,0,MultifacetedAbstraction/Negative/spring-projects_spring-data-examples_spring-projects_spring-data-examples_example.repo3397Customer450Repository.code,unknown_class,False,36,36,False
4247d319700f58e372e925ce375f9dad7d2e5e5b,train,0,MultifacetedAbstraction/Negative/spring-projects_spring-data-examples_spring-projects_spring-data-examples_example.repo2141Customer111Repository.code,unknown_class,False,36,36,False
fc0a8924fd6830364e4de9cc723b7a46f507cdb2,train,0,MultifacetedAbstraction/Negative/apache_stratos_apache_stratos_org.apache.stratos.messaging.message.receiver.instance.notifier1063InstanceNotifierEventMessageQueue.code,unknown_class,False,36,36,False
fccc24b0fb66ce70ce621addb66eb5683e792169,train,0,MultifacetedAbstraction/Negative/cping_RipplePower_cping_RipplePower_com.ripple.core.types.shamap402TreeWalker.code,unknown_class,False,36,36,False
91f37beca62a459f18fe1f2936d072abd7eaad17,train,0,MultifacetedAbstraction/Negative/spring-projects_spring-data-examples_spring-projects_spring-data-examples_example.repo2041Customer102Repository.code,unknown_class,False,36,36,False
25e6d54dea8ae7e37fca1080819a18a4b910a8ae,test,0,MultifacetedAbstraction/Negative/247687009_soa_247687009_soa_io.goudai.soa.util49IdUtil.code,unknown_class,False,36,36,False
0877ed43b0d271e3e8d826c3a02547a9d080ce98,train,0,MultifacetedAbstraction/Negative/spring-projects_spring-data-examples_spring-projects_spring-data-examples_example.repo3858Customer866Repository.code,unknown_class,False,36,36,False
1f627423df9dd3eb82604b3ab1c0a037cab52ed1,val,0,MultifacetedAbstraction/Negative/PGWelch_com.opendoorlogistics_PGWelch_com.opendoorlogistics_com.opendoorlogistics.api.tables108ODLDatastoreAlterableFactory.code,unknown_class,False,35,35,False
911b39e6ce28390d1632a9e95f95e27630e83546,train,0,MultifacetedAbstraction/Negative/spring-projects_spring-data-examples_spring-projects_spring-data-examples_example.springdata.mongodb.aggregation6252PagesPerAuthor.code,unknown_class,False,35,35,False
7818bc7148f4998d695d7cca23029bb406a42ed4,test,0,MultifacetedAbstraction/Negative/embulk_embulk_embulk_embulk_org.embulk.standards425JsonRecordValidateException.code,unknown_class,False,35,35,False
4d5c365814779f5478213c37e34c3004796a3246,test,0,MultifacetedAbstraction/Negative/querydsl_querydsl_querydsl_querydsl_com.querydsl.codegen613SomeOtherClass.code,unknown_class,False,35,35,False
c1097016e6cddc3835c4c50a922eb3bdc5e4c94a,test,0,MultifacetedAbstraction/Negative/apache_knox_apache_knox_org.apache.knox.gateway.filter.rewrite.spi505UrlRewriteResolver.code,unknown_class,False,35,35,False
0874627b377a66c39ad3fa3237f48e438aa7986c,train,0,MultifacetedAbstraction/Negative/cping_RipplePower_cping_RipplePower_org.ripple.bouncycastle.crypto.tls1621TlsEncryptionCredentials.code,unknown_class,False,34,34,False
a807944f6b2abf59e6f56476c6dd9a7b2594eb4a,train,0,MultifacetedAbstraction/Negative/cping_RipplePower_cping_RipplePower_com.ripple.client.requests246Builder.code,unknown_class,False,34,34,False
a252b51a1465b2366591bcfb52461c42345713d2,train,0,MultifacetedAbstraction/Negative/247687009_soa_247687009_soa_io.goudai.soa2StartQuartz.code,unknown_class,False,34,34,False
a8267471df204e1c8b734bee74925026db8b9e5c,train,0,MultifacetedAbstraction/Negative/juniversal_jsimple_juniversal_jsimple_jsimple.net125SocketListenerFactory.code,unknown_class,False,34,34,False
1adbcae3d5867f558380236734e44010cc8d5fb8,val,0,MultifacetedAbstraction/Negative/PGWelch_com.opendoorlogistics_PGWelch_com.opendoorlogistics_com.opendoorlogistics.components.scheduleeditor421TaskMover.code,unknown_class,False,34,34,False
61af6850756693021390fbf0e07b8473bee40fef,train,0,MultifacetedAbstraction/Negative/iipc_webarchive-commons_iipc_webarchive-commons_org.archive.resource.html281TagExtractor.code,unknown_class,False,33,33,False
ce631df56cccd855c784691c5fcf40c68f22b55b,train,0,MultifacetedAbstraction/Negative/spring-projects_spring-data-examples_spring-projects_spring-data-examples_example.service4698Customer1621Service.code,unknown_class,False,32,32,False
7c417c3bdd09f3e8cccebbf99734da4ffa1164b6,train,0,MultifacetedAbstraction/Negative/nemerosa_ontrack_nemerosa_ontrack_net.nemerosa.ontrack.client101ClientValidationException.code,unknown_class,False,32,32,False
3061cf1a4c5a2f64efcdfd403293ef1885c28390,val,0,MultifacetedAbstraction/Negative/spring-projects_spring-data-examples_spring-projects_spring-data-examples_example.service5945Customer944Service.code,unknown_class,False,32,32,False
e3319d6d8c01f442ddab86be8073968c4f9a5efa,val,0,MultifacetedAbstraction/Negative/bruno-medeiros_DDT_bruno-medeiros_DDT_melnorme.lang.ide.core515SettingsChangeListener.code,unknown_class,False,32,32,False
b1fa714a0dcd8db68f6a02a596bcb553445bca51,train,0,MultifacetedAbstraction/Negative/247687009_soa_247687009_soa_org.soa.api.impl.start56Start.code,unknown_class,False,32,32,False
a57918f6b1d30dc3ab8dc096b5d050e3821727c8,test,0,MultifacetedAbstraction/Negative/cglib_cglib_cglib_cglib_net.sf.cglib.transform269ClassFilter.code,unknown_class,False,32,32,False
3e6152800a91929e253f5b58bbf32d0dc2edfd36,train,0,MultifacetedAbstraction/Negative/calipho-sib_nextprot-api_calipho-sib_nextprot-api_org.nextprot.api.core.service587PeptideNamesService.code,unknown_class,False,32,32,False
3346fdbe5670a471ac87f408de5666b28b88aedc,val,0,MultifacetedAbstraction/Negative/spring-projects_spring-data-examples_spring-projects_spring-data-examples_example.service4460Customer1407Service.code,unknown_class,False,32,32,False
8c5d0b80f4c7132c4026b9adca45a2ef2ef8ff4e,train,0,MultifacetedAbstraction/Negative/spring-projects_spring-data-examples_spring-projects_spring-data-examples_example.service4950Customer1849Service.code,unknown_class,False,32,32,False
a622b1f8056d61c0941bf8b7b0276d5630f5bf05,test,0,MultifacetedAbstraction/Negative/spring-projects_spring-data-examples_spring-projects_spring-data-examples_example.service4147Customer1125Service.code,unknown_class,False,32,32,False
41ed5b66c0b17a8fdfc1f1e4315c7ec3b98a005b,val,0,MultifacetedAbstraction/Negative/rundeck_rundeck_rundeck_rundeck_org.rundeck.core.projects1102ProjectDataImporter.code,unknown_class,False,32,32,False
53366290e990a9f24263040e08c563400fd224b8,train,0,MultifacetedAbstraction/Negative/google_guava_google_guava_com.google.common.eventbus1871HierarchyFixture.code,unknown_class,False,32,32,False
ac96da5989da5f8346c01b95c08c6d34075a78a5,train,0,MultifacetedAbstraction/Negative/spring-projects_spring-data-examples_spring-projects_spring-data-examples_example.service4704Customer1627Service.code,unknown_class,False,32,32,False
ea3dda17db4bc0a2f3c5310df609a8a2fd7fdbd5,train,0,MultifacetedAbstraction/Negative/spring-projects_spring-data-examples_spring-projects_spring-data-examples_example.service4517Customer1459Service.code,unknown_class,False,32,32,False
e88053b894921a0b6edb8a89c62deacdc2375290,train,0,MultifacetedAbstraction/Negative/OHDSI_WebAPI_OHDSI_WebAPI_org.ohdsi.webapi.estimation.converter286EstimationGenerationToCommonGenerationDtoConverter.code,unknown_class,False,32,32,False
e1c50d1bc8b885725306cb6fa8587269ce080ffe,train,0,MultifacetedAbstraction/Negative/gosu-lang_gosu-lang_gosu-lang_gosu-lang_gw.specContrib.generics2795Errant_JavaRecursiveTypeParameter.code,unknown_class,False,32,32,False
00d6f12285356e5ec6a84298494a0573250dd012,test,0,MultifacetedAbstraction/Negative/Clashsoft_Dyvil_Clashsoft_Dyvil_dyvilx.tools.compiler.ast.field303IAccessible.code,unknown_class,False,32,32,False
bfca5fed02c4820422d0bbc8176631bb057b510e,train,0,MultifacetedAbstraction/Negative/spring-projects_spring-data-examples_spring-projects_spring-data-examples_example.service5711Customer733Service.code,unknown_class,False,32,32,False
a5c71a9b46637ae8216a199fd79aefeaf2adf274,val,0,MultifacetedAbstraction/Negative/spring-projects_spring-data-examples_spring-projects_spring-data-examples_example.service5657Customer685Service.code,unknown_class,False,32,32,False
a25bb08562084838eac5c6df8c49cdbff15bfce9,train,0,MultifacetedAbstraction/Negative/spring-projects_spring-data-examples_spring-projects_spring-data-examples_example.service4376Customer1331Service.code,unknown_class,False,32,32,False
57e7c16bb8231958949b4ea802b00ab262e41ce0,train,0,MultifacetedAbstraction/Negative/spring-projects_spring-data-examples_spring-projects_spring-data-examples_example.service4927Customer1828Service.code,unknown_class,False,32,32,False
e32e23d81a976840146456fb5646b5b200751af5,train,0,MultifacetedAbstraction/Negative/EdwardRaff_JSAT_EdwardRaff_JSAT_jsat.utils.concurrent916IndexRunnable.code,unknown_class,False,32,32,False
06b60014ce444461d2295cca24c7b288de604b47,train,0,MultifacetedAbstraction/Negative/spring-projects_spring-data-examples_spring-projects_spring-data-examples_example.service4416Customer1368Service.code,unknown_class,False,32,32,False
30e3e0fb18ac8d98335eee2f9347cafe3611eb6d,val,0,MultifacetedAbstraction/Negative/Evolveum_midpoint_Evolveum_midpoint_com.evolveum.midpoint.web.page.admin.resources.component3957ConnectorStruct.code,unknown_class,False,32,32,False
71d7f682447c43ac7ce1bcd21b8b67c0d6c35289,train,0,MultifacetedAbstraction/Negative/TNG_jgiven_TNG_jgiven_com.tngtech.jgiven.junit397RuleThatThrowsExceptionInBefore.code,unknown_class,False,32,32,False
8e10415f6f204c484e11b48a203aef1ecc1ebfcc,test,0,MultifacetedAbstraction/Negative/cloudfoundry_java-buildpack-auto-reconfiguration_cloudfoundry_java-buildpack-auto-reconfiguration_org.cloudfoundry.reconfiguration18CloudServicesHolder.code,unknown_class,False,32,32,False
a6d1a9a0abb7d1d887c74c94635abd88f161949c,train,0,MultifacetedAbstraction/Negative/CorfuDB_CorfuDB_CorfuDB_CorfuDB_org.corfudb.util.serializer686DeserializerFunction.code,unknown_class,False,32,32,False
182767405060f83cb09c4ba2228a5d910e414f66,test,0,MultifacetedAbstraction/Negative/247687009_soa_247687009_soa_io.goudai.soa.core.serialize20Serialize.code,unknown_class,False,31,31,False
530b072143561fc29583491ac0cbcf08d2870a9e,train,0,MultifacetedAbstraction/Negative/timolson_cointrader_timolson_cointrader_org.cryptocoinpartners.schema197SyntheticMarketFactory.code,unknown_class,False,31,31,False
9febf51ca3a9da9ea4828a8f7108cc5706ac52cb,train,0,MultifacetedAbstraction/Negative/Steveice10_MCProtocolLib_Steveice10_MCProtocolLib_com.github.steveice10.mc.protocol.data.message93ClickEvent.code,unknown_class,False,31,31,False
c2acd9c6dd16182ae839287c5cccff14a863097b,train,0,MultifacetedAbstraction/Negative/AzureAD_azure-activedirectory-library-for-android_AzureAD_azure-activedirectory-library-for-android_com.microsoft.aad.adal109InstanceHolder.code,unknown_class,False,31,31,False
d528c91982b7d56fc2bb621c5fe3fb4beec35093,train,0,MultifacetedAbstraction/Negative/copper-engine_copper-engine_copper-engine_copper-engine_org.copperengine.core.util316FunctionWithException.code,unknown_class,False,31,31,False
c4de93fd0be09830255e4d5e5f0501dbccd45889,train,0,MultifacetedAbstraction/Negative/cybergarage_cybergarage-upnp_cybergarage_cybergarage-upnp_org.cybergarage.http40HTML.code,unknown_class,False,30,30,False
6a64d000ed80f03564191cb8c99e81d6c07fc066,val,0,MultifacetedAbstraction/Negative/apache_incubator-blur_apache_incubator-blur_org.apache.blur.concurrent157ThreadBoundaryProcessor.code,unknown_class,False,30,30,False
26408c91f3617c665612b17dcf706ae4218408c3,val,0,MultifacetedAbstraction/Negative/aparapi_aparapi_aparapi_aparapi_com.amd.aparapi.test697Sequence.code,unknown_class,False,30,30,False
91140832e325c09341fb9a54985e6a968bde6a56,val,0,MultifacetedAbstraction/Negative/spring-projects_spring-data-examples_spring-projects_spring-data-examples_example.service5738Customer758Service.code,unknown_class,False,29,29,False
7bfd8e5dcc561cf7482bb51cf5970dd16fcce1ab,train,0,MultifacetedAbstraction/Negative/spring-projects_spring-data-examples_spring-projects_spring-data-examples_example.service5128Customer208Service.code,unknown_class,False,29,29,False
c7acf1b118216c53fce8a3c19fb95903006b5bb1,train,0,MultifacetedAbstraction/Negative/spring-projects_spring-data-examples_spring-projects_spring-data-examples_example.service5118Customer19Service.code,unknown_class,False,29,29,False
5f037b7bd755b53511407ede12357114b63a45de,test,0,MultifacetedAbstraction/Negative/spring-projects_spring-data-examples_spring-projects_spring-data-examples_example.service5940Customer93Service.code,unknown_class,False,29,29,False
3831d6d97bbe53004b5977cfc4af0073dcfff380,train,0,MultifacetedAbstraction/Negative/spring-projects_spring-data-examples_spring-projects_spring-data-examples_example.service4585Customer151Service.code,unknown_class,False,29,29,False
fbedaa50fbfc50ff095a6f7e89c27b22f2b5b263,train,0,MultifacetedAbstraction/Negative/jmockit_jmockit1_jmockit_jmockit1_integrationTests6AnInterface.code,unknown_class,False,29,29,False
63cd624073469a506891a7c5c09abbbbae217d7b,train,0,MultifacetedAbstraction/Negative/rundeck_rundeck_rundeck_rundeck_com.dtolabs.rundeck.core.storage802StorageConverter.code,unknown_class,False,29,29,False
65945a2224d881092cdb3adaa7bdd5f3edee650f,train,0,MultifacetedAbstraction/Negative/spring-projects_spring-data-examples_spring-projects_spring-data-examples_example.service5179Customer254Service.code,unknown_class,False,29,29,False
d1ee46f5d28494dfcd126698b97d1b9a7f262bfc,train,0,MultifacetedAbstraction/Negative/spring-projects_spring-data-examples_spring-projects_spring-data-examples_example.service5156Customer233Service.code,unknown_class,False,29,29,False
5a9cc4ee1231cc9b29c7c9a7d17d471a83fd18ae,train,0,MultifacetedAbstraction/Negative/google_guava_google_guava_com.google.common.collect.testing.features1573ExampleBaseInterface.code,unknown_class,False,28,28,False
26148364646085e25d49d06b9b9aee326a139d98,train,0,MultifacetedAbstraction/Negative/naver_pinpoint_naver_pinpoint_com.navercorp.pinpoint.profiler.instrument.mock3781OkHttpClientMock.code,unknown_class,False,28,28,False
5e49db6f478c8a09750ee666937982b2d79f17f6,train,0,MultifacetedAbstraction/Negative/edx_edx-app-android_edx_edx-app-android_org.edx.mobile.social413SocialUserInfoCallback.code,unknown_class,False,28,28,False
06f2af8937e2604af4ea02e3927d51552653f7ac,train,0,MultifacetedAbstraction/Negative/247687009_soa_247687009_soa_io.goudai.soa.core.impl18InvokerFailException.code,unknown_class,False,28,28,False
2e4c2157ae20000ca99298a21c85f1cf5b8d2cde,train,0,MultifacetedAbstraction/Negative/apache_incubator-blur_apache_incubator-blur_org.apache.blur.command94IndexRead.code,unknown_class,False,28,28,False
f4807cd913701470d649bcd4c1be19d6e0badcf6,test,0,MultifacetedAbstraction/Negative/stagemonitor_stagemonitor_stagemonitor_stagemonitor_org.stagemonitor.tracing359AbstractTestClass.code,unknown_class,False,28,28,False
3f16fb68d6bea938a180ef8aa2d47b8abd5580b2,train,0,MultifacetedAbstraction/Negative/zutherb_AppStash_zutherb_AppStash_io.github.zutherb.appstash.shop.service.cart.api63CartResolver.code,unknown_class,False,27,27,False
1bf813fbef36d0c0a898a6d692f405694ad6f2a5,train,0,MultifacetedAbstraction/Negative/project-ncl_pnc_project-ncl_pnc_org.jboss.pnc.rest.restmodel940BuildConfigSetRecordPushRequestRestBuilder.code,unknown_class,False,27,27,False
d9d2e3e1c44f53a97ee2bcb96361e1a0d5d6f52f,train,0,MultifacetedAbstraction/Negative/Steveice10_MCProtocolLib_Steveice10_MCProtocolLib_com.github.steveice10.mc.protocol.data.game.statistic51BreakItemStatistic.code,unknown_class,False,27,27,False
4beea6ef7432a069396099325283a8bf779c9ab7,train,0,MultifacetedAbstraction/Negative/KronicDeth_intellij-elixir_KronicDeth_intellij-elixir_org.elixir_lang.credo124State.code,unknown_class,False,26,26,False
10d8aaa22702e19919556260a6b087c1b8a93f02,train,0,MultifacetedAbstraction/Negative/opendaylight_controller_opendaylight_controller_org.opendaylight.controller.cluster.datastore.shardmanager911MessageInterceptor.code,unknown_class,False,26,26,False
9e608819483599ea95f7ceea01d249e8817fdedd,train,0,MultifacetedAbstraction/Negative/nemerosa_ontrack_nemerosa_ontrack_net.nemerosa.ontrack.model.support1039NameValue.code,unknown_class,False,26,26,False
af6244ab3c43a5f15b46496fac49af8ad13ed64f,train,0,MultifacetedAbstraction/Negative/gosu-lang_gosu-lang_gosu-lang_gosu-lang_gw.lang.parser.statements2128IMethodCallStatement.code,unknown_class,False,26,26,False
f8f9d9aae1d6372137882f916e8ab1105c8de96a,val,0,MultifacetedAbstraction/Negative/caskdata_cdap_caskdata_cdap_io.cdap.cdap.internal.io3944RowKeyFunction.code,unknown_class,False,25,25,False
88b9b87975a1f56649ae8e0afc1d4f4bc2fd15b9,train,0,MultifacetedAbstraction/Negative/ctron_package-drone_ctron_package-drone_org.eclipse.packagedrone.web.controller.routing952PathMatcher.code,unknown_class,False,25,25,False
7762d285bc29fad3ac5316a0551844ceef1d35f3,train,0,MultifacetedAbstraction/Negative/google_guice_google_guice_com.google.inject310ProtectedNoArgAnnotated.code,unknown_class,False,25,25,False
5badccf7f4aa5a2b4768cff91333cf5013e6e9e6,train,0,MultifacetedAbstraction/Negative/InstantWebP2P_node-android_InstantWebP2P_node-android_com.iwebpp.node.http174responseListener.code,unknown_class,False,25,25,False
0f9893aaeff70cbf8d5defb89248010533018f90,test,0,MultifacetedAbstraction/Negative/hmsonline_storm-cassandra-cql_hmsonline_storm-cassandra-cql_com.hmsonline.trident.cql.incremental38PersistedState.code,unknown_class,False,25,25,False
8f5a5f397051cb71f2dbeee058d7123fb7c29dea,val,0,MultifacetedAbstraction/Negative/cloud-software-foundation_c5_cloud-software-foundation_c5_org.apache.hadoop.hbase.protobuf.generated2132WhoAmIRequestOrBuilder.code,unknown_class,False,25,25,False
96c25d26d5e7db296ecce6c480afc807199809a1,val,0,MultifacetedAbstraction/Negative/querydsl_querydsl_querydsl_querydsl_com.querydsl.apt.domain123ClassWithConstructor.code,unknown_class,False,25,25,False
de06d8170c79812a4b622d93658e34399811daca,train,0,MultifacetedAbstraction/Negative/mobile-event-processing_Asper_mobile-event-processing_Asper_com.espertech.esper.pattern3267EvalNodeUtilFactoryFilter.code,unknown_class,False,25,25,False
4b51775c77be33e5ec0e2f8ef0ad2cd331c9a14d,train,0,MultifacetedAbstraction/Negative/ReactiveX_RxJava_ReactiveX_RxJava_io.reactivex.rxjava3.core10A.code,unknown_class,False,24,24,False
1916d89dcd8a3b1dc6390e7a22a719815f20c66a,train,0,MultifacetedAbstraction/Negative/247687009_soa_247687009_soa_io.goudai.soa1A.code,unknown_class,False,24,24,False
6e2dc994e0b150924aeb96f99f3972190eb88bf4,train,0,MultifacetedAbstraction/Negative/marklogic_java-client-api_marklogic_java-client-api_com.marklogic.client.query1235Attribute.code,unknown_class,False,24,24,False
be7e30c2e5b9aaa57d789f0cfa6fb878db1f53d9,train,0,MultifacetedAbstraction/Negative/thechunknetwork_RedisBungee_thechunknetwork_RedisBungee_com.imaginarycode.minecraft.redisbungee10LogoutPayload.code,unknown_class,False,24,24,False
79cc0dd18c9f9e937a5da283d8362170bf6f343f,train,0,MultifacetedAbstraction/Negative/aparapi_aparapi_aparapi_aparapi_com.amd.aparapi.test514AnotherClass.code,unknown_class,False,24,24,False
fb9b87c802bf044b3758eca1eeb7b9c214adaac1,train,0,MultifacetedAbstraction/Negative/aol_simple-react_aol_simple-react_com.oath.cyclops.types580Present.code,unknown_class,False,23,23,False
e58dddc7921f5a91ed1e2f1d389365a35d0507cd,train,0,MultifacetedAbstraction/Negative/guardianproject_storymaker_guardianproject_storymaker_org.storymaker.app16CaptureTimestamp.code,unknown_class,False,23,23,False
cb61f3df28629f8645fbf270e3f3c99895d5f585,train,0,MultifacetedAbstraction/Negative/joel-costigliola_assertj-swing_joel-costigliola_assertj-swing_org.assertj.swing.driver1097LazyLoadedSingleton.code,unknown_class,False,23,23,False
6a8e50df22ca65f0ef52022fd030c864093afcb8,train,0,MultifacetedAbstraction/Negative/Rajawali_Rajawali_Rajawali_Rajawali_org.rajawali3d.loader.fbx364LayerElementNormal.code,unknown_class,False,23,23,False
97275c4b9f1443653a4f71f54bd40f12b772cdab,train,0,MultifacetedAbstraction/Negative/OHDSI_WebAPI_OHDSI_WebAPI_org.ohdsi.webapi.executionengine.repository350InputFileRepository.code,unknown_class,False,23,23,False
913b974f5b23068eced7d821a47ce899e10c119a,train,0,MultifacetedAbstraction/Negative/AChep_AcDisplay_AChep_AcDisplay_com.achep.acdisplay.notifications47IconAsyncListener.code,unknown_class,False,23,23,False
1481a548236aec3b38adef5ec2e0dae1c259f350,test,0,MultifacetedAbstraction/Negative/ctron_package-drone_ctron_package-drone_org.eclipse.packagedrone.utils828ThrowingRunnable.code,unknown_class,False,23,23,False
a8da39a7df574bf7fcb0f1c05390c1abb7e7c01e,train,0,MultifacetedAbstraction/Negative/augustt198_lumen_augustt198_lumen_me.august.lumen.compile.scanner.pos161SourcePositionProvider.code,unknown_class,False,23,23,False
a71117f1f5b0ca7b8e0d1e3f0da7c7729abc515b,train,0,MultifacetedAbstraction/Negative/OHDSI_WebAPI_OHDSI_WebAPI_org.ohdsi.webapi.executionengine.service355ExecutionEngineStatusService.code,unknown_class,False,22,22,False
a59eba7531a3d36471436fe2950ee72840523734,train,0,MultifacetedAbstraction/Negative/joel-costigliola_assertj-swing_joel-costigliola_assertj-swing_org.assertj.swing.edt1164GuiActionRunnable.code,unknown_class,False,22,22,False
9a110578ac04e7d02abe75d054891bc575627b3a,train,0,MultifacetedAbstraction/Negative/apache_olingo-odata2_apache_olingo-odata2_org.apache.olingo.odata2.annotation.processor.core.util71ClassValidator.code,unknown_class,False,22,22,False
120da6e6f3febdbe6b1287e8f804f95498a410f1,val,0,MultifacetedAbstraction/Negative/google_guice_google_guice_com.google.inject288PackagePrivateNoArg.code,unknown_class,False,22,22,False
441e844faa0528a161ac0412a5caf8fada0f74ae,train,0,MultifacetedAbstraction/Negative/spring-projects_spring-data-keyvalue_spring-projects_spring-data-keyvalue_org.springframework.data.keyvalue.core.mapping60EntityWithDefaultKeySpace.code,unknown_class,False,22,22,False
4d43c22e72e59f72a9987726c432e716f9a30244,train,0,MultifacetedAbstraction/Negative/tuguangquan_mybatis_tuguangquan_mybatis_org.apache.ibatis.submitted.multipleresultsetswithassociation622Mapper.code,unknown_class,False,22,22,False
db24e8d54fd22e3ad99c02698ebb424c78fcb81d,train,0,MultifacetedAbstraction/Negative/naver_pinpoint_naver_pinpoint_com.navercorp.pinpoint.test4488Listener.code,unknown_class,False,22,22,False
53c2dc034ddc4ae43df5111d46168d354f75aee6,train,0,MultifacetedAbstraction/Negative/TannerPerrien_picasso-transformations_TannerPerrien_picasso-transformations_com.picassotransformations.jhlabs39Function1D.code,unknown_class,False,21,21,False
27549f132a16ae5534c096f6c7d23a78f4eec4ac,test,0,MultifacetedAbstraction/Negative/mobile-event-processing_Asper_mobile-event-processing_Asper_com.espertech.esper.multithread.dispatchmodel3223DispatchListener.code,unknown_class,False,21,21,False
2a49f16cf3f1f3e201833d3cec6ea8e12c5a4394,val,0,MultifacetedAbstraction/Negative/gosu-lang_gosu-lang_gosu-lang_gosu-lang_gw.internal.gosu.parser.statements1509TerminalStatement.code,unknown_class,False,21,21,False
7375df24a97e8a34f74ede663b67bfd7f7e3dc70,train,0,MultifacetedAbstraction/Negative/Clashsoft_Dyvil_Clashsoft_Dyvil_dyvilx.tools.compiler.ast.generic322ITypeParametricMember.code,unknown_class,False,21,21,False
b65d640d9401cecbf259039ddeabce1cfe8b8010,train,0,MultifacetedAbstraction/Negative/midonet_midonet_midonet_midonet_org.midonet.odp.util732InterfaceReqByRef.code,unknown_class,False,20,20,False
13e99ef5dc1cc7ed6b3217597c483025253a722b,train,0,MultifacetedAbstraction/Negative/nemerosa_ontrack_nemerosa_ontrack_net.nemerosa.ontrack.service.security1169Key.code,unknown_class,False,20,20,False
d69f8e0ac1d52fcc73b84fd530759fbe064297e0,test,0,MultifacetedAbstraction/Negative/rancherio_cattle_rancherio_cattle_io.cattle.platform.allocator.service.impl114ResourceRequest.code,unknown_class,False,20,20,False
bfb085bd360bdf65ad6c85a408d2dd5242745652,val,0,MultifacetedAbstraction/Negative/ymback_NGA-CLIENT-VER-OPEN-SOURCE_ymback_NGA-CLIENT-VER-OPEN-SOURCE_gov.anzong.meizi96SplitMeiziTopicActivity.code,unknown_class,False,20,20,False
7c878cda45f9b4597acc17cb62eb2cbe99b8feb5,val,0,MultifacetedAbstraction/Negative/FenixEdu_fenixedu-academic_FenixEdu_fenixedu-academic_org.fenixedu.academic.domain.interfaces1055HasExecutionDegree.code,unknown_class,False,20,20,False
c2d0c784400afcc8500904aaec1c4c5c310465e3,train,0,MultifacetedAbstraction/Negative/openlvc_portico_openlvc_portico_hla.rti13AttributeHandleSetFactory.code,unknown_class,False,20,20,False
470ba2466acd3667eeb5ed28df3c4916cc021bfa,train,0,MultifacetedAbstraction/Negative/apache_incubator-reef_apache_incubator-reef_org.apache.reef.tang1506AIdName.code,unknown_class,False,19,19,False
b952ae67cf3136cd40a84ceb572c7f7159f156d0,train,0,MultifacetedAbstraction/Negative/jelkosz_Kanbanik_jelkosz_Kanbanik_com.googlecode.kanbanik.client.components.header121MyUiBinder.code,unknown_class,False,19,19,False
2dbdd3c77cb45906e7ed9f32cf43d9cede1d4306,test,0,MultifacetedAbstraction/Negative/gosu-lang_gosu-lang_gosu-lang_gosu-lang_gw.lang.reflect.gs2397IGosuClassDelegate.code,unknown_class,False,19,19,False
0a1ed1eee2a2936344db6c1e5563dffbd97bb37b,train,0,MultifacetedAbstraction/Negative/JeffreyFalgout_ThrowingStream_JeffreyFalgout_ThrowingStream_name.falgout.jeffrey.throwing.stream.adapter58Adapter.code,unknown_class,False,19,19,False
e038a09ec12d7283ceeac5d5c3b20e8eefe04596,train,0,MultifacetedAbstraction/Negative/google_guice_google_guice_com.google.inject222JitValid.code,unknown_class,False,19,19,False
35079085229339fa85dc7dfa19ea9b6d1884f87d,train,0,MultifacetedAbstraction/Negative/PGWelch_com.opendoorlogistics_PGWelch_com.opendoorlogistics_com.opendoorlogistics.components.jsprit350LastUpdate.code,unknown_class,False,19,19,False
b5d371023fa5fdb934137c21897852a50427713f,train,0,MultifacetedAbstraction/Negative/aol_simple-react_aol_simple-react_com.oath.cyclops.types.futurestream615Locks.code,unknown_class,False,18,18,False
0347e06f028b506354f3cdb467dff5a6f0c7d9fa,test,0,MultifacetedAbstraction/Negative/247687009_soa_247687009_soa_io.goudai.soa.quartz.api.manger27QuartzSoaManager.code,unknown_class,False,18,18,False
6128846775835e5830860862d322cf4b59217140,train,0,MultifacetedAbstraction/Negative/247687009_soa_247687009_soa_io.goudai.soa.sys.api.croe41SysSoaManger.code,unknown_class,False,18,18,False
ad3a874c5b7afacc4e05cbfe19f30d0e40725654,train,0,MultifacetedAbstraction/Negative/poetix_octarine_poetix_octarine_com.codepoetics.octarine.functional.consumers27C1.code,unknown_class,False,18,18,False
7b0e331dacb7bdcf7b8267b42ee3099d8cbfd38b,train,0,MultifacetedAbstraction/Negative/project-ncl_pnc_project-ncl_pnc_org.jboss.pnc.rest.swagger.response987BuildConfigurationSetPage.code,unknown_class,False,18,18,False
946fea25a0b117aa6636d4055c823b82228bc2af,train,0,MultifacetedAbstraction/Negative/cglib_cglib_cglib_cglib_net.sf.cglib.reflect234Listener.code,unknown_class,False,17,17,False
8ddbec984622b22fadf27c701f9123f0fee011dd,train,0,MultifacetedAbstraction/Negative/cglib_cglib_cglib_cglib_net.sf.cglib.reflect248SuperSimple.code,unknown_class,False,17,17,False
8920d9d0f60aa08a4fa40f4d70f8e686e54d6c3f,train,0,MultifacetedAbstraction/Negative/DroidPlanner_droidplanner_DroidPlanner_droidplanner_org.droidplanner.android.view.checklist.xml258OnXmlParserError.code,unknown_class,False,17,17,False
3007d347867c3007f0aaab0297f434f5c501b253,test,0,MultifacetedAbstraction/Negative/247687009_soa0DesigniteLog27092019_0845.txt,unknown_class,False,16,16,False
8cd47758c07184d9b2804fb95c287f99abe1251b,train,0,MultifacetedAbstraction/Negative/darcy-framework_darcy-ui0DesigniteLog27092019_1138.txt,unknown_class,False,16,16,False
239ae0e58bc3a3858481f0f36fedaf2d379bc6c3,train,0,MultifacetedAbstraction/Negative/lsds_SEEP_lsds_SEEP_uk.ac.imperial.lsds.java2sdg.api18DriverProgram.code,unknown_class,False,16,16,False
0fbcfa003334c5bfdb6850b3d85157747ec636a5,val,0,MultifacetedAbstraction/Negative/kuujo_copycat0DesigniteLog27092019_1248.txt,unknown_class,False,16,16,False
ca143fc8012aa2268b2130a308c44a76fa43c67c,test,0,MultifacetedAbstraction/Negative/Putnami_putnami-web-toolkit_Putnami_putnami-web-toolkit_fr.putnami.pwt.core.widget.client.base429HasHeader.code,unknown_class,False,16,16,False
a8401b01c85452466e95a360e2c6a256ef78db40,train,0,MultifacetedAbstraction/Negative/couchbase_couchbase-jvm-core0DesigniteLog27092019_1135.txt,unknown_class,False,16,16,False
096a2ed9f792d2e31a831a139383309497de299e,test,0,MultifacetedAbstraction/Negative/gosu-lang_gosu-lang_gosu-lang_gosu-lang_gw.lang.parser.expressions2040IConditionalAndExpression.code,unknown_class,False,16,16,False
8415875b463b47d2f177889847996366e5e99027,test,0,MultifacetedAbstraction/Negative/arquillian_arquillian-cube_arquillian_arquillian-cube_org.arquillian.cube.spi.await743AwaitStrategy.code,unknown_class,False,16,16,False
b0fc6e7f14de1ea832aea78a84f9612b53d7f145,val,0,MultifacetedAbstraction/Negative/zhangkaitao_shiro-example0DesigniteLog27092019_1638.txt,unknown_class,False,16,16,False
01cad8f626edf75d3d84bcbfd0f20c33773afba0,test,0,MultifacetedAbstraction/Negative/sriharshachilakapati_SilenceEngine0DesigniteLog27092019_1613.txt,SilenceEngine0DesigniteLog2709201,False,16,16,False
158025ca497f1213fda7cea7cf5412163c27e018,test,0,MultifacetedAbstraction/Negative/metricminer-msr_metricminer20DesigniteLog27092019_1255.txt,unknown_class,False,16,16,False
2235fb5a9b69317c243aaa2b8f5901f5785fde87,train,0,MultifacetedAbstraction/Negative/cbitstech_Purple-Robot_cbitstech_Purple-Robot_edu.northwestern.cbits.purple_robot_manager.activities83WebkitLandscapeActivity.code,unknown_class,False,16,16,False
a20b9c20f495915e23d45434d2a7a66632caf385,train,0,MultifacetedAbstraction/Negative/sonyxperiadev_gerrit-events0DesigniteLog27092019_1607.txt,unknown_class,False,16,16,False
e8b2de95c641dac2d5be3aa488957fe156a79393,train,0,MultifacetedAbstraction/Negative/RNCryptor_JNCryptor0DesigniteLog27092019_1450.txt,JNCryptor0DesigniteLog2709201,False,16,16,False
5149542f43b539c77a93e23515b0587ddfffc045,train,0,MultifacetedAbstraction/Negative/tuguangquan_mybatis_tuguangquan_mybatis_org.apache.ibatis.binding17WrongNamespaceMapper.code,unknown_class,False,16,16,False
757c517d29ea208a27671e7b523d64c1aedc730c,train,0,MultifacetedAbstraction/Negative/querydsl_querydsl_querydsl_querydsl_com.querydsl.jpa.domain51621MyMappedSuperclass.code,unknown_class,False,16,16,False
d113b94291f4b2d40d1f8a0915a433b026461b00,train,0,MultifacetedAbstraction/Negative/mikeberger_borg_calendar0DesigniteLog27092019_1256.txt,unknown_class,False,16,16,False
16d6a3bcd1cad8a0d726604b1e4aa19789c442d1,train,0,MultifacetedAbstraction/Negative/ClickTravel_Cheddar0DesigniteLog27092019_1129.txt,Cheddar0DesigniteLog2709201,False,16,16,False
6e699e76b5383512b880f3c0a1ff0da75aaddc9f,train,0,MultifacetedAbstraction/Negative/zutherb_AppStash0DesigniteLog27092019_1638.txt,AppStash0DesigniteLog2709201,False,16,16,False
a03ac416002ee06662f4905b437e0e149d6abb47,train,0,MultifacetedAbstraction/Negative/openhab_openhab2_openhab_openhab2_org.openhab.binding.onebusaway.internal.handler3432Data.code,unknown_class,False,15,15,False
2bb61f141965a3b8b594cb1f1a0c08b48ee9cf50,train,0,MultifacetedAbstraction/Negative/neo4j_neo4j-ogm_neo4j_neo4j-ogm_org.neo4j.ogm.metadata.reflect706E.code,unknown_class,False,15,15,False
87be6b30809882991e59cdb6d88adf3bde8e5e1c,train,0,MultifacetedAbstraction/Negative/gosu-lang_gosu-lang_gosu-lang_gosu-lang_gw.lang.reflect.java2453IJavaArrayType.code,unknown_class,False,15,15,False
8c263e55e8300d2b5a23fdfed69935a71ec0b74c,train,0,MultifacetedAbstraction/Negative/buschmais_extended-objects_buschmais_extended-objects_com.buschmais.xo.neo4j.test.mapping.composite380B.code,unknown_class,False,14,14,False
a734f0f1aae8e3f8360d14531e1359112eedb43e,train,0,MultifacetedAbstraction/Negative/mozilla_j2me.js_mozilla_j2me.js_gnu.testlet.vm1400Int.code,unknown_class,False,14,14,False
3195bd10015c120e066eac74bdc218044a719033,test,0,MultifacetedAbstraction/Negative/primecloud-controller-org_primecloud-controller_primecloud-controller-org_primecloud-controller_jp.primecloud.auto.api.response.component85DetachComponentResponse.code,unknown_class,False,14,14,False
575baadb24c82c008102f55c88d3eb851212dd68,train,0,MultifacetedAbstraction/Negative/aol_simple-react_aol_simple-react_cyclops.futurestream.react.simple1255MyRuntimeTimeException.code,unknown_class,False,14,14,False
0137aa3d3abaf3cdb67c7dacbffefbd2ca35c977,train,0,MultifacetedAbstraction/Negative/opendaylight_controller_opendaylight_controller_org.opendaylight.controller.sal.binding.test.mock1866FooUpdate.code,unknown_class,False,14,14,False
c39160f4d022ca09c1f9afd13ea49c94eb0914f0,train,0,MultifacetedAbstraction/Negative/apache_olingo-odata4_apache_olingo-odata4_org.apache.olingo.client.api.communication.response72AsyncResponse.code,unknown_class,False,13,13,False
3bf64ab291fcdc53a2ae0e17dd214719ae0a91e3,val,0,MultifacetedAbstraction/Negative/kaazing_k3po_kaazing_k3po_org.kaazing.k3po.driver.internal.netty.channel388ShutdownInputEvent.code,unknown_class,False,13,13,False
693688dfcd406e7a8f6f584408f287318f4e90d4,train,0,MultifacetedAbstraction/Negative/PaNaVTEC_Clean-Contacts_PaNaVTEC_Clean-Contacts_me.panavtec.cleancontacts.domain.model115NetworkException.code,unknown_class,False,12,12,False
ceedfbcdbbe2f7369b78d3d6243b5f781284e39d,train,0,MultifacetedAbstraction/Negative/amutu_tdw_amutu_tdw_org.apache.hadoop.hive.ql.udf.generic3520AggregationBuffer.code,unknown_class,False,12,12,False
5b3b163e691eb34542b08ba83953bcd0d34547e6,val,0,MultifacetedAbstraction/Negative/google_guice_google_guice_com.googlecode.guice1377H.code,unknown_class,False,12,12,False
a7d0a0b48a53211351d60a15383a9592c52f0b5e,train,0,MultifacetedAbstraction/Negative/opendaylight_controller_opendaylight_controller_org.opendaylight.controller.cluster.raft.base.messages1147InitiateCaptureSnapshot.code,unknown_class,False,12,12,False
b3fd78776648023d7dce9eee97ad3c586c966087,test,0,MultifacetedAbstraction/Negative/GlowstoneMC_Glowstone_GlowstoneMC_Glowstone_net.glowstone.entity431Summonable.code,unknown_class,False,11,11,False
7b42186c64b7a6c39e4fa4a6bbaf3c9c70b16029,train,0,MultifacetedAbstraction/Negative/SecrecySupportTeam_secrecy_SecrecySupportTeam_secrecy_com.doplgangr.secrecy3LowMemoryEvent.code,unknown_class,False,11,11,False
d3c54c76e98f737479e70de71710ef13405263f5,val,0,MultifacetedAbstraction/Negative/midonet_midonet_midonet_midonet_org.midonet.midolman.monitoring.metrics531VirtualTopologyCounter.code,unknown_class,False,11,11,False
cd46716c6a8e61b0d816f35ed3c69d802f008df5,train,0,MultifacetedAbstraction/Negative/247687009_soa_247687009_soa_io.goudai.soa.sys.api39AppTest.code,unknown_class,False,10,10,False
ef27b034a7c788725938e3fffa83497d96d914d1,train,0,MultifacetedAbstraction/Negative/querydsl_querydsl_querydsl_querydsl_com.querydsl.apt.inheritance493IFace.code,unknown_class,False,10,10,False
fc5c226a1c430d3a047c19d1a9c8c7f918a143df,train,0,MultifacetedAbstraction/Negative/google_guice_google_guice_com.google.inject46BoundSecond.code,unknown_class,False,9,9,False
